fecha_ing_muestra,id_muestra,carta_camara,fecha_de_certificacion,certificado,fecha_factura,ptovta,letra,numero_factura,id_cliente,razon_social,laboratorios,tipo_analisis,especies,importe_solicitud,anio
2020-06-01,367864,1.0,2020-06-10,1,2020-06-11,4,FA,563,4557,NN,Semillas,Trigo,Trigo,1500.0,2020
2020-06-04,367886,2.0,2020-06-17,15,2020-06-19,4,FA,572,25,NN,Semillas,Maníí,Maníí,1800.0,2020
2020-06-04,367887,2.0,2020-06-17,14,2020-06-19,4,FA,572,25,NN,Semillas,Maníí,Maníí,1800.0,2020
2020-06-04,367888,2.0,2020-06-17,13,2020-06-19,4,FA,572,25,NN,Semillas,Maníí,Maníí,1800.0,2020
2020-06-04,367889,2.0,2020-06-17,12,2020-06-19,4,FA,572,25,NN,Semillas,Maníí,Maníí,1800.0,2020
2020-06-04,367890,2.0,2020-06-17,2,2020-06-19,4,FA,572,25,NN,Semillas,Maníí,Maníí,1800.0,2020
2020-06-04,367891,2.0,2020-06-17,11,2020-06-19,4,FA,572,25,NN,Semillas,Maníí,Maníí,1800.0,2020
2020-06-04,367892,2.0,2020-06-17,10,2020-06-19,4,FA,572,25,NN,Semillas,Maníí,Maníí,1800.0,2020
2020-06-04,367893,2.0,2020-06-17,9,2020-06-19,4,FA,572,25,NN,Semillas,Maníí,Maníí,1800.0,2020
2020-06-04,367894,2.0,2020-06-17,8,2020-06-19,4,FA,572,25,NN,Semillas,Maníí,Maníí,1800.0,2020
2020-06-04,367895,2.0,2020-06-17,7,2020-06-19,4,FA,572,25,NN,Semillas,Maníí,Maníí,1800.0,2020
2020-06-04,367896,2.0,2020-06-17,6,2020-06-19,4,FA,572,25,NN,Semillas,Maníí,Maníí,1800.0,2020
2020-06-04,367897,2.0,2020-06-17,5,2020-06-19,4,FA,572,25,NN,Semillas,Maníí,Maníí,1800.0,2020
2020-06-04,367898,2.0,2020-06-17,4,2020-06-19,4,FA,572,25,NN,Semillas,Maníí,Maníí,1800.0,2020
2020-06-04,367899,2.0,2020-06-17,3,2020-06-19,4,FA,572,25,NN,Semillas,Maníí,Maníí,1800.0,2020
2020-06-22,367932,6.0,2020-06-23,50,2020-06-23,4,FA,576,4237,NN,Semillas,Convenio Syngenta Soja Completo,Soja,2000.0,2020
2020-06-22,367933,6.0,2020-06-23,49,2020-06-23,4,FA,576,4237,NN,Semillas,Convenio Syngenta Soja Completo,Soja,2000.0,2020
2020-06-22,367934,6.0,2020-06-23,48,2020-06-23,4,FA,576,4237,NN,Semillas,Convenio Syngenta Soja Completo,Soja,2000.0,2020
2020-06-22,367935,6.0,2020-06-23,47,2020-06-23,4,FA,576,4237,NN,Semillas,Convenio Syngenta Soja Completo,Soja,2000.0,2020
2020-06-22,367936,6.0,2020-06-23,46,2020-06-23,4,FA,576,4237,NN,Semillas,Convenio Syngenta Soja Completo,Soja,2000.0,2020
2020-06-22,367937,6.0,2020-06-23,45,2020-06-23,4,FA,576,4237,NN,Semillas,Convenio Syngenta Soja Completo,Soja,2000.0,2020
2020-06-22,367938,6.0,2020-06-23,44,2020-06-23,4,FA,576,4237,NN,Semillas,Convenio Syngenta Soja Completo,Soja,2000.0,2020
2020-06-22,367939,6.0,2020-06-23,43,2020-06-23,4,FA,576,4237,NN,Semillas,Convenio Syngenta Soja Completo,Soja,2000.0,2020
2020-06-22,367940,6.0,2020-06-23,42,2020-06-23,4,FA,576,4237,NN,Semillas,Convenio Syngenta Soja Completo,Soja,2000.0,2020
2020-06-22,367941,6.0,2020-06-23,41,2020-06-23,4,FA,576,4237,NN,Semillas,Convenio Syngenta Soja Completo,Soja,2000.0,2020
2020-06-22,367942,6.0,2020-06-23,40,2020-06-23,4,FA,576,4237,NN,Semillas,Convenio Syngenta Soja Completo,Soja,2000.0,2020
2020-06-22,367943,6.0,2020-06-23,39,2020-06-23,4,FA,576,4237,NN,Semillas,Convenio Syngenta Soja Completo,Soja,2000.0,2020
2020-06-22,367944,6.0,2020-06-23,38,2020-06-23,4,FA,576,4237,NN,Semillas,Convenio Syngenta Soja Completo,Soja,2000.0,2020
2020-06-22,367945,6.0,2020-06-23,37,2020-06-23,4,FA,576,4237,NN,Semillas,Convenio Syngenta Soja Completo,Soja,2000.0,2020
2020-06-22,367946,6.0,2020-06-23,36,2020-06-23,4,FA,576,4237,NN,Semillas,Convenio Syngenta Soja Completo,Soja,2000.0,2020
2020-06-22,367947,6.0,2020-06-23,35,2020-06-23,4,FA,576,4237,NN,Semillas,Convenio Syngenta Soja Completo,Soja,2000.0,2020
2020-06-22,367948,6.0,2020-06-23,34,2020-06-23,4,FA,576,4237,NN,Semillas,Convenio Syngenta Soja Completo,Soja,2000.0,2020
2020-06-22,367949,6.0,2020-06-23,33,2020-06-23,4,FA,576,4237,NN,Semillas,Convenio Syngenta Soja Completo,Soja,2000.0,2020
2020-06-22,367950,6.0,2020-06-23,32,2020-06-23,4,FA,576,4237,NN,Semillas,Convenio Syngenta Soja Completo,Soja,2000.0,2020
2020-06-22,367951,6.0,2020-06-23,31,2020-06-23,4,FA,576,4237,NN,Semillas,Convenio Syngenta Soja Completo,Soja,2000.0,2020
2020-06-22,367952,6.0,2020-06-23,30,2020-06-23,4,FA,576,4237,NN,Semillas,Convenio Syngenta Soja Completo,Soja,2000.0,2020
2020-06-22,367953,6.0,2020-06-23,29,2020-06-23,4,FA,576,4237,NN,Semillas,Convenio Syngenta Soja Completo,Soja,2000.0,2020
2020-06-22,367954,6.0,2020-06-23,28,2020-06-23,4,FA,576,4237,NN,Semillas,Convenio Syngenta Soja Completo,Soja,2000.0,2020
2020-06-22,367955,6.0,2020-06-23,27,2020-06-23,4,FA,576,4237,NN,Semillas,Convenio Syngenta Soja Completo,Soja,2000.0,2020
2020-06-22,367956,6.0,2020-06-23,26,2020-06-23,4,FA,576,4237,NN,Semillas,Convenio Syngenta Soja Completo,Soja,2000.0,2020
2020-06-22,367957,6.0,2020-06-23,25,2020-06-23,4,FA,576,4237,NN,Semillas,Convenio Syngenta Soja Completo,Soja,2000.0,2020
2020-06-22,367958,6.0,2020-06-23,24,2020-06-23,4,FA,576,4237,NN,Semillas,Convenio Syngenta Soja Completo,Soja,2000.0,2020
2020-06-10,367959,6.0,2020-06-23,23,2020-06-23,4,FA,576,4237,NN,Semillas,Convenio Syngenta Soja Completo,Soja,2000.0,2020
2020-06-22,367960,6.0,2020-06-23,22,2020-06-23,4,FA,576,4237,NN,Semillas,Convenio Syngenta Soja Completo,Soja,2000.0,2020
2020-06-22,367961,6.0,2020-06-23,21,2020-06-23,4,FA,576,4237,NN,Semillas,Convenio Syngenta Soja Completo,Soja,2000.0,2020
2020-06-22,367962,6.0,2020-06-23,20,2020-06-23,4,FA,576,4237,NN,Semillas,Convenio Syngenta Soja Completo,Soja,2000.0,2020
2020-06-22,367963,6.0,2020-06-23,19,2020-06-23,4,FA,576,4237,NN,Semillas,Convenio Syngenta Soja Completo,Soja,2000.0,2020
2020-06-22,367964,6.0,2020-06-23,18,2020-06-23,4,FA,576,4237,NN,Semillas,Convenio Syngenta Soja Completo,Soja,2000.0,2020
2020-06-22,367965,6.0,2020-06-23,17,2020-06-23,4,FA,576,4237,NN,Semillas,Convenio Syngenta Soja Completo,Soja,2000.0,2020
2020-06-16,367967,5.0,2020-06-26,57,2020-06-26,4,FA,582,4673,NN,Semillas,Fuerza Total,Alfalfa,3250.0,2020
2020-06-12,368030,4.0,2020-06-19,16,2020-06-19,4,FA,573,4396,NN,Semillas,Soja,Soja,1500.0,2020
2020-06-22,368050,7.0,2020-06-24,56,2020-06-25,4,FA,580,392,NN,Semillas,Convenio Syngenta Soja Completo,Soja,2000.0,2020
2020-06-22,368051,7.0,2020-06-24,55,2020-06-25,4,FA,580,392,NN,Semillas,Convenio Syngenta Soja Completo,Soja,2000.0,2020
2020-06-22,368052,7.0,2020-06-24,54,2020-06-25,4,FA,580,392,NN,Semillas,Convenio Syngenta Soja Completo,Soja,2000.0,2020
2020-06-22,368053,7.0,2020-06-24,53,2020-06-25,4,FA,580,392,NN,Semillas,Convenio Syngenta Soja Completo,Soja,2000.0,2020
2020-06-22,368054,7.0,2020-06-24,52,2020-06-25,4,FA,580,392,NN,Semillas,Convenio Syngenta Soja Completo,Soja,2000.0,2020
2020-06-22,368055,7.0,2020-06-24,51,2020-06-25,4,FA,580,392,NN,Semillas,Convenio Syngenta Soja Completo,Soja,2000.0,2020
2020-06-22,368103,3.0,2020-06-30,65,2020-07-01,4,FA,599,2795,NN,Semillas,Convenio Syngenta Soja Completo,Soja,3700.0,2020
2020-06-22,368104,3.0,2020-06-30,64,2020-07-01,4,FA,599,2795,NN,Semillas,Convenio Syngenta Soja Completo,Soja,3700.0,2020
2020-06-22,368105,3.0,2020-06-30,63,2020-07-01,4,FA,599,2795,NN,Semillas,Convenio Syngenta Soja Completo,Soja,3700.0,2020
2020-06-22,368106,3.0,2020-06-30,62,2020-07-01,4,FA,599,2795,NN,Semillas,Convenio Syngenta Soja Completo,Soja,3700.0,2020
2020-06-22,368107,3.0,2020-06-30,61,2020-07-01,4,FA,599,2795,NN,Semillas,Convenio Syngenta Soja Completo,Soja,3700.0,2020
2020-06-22,368108,3.0,2020-06-30,60,2020-07-01,4,FA,599,2795,NN,Semillas,Convenio Syngenta Soja Completo,Soja,3700.0,2020
2020-06-22,368109,3.0,2020-06-30,59,2020-07-01,4,FA,599,2795,NN,Semillas,Convenio Syngenta Soja Completo,Soja,3700.0,2020
2020-06-22,368110,3.0,2020-06-30,58,2020-07-01,4,FA,599,2795,NN,Semillas,Convenio Syngenta Soja Completo,Soja,3700.0,2020
2020-06-26,368185,9.0,2020-07-03,111,2020-07-14,4,FA,612,2795,NN,Semillas,Convenio Syngenta Soja Completo,Soja,3700.0,2020
2020-06-26,368186,9.0,2020-07-03,110,2020-07-14,4,FA,612,2795,NN,Semillas,Convenio Syngenta Soja Completo,Soja,3700.0,2020
2020-06-26,368187,9.0,2020-07-03,109,2020-07-14,4,FA,612,2795,NN,Semillas,Convenio Syngenta Soja Completo,Soja,3700.0,2020
2020-06-26,368188,9.0,2020-07-03,108,2020-07-14,4,FA,612,2795,NN,Semillas,Convenio Syngenta Soja Completo,Soja,3700.0,2020
2020-06-26,368189,9.0,2020-07-03,107,2020-07-14,4,FA,612,2795,NN,Semillas,Convenio Syngenta Soja Completo,Soja,3700.0,2020
2020-06-26,368190,9.0,2020-07-03,106,2020-07-14,4,FA,612,2795,NN,Semillas,Convenio Syngenta Soja Completo,Soja,3700.0,2020
2020-06-26,368191,9.0,2020-07-03,105,2020-07-14,4,FA,612,2795,NN,Semillas,Convenio Syngenta Soja Completo,Soja,3700.0,2020
2020-06-26,368192,9.0,2020-07-03,104,2020-07-14,4,FA,612,2795,NN,Semillas,Convenio Syngenta Soja Completo,Soja,3700.0,2020
2020-06-26,368193,9.0,2020-07-03,103,2020-07-14,4,FA,612,2795,NN,Semillas,Convenio Syngenta Soja Completo,Soja,3700.0,2020
2020-06-26,368194,9.0,2020-07-03,102,2020-07-14,4,FA,612,2795,NN,Semillas,Convenio Syngenta Soja Completo,Soja,3700.0,2020
2020-06-26,368195,9.0,2020-07-03,101,2020-07-14,4,FA,612,2795,NN,Semillas,Convenio Syngenta Soja Completo,Soja,3700.0,2020
2020-06-26,368196,9.0,2020-07-03,100,2020-07-14,4,FA,612,2795,NN,Semillas,Convenio Syngenta Soja Completo,Soja,3700.0,2020
2020-06-26,368197,9.0,2020-07-03,99,2020-07-14,4,FA,612,2795,NN,Semillas,Convenio Syngenta Soja Completo,Soja,3700.0,2020
2020-06-26,368198,9.0,2020-07-03,98,2020-07-14,4,FA,612,2795,NN,Semillas,Convenio Syngenta Soja Completo,Soja,3700.0,2020
2020-06-26,368199,9.0,2020-07-03,97,2020-07-14,4,FA,612,2795,NN,Semillas,Convenio Syngenta Soja Completo,Soja,3700.0,2020
2020-06-26,368200,9.0,2020-07-03,96,2020-07-14,4,FA,612,2795,NN,Semillas,Convenio Syngenta Soja Completo,Soja,3700.0,2020
2020-06-26,368201,9.0,2020-07-03,95,2020-07-14,4,FA,612,2795,NN,Semillas,Convenio Syngenta Soja Completo,Soja,3700.0,2020
2020-06-26,368202,9.0,2020-07-03,94,2020-07-14,4,FA,612,2795,NN,Semillas,Convenio Syngenta Soja Completo,Soja,3700.0,2020
2020-06-26,368203,9.0,2020-07-03,93,2020-07-14,4,FA,612,2795,NN,Semillas,Convenio Syngenta Soja Completo,Soja,3700.0,2020
2020-06-26,368204,9.0,2020-07-03,92,2020-07-14,4,FA,612,2795,NN,Semillas,Convenio Syngenta Soja Completo,Soja,3700.0,2020
2020-06-26,368205,9.0,2020-07-03,91,2020-07-14,4,FA,612,2795,NN,Semillas,Convenio Syngenta Soja Completo,Soja,3700.0,2020
2020-06-26,368206,9.0,2020-07-03,90,2020-07-14,4,FA,612,2795,NN,Semillas,Convenio Syngenta Soja Completo,Soja,3700.0,2020
2020-06-26,368207,9.0,2020-07-03,89,2020-07-14,4,FA,612,2795,NN,Semillas,Convenio Syngenta Soja Completo,Soja,3700.0,2020
2020-06-26,368208,9.0,2020-07-03,88,2020-07-14,4,FA,612,2795,NN,Semillas,Convenio Syngenta Soja Completo,Soja,3700.0,2020
2020-06-26,368209,9.0,2020-07-03,87,2020-07-14,4,FA,612,2795,NN,Semillas,Convenio Syngenta Soja Completo,Soja,3700.0,2020
2020-06-26,368210,9.0,2020-07-03,86,2020-07-14,4,FA,612,2795,NN,Semillas,Convenio Syngenta Soja Completo,Soja,3700.0,2020
2020-06-26,368211,9.0,2020-07-03,85,2020-07-14,4,FA,612,2795,NN,Semillas,Convenio Syngenta Soja Completo,Soja,3700.0,2020
2020-06-26,368212,9.0,2020-07-03,84,2020-07-14,4,FA,612,2795,NN,Semillas,Convenio Syngenta Soja Completo,Soja,3700.0,2020
2020-06-26,368213,9.0,2020-07-03,83,2020-07-14,4,FA,612,2795,NN,Semillas,Convenio Syngenta Soja Completo,Soja,3700.0,2020
2020-06-26,368214,9.0,2020-07-03,82,2020-07-14,4,FA,612,2795,NN,Semillas,Convenio Syngenta Soja Completo,Soja,3700.0,2020
2020-06-26,368215,9.0,2020-07-03,81,2020-07-14,4,FA,612,2795,NN,Semillas,Convenio Syngenta Soja Completo,Soja,3700.0,2020
2020-06-26,368216,9.0,2020-07-03,80,2020-07-14,4,FA,612,2795,NN,Semillas,Convenio Syngenta Soja Completo,Soja,3700.0,2020
2020-06-26,368217,9.0,2020-07-03,79,2020-07-14,4,FA,612,2795,NN,Semillas,Convenio Syngenta Soja Completo,Soja,3700.0,2020
2020-06-26,368218,9.0,2020-07-03,78,2020-07-14,4,FA,612,2795,NN,Semillas,Convenio Syngenta Soja Completo,Soja,3700.0,2020
2020-06-26,368219,9.0,2020-07-03,77,2020-07-14,4,FA,612,2795,NN,Semillas,Convenio Syngenta Soja Completo,Soja,3700.0,2020
2020-06-26,368220,9.0,2020-07-03,76,2020-07-14,4,FA,612,2795,NN,Semillas,Convenio Syngenta Soja Completo,Soja,3700.0,2020
2020-06-26,368221,9.0,2020-07-03,75,2020-07-14,4,FA,612,2795,NN,Semillas,Convenio Syngenta Soja Completo,Soja,3700.0,2020
2020-06-26,368222,9.0,2020-07-03,74,2020-07-14,4,FA,611,2795,NN,Semillas,Convenio Syngenta Soja Completo,Soja,3700.0,2020
2020-06-26,368223,9.0,2020-07-03,73,2020-07-14,4,FA,611,2795,NN,Semillas,Convenio Syngenta Soja Completo,Soja,3700.0,2020
2020-06-26,368224,9.0,2020-07-03,72,2020-07-14,4,FA,611,2795,NN,Semillas,Convenio Syngenta Soja Completo,Soja,3700.0,2020
2020-06-26,368225,9.0,2020-07-03,71,2020-07-14,4,FA,611,2795,NN,Semillas,Convenio Syngenta Soja Completo,Soja,3700.0,2020
2020-06-26,368226,9.0,2020-07-03,70,2020-07-14,4,FA,611,2795,NN,Semillas,Convenio Syngenta Soja Completo,Soja,3700.0,2020
2020-06-26,368227,9.0,2020-07-03,69,2020-07-14,4,FA,611,2795,NN,Semillas,Convenio Syngenta Soja Completo,Soja,3700.0,2020
2020-06-26,368228,9.0,2020-07-03,68,2020-07-14,4,FA,611,2795,NN,Semillas,Convenio Syngenta Soja Completo,Soja,3700.0,2020
2020-06-25,368229,8.0,2020-07-03,67,2020-07-03,4,FA,601,1894,NN,Semillas,Soja,Soja,1700.0,2020
2020-06-25,368230,8.0,2020-07-03,66,2020-07-03,4,FA,601,1894,NN,Semillas,Soja,Soja,1700.0,2020
2020-06-30,368255,10.0,2020-07-08,129,2020-07-15,4,FA,616,392,NN,Semillas,Convenio Syngenta Soja Completo,Soja,2000.0,2020
2020-06-30,368256,10.0,2020-07-08,128,2020-07-15,4,FA,616,392,NN,Semillas,Convenio Syngenta Soja Completo,Soja,2000.0,2020
2020-06-30,368257,10.0,2020-07-08,127,2020-07-15,4,FA,616,392,NN,Semillas,Convenio Syngenta Soja Completo,Soja,2000.0,2020
2020-06-30,368258,10.0,2020-07-08,126,2020-07-15,4,FA,616,392,NN,Semillas,Convenio Syngenta Soja Completo,Soja,2000.0,2020
2020-06-30,368259,10.0,2020-07-08,125,2020-07-15,4,FA,616,392,NN,Semillas,Convenio Syngenta Soja Completo,Soja,2000.0,2020
2020-06-30,368260,10.0,2020-07-08,124,2020-07-15,4,FA,616,392,NN,Semillas,Convenio Syngenta Soja Completo,Soja,2000.0,2020
2020-06-30,368261,10.0,2020-07-08,123,2020-07-15,4,FA,616,392,NN,Semillas,Convenio Syngenta Soja Completo,Soja,2000.0,2020
2020-06-30,368262,10.0,2020-07-08,122,2020-07-15,4,FA,616,392,NN,Semillas,Convenio Syngenta Soja Completo,Soja,2000.0,2020
2020-06-30,368263,10.0,2020-07-08,121,2020-07-15,4,FA,616,392,NN,Semillas,Convenio Syngenta Soja Completo,Soja,2000.0,2020
2020-06-30,368264,10.0,2020-07-08,120,2020-07-15,4,FA,616,392,NN,Semillas,Convenio Syngenta Soja Completo,Soja,2000.0,2020
2020-06-30,368265,10.0,2020-07-08,119,2020-07-15,4,FA,616,392,NN,Semillas,Convenio Syngenta Soja Completo,Soja,2000.0,2020
2020-06-30,368266,10.0,2020-07-08,118,2020-07-15,4,FA,616,392,NN,Semillas,Convenio Syngenta Soja Completo,Soja,2000.0,2020
2020-06-30,368267,10.0,2020-07-08,117,2020-07-15,4,FA,616,392,NN,Semillas,Convenio Syngenta Soja Completo,Soja,2000.0,2020
2020-06-30,368268,10.0,2020-07-08,116,2020-07-15,4,FA,616,392,NN,Semillas,Convenio Syngenta Soja Completo,Soja,2000.0,2020
2020-06-30,368269,10.0,2020-07-08,115,2020-07-15,4,FA,616,392,NN,Semillas,Convenio Syngenta Soja Completo,Soja,2000.0,2020
2020-06-30,368270,10.0,2020-07-08,114,2020-07-15,4,FA,616,392,NN,Semillas,Convenio Syngenta Soja Completo,Soja,2000.0,2020
2020-06-30,368271,10.0,2020-07-08,113,2020-07-15,4,FA,616,392,NN,Semillas,Convenio Syngenta Soja Completo,Soja,2000.0,2020
2020-06-30,368272,10.0,2020-07-08,112,2020-07-15,4,FA,616,392,NN,Semillas,Convenio Syngenta Soja Completo,Soja,2000.0,2020
2020-06-30,368275,11.0,2020-07-22,235,2020-07-24,4,FA,629,1506,NN,Semillas,Semilla Vital,Setaria,4450.0,2020
2020-07-01,368278,12.0,2020-07-08,146,2020-07-15,4,FA,616,392,NN,Semillas,Convenio Syngenta Soja Completo,Soja,2000.0,2020
2020-07-01,368279,12.0,2020-07-08,145,2020-07-15,4,FA,616,392,NN,Semillas,Convenio Syngenta Soja Completo,Soja,2000.0,2020
2020-07-01,368280,12.0,2020-07-08,144,2020-07-15,4,FA,616,392,NN,Semillas,Convenio Syngenta Soja Completo,Soja,2000.0,2020
2020-07-01,368281,12.0,2020-07-08,143,2020-07-15,4,FA,616,392,NN,Semillas,Convenio Syngenta Soja Completo,Soja,2000.0,2020
2020-07-01,368282,12.0,2020-07-08,142,2020-07-15,4,FA,616,392,NN,Semillas,Convenio Syngenta Soja Completo,Soja,2000.0,2020
2020-07-01,368283,12.0,2020-07-08,141,2020-07-15,4,FA,616,392,NN,Semillas,Convenio Syngenta Soja Completo,Soja,2000.0,2020
2020-07-01,368284,12.0,2020-07-08,140,2020-07-15,4,FA,616,392,NN,Semillas,Convenio Syngenta Soja Completo,Soja,2000.0,2020
2020-07-01,368285,12.0,2020-07-08,139,2020-07-15,4,FA,616,392,NN,Semillas,Convenio Syngenta Soja Completo,Soja,2000.0,2020
2020-07-01,368286,12.0,2020-07-08,138,2020-07-15,4,FA,616,392,NN,Semillas,Convenio Syngenta Soja Completo,Soja,2000.0,2020
2020-07-01,368287,12.0,2020-07-08,137,2020-07-15,4,FA,616,392,NN,Semillas,Convenio Syngenta Soja Completo,Soja,2000.0,2020
2020-07-01,368288,12.0,2020-07-08,136,2020-07-15,4,FA,616,392,NN,Semillas,Convenio Syngenta Soja Completo,Soja,2000.0,2020
2020-07-01,368289,12.0,2020-07-14,135,2020-07-15,4,FA,616,392,NN,Semillas,Convenio Syngenta Soja Completo,Soja,2000.0,2020
2020-07-01,368290,12.0,2020-07-08,134,2020-07-15,4,FA,616,392,NN,Semillas,Convenio Syngenta Soja Completo,Soja,2000.0,2020
2020-07-01,368291,12.0,2020-07-08,133,2020-07-15,4,FA,616,392,NN,Semillas,Convenio Syngenta Soja Completo,Soja,2000.0,2020
2020-07-01,368292,12.0,2020-07-08,132,2020-07-15,4,FA,616,392,NN,Semillas,Convenio Syngenta Soja Completo,Soja,2000.0,2020
2020-07-01,368293,12.0,2020-07-08,131,2020-07-15,4,FA,616,392,NN,Semillas,Convenio Syngenta Soja Completo,Soja,2000.0,2020
2020-07-01,368294,12.0,2020-07-08,130,2020-07-15,4,FA,616,392,NN,Semillas,Convenio Syngenta Soja Completo,Soja,2000.0,2020
2020-07-06,368352,13.0,2020-07-15,154,2020-07-15,4,FA,617,2379,NN,Semillas,Fuerza Total,Soja,2300.0,2020
2020-07-06,368353,13.0,2020-07-15,153,2020-07-15,4,FA,617,2379,NN,Semillas,Fuerza Total,Soja,2300.0,2020
2020-07-06,368354,13.0,2020-07-15,152,2020-07-15,4,FA,617,2379,NN,Semillas,Fuerza Total,Soja,2300.0,2020
2020-07-06,368355,14.0,2020-07-14,151,2020-07-15,4,FA,616,392,NN,Semillas,Convenio Syngenta Soja Completo,Soja,2000.0,2020
2020-07-06,368356,14.0,2020-07-14,150,2020-07-15,4,FA,616,392,NN,Semillas,Convenio Syngenta Soja Completo,Soja,2000.0,2020
2020-07-06,368357,14.0,2020-07-14,149,2020-07-15,4,FA,616,392,NN,Semillas,Convenio Syngenta Soja Completo,Soja,2000.0,2020
2020-07-06,368358,14.0,2020-07-14,148,2020-07-15,4,FA,616,392,NN,Semillas,Convenio Syngenta Soja Completo,Soja,2000.0,2020
2020-07-06,368359,14.0,2020-07-14,147,2020-07-15,4,FA,616,392,NN,Semillas,Convenio Syngenta Soja Completo,Soja,2000.0,2020
2020-07-07,368390,15.0,2020-07-15,176,2020-07-16,4,FA,621,522,NN,Semillas,Convenio Syngenta Soja Completo,Soja,2000.0,2020
2020-07-07,368391,15.0,2020-07-15,175,2020-07-16,4,FA,621,522,NN,Semillas,Convenio Syngenta Soja Completo,Soja,2000.0,2020
2020-07-07,368392,15.0,2020-07-15,174,2020-07-16,4,FA,621,522,NN,Semillas,Convenio Syngenta Soja Completo,Soja,2000.0,2020
2020-07-07,368393,15.0,2020-07-15,173,2020-07-16,4,FA,621,522,NN,Semillas,Convenio Syngenta Soja Completo,Soja,2000.0,2020
2020-07-07,368394,15.0,2020-07-15,172,2020-07-16,4,FA,621,522,NN,Semillas,Convenio Syngenta Soja Completo,Soja,2000.0,2020
2020-07-07,368395,15.0,2020-07-15,171,2020-07-16,4,FA,621,522,NN,Semillas,Convenio Syngenta Soja Completo,Soja,2000.0,2020
2020-07-07,368396,15.0,2020-07-15,170,2020-07-16,4,FA,621,522,NN,Semillas,Convenio Syngenta Soja Completo,Soja,2000.0,2020
2020-07-07,368397,15.0,2020-07-15,169,2020-07-16,4,FA,621,522,NN,Semillas,Convenio Syngenta Soja Completo,Soja,2000.0,2020
2020-07-07,368398,15.0,2020-07-15,168,2020-07-16,4,FA,621,522,NN,Semillas,Convenio Syngenta Soja Completo,Soja,2000.0,2020
2020-07-07,368399,15.0,2020-07-15,167,2020-07-16,4,FA,621,522,NN,Semillas,Convenio Syngenta Soja Completo,Soja,2000.0,2020
2020-07-07,368400,15.0,2020-07-15,166,2020-07-16,4,FA,621,522,NN,Semillas,Convenio Syngenta Soja Completo,Soja,2000.0,2020
2020-07-07,368401,15.0,2020-07-15,165,2020-07-16,4,FA,621,522,NN,Semillas,Convenio Syngenta Soja Completo,Soja,2000.0,2020
2020-07-07,368402,15.0,2020-07-15,164,2020-07-16,4,FA,621,522,NN,Semillas,Convenio Syngenta Soja Completo,Soja,2000.0,2020
2020-07-07,368403,15.0,2020-07-15,163,2020-07-16,4,FA,621,522,NN,Semillas,Convenio Syngenta Soja Completo,Soja,2000.0,2020
2020-07-07,368404,15.0,2020-07-15,162,2020-07-16,4,FA,621,522,NN,Semillas,Convenio Syngenta Soja Completo,Soja,2000.0,2020
2020-07-07,368405,15.0,2020-07-15,161,2020-07-16,4,FA,621,522,NN,Semillas,Convenio Syngenta Soja Completo,Soja,2000.0,2020
2020-07-07,368406,15.0,2020-07-15,160,2020-07-16,4,FA,621,522,NN,Semillas,Convenio Syngenta Soja Completo,Soja,2000.0,2020
2020-07-07,368407,15.0,2020-07-15,159,2020-07-16,4,FA,621,522,NN,Semillas,Convenio Syngenta Soja Completo,Soja,2000.0,2020
2020-07-07,368408,15.0,2020-07-15,158,2020-07-16,4,FA,621,522,NN,Semillas,Convenio Syngenta Soja Completo,Soja,2000.0,2020
2020-07-07,368409,15.0,2020-07-15,157,2020-07-16,4,FA,621,522,NN,Semillas,Convenio Syngenta Soja Completo,Soja,2000.0,2020
2020-07-07,368410,15.0,2020-07-15,156,2020-07-16,4,FA,621,522,NN,Semillas,Convenio Syngenta Soja Completo,Soja,2000.0,2020
2020-07-07,368411,15.0,2020-07-15,155,2020-07-16,4,FA,621,522,NN,Semillas,Convenio Syngenta Soja Completo,Soja,2000.0,2020
2020-07-08,368417,18.0,2020-07-21,227,2020-07-21,4,FA,627,2795,NN,Semillas,Convenio Syngenta Soja Completo,Soja,3700.0,2020
2020-07-08,368418,18.0,2020-07-21,226,2020-07-21,4,FA,627,2795,NN,Semillas,Convenio Syngenta Soja Completo,Soja,3700.0,2020
2020-07-08,368419,18.0,2020-07-21,225,2020-07-21,4,FA,627,2795,NN,Semillas,Convenio Syngenta Soja Completo,Soja,3700.0,2020
2020-07-08,368420,18.0,2020-07-21,224,2020-07-21,4,FA,627,2795,NN,Semillas,Convenio Syngenta Soja Completo,Soja,3700.0,2020
2020-07-08,368421,18.0,2020-07-21,223,2020-07-21,4,FA,627,2795,NN,Semillas,Convenio Syngenta Soja Completo,Soja,3700.0,2020
2020-07-08,368422,18.0,2020-07-21,222,2020-07-21,4,FA,627,2795,NN,Semillas,Convenio Syngenta Soja Completo,Soja,3700.0,2020
2020-07-08,368423,18.0,2020-07-21,221,2020-07-21,4,FA,627,2795,NN,Semillas,Convenio Syngenta Soja Completo,Soja,3700.0,2020
2020-07-08,368424,18.0,2020-07-21,220,2020-07-21,4,FA,627,2795,NN,Semillas,Convenio Syngenta Soja Completo,Soja,3700.0,2020
2020-07-08,368425,17.0,2020-07-16,195,2020-07-16,4,FA,622,68427,NN,Semillas,Convenio Syngenta Soja Completo,Soja,2000.0,2020
2020-07-08,368426,17.0,2020-07-16,194,2020-07-16,4,FA,622,68427,NN,Semillas,Convenio Syngenta Soja Completo,Soja,2000.0,2020
2020-07-08,368427,17.0,2020-07-16,193,2020-07-16,4,FA,622,68427,NN,Semillas,Convenio Syngenta Soja Completo,Soja,2000.0,2020
2020-07-08,368428,17.0,2020-07-16,192,2020-07-16,4,FA,622,68427,NN,Semillas,Convenio Syngenta Soja Completo,Soja,2000.0,2020
2020-07-08,368429,17.0,2020-07-16,191,2020-07-16,4,FA,622,68427,NN,Semillas,Convenio Syngenta Soja Completo,Soja,2000.0,2020
2020-07-08,368430,17.0,2020-07-16,190,2020-07-16,4,FA,622,68427,NN,Semillas,Convenio Syngenta Soja Completo,Soja,2000.0,2020
2020-07-08,368431,17.0,2020-07-16,189,2020-07-16,4,FA,622,68427,NN,Semillas,Convenio Syngenta Soja Completo,Soja,2000.0,2020
2020-07-08,368432,17.0,2020-07-16,188,2020-07-16,4,FA,622,68427,NN,Semillas,Convenio Syngenta Soja Completo,Soja,2000.0,2020
2020-07-08,368433,17.0,2020-07-16,187,2020-07-16,4,FA,622,68427,NN,Semillas,Convenio Syngenta Soja Completo,Soja,2000.0,2020
2020-07-08,368434,17.0,2020-07-16,186,2020-07-16,4,FA,622,68427,NN,Semillas,Convenio Syngenta Soja Completo,Soja,2000.0,2020
2020-07-08,368435,17.0,2020-07-16,185,2020-07-16,4,FA,622,68427,NN,Semillas,Convenio Syngenta Soja Completo,Soja,2000.0,2020
2020-07-08,368436,17.0,2020-07-16,184,2020-07-16,4,FA,622,68427,NN,Semillas,Convenio Syngenta Soja Completo,Soja,2000.0,2020
2020-07-08,368437,17.0,2020-07-16,183,2020-07-16,4,FA,622,68427,NN,Semillas,Convenio Syngenta Soja Completo,Soja,2000.0,2020
2020-07-08,368438,17.0,2020-07-16,182,2020-07-16,4,FA,622,68427,NN,Semillas,Convenio Syngenta Soja Completo,Soja,2000.0,2020
2020-07-08,368439,17.0,2020-07-16,181,2020-07-16,4,FA,622,68427,NN,Semillas,Convenio Syngenta Soja Completo,Soja,2000.0,2020
2020-07-08,368440,16.0,2020-07-20,219,2020-07-21,4,FA,625,392,NN,Semillas,Convenio Syngenta Soja Completo,Soja,2000.0,2020
2020-07-08,368441,16.0,2020-07-20,218,2020-07-21,4,FA,625,392,NN,Semillas,Convenio Syngenta Soja Completo,Soja,2000.0,2020
2020-07-08,368442,16.0,2020-07-20,217,2020-07-21,4,FA,625,392,NN,Semillas,Convenio Syngenta Soja Completo,Soja,2000.0,2020
2020-07-08,368443,16.0,2020-07-20,216,2020-07-21,4,FA,625,392,NN,Semillas,Convenio Syngenta Soja Completo,Soja,2000.0,2020
2020-07-08,368444,16.0,2020-07-20,215,2020-07-21,4,FA,625,392,NN,Semillas,Convenio Syngenta Soja Completo,Soja,2000.0,2020
2020-07-08,368445,16.0,2020-07-20,214,2020-07-21,4,FA,625,392,NN,Semillas,Convenio Syngenta Soja Completo,Soja,2000.0,2020
2020-07-08,368446,16.0,2020-07-20,213,2020-07-21,4,FA,625,392,NN,Semillas,Convenio Syngenta Soja Completo,Soja,2000.0,2020
2020-07-08,368447,16.0,2020-07-20,212,2020-07-21,4,FA,625,392,NN,Semillas,Convenio Syngenta Soja Completo,Soja,2000.0,2020
2020-07-08,368448,16.0,2020-07-20,211,2020-07-21,4,FA,625,392,NN,Semillas,Convenio Syngenta Soja Completo,Soja,2000.0,2020
2020-07-08,368449,16.0,2020-07-20,210,2020-07-21,4,FA,625,392,NN,Semillas,Convenio Syngenta Soja Completo,Soja,2000.0,2020
2020-07-08,368450,16.0,2020-07-20,209,2020-07-21,4,FA,625,392,NN,Semillas,Convenio Syngenta Soja Completo,Soja,2000.0,2020
2020-07-08,368451,16.0,2020-07-20,208,2020-07-21,4,FA,625,392,NN,Semillas,Convenio Syngenta Soja Completo,Soja,2000.0,2020
2020-07-08,368452,16.0,2020-07-20,207,2020-07-21,4,FA,625,392,NN,Semillas,Convenio Syngenta Soja Completo,Soja,2000.0,2020
2020-07-08,368453,16.0,2020-07-20,206,2020-07-21,4,FA,625,392,NN,Semillas,Convenio Syngenta Soja Completo,Soja,2000.0,2020
2020-07-08,368454,16.0,2020-07-20,205,2020-07-21,4,FA,625,392,NN,Semillas,Convenio Syngenta Soja Completo,Soja,2000.0,2020
2020-07-08,368455,16.0,2020-07-20,204,2020-07-21,4,FA,625,392,NN,Semillas,Convenio Syngenta Soja Completo,Soja,2000.0,2020
2020-07-08,368457,16.0,2020-07-20,203,2020-07-21,4,FA,625,392,NN,Semillas,Convenio Syngenta Soja Completo,Soja,2000.0,2020
2020-07-08,368458,16.0,2020-07-20,202,2020-07-21,4,FA,625,392,NN,Semillas,Convenio Syngenta Soja Completo,Soja,2000.0,2020
2020-07-08,368459,16.0,2020-07-20,201,2020-07-21,4,FA,625,392,NN,Semillas,Convenio Syngenta Soja Completo,Soja,2000.0,2020
2020-07-08,368460,16.0,2020-07-20,200,2020-07-21,4,FA,625,392,NN,Semillas,Convenio Syngenta Soja Completo,Soja,2000.0,2020
2020-07-08,368461,16.0,2020-07-20,199,2020-07-21,4,FA,625,392,NN,Semillas,Convenio Syngenta Soja Completo,Soja,2000.0,2020
2020-07-08,368462,16.0,2020-07-20,198,2020-07-21,4,FA,625,392,NN,Semillas,Convenio Syngenta Soja Completo,Soja,2000.0,2020
2020-07-08,368463,16.0,2020-07-20,197,2020-07-21,4,FA,625,392,NN,Semillas,Convenio Syngenta Soja Completo,Soja,2000.0,2020
2020-07-08,368464,16.0,2020-07-20,196,2020-07-21,4,FA,625,392,NN,Semillas,Convenio Syngenta Soja Completo,Soja,2000.0,2020
2020-07-13,368465,19.0,2020-07-16,180,2020-07-16,4,FA,623,4676,NN,Semillas,Fuerza Total,Soja,2000.0,2020
2020-07-13,368466,19.0,2020-07-16,179,2020-07-16,4,FA,623,4676,NN,Semillas,Fuerza Total,Soja,2000.0,2020
2020-07-13,368467,19.0,2020-07-16,178,2020-07-16,4,FA,623,4676,NN,Semillas,Fuerza Total,Soja,2000.0,2020
2020-07-13,368468,19.0,2020-07-16,177,2020-07-16,4,FA,623,4676,NN,Semillas,Fuerza Total,Soja,2000.0,2020
2020-07-13,368517,21.0,2020-07-24,263,2020-07-24,4,FA,631,9261,NN,Semillas,Convenio Syngenta Soja Completo,Soja,2000.0,2020
2020-07-13,368518,21.0,2020-07-24,262,2020-07-24,4,FA,631,9261,NN,Semillas,Convenio Syngenta Soja Completo,Soja,2000.0,2020
2020-07-13,368519,21.0,2020-07-24,261,2020-07-24,4,FA,631,9261,NN,Semillas,Convenio Syngenta Soja Completo,Soja,2000.0,2020
2020-07-13,368520,21.0,2020-07-24,260,2020-07-24,4,FA,631,9261,NN,Semillas,Convenio Syngenta Soja Completo,Soja,2000.0,2020
2020-07-13,368521,21.0,2020-07-24,259,2020-07-24,4,FA,631,9261,NN,Semillas,Convenio Syngenta Soja Completo,Soja,2000.0,2020
2020-07-13,368522,21.0,2020-07-24,258,2020-07-24,4,FA,631,9261,NN,Semillas,Convenio Syngenta Soja Completo,Soja,2000.0,2020
2020-07-13,368523,21.0,2020-07-24,257,2020-07-24,4,FA,631,9261,NN,Semillas,Convenio Syngenta Soja Completo,Soja,2000.0,2020
2020-07-13,368524,21.0,2020-07-24,256,2020-07-24,4,FA,631,9261,NN,Semillas,Convenio Syngenta Soja Completo,Soja,2000.0,2020
2020-07-13,368525,21.0,2020-07-24,255,2020-07-24,4,FA,631,9261,NN,Semillas,Convenio Syngenta Soja Completo,Soja,2000.0,2020
2020-07-13,368526,21.0,2020-07-24,254,2020-07-24,4,FA,631,9261,NN,Semillas,Convenio Syngenta Soja Completo,Soja,2000.0,2020
2020-07-13,368527,21.0,2020-07-28,286,2020-07-24,4,FA,631,9261,NN,Semillas,Convenio Syngenta Soja Completo,Soja,2000.0,2020
2020-07-13,368528,21.0,2020-07-24,252,2020-07-24,4,FA,631,9261,NN,Semillas,Convenio Syngenta Soja Completo,Soja,2000.0,2020
2020-07-13,368529,21.0,2020-07-24,251,2020-07-24,4,FA,631,9261,NN,Semillas,Convenio Syngenta Soja Completo,Soja,2000.0,2020
2020-07-13,368530,21.0,2020-07-24,250,2020-07-24,4,FA,631,9261,NN,Semillas,Convenio Syngenta Soja Completo,Soja,2000.0,2020
2020-07-13,368531,21.0,2020-07-24,249,2020-07-24,4,FA,631,9261,NN,Semillas,Convenio Syngenta Soja Completo,Soja,2000.0,2020
2020-07-13,368532,21.0,2020-07-24,248,2020-07-24,4,FA,631,9261,NN,Semillas,Convenio Syngenta Soja Completo,Soja,2000.0,2020
2020-07-13,368533,21.0,2020-07-24,247,2020-07-24,4,FA,631,9261,NN,Semillas,Convenio Syngenta Soja Completo,Soja,2000.0,2020
2020-07-13,368534,21.0,2020-07-24,246,2020-07-24,4,FA,631,9261,NN,Semillas,Convenio Syngenta Soja Completo,Soja,2000.0,2020
2020-07-13,368535,21.0,2020-07-24,245,2020-07-24,4,FA,631,9261,NN,Semillas,Convenio Syngenta Soja Completo,Soja,2000.0,2020
2020-07-13,368536,21.0,2020-07-24,244,2020-07-24,4,FA,631,9261,NN,Semillas,Convenio Syngenta Soja Completo,Soja,2000.0,2020
2020-07-13,368537,21.0,2020-07-24,243,2020-07-24,4,FA,631,9261,NN,Semillas,Convenio Syngenta Soja Completo,Soja,2000.0,2020
2020-07-13,368538,21.0,2020-07-24,242,2020-07-24,4,FA,631,9261,NN,Semillas,Convenio Syngenta Soja Completo,Soja,2000.0,2020
2020-07-13,368539,21.0,2020-07-24,241,2020-07-24,4,FA,631,9261,NN,Semillas,Convenio Syngenta Soja Completo,Soja,2000.0,2020
2020-07-13,368540,20.0,2020-07-21,234,2020-07-21,4,FA,626,2375,NN,Semillas,Soja,Soja,1700.0,2020
2020-07-13,368541,20.0,2020-07-21,233,2020-07-21,4,FA,626,2375,NN,Semillas,Soja,Soja,1700.0,2020
2020-07-13,368542,20.0,2020-07-21,232,2020-07-21,4,FA,626,2375,NN,Semillas,Soja,Soja,1700.0,2020
2020-07-13,368543,20.0,2020-07-21,231,2020-07-21,4,FA,626,2375,NN,Semillas,Soja,Soja,1700.0,2020
2020-07-13,368544,20.0,2020-07-21,230,2020-07-21,4,FA,626,2375,NN,Semillas,Soja,Soja,1700.0,2020
2020-07-13,368545,20.0,2020-07-21,229,2020-07-21,4,FA,626,2375,NN,Semillas,Soja,Soja,1700.0,2020
2020-07-13,368546,20.0,2020-07-21,228,2020-07-21,4,FA,626,2375,NN,Semillas,Soja,Soja,1700.0,2020
2020-07-15,368551,22.0,2020-07-23,238,2020-07-24,4,FB,14,2065,NN,Semillas,Soja,Soja,1700.0,2020
2020-07-15,368552,22.0,2020-07-23,237,2020-07-24,4,FB,14,2065,NN,Semillas,Soja,Soja,1700.0,2020
2020-07-15,368553,22.0,2020-07-23,236,2020-07-24,4,FB,14,2065,NN,Semillas,Soja,Soja,1700.0,2020
2020-07-22,368554,29.0,2020-08-10,391,2020-08-10,4,FA,665,3660,NN,Semillas,Fuerza Total,Coriandro,2300.0,2020
2020-07-17,368612,23.0,2020-08-05,373,2020-08-05,4,FA,655,4281,NN,Semillas,Grama Rhodes,Grama Rhodes,2000.0,2020
2020-07-17,368613,23.0,2020-08-05,372,2020-08-05,4,FA,655,4281,NN,Semillas,Grama Rhodes,Grama Rhodes,2000.0,2020
2020-07-17,368614,23.0,2020-08-19,421,2020-08-20,4,FA,683,4281,NN,Semillas,Semilla Vital Megatérmicas,Buffel Grass,3200.0,2020
2020-07-17,368615,23.0,2020-08-19,420,2020-08-20,4,FA,683,4281,NN,Semillas,Semilla Vital Megatérmicas,Buffel Grass,3200.0,2020
2020-07-17,368617,23.0,2020-08-24,441,2020-08-25,4,FA,690,4281,NN,Semillas,Semilla Vital,Gatton Panic,3200.0,2020
2020-07-17,368618,23.0,2020-08-14,414,2020-08-14,4,FA,671,4281,NN,Semillas,Semilla Vital Megatérmicas,Panicum Coloratum,3200.0,2020
2020-07-17,368619,23.0,2020-08-24,440,2020-08-25,4,FA,690,4281,NN,Semillas,Semilla Vital,Gatton Panic,3200.0,2020
2020-07-17,368620,23.0,2020-08-19,422,2020-08-20,4,FA,683,4281,NN,Semillas,Semilla Vital,Gatton Panic,3200.0,2020
2020-07-17,368621,24.0,2020-07-24,240,2020-07-24,4,FA,630,1930,NN,Semillas,Soja,Soja,1700.0,2020
2020-07-17,368622,24.0,2020-07-24,239,2020-07-24,4,FA,630,1930,NN,Semillas,Soja,Soja,1700.0,2020
2020-07-21,368623,27.0,2020-07-28,285,2020-07-28,4,FA,636,392,NN,Semillas,Convenio Syngenta Soja Completo,Soja,2000.0,2020
2020-07-21,368624,27.0,2020-07-28,284,2020-07-28,4,FA,636,392,NN,Semillas,Convenio Syngenta Soja Completo,Soja,2000.0,2020
2020-07-21,368625,27.0,2020-07-28,283,2020-07-28,4,FA,636,392,NN,Semillas,Convenio Syngenta Soja Completo,Soja,2000.0,2020
2020-07-21,368626,27.0,2020-07-28,282,2020-07-28,4,FA,636,392,NN,Semillas,Convenio Syngenta Soja Completo,Soja,2000.0,2020
2020-07-21,368627,27.0,2020-07-28,281,2020-07-28,4,FA,636,392,NN,Semillas,Convenio Syngenta Soja Completo,Soja,2000.0,2020
2020-07-21,368628,27.0,2020-07-28,280,2020-07-28,4,FA,636,392,NN,Semillas,Convenio Syngenta Soja Completo,Soja,2000.0,2020
2020-07-22,368629,27.0,2020-07-28,279,2020-07-28,4,FA,636,392,NN,Semillas,Convenio Syngenta Soja Completo,Soja,2000.0,2020
2020-07-21,368630,27.0,2020-07-28,278,2020-07-28,4,FA,636,392,NN,Semillas,Convenio Syngenta Soja Completo,Soja,2000.0,2020
2020-07-21,368631,27.0,2020-07-28,277,2020-07-28,4,FA,636,392,NN,Semillas,Convenio Syngenta Soja Completo,Soja,2000.0,2020
2020-07-21,368632,27.0,2020-07-28,276,2020-07-28,4,FA,636,392,NN,Semillas,Convenio Syngenta Soja Completo,Soja,2000.0,2020
2020-07-21,368633,27.0,2020-07-28,275,2020-07-28,4,FA,636,392,NN,Semillas,Convenio Syngenta Soja Completo,Soja,2000.0,2020
2020-07-21,368634,27.0,2020-07-28,274,2020-07-28,4,FA,636,392,NN,Semillas,Convenio Syngenta Soja Completo,Soja,2000.0,2020
2020-07-21,368635,27.0,2020-07-28,273,2020-07-28,4,FA,636,392,NN,Semillas,Convenio Syngenta Soja Completo,Soja,2000.0,2020
2020-07-21,368636,27.0,2020-07-28,272,2020-07-28,4,FA,636,392,NN,Semillas,Convenio Syngenta Soja Completo,Soja,2000.0,2020
2020-07-21,368637,27.0,2020-07-28,271,2020-07-28,4,FA,636,392,NN,Semillas,Convenio Syngenta Soja Completo,Soja,2000.0,2020
2020-07-21,368638,27.0,2020-07-28,270,2020-07-28,4,FA,636,392,NN,Semillas,Convenio Syngenta Soja Completo,Soja,2000.0,2020
2020-07-21,368639,27.0,2020-07-28,269,2020-07-28,4,FA,636,392,NN,Semillas,Convenio Syngenta Soja Completo,Soja,2000.0,2020
2020-07-21,368640,27.0,2020-07-28,268,2020-07-28,4,FA,636,392,NN,Semillas,Convenio Syngenta Soja Completo,Soja,2000.0,2020
2020-07-21,368641,27.0,2020-07-28,267,2020-07-28,4,FA,636,392,NN,Semillas,Convenio Syngenta Soja Completo,Soja,2000.0,2020
2020-07-21,368642,27.0,2020-07-28,266,2020-07-28,4,FA,636,392,NN,Semillas,Convenio Syngenta Soja Completo,Soja,2000.0,2020
2020-07-21,368643,27.0,2020-07-28,265,2020-07-28,4,FA,636,392,NN,Semillas,Convenio Syngenta Soja Completo,Soja,2000.0,2020
2020-07-21,368644,27.0,2020-07-28,264,2020-07-28,4,FA,636,392,NN,Semillas,Convenio Syngenta Soja Completo,Soja,2000.0,2020
2020-07-21,368645,27.0,2020-07-29,291,2020-07-30,4,FA,639,392,NN,Semillas,Convenio Syngenta Soja Completo,Soja,2000.0,2020
2020-07-21,368646,27.0,2020-07-29,306,2020-07-30,4,FA,639,392,NN,Semillas,Convenio Syngenta Soja Completo,Soja,2000.0,2020
2020-07-21,368647,27.0,2020-07-29,305,2020-07-30,4,FA,639,392,NN,Semillas,Convenio Syngenta Soja Completo,Soja,2000.0,2020
2020-07-21,368648,27.0,2020-07-29,304,2020-07-30,4,FA,639,392,NN,Semillas,Convenio Syngenta Soja Completo,Soja,2000.0,2020
2020-07-21,368649,27.0,2020-07-29,303,2020-07-30,4,FA,639,392,NN,Semillas,Convenio Syngenta Soja Completo,Soja,2000.0,2020
2020-07-21,368650,27.0,2020-07-29,302,2020-07-30,4,FA,639,392,NN,Semillas,Convenio Syngenta Soja Completo,Soja,2000.0,2020
2020-07-21,368651,27.0,2020-07-29,301,2020-07-30,4,FA,639,392,NN,Semillas,Convenio Syngenta Soja Completo,Soja,2000.0,2020
2020-07-21,368652,27.0,2020-07-29,300,2020-07-30,4,FA,639,392,NN,Semillas,Convenio Syngenta Soja Completo,Soja,2000.0,2020
2020-07-21,368653,27.0,2020-07-29,299,2020-07-30,4,FA,639,392,NN,Semillas,Convenio Syngenta Soja Completo,Soja,2000.0,2020
2020-07-21,368654,27.0,2020-07-29,298,2020-07-30,4,FA,639,392,NN,Semillas,Convenio Syngenta Soja Completo,Soja,2000.0,2020
2020-07-21,368655,27.0,2020-07-29,297,2020-07-30,4,FA,639,392,NN,Semillas,Convenio Syngenta Soja Completo,Soja,2000.0,2020
2020-07-21,368656,27.0,2020-07-29,296,2020-07-30,4,FA,639,392,NN,Semillas,Convenio Syngenta Soja Completo,Soja,2000.0,2020
2020-07-21,368658,27.0,2020-07-29,295,2020-07-30,4,FA,639,392,NN,Semillas,Convenio Syngenta Soja Completo,Soja,2000.0,2020
2020-07-21,368659,27.0,2020-07-29,294,2020-07-30,4,FA,639,392,NN,Semillas,Convenio Syngenta Soja Completo,Soja,2000.0,2020
2020-07-21,368660,27.0,2020-07-29,293,2020-07-30,4,FA,639,392,NN,Semillas,Convenio Syngenta Soja Completo,Soja,2000.0,2020
2020-07-21,368661,27.0,2020-07-29,292,2020-07-30,4,FA,639,392,NN,Semillas,Convenio Syngenta Soja Completo,Soja,2000.0,2020
2020-07-21,368662,25.0,2020-07-29,290,2020-07-29,4,FA,637,4557,NN,Semillas,Soja,Soja,1700.0,2020
2020-07-21,368674,26.0,2020-07-28,289,2020-07-28,4,FA,635,16,NN,Semillas,Convenio Syngenta Soja Completo,Soja,2000.0,2020
2020-07-21,368675,26.0,2020-07-28,288,2020-07-28,4,FA,635,16,NN,Semillas,Convenio Syngenta Soja Completo,Soja,2000.0,2020
2020-07-21,368676,26.0,2020-07-28,287,2020-07-28,4,FA,635,16,NN,Semillas,Convenio Syngenta Soja Completo,Soja,2000.0,2020
2020-07-22,368678,28.0,2020-07-30,326,2020-07-31,4,FA,641,392,NN,Semillas,Convenio Syngenta Soja Completo,Soja,2000.0,2020
2020-07-22,368679,28.0,2020-07-30,325,2020-07-31,4,FA,641,392,NN,Semillas,Convenio Syngenta Soja Completo,Soja,2000.0,2020
2020-07-22,368680,28.0,2020-07-30,324,2020-07-31,4,FA,641,392,NN,Semillas,Convenio Syngenta Soja Completo,Soja,2000.0,2020
2020-07-22,368681,28.0,2020-07-30,323,2020-07-31,4,FA,641,392,NN,Semillas,Convenio Syngenta Soja Completo,Soja,2000.0,2020
2020-07-22,368682,28.0,2020-07-30,322,2020-07-31,4,FA,641,392,NN,Semillas,Convenio Syngenta Soja Completo,Soja,2000.0,2020
2020-07-22,368683,28.0,2020-07-30,321,2020-07-31,4,FA,641,392,NN,Semillas,Convenio Syngenta Soja Completo,Soja,2000.0,2020
2020-07-22,368684,28.0,2020-07-30,320,2020-07-31,4,FA,641,392,NN,Semillas,Convenio Syngenta Soja Completo,Soja,2000.0,2020
2020-07-22,368685,28.0,2020-07-30,319,2020-07-31,4,FA,641,392,NN,Semillas,Convenio Syngenta Soja Completo,Soja,2000.0,2020
2020-07-22,368686,28.0,2020-07-30,318,2020-07-31,4,FA,641,392,NN,Semillas,Convenio Syngenta Soja Completo,Soja,2000.0,2020
2020-07-22,368687,28.0,2020-07-30,317,2020-07-31,4,FA,641,392,NN,Semillas,Convenio Syngenta Soja Completo,Soja,2000.0,2020
2020-07-22,368688,28.0,2020-07-30,316,2020-07-31,4,FA,641,392,NN,Semillas,Convenio Syngenta Soja Completo,Soja,2000.0,2020
2020-07-22,368689,28.0,2020-07-30,315,2020-07-31,4,FA,641,392,NN,Semillas,Convenio Syngenta Soja Completo,Soja,2000.0,2020
2020-07-22,368690,28.0,2020-07-30,314,2020-07-31,4,FA,641,392,NN,Semillas,Convenio Syngenta Soja Completo,Soja,2000.0,2020
2020-07-22,368691,28.0,2020-07-30,313,2020-07-31,4,FA,641,392,NN,Semillas,Convenio Syngenta Soja Completo,Soja,2000.0,2020
2020-07-22,368692,28.0,2020-07-30,312,2020-07-31,4,FA,641,392,NN,Semillas,Convenio Syngenta Soja Completo,Soja,2000.0,2020
2020-07-22,368693,28.0,2020-07-30,311,2020-07-31,4,FA,641,392,NN,Semillas,Convenio Syngenta Soja Completo,Soja,2000.0,2020
2020-07-22,368694,28.0,2020-07-30,310,2020-07-31,4,FA,641,392,NN,Semillas,Convenio Syngenta Soja Completo,Soja,2000.0,2020
2020-07-22,368695,28.0,2020-07-30,309,2020-07-31,4,FA,641,392,NN,Semillas,Convenio Syngenta Soja Completo,Soja,2000.0,2020
2020-07-22,368696,28.0,2020-07-30,308,2020-07-31,4,FA,641,392,NN,Semillas,Convenio Syngenta Soja Completo,Soja,2000.0,2020
2020-07-22,368697,28.0,2020-07-30,307,2020-07-31,4,FA,641,392,NN,Semillas,Convenio Syngenta Soja Completo,Soja,2000.0,2020
2020-07-22,368698,28.0,2020-08-03,349,2020-08-03,4,FA,650,392,NN,Semillas,Convenio Syngenta Soja Completo,Soja,2000.0,2020
2020-07-22,368699,28.0,2020-08-03,348,2020-08-03,4,FA,650,392,NN,Semillas,Convenio Syngenta Soja Completo,Soja,2000.0,2020
2020-07-22,368700,28.0,2020-08-03,347,2020-08-03,4,FA,650,392,NN,Semillas,Convenio Syngenta Soja Completo,Soja,2000.0,2020
2020-07-22,368701,28.0,2020-08-03,346,2020-08-03,4,FA,650,392,NN,Semillas,Convenio Syngenta Soja Completo,Soja,2000.0,2020
2020-07-22,368702,28.0,2020-08-03,345,2020-08-03,4,FA,650,392,NN,Semillas,Convenio Syngenta Soja Completo,Soja,2000.0,2020
2020-07-22,368703,28.0,2020-08-03,344,2020-08-03,4,FA,650,392,NN,Semillas,Convenio Syngenta Soja Completo,Soja,2000.0,2020
2020-07-22,368704,28.0,2020-08-03,343,2020-08-03,4,FA,650,392,NN,Semillas,Convenio Syngenta Soja Completo,Soja,2000.0,2020
2020-07-22,368705,28.0,2020-08-03,342,2020-08-03,4,FA,650,392,NN,Semillas,Convenio Syngenta Soja Completo,Soja,2000.0,2020
2020-07-22,368706,28.0,2020-08-03,341,2020-08-03,4,FA,650,392,NN,Semillas,Convenio Syngenta Soja Completo,Soja,2000.0,2020
2020-07-22,368707,28.0,2020-08-03,340,2020-08-03,4,FA,650,392,NN,Semillas,Convenio Syngenta Soja Completo,Soja,2000.0,2020
2020-07-22,368708,28.0,2020-08-03,339,2020-08-03,4,FA,650,392,NN,Semillas,Convenio Syngenta Soja Completo,Soja,2000.0,2020
2020-07-22,368709,28.0,2020-08-03,338,2020-08-03,4,FA,650,392,NN,Semillas,Convenio Syngenta Soja Completo,Soja,2000.0,2020
2020-07-22,368710,28.0,2020-08-03,337,2020-08-03,4,FA,650,392,NN,Semillas,Convenio Syngenta Soja Completo,Soja,2000.0,2020
2020-07-22,368711,28.0,2020-08-03,336,2020-08-03,4,FA,650,392,NN,Semillas,Convenio Syngenta Soja Completo,Soja,2000.0,2020
2020-07-22,368712,28.0,2020-08-03,335,2020-08-03,4,FA,650,392,NN,Semillas,Convenio Syngenta Soja Completo,Soja,2000.0,2020
2020-07-22,368713,28.0,2020-08-03,334,2020-08-03,4,FA,650,392,NN,Semillas,Convenio Syngenta Soja Completo,Soja,2000.0,2020
2020-07-22,368714,28.0,2020-08-03,333,2020-08-03,4,FA,650,392,NN,Semillas,Convenio Syngenta Soja Completo,Soja,2000.0,2020
2020-07-22,368715,28.0,2020-08-03,332,2020-08-03,4,FA,650,392,NN,Semillas,Convenio Syngenta Soja Completo,Soja,2000.0,2020
2020-07-22,368716,28.0,2020-08-03,331,2020-08-03,4,FA,650,392,NN,Semillas,Convenio Syngenta Soja Completo,Soja,2000.0,2020
2020-07-22,368717,28.0,2020-08-03,330,2020-08-03,4,FA,650,392,NN,Semillas,Convenio Syngenta Soja Completo,Soja,2000.0,2020
2020-07-22,368718,28.0,2020-08-04,369,2020-08-05,4,FA,653,392,NN,Semillas,Convenio Syngenta Soja Completo,Soja,2000.0,2020
2020-07-22,368719,28.0,2020-08-04,368,2020-08-05,4,FA,653,392,NN,Semillas,Convenio Syngenta Soja Completo,Soja,2000.0,2020
2020-07-22,368720,28.0,2020-08-04,367,2020-08-05,4,FA,653,392,NN,Semillas,Convenio Syngenta Soja Completo,Soja,2000.0,2020
2020-07-22,368721,28.0,2020-08-04,366,2020-08-05,4,FA,653,392,NN,Semillas,Convenio Syngenta Soja Completo,Soja,2000.0,2020
2020-07-22,368722,28.0,2020-08-04,365,2020-08-05,4,FA,653,392,NN,Semillas,Convenio Syngenta Soja Completo,Soja,2000.0,2020
2020-07-22,368723,28.0,2020-08-04,364,2020-08-05,4,FA,653,392,NN,Semillas,Convenio Syngenta Soja Completo,Soja,2000.0,2020
2020-07-22,368724,28.0,2020-08-04,363,2020-08-05,4,FA,653,392,NN,Semillas,Convenio Syngenta Soja Completo,Soja,2000.0,2020
2020-07-22,368725,28.0,2020-08-04,362,2020-08-05,4,FA,653,392,NN,Semillas,Convenio Syngenta Soja Completo,Soja,2000.0,2020
2020-07-22,368726,28.0,2020-08-04,361,2020-08-05,4,FA,653,392,NN,Semillas,Convenio Syngenta Soja Completo,Soja,2000.0,2020
2020-07-22,368727,28.0,2020-08-04,360,2020-08-05,4,FA,653,392,NN,Semillas,Convenio Syngenta Soja Completo,Soja,2000.0,2020
2020-07-22,368728,28.0,2020-08-04,359,2020-08-05,4,FA,653,392,NN,Semillas,Convenio Syngenta Soja Completo,Soja,2000.0,2020
2020-07-22,368729,28.0,2020-08-04,358,2020-08-05,4,FA,653,392,NN,Semillas,Convenio Syngenta Soja Completo,Soja,2000.0,2020
2020-07-22,368730,28.0,2020-08-04,357,2020-08-05,4,FA,653,392,NN,Semillas,Convenio Syngenta Soja Completo,Soja,2000.0,2020
2020-07-22,368731,28.0,2020-08-04,356,2020-08-05,4,FA,653,392,NN,Semillas,Convenio Syngenta Soja Completo,Soja,2000.0,2020
2020-07-22,368732,28.0,2020-08-04,355,2020-08-05,4,FA,653,392,NN,Semillas,Convenio Syngenta Soja Completo,Soja,2000.0,2020
2020-07-22,368733,28.0,2020-08-04,354,2020-08-05,4,FA,653,392,NN,Semillas,Convenio Syngenta Soja Completo,Soja,2000.0,2020
2020-07-22,368734,28.0,2020-08-04,353,2020-08-05,4,FA,653,392,NN,Semillas,Convenio Syngenta Soja Completo,Soja,2000.0,2020
2020-07-22,368735,28.0,2020-08-04,352,2020-08-05,4,FA,653,392,NN,Semillas,Convenio Syngenta Soja Completo,Soja,2000.0,2020
2020-07-22,368736,28.0,2020-08-04,351,2020-08-05,4,FA,653,392,NN,Semillas,Convenio Syngenta Soja Completo,Soja,2000.0,2020
2020-07-22,368737,28.0,2020-08-04,350,2020-08-05,4,FA,653,392,NN,Semillas,Convenio Syngenta Soja Completo,Soja,2000.0,2020
2020-07-24,368738,30.0,2020-07-31,327,2020-07-31,4,FA,643,392,NN,Semillas,Doble Poder,Soja,3000.0,2020
2020-07-27,368741,31.0,2020-08-03,329,2020-08-03,4,FA,649,4680,NN,Semillas,Soja,Soja,1700.0,2020
2020-07-27,368742,31.0,2020-08-03,328,2020-08-03,4,FA,649,4680,NN,Semillas,Soja,Soja,1700.0,2020
2020-07-28,368789,32.0,2020-08-05,371,2020-08-05,4,FA,654,798,NN,Semillas,Soja,Soja,1700.0,2020
2020-07-28,368790,32.0,2020-08-05,370,2020-08-05,4,FA,654,798,NN,Semillas,Soja,Soja,1700.0,2020
2020-07-29,368801,33.0,2020-08-06,377,2020-08-06,4,FA,659,1897,NN,Semillas,Soja,Soja,1700.0,2020
2020-07-29,368802,33.0,2020-08-06,376,2020-08-06,4,FA,659,1897,NN,Semillas,Soja,Soja,1700.0,2020
2020-07-29,368803,34.0,2020-08-06,375,2020-08-06,4,FA,658,489,NN,Semillas,Soja,Soja,1700.0,2020
2020-07-29,368812,35.0,2020-08-06,374,2020-08-06,4,FA,660,4396,NN,Semillas,Soja,Soja,1700.0,2020
2020-07-30,368813,36.0,2020-08-13,413,2020-08-14,4,FA,672,104,NN,Semillas,Fuerza Total,Sorgo,2300.0,2020
2020-07-30,368814,36.0,2020-08-13,412,2020-08-14,4,FA,672,104,NN,Semillas,Fuerza Total,Sorgo,2300.0,2020
2020-07-30,368815,36.0,2020-08-13,411,2020-08-14,4,FA,672,104,NN,Semillas,Fuerza Total,Sorgo,2300.0,2020
2020-07-30,368816,37.0,2020-08-07,390,2020-08-07,4,FA,662,2795,NN,Semillas,Convenio Syngenta Soja Completo,Soja,3700.0,2020
2020-07-30,368817,37.0,2020-08-07,389,2020-08-07,4,FA,662,2795,NN,Semillas,Convenio Syngenta Soja Completo,Soja,3700.0,2020
2020-07-30,368818,37.0,2020-08-07,388,2020-08-07,4,FA,662,2795,NN,Semillas,Convenio Syngenta Soja Completo,Soja,3700.0,2020
2020-07-30,368819,37.0,2020-08-07,387,2020-08-07,4,FA,662,2795,NN,Semillas,Convenio Syngenta Soja Completo,Soja,3700.0,2020
2020-07-30,368820,37.0,2020-08-07,386,2020-08-07,4,FA,662,2795,NN,Semillas,Convenio Syngenta Soja Completo,Soja,3700.0,2020
2020-07-30,368821,37.0,2020-08-07,385,2020-08-07,4,FA,662,2795,NN,Semillas,Convenio Syngenta Soja Completo,Soja,3700.0,2020
2020-07-30,368822,37.0,2020-08-07,384,2020-08-07,4,FA,662,2795,NN,Semillas,Convenio Syngenta Soja Completo,Soja,3700.0,2020
2020-07-30,368823,37.0,2020-08-07,383,2020-08-07,4,FA,662,2795,NN,Semillas,Convenio Syngenta Soja Completo,Soja,3700.0,2020
2020-07-30,368824,37.0,2020-08-07,382,2020-08-07,4,FA,662,2795,NN,Semillas,Convenio Syngenta Soja Completo,Soja,3700.0,2020
2020-07-30,368825,37.0,2020-08-07,381,2020-08-07,4,FA,662,2795,NN,Semillas,Convenio Syngenta Soja Completo,Soja,3700.0,2020
2020-07-30,368826,37.0,2020-08-07,380,2020-08-07,4,FA,662,2795,NN,Semillas,Convenio Syngenta Soja Completo,Soja,3700.0,2020
2020-07-30,368827,37.0,2020-08-07,379,2020-08-07,4,FA,662,2795,NN,Semillas,Convenio Syngenta Soja Completo,Soja,3700.0,2020
2020-07-30,368828,37.0,2020-08-07,378,2020-08-07,4,FA,662,2795,NN,Semillas,Convenio Syngenta Soja Completo,Soja,3700.0,2020
2020-08-03,368914,39.0,2020-08-10,398,2020-08-10,4,FA,664,2795,NN,Semillas,Convenio Syngenta Soja Completo,Soja,3700.0,2020
2020-08-03,368915,39.0,2020-08-10,397,2020-08-10,4,FA,664,2795,NN,Semillas,Convenio Syngenta Soja Completo,Soja,3700.0,2020
2020-08-03,368916,39.0,2020-08-10,396,2020-08-10,4,FA,664,2795,NN,Semillas,Convenio Syngenta Soja Completo,Soja,3700.0,2020
2020-08-03,368917,39.0,2020-08-10,395,2020-08-10,4,FA,664,2795,NN,Semillas,Convenio Syngenta Soja Completo,Soja,3700.0,2020
2020-08-03,368918,39.0,2020-08-10,394,2020-08-10,4,FA,664,2795,NN,Semillas,Convenio Syngenta Soja Completo,Soja,3700.0,2020
2020-08-03,368919,39.0,2020-08-10,393,2020-08-10,4,FA,664,2795,NN,Semillas,Convenio Syngenta Soja Completo,Soja,3700.0,2020
2020-08-03,368920,39.0,2020-08-10,392,2020-08-10,4,FA,664,2795,NN,Semillas,Convenio Syngenta Soja Completo,Soja,3700.0,2020
2020-08-03,368921,38.0,2020-08-13,410,2020-08-13,4,FA,666,1856,NN,Semillas,Fuerza Total Curado,Soja,3100.0,2020
2020-08-03,368922,38.0,2020-08-13,409,2020-08-13,4,FA,666,1856,NN,Semillas,Fuerza Total Curado,Soja,3100.0,2020
2020-08-03,368923,38.0,2020-08-13,408,2020-08-13,4,FA,666,1856,NN,Semillas,Fuerza Total Curado,Soja,3100.0,2020
2020-08-03,368924,38.0,2020-08-13,407,2020-08-13,4,FA,666,1856,NN,Semillas,Fuerza Total Curado,Soja,3100.0,2020
2020-08-03,368925,38.0,2020-08-13,406,2020-08-13,4,FA,666,1856,NN,Semillas,Fuerza Total Curado,Soja,3100.0,2020
2020-08-03,368926,38.0,2020-08-13,405,2020-08-13,4,FA,666,1856,NN,Semillas,Fuerza Total Curado,Soja,3100.0,2020
2020-08-03,368927,38.0,2020-08-13,404,2020-08-13,4,FA,666,1856,NN,Semillas,Fuerza Total Curado,Soja,3100.0,2020
2020-08-03,368928,38.0,2020-08-13,403,2020-08-13,4,FA,666,1856,NN,Semillas,Fuerza Total Curado,Soja,3100.0,2020
2020-08-06,369039,41.0,2020-08-13,402,2020-08-13,4,FA,667,56358,NN,Semillas,Convenio Syngenta Soja Completo,Soja,2000.0,2020
2020-08-06,369040,41.0,2020-08-13,401,2020-08-13,4,FA,667,56358,NN,Semillas,Convenio Syngenta Soja Completo,Soja,2000.0,2020
2020-08-06,369041,41.0,2020-08-13,400,2020-08-13,4,FA,667,56358,NN,Semillas,Convenio Syngenta Soja Completo,Soja,2000.0,2020
2020-08-06,369042,41.0,2020-08-13,399,2020-08-13,4,FA,667,56358,NN,Semillas,Convenio Syngenta Soja Completo,Soja,2000.0,2020
2020-08-06,369043,42.0,2020-08-21,439,2020-08-25,4,FA,688,104,NN,Semillas,Fuerza Total,Sorgo,5800.0,2020
2020-08-06,369044,42.0,2020-08-21,438,2020-08-25,4,FA,688,104,NN,Semillas,Fuerza Total,Sorgo,5800.0,2020
2020-08-06,369045,42.0,2020-08-21,437,2020-08-25,4,FA,688,104,NN,Semillas,Doble Poder,Sorgo,3000.0,2020
2020-08-06,369046,42.0,2020-08-21,436,2020-08-25,4,FA,688,104,NN,Semillas,Doble Poder,Sorgo,3000.0,2020
2020-08-10,369054,43.0,2020-08-18,416,2020-08-18,4,FA,674,392,NN,Semillas,Soja,Soja,1700.0,2020
2020-08-10,369055,43.0,2020-08-18,415,2020-08-18,4,FA,674,392,NN,Semillas,Soja,Soja,1700.0,2020
2020-08-10,369056,44.0,2020-08-18,419,2020-08-18,4,FA,674,392,NN,Semillas,Convenio Syngenta Soja Completo,Soja,2000.0,2020
2020-08-10,369057,44.0,2020-08-18,418,2020-08-18,4,FA,674,392,NN,Semillas,Convenio Syngenta Soja Completo,Soja,2000.0,2020
2020-08-10,369058,44.0,2020-08-18,417,2020-08-18,4,FA,674,392,NN,Semillas,Convenio Syngenta Soja Completo,Soja,2000.0,2020
2020-08-13,369115,45.0,2020-08-20,424,2020-08-20,4,FA,682,2795,NN,Semillas,Convenio Syngenta Soja Completo,Soja,3700.0,2020
2020-08-13,369116,45.0,2020-08-20,423,2020-08-20,4,FA,682,2795,NN,Semillas,Convenio Syngenta Soja Completo,Soja,3700.0,2020
2020-08-13,369117,46.0,2020-08-21,429,2020-08-21,4,FA,686,176699,NN,Semillas,¿Cuántos Kilos Siembro?,Soja,4200.0,2020
2020-08-14,369118,47.0,2020-08-25,447,2020-08-25,4,FA,689,392,NN,Semillas,Convenio Syngenta Soja Completo,Soja,2000.0,2020
2020-08-14,369119,47.0,2020-08-25,446,2020-08-25,4,FA,689,392,NN,Semillas,Convenio Syngenta Soja Completo,Soja,2000.0,2020
2020-08-14,369120,47.0,2020-08-25,445,2020-08-25,4,FA,689,392,NN,Semillas,Convenio Syngenta Soja Completo,Soja,2000.0,2020
2020-08-14,369121,47.0,2020-08-25,444,2020-08-25,4,FA,689,392,NN,Semillas,Convenio Syngenta Soja Completo,Soja,2000.0,2020
2020-08-14,369122,47.0,2020-08-25,443,2020-08-25,4,FA,689,392,NN,Semillas,Convenio Syngenta Soja Completo,Soja,2000.0,2020
2020-08-14,369126,48.0,2020-08-21,435,2020-08-21,4,FA,685,3225,NN,Semillas,Doble Poder,Soja,3000.0,2020
2020-08-14,369127,48.0,2020-08-21,434,2020-08-21,4,FA,685,3225,NN,Semillas,Doble Poder,Soja,3000.0,2020
2020-08-14,369128,48.0,2020-08-21,433,2020-08-21,4,FA,685,3225,NN,Semillas,Doble Poder,Soja,3000.0,2020
2020-08-14,369129,48.0,2020-08-21,432,2020-08-21,4,FA,685,3225,NN,Semillas,Doble Poder,Soja,3000.0,2020
2020-08-14,369130,48.0,2020-08-21,431,2020-08-21,4,FA,685,3225,NN,Semillas,Doble Poder,Soja,3000.0,2020
2020-08-14,369131,48.0,2020-08-21,430,2020-08-21,4,FA,685,3225,NN,Semillas,Doble Poder,Soja,3000.0,2020
2020-08-19,369136,49.0,2020-08-27,453,2020-08-27,4,FA,695,3227,NN,Semillas,Fuerza Total,Soja,2600.0,2020
2020-08-19,369137,49.0,2020-08-27,452,2020-08-27,4,FA,695,3227,NN,Semillas,Fuerza Total,Soja,2600.0,2020
2020-08-19,369138,50.0,2020-08-27,451,2020-08-27,4,FA,694,967,NN,Semillas,Soja,Soja,1700.0,2020
2020-08-19,369139,50.0,2020-08-27,450,2020-08-27,4,FA,694,967,NN,Semillas,Soja,Soja,1700.0,2020
2020-08-19,369140,50.0,2020-08-27,449,2020-08-27,4,FA,694,967,NN,Semillas,Soja,Soja,1700.0,2020
2020-08-19,369141,50.0,2020-08-27,448,2020-08-27,4,FA,694,967,NN,Semillas,Soja,Soja,1700.0,2020
2020-08-20,369146,51.0,2020-08-28,455,2020-08-28,4,FB,16,4160,NN,Semillas,Soja,Soja,1700.0,2020
2020-08-20,369147,51.0,2020-08-28,454,2020-08-28,4,FB,16,4160,NN,Semillas,Soja,Soja,1700.0,2020
2020-08-21,369189,52.0,2020-09-04,502,2020-09-04,4,FA,714,4281,NN,Semillas,Doble Poder,Sorgo,3000.0,2020
2020-08-21,369190,52.0,2020-09-04,501,2020-09-04,4,FA,714,4281,NN,Semillas,Sorgo,Sorgo,1700.0,2020
2020-08-21,369191,53.0,2020-09-04,505,2020-09-04,4,FA,713,62,NN,Semillas,Sorgo,Sorgo,1700.0,2020
2020-08-21,369192,53.0,2020-09-04,504,2020-09-04,4,FA,713,62,NN,Semillas,Sorgo,Sorgo,1700.0,2020
2020-08-21,369193,53.0,2020-09-04,503,2020-09-04,4,FA,713,62,NN,Semillas,Sorgo,Sorgo,1700.0,2020
2020-08-24,369194,23.0,2020-08-24,442,2020-08-25,4,FA,690,4281,NN,Semillas,Semilla Vital,Gatton Panic,3200.0,2020
2020-08-24,369195,54.0,2020-09-07,506,2020-09-07,4,FA,717,62,NN,Semillas,Semilla Vital,Pasto Lloron,4650.0,2020
2020-08-25,369197,55.0,2020-09-02,458,2020-09-02,4,FA,704,1425,NN,Semillas,Fuerza Total,Soja,2300.0,2020
2020-08-25,369198,55.0,2020-09-02,457,2020-09-02,4,FA,704,1425,NN,Semillas,Fuerza Total,Soja,2300.0,2020
2020-08-26,369202,56.0,2020-09-04,471,2020-09-04,4,FA,712,4610,NN,Semillas,Fuerza Total,Soja,2300.0,2020
2020-08-26,369203,56.0,2020-09-04,470,2020-09-04,4,FA,712,4610,NN,Semillas,Fuerza Total,Soja,2300.0,2020
2020-08-26,369204,57.0,2020-09-04,469,2020-09-14,4,FA,730,4714,NN,Semillas,Fuerza Total,Soja,2300.0,2020
2020-08-26,369205,57.0,2020-09-04,468,2020-09-14,4,FA,730,4714,NN,Semillas,Fuerza Total,Soja,2300.0,2020
2020-08-26,369206,57.0,2020-09-04,467,2020-09-14,4,FA,730,4714,NN,Semillas,Fuerza Total,Soja,2300.0,2020
2020-08-26,369207,56.0,2020-08-31,456,2020-08-31,4,FA,701,934,NN,Semillas,Soja,Soja,1700.0,2020
2020-08-26,369208,59.0,2020-09-02,463,2020-09-02,4,FA,703,392,NN,Semillas,Convenio Syngenta Soja Completo,Soja,2000.0,2020
2020-08-26,369209,59.0,2020-09-02,462,2020-09-02,4,FA,703,392,NN,Semillas,Convenio Syngenta Soja Completo,Soja,2000.0,2020
2020-08-26,369210,59.0,2020-09-02,461,2020-09-02,4,FA,703,392,NN,Semillas,Convenio Syngenta Soja Completo,Soja,2000.0,2020
2020-08-26,369211,59.0,2020-09-02,460,2020-09-03,4,FA,705,392,NN,Semillas,Convenio Syngenta Soja Completo,Soja,2000.0,2020
2020-08-26,369212,59.0,2020-09-02,459,2020-09-03,4,FA,705,392,NN,Semillas,Convenio Syngenta Soja Completo,Soja,2000.0,2020
2020-08-27,369259,60.0,2020-09-04,472,2020-09-04,4,FA,710,3277,NN,Semillas,Soja,Soja,1700.0,2020
2020-08-28,369260,61.0,2020-09-04,500,2020-09-07,4,FA,718,4281,NN,Semillas,Maíz,Maíz,1700.0,2020
2020-08-28,369261,61.0,2020-09-04,499,2020-09-07,4,FA,718,4281,NN,Semillas,Maíz,Maíz,1700.0,2020
2020-08-28,369262,61.0,2020-09-04,498,2020-09-07,4,FA,718,4281,NN,Semillas,Maíz,Maíz,1700.0,2020
2020-08-28,369263,61.0,2020-09-04,497,2020-09-07,4,FA,718,4281,NN,Semillas,Maíz,Maíz,1700.0,2020
2020-08-28,369264,61.0,2020-09-04,496,2020-09-07,4,FA,718,4281,NN,Semillas,Maíz,Maíz,1700.0,2020
2020-08-28,369265,61.0,2020-09-04,495,2020-09-07,4,FA,718,4281,NN,Semillas,Maíz,Maíz,1700.0,2020
2020-08-28,369266,61.0,2020-09-04,494,2020-09-07,4,FA,718,4281,NN,Semillas,Maíz,Maíz,1700.0,2020
2020-08-28,369267,61.0,2020-09-04,493,2020-09-07,4,FA,718,4281,NN,Semillas,Maíz,Maíz,1700.0,2020
2020-08-28,369268,61.0,2020-09-04,492,2020-09-07,4,FA,718,4281,NN,Semillas,Maíz,Maíz,1700.0,2020
2020-08-28,369269,61.0,2020-09-04,491,2020-09-07,4,FA,718,4281,NN,Semillas,Maíz,Maíz,1700.0,2020
2020-08-28,369270,61.0,2020-09-04,490,2020-09-07,4,FA,718,4281,NN,Semillas,Maíz,Maíz,1700.0,2020
2020-08-28,369271,61.0,2020-09-04,489,2020-09-07,4,FA,718,4281,NN,Semillas,Maíz,Maíz,1700.0,2020
2020-08-28,369272,61.0,2020-09-04,488,2020-09-07,4,FA,718,4281,NN,Semillas,Maíz,Maíz,1700.0,2020
2020-08-28,369273,61.0,2020-09-04,487,2020-09-07,4,FA,718,4281,NN,Semillas,Maíz,Maíz,1700.0,2020
2020-08-28,369274,61.0,2020-09-04,486,2020-09-07,4,FA,718,4281,NN,Semillas,Maíz,Maíz,1700.0,2020
2020-08-28,369275,61.0,2020-09-04,485,2020-09-07,4,FA,718,4281,NN,Semillas,Maíz,Maíz,1700.0,2020
2020-08-28,369276,61.0,2020-09-04,484,2020-09-07,4,FA,718,4281,NN,Semillas,Maíz,Maíz,1700.0,2020
2020-08-28,369277,61.0,2020-09-04,483,2020-09-07,4,FA,718,4281,NN,Semillas,Maíz,Maíz,1700.0,2020
2020-08-28,369278,61.0,2020-09-04,482,2020-09-07,4,FA,718,4281,NN,Semillas,Maíz,Maíz,1700.0,2020
2020-08-28,369279,61.0,2020-09-04,481,2020-09-07,4,FA,718,4281,NN,Semillas,Maíz,Maíz,1700.0,2020
2020-08-28,369290,61.0,2020-09-04,480,2020-09-07,4,FA,718,4281,NN,Semillas,Maíz,Maíz,1700.0,2020
2020-08-28,369291,61.0,2020-09-04,479,2020-09-07,4,FA,718,4281,NN,Semillas,Maíz,Maíz,1700.0,2020
2020-08-28,369292,62.0,2020-09-11,520,2020-09-11,4,FA,729,4281,NN,Semillas,Girasol,Girasol,1700.0,2020
2020-08-28,369293,63.0,2020-09-04,474,2020-09-04,4,FA,709,967,NN,Semillas,Soja,Soja,1700.0,2020
2020-08-28,369294,63.0,2020-09-04,473,2020-09-04,4,FA,709,967,NN,Semillas,Soja,Soja,1700.0,2020
2020-08-28,369295,64.0,2020-09-04,476,2020-09-04,4,FA,708,921,NN,Semillas,Soja,Soja,1700.0,2020
2020-08-28,369296,64.0,2020-09-04,475,2020-09-04,4,FA,708,921,NN,Semillas,Soja,Soja,1700.0,2020
2020-08-28,369297,65.0,2020-09-04,478,2020-09-04,4,FA,711,4038,NN,Semillas,Soja,Soja,1700.0,2020
2020-08-28,369298,65.0,2020-09-04,477,2020-09-04,4,FA,711,4038,NN,Semillas,Soja,Soja,1700.0,2020
2020-08-31,369308,66.0,2020-09-08,507,2020-09-14,4,FA,731,4715,NN,Semillas,Doble Poder,Soja,3000.0,2020
2020-08-31,369309,67.0,2020-09-08,511,2020-09-08,4,FA,720,1371,NN,Semillas,Soja,Soja,2050.0,2020
2020-08-31,369310,67.0,2020-09-08,510,2020-09-08,4,FA,720,1371,NN,Semillas,Soja,Soja,2050.0,2020
2020-08-31,369311,67.0,2020-09-08,509,2020-09-08,4,FA,720,1371,NN,Semillas,Soja,Soja,2050.0,2020
2020-08-31,369312,67.0,2020-09-08,508,2020-09-08,4,FA,720,1371,NN,Semillas,Soja,Soja,2050.0,2020
2020-08-31,369313,67.0,2020-09-11,517,2020-09-11,4,FA,728,1371,NN,Semillas,Trigo,Trigo,1700.0,2020
2020-09-03,369357,69.0,2020-09-11,518,2020-09-11,4,FB,18,4712,NN,Semillas,Soja,Soja,1700.0,2020
2020-09-03,369368,70.0,2020-09-11,519,2020-09-14,4,FA,732,4365,NN,Semillas,Soja,Soja,1700.0,2020
2020-09-07,369377,71.0,2020-09-15,526,2020-09-15,4,FA,735,981,NN,Semillas,Fuerza Total,Soja,2300.0,2020
2020-09-07,369378,71.0,2020-09-15,525,2020-09-15,4,FA,735,981,NN,Semillas,Fuerza Total,Soja,2300.0,2020
2020-09-07,369379,71.0,2020-09-15,524,2020-09-15,4,FA,735,981,NN,Semillas,Fuerza Total,Soja,2300.0,2020
2020-09-07,369380,72.0,2020-09-15,528,2020-09-15,4,FA,736,3519,NN,Semillas,Soja,Soja,1700.0,2020
2020-09-07,369381,72.0,2020-09-15,527,2020-09-15,4,FA,736,3519,NN,Semillas,Soja,Soja,1700.0,2020
2020-09-07,369385,73.0,2020-09-09,514,2020-09-09,4,FA,724,4281,NN,Semillas,Gatton Panic,Gatton Panic,2050.0,2020
2020-09-07,369386,73.0,2020-09-09,513,2020-09-09,4,FA,724,4281,NN,Semillas,Gatton Panic,Gatton Panic,2050.0,2020
2020-09-07,369387,73.0,2020-09-09,512,2020-09-09,4,FA,724,4281,NN,Semillas,Gatton Panic,Gatton Panic,2050.0,2020
2020-09-07,369399,74.0,2020-09-15,529,2020-09-15,4,FA,739,4339,NN,Semillas,Poder + Peso,Soja,2200.0,2020
2020-09-07,369400,75.0,2020-09-15,530,2020-09-15,4,FA,738,3875,NN,Semillas,Poder + Peso,Soja,2200.0,2020
2020-09-07,369401,76.0,2020-09-15,531,2020-09-15,4,FA,737,798,NN,Semillas,Soja,Soja,1700.0,2020
2020-09-10,369402,83.0,2020-09-17,538,2020-09-17,4,FA,744,4717,NN,Semillas,Soja,Soja,1700.0,2020
2020-09-10,369403,83.0,2020-09-17,537,2020-09-17,4,FA,744,4717,NN,Semillas,Soja,Soja,1700.0,2020
2020-09-09,369404,77.0,2020-09-17,540,2020-09-17,4,FA,747,1398,NN,Semillas,Fuerza Total,Soja,2300.0,2020
2020-09-09,369405,77.0,2020-09-17,539,2020-09-17,4,FA,747,1398,NN,Semillas,Fuerza Total,Soja,2300.0,2020
2020-09-09,369406,78.0,2020-09-21,560,2020-09-21,4,FA,752,25,NN,Semillas,Maníí,Maníí,2050.0,2020
2020-09-09,369407,78.0,2020-09-21,559,2020-09-21,4,FA,752,25,NN,Semillas,Maníí,Maníí,2050.0,2020
2020-09-09,369408,78.0,2020-09-21,558,2020-09-21,4,FA,752,25,NN,Semillas,Maníí,Maníí,2050.0,2020
2020-09-09,369409,78.0,2020-09-21,557,2020-09-21,4,FA,752,25,NN,Semillas,Maníí,Maníí,2050.0,2020
2020-09-09,369410,78.0,2020-09-21,556,2020-09-21,4,FA,752,25,NN,Semillas,Maníí,Maníí,2050.0,2020
2020-09-09,369411,78.0,2020-09-21,555,2020-09-21,4,FA,752,25,NN,Semillas,Fuerza Total,Maníí,2300.0,2020
2020-09-09,369412,78.0,2020-09-21,554,2020-09-21,4,FA,752,25,NN,Semillas,Maníí,Maníí,2050.0,2020
2020-09-09,369413,79.0,2020-09-17,536,2020-09-17,4,FA,745,985,NN,Semillas,Fuerza Total Curado,Soja,2600.0,2020
2020-09-09,369414,79.0,2020-09-17,535,2020-09-17,4,FA,745,985,NN,Semillas,Fuerza Total Curado,Soja,2600.0,2020
2020-09-09,369415,79.0,2020-09-17,534,2020-09-17,4,FA,745,985,NN,Semillas,Fuerza Total Curado,Soja,2600.0,2020
2020-09-09,369416,80.0,2020-09-10,516,2020-09-11,4,FA,727,392,NN,Semillas,Soja,Soja,2050.0,2020
2020-09-09,369417,80.0,2020-09-10,515,2020-09-11,4,FA,727,392,NN,Semillas,Soja,Soja,2050.0,2020
2020-09-09,369418,81.0,2020-09-17,533,2020-09-17,4,FA,748,981,NN,Semillas,Fuerza Total,Soja,2300.0,2020
2020-09-09,369419,81.0,2020-09-17,532,2020-09-17,4,FA,748,981,NN,Semillas,Fuerza Total,Soja,2300.0,2020
2020-09-10,369420,82.0,2020-09-17,542,2020-09-17,4,FA,746,392,NN,Semillas,Convenio Syngenta Soja Completo,Soja,2000.0,2020
2020-09-10,369421,82.0,2020-09-17,541,2020-09-17,4,FA,746,392,NN,Semillas,Convenio Syngenta Soja Completo,Soja,2000.0,2020
2020-09-10,369426,84.0,2020-09-18,549,2020-09-21,4,FA,753,2106,NN,Semillas,Soja,Soja,1700.0,2020
2020-09-10,369427,85.0,2020-09-18,548,2020-09-21,4,FA,755,3297,NN,Semillas,Soja,Soja,1700.0,2020
2020-09-10,369428,85.0,2020-09-18,547,2020-09-21,4,FA,755,3297,NN,Semillas,Soja,Soja,1700.0,2020
2020-09-10,369429,86.0,2020-09-18,551,2020-09-21,4,FA,754,1171,NN,Semillas,Poroto Mung,Poroto Mung,2050.0,2020
2020-09-10,369430,86.0,2020-09-18,550,2020-09-21,4,FA,754,1171,NN,Semillas,Poroto Mung,Poroto Mung,2050.0,2020
2020-09-11,369435,88.0,2020-09-18,546,2020-09-21,4,FA,751,967,NN,Semillas,Soja,Soja,1700.0,2020
2020-09-11,369436,88.0,2020-09-18,545,2020-09-21,4,FA,751,967,NN,Semillas,Soja,Soja,1700.0,2020
2020-09-11,369437,88.0,2020-09-18,544,2020-09-21,4,FA,751,967,NN,Semillas,Soja,Soja,1700.0,2020
2020-09-11,369438,88.0,2020-09-18,543,2020-09-21,4,FA,751,967,NN,Semillas,Soja,Soja,1700.0,2020
2020-09-14,369439,89.0,2020-09-22,561,2020-09-25,4,FA,770,354,NN,Semillas,Soja,Soja,1700.0,2020
2020-09-16,369440,95.0,2020-09-21,553,2020-09-21,4,FA,750,4688,NN,Semillas,Maíz,Maíz,1700.0,2020
2020-09-16,369441,95.0,2020-09-21,552,2020-09-21,4,FA,750,4688,NN,Semillas,Maíz,Maíz,1700.0,2020
2020-09-15,369442,91.0,2020-09-24,562,2020-09-24,4,FA,758,392,NN,Semillas,Soja,Soja,1700.0,2020
2020-09-15,369443,92.0,2020-09-24,573,2020-09-24,4,FA,758,392,NN,Semillas,Semilla Vital Para Soja,Soja,3000.0,2020
2020-09-15,369444,92.0,2020-09-24,572,2020-09-24,4,FA,758,392,NN,Semillas,Semilla Vital Para Soja,Soja,3000.0,2020
2020-09-15,369445,92.0,2020-09-24,571,2020-09-24,4,FA,758,392,NN,Semillas,Semilla Vital Para Soja,Soja,3000.0,2020
2020-09-15,369446,92.0,2020-09-24,570,2020-09-24,4,FA,758,392,NN,Semillas,Semilla Vital Para Soja,Soja,3000.0,2020
2020-09-15,369447,92.0,2020-10-02,630,2020-10-05,4,FA,787,392,NN,Semillas,Semilla Vital Para Soja,Soja,3000.0,2020
2020-09-15,369448,92.0,2020-09-24,569,2020-09-24,4,FA,758,392,NN,Semillas,Semilla Vital Para Soja,Soja,3000.0,2020
2020-09-15,369449,92.0,2020-09-24,568,2020-09-24,4,FA,758,392,NN,Semillas,Semilla Vital Para Soja,Soja,3000.0,2020
2020-09-15,369450,92.0,2020-10-02,631,2020-10-05,4,FA,787,392,NN,Semillas,Semilla Vital Para Soja,Soja,3000.0,2020
2020-09-15,369451,92.0,2020-09-24,567,2020-09-24,4,FA,758,392,NN,Semillas,Semilla Vital Para Soja,Soja,3000.0,2020
2020-09-15,369452,92.0,2020-09-24,566,2020-09-24,4,FA,758,392,NN,Semillas,Semilla Vital Para Soja,Soja,3000.0,2020
2020-09-15,369453,92.0,2020-09-24,565,2020-09-24,4,FA,758,392,NN,Semillas,Semilla Vital Para Soja,Soja,3000.0,2020
2020-09-15,369454,92.0,2020-09-24,564,2020-09-24,4,FA,758,392,NN,Semillas,Semilla Vital Para Soja,Soja,3000.0,2020
2020-09-15,369455,92.0,2020-09-24,563,2020-09-24,4,FA,758,392,NN,Semillas,Semilla Vital Para Soja,Soja,3000.0,2020
2020-09-15,369456,92.0,2020-10-02,632,2020-10-05,4,FA,787,392,NN,Semillas,Semilla Vital Para Soja,Soja,3000.0,2020
2020-09-15,369457,92.0,2020-10-02,633,2020-10-05,4,FA,787,392,NN,Semillas,Semilla Vital Para Soja,Soja,3000.0,2020
2020-09-15,369458,90.0,2020-09-24,581,2020-09-24,4,FA,760,1660,NN,Semillas,Fuerza Total,Soja,2300.0,2020
2020-09-15,369459,93.0,2020-09-24,580,2020-09-24,4,FA,759,1414,NN,Semillas,Fuerza Total,Soja,2300.0,2020
2020-09-15,369460,94.0,2020-09-24,579,2020-09-24,4,FA,762,2599,NN,Semillas,Doble Poder,Soja,4000.0,2020
2020-09-16,369462,96.0,2020-09-24,578,2020-09-24,4,FA,761,1856,NN,Semillas,Fuerza Total Curado,Soja,2600.0,2020
2020-09-16,369463,96.0,2020-09-24,577,2020-09-24,4,FA,761,1856,NN,Semillas,Fuerza Total Curado,Soja,2600.0,2020
2020-09-16,369464,96.0,2020-09-24,576,2020-09-24,4,FA,761,1856,NN,Semillas,Fuerza Total Curado,Soja,2600.0,2020
2020-09-16,369465,96.0,2020-09-24,575,2020-09-24,4,FA,761,1856,NN,Semillas,Fuerza Total Curado,Soja,2600.0,2020
2020-09-16,369466,96.0,2020-09-24,574,2020-09-24,4,FA,761,1856,NN,Semillas,Fuerza Total Curado,Soja,2600.0,2020
2020-09-17,369497,97.0,2020-09-25,582,2020-09-25,4,FA,771,1777,NN,Semillas,Soja,Soja,1700.0,2020
2020-09-17,369498,97.0,2020-09-25,583,2020-09-25,4,FA,771,1777,NN,Semillas,Soja,Soja,1700.0,2020
2020-09-17,369499,97.0,2020-09-25,584,2020-09-25,4,FA,771,1777,NN,Semillas,Soja,Soja,1700.0,2020
2020-09-18,369527,98.0,2020-09-25,585,2020-09-25,4,FA,767,1856,NN,Semillas,Poroto Mung,Poroto Mung,2050.0,2020
2020-09-18,369528,98.0,2020-09-25,586,2020-09-25,4,FA,767,1856,NN,Semillas,Poroto Mung,Poroto Mung,2050.0,2020
2020-09-18,369529,98.0,2020-09-25,587,2020-09-25,4,FA,767,1856,NN,Semillas,Poroto Mung,Poroto Mung,2050.0,2020
2020-09-18,369530,98.0,2020-09-25,588,2020-09-25,4,FA,767,1856,NN,Semillas,Poroto Mung,Poroto Mung,2050.0,2020
2020-09-18,369531,99.0,2020-09-28,601,2020-09-29,4,FA,775,1856,NN,Semillas,Poroto,Poroto,1700.0,2020
2020-09-18,369532,100.0,2020-09-25,589,2020-09-25,4,FA,769,1409,NN,Semillas,Fuerza Total Curado,Soja,2600.0,2020
2020-09-18,369533,100.0,2020-09-25,590,2020-09-25,4,FA,769,1409,NN,Semillas,Fuerza Total Curado,Soja,2600.0,2020
2020-09-18,369534,100.0,2020-09-25,591,2020-09-25,4,FA,769,1409,NN,Semillas,Fuerza Total Curado,Soja,2600.0,2020
2020-09-18,369535,101.0,2020-09-25,592,2020-09-25,4,FA,766,2861,NN,Semillas,Fuerza Total Curado,Soja,2600.0,2020
2020-09-18,369536,102.0,2020-09-25,593,2020-09-25,4,FA,765,4396,NN,Semillas,Fuerza Total,Soja,2300.0,2020
2020-09-18,369537,102.0,2020-09-25,594,2020-09-25,4,FA,765,4396,NN,Semillas,Fuerza Total,Soja,2300.0,2020
2020-09-18,369538,102.0,2020-09-25,595,2020-09-25,4,FA,765,4396,NN,Semillas,Fuerza Total,Soja,2300.0,2020
2020-09-18,369539,103.0,2020-09-25,596,2020-09-25,4,FA,772,981,NN,Semillas,Fuerza Total,Soja,2300.0,2020
2020-09-18,369540,103.0,2020-09-25,597,2020-09-25,4,FA,772,981,NN,Semillas,Fuerza Total,Soja,2300.0,2020
2020-09-18,369541,104.0,2020-09-25,598,2020-09-25,4,FA,773,1160,NN,Semillas,Soja,Soja,1700.0,2020
2020-09-18,369542,104.0,2020-09-25,599,2020-09-25,4,FA,773,1160,NN,Semillas,Soja,Soja,1700.0,2020
2020-09-22,369544,109.0,2020-09-25,600,2020-09-25,4,FA,764,4721,NN,Semillas,Soja,Soja,1700.0,2020
2020-09-21,369545,105.0,2020-09-28,607,2020-09-29,4,FA,774,392,NN,Semillas,Convenio Syngenta Soja Completo,Soja,2000.0,2020
2020-09-21,369546,105.0,2020-09-28,606,2020-09-29,4,FA,774,392,NN,Semillas,Convenio Syngenta Soja Completo,Soja,2000.0,2020
2020-09-21,369547,105.0,2020-09-28,605,2020-09-29,4,FA,774,392,NN,Semillas,Convenio Syngenta Soja Completo,Soja,2000.0,2020
2020-09-21,369548,105.0,2020-09-28,604,2020-09-29,4,FA,774,392,NN,Semillas,Convenio Syngenta Soja Completo,Soja,2000.0,2020
2020-09-21,369549,105.0,2020-09-28,603,2020-09-29,4,FA,774,392,NN,Semillas,Convenio Syngenta Soja Completo,Soja,2000.0,2020
2020-09-21,369550,105.0,2020-09-28,602,2020-09-29,4,FA,774,392,NN,Semillas,Convenio Syngenta Soja Completo,Soja,2000.0,2020
2020-09-21,369551,106.0,2020-09-29,608,2020-09-29,4,FA,777,1409,NN,Semillas,Fuerza Total Curado,Soja,2600.0,2020
2020-09-21,369557,107.0,2020-09-29,613,2020-09-29,4,FA,778,392,NN,Semillas,Poroto,Poroto,1700.0,2020
2020-09-21,369558,107.0,2020-09-29,612,2020-09-29,4,FA,778,392,NN,Semillas,Poroto,Poroto,1700.0,2020
2020-09-21,369559,107.0,2020-09-29,611,2020-09-29,4,FA,778,392,NN,Semillas,Poroto,Poroto,1700.0,2020
2020-09-22,369560,108.0,2020-09-29,610,2020-09-29,4,FA,779,967,NN,Semillas,Soja,Soja,1700.0,2020
2020-09-22,369561,108.0,2020-09-29,609,2020-09-29,4,FA,779,967,NN,Semillas,Soja,Soja,1700.0,2020
2020-09-23,369562,110.0,2020-10-01,615,2020-10-02,4,FA,785,1856,NN,Semillas,Fuerza Total Curado,Soja,2600.0,2020
2020-09-23,369563,110.0,2020-10-01,614,2020-10-02,4,FA,785,1856,NN,Semillas,Fuerza Total Curado,Soja,2600.0,2020
2020-09-23,369564,111.0,2020-10-01,617,2020-10-02,4,FA,784,441,NN,Semillas,Soja,Soja,1700.0,2020
2020-09-23,369565,111.0,2020-10-01,616,2020-10-02,4,FA,784,441,NN,Semillas,Fuerza Total Curado,Soja,1700.0,2020
2020-09-24,369636,114.0,2020-10-02,629,2020-10-05,4,FA,790,9350,NN,Semillas,Convenio Syngenta Soja Completo,Soja,2000.0,2020
2020-09-24,369637,114.0,2020-10-02,628,2020-10-05,4,FA,790,9350,NN,Semillas,Convenio Syngenta Soja Completo,Soja,2000.0,2020
2020-09-24,369638,114.0,2020-10-02,627,2020-10-05,4,FA,790,9350,NN,Semillas,Convenio Syngenta Soja Completo,Soja,2000.0,2020
2020-09-24,369639,114.0,2020-10-02,626,2020-10-05,4,FA,790,9350,NN,Semillas,Convenio Syngenta Soja Completo,Soja,2000.0,2020
2020-09-24,369640,114.0,2020-10-02,625,2020-10-05,4,FA,790,9350,NN,Semillas,Convenio Syngenta Soja Completo,Soja,2000.0,2020
2020-09-24,369641,114.0,2020-10-02,624,2020-10-05,4,FA,790,9350,NN,Semillas,Convenio Syngenta Soja Completo,Soja,2000.0,2020
2020-09-24,369642,114.0,2020-10-02,623,2020-10-05,4,FA,790,9350,NN,Semillas,Convenio Syngenta Soja Completo,Soja,2000.0,2020
2020-09-24,369643,114.0,2020-10-02,622,2020-10-05,4,FA,790,9350,NN,Semillas,Convenio Syngenta Soja Completo,Soja,2000.0,2020
2020-09-24,369644,114.0,2020-10-02,621,2020-10-05,4,FA,790,9350,NN,Semillas,Convenio Syngenta Soja Completo,Soja,2000.0,2020
2020-09-24,369645,114.0,2020-10-02,620,2020-10-05,4,FA,790,9350,NN,Semillas,Convenio Syngenta Soja Completo,Soja,2000.0,2020
2020-09-24,369646,114.0,2020-10-02,619,2020-10-05,4,FA,790,9350,NN,Semillas,Convenio Syngenta Soja Completo,Soja,2000.0,2020
2020-09-24,369647,114.0,2020-10-02,618,2020-10-05,4,FA,790,9350,NN,Semillas,Convenio Syngenta Soja Completo,Soja,2000.0,2020
2020-09-24,369648,112.0,2020-10-06,654,2020-10-07,4,FA,792,4673,NN,Semillas,Fuerza Total,Moha,2300.0,2020
2020-09-24,369649,112.0,2020-10-06,653,2020-10-07,4,FA,792,4673,NN,Semillas,Fuerza Total,Moha,2300.0,2020
2020-09-24,369650,113.0,2020-10-02,635,2020-10-05,4,FA,788,3337,NN,Semillas,Fuerza Total,Soja,2300.0,2020
2020-09-28,369652,117.0,2020-10-05,652,2020-10-06,4,FA,791,4237,NN,Semillas,Convenio Syngenta Soja Completo,Soja,2000.0,2020
2020-09-28,369653,117.0,2020-10-05,651,2020-10-06,4,FA,791,4237,NN,Semillas,Convenio Syngenta Soja Completo,Soja,2000.0,2020
2020-09-28,369654,117.0,2020-10-05,650,2020-10-06,4,FA,791,4237,NN,Semillas,Convenio Syngenta Soja Completo,Soja,2000.0,2020
2020-09-28,369655,117.0,2020-10-05,649,2020-10-06,4,FA,791,4237,NN,Semillas,Convenio Syngenta Soja Completo,Soja,2000.0,2020
2020-09-28,369656,117.0,2020-10-05,648,2020-10-06,4,FA,791,4237,NN,Semillas,Convenio Syngenta Soja Completo,Soja,2000.0,2020
2020-09-28,369657,117.0,2020-10-05,647,2020-10-06,4,FA,791,4237,NN,Semillas,Convenio Syngenta Soja Completo,Soja,2000.0,2020
2020-09-28,369658,117.0,2020-10-05,646,2020-10-06,4,FA,791,4237,NN,Semillas,Convenio Syngenta Soja Completo,Soja,2000.0,2020
2020-09-28,369659,117.0,2020-10-05,645,2020-10-06,4,FA,791,4237,NN,Semillas,Convenio Syngenta Soja Completo,Soja,2000.0,2020
2020-09-25,369674,116.0,2020-10-02,642,2020-10-05,4,FA,787,392,NN,Semillas,Convenio Syngenta Soja Completo,Soja,2000.0,2020
2020-09-25,369675,116.0,2020-10-02,641,2020-10-05,4,FA,787,392,NN,Semillas,Convenio Syngenta Soja Completo,Soja,2000.0,2020
2020-09-25,369676,116.0,2020-10-02,640,2020-10-05,4,FA,787,392,NN,Semillas,Convenio Syngenta Soja Completo,Soja,2000.0,2020
2020-09-25,369677,116.0,2020-10-02,639,2020-10-05,4,FA,787,392,NN,Semillas,Convenio Syngenta Soja Completo,Soja,2000.0,2020
2020-09-29,369678,119.0,2020-10-07,655,2020-10-08,4,FA,793,4717,NN,Semillas,Soja,Soja,1700.0,2020
2020-09-25,369680,115.0,2020-10-02,638,2020-10-05,4,FA,787,392,NN,Semillas,Semilla Vital Para Soja,Soja,3000.0,2020
2020-09-25,369681,115.0,2020-10-02,637,2020-10-05,4,FA,787,392,NN,Semillas,Semilla Vital Para Soja,Soja,3000.0,2020
2020-09-25,369682,115.0,2020-10-02,636,2020-10-05,4,FA,787,392,NN,Semillas,Semilla Vital Para Soja,Soja,3000.0,2020
2020-09-28,369687,117.0,2020-10-05,644,2020-10-06,4,FA,791,4237,NN,Semillas,Convenio Syngenta Soja Completo,Soja,2000.0,2020
2020-09-28,369688,117.0,2020-10-05,643,2020-10-06,4,FA,791,4237,NN,Semillas,Convenio Syngenta Soja Completo,Soja,2000.0,2020
2020-09-28,369689,118.0,2020-10-02,634,2020-10-05,4,FA,789,4281,NN,Semillas,Gatton Panic,Gatton Panic,2050.0,2020
2020-10-05,369690,133.0,2020-10-13,690,2020-10-13,4,FA,810,4735,NN,Semillas,Fuerza Total Curado,Soja,3600.0,2020
2020-10-01,369691,120.0,2020-10-09,668,2020-10-09,4,FA,800,1878,NN,Semillas,Soja,Soja,1700.0,2020
2020-10-01,369692,120.0,2020-10-09,667,2020-10-09,4,FA,800,1878,NN,Semillas,Soja,Soja,1700.0,2020
2020-10-01,369694,121.0,2020-10-09,666,2020-10-09,4,FA,803,3954,NN,Semillas,Poder + Peso,Soja,3300.0,2020
2020-10-01,369695,122.0,2020-10-13,681,2020-10-13,4,FA,811,25,NN,Semillas,Maníí,Maníí,2050.0,2020
2020-10-01,369696,122.0,2020-10-13,680,2020-10-13,4,FA,811,25,NN,Semillas,Poder + Peso,Maníí,2050.0,2020
2020-10-01,369697,122.0,2020-10-13,679,2020-10-13,4,FA,811,25,NN,Semillas,Maníí,Maníí,2050.0,2020
2020-10-01,369698,123.0,2020-10-09,665,2020-10-09,4,FA,797,275,NN,Semillas,Soja,Soja,1700.0,2020
2020-10-01,369699,123.0,2020-10-09,664,2020-10-09,4,FA,797,275,NN,Semillas,Soja,Soja,1700.0,2020
2020-10-01,369700,124.0,2020-10-09,663,2020-10-09,4,FA,799,1311,NN,Semillas,Doble Poder,Soja,4000.0,2020
2020-10-01,369701,124.0,2020-10-09,662,2020-10-09,4,FA,799,1311,NN,Semillas,Doble Poder,Soja,4000.0,2020
2020-10-01,369702,124.0,2020-10-09,661,2020-10-09,4,FA,799,1311,NN,Semillas,Doble Poder,Soja,4000.0,2020
2020-10-01,369703,125.0,2020-10-09,660,2020-10-09,4,FA,802,680,NN,Semillas,Soja,Soja,1700.0,2020
2020-10-01,369704,125.0,2020-10-09,659,2020-10-09,4,FA,802,680,NN,Semillas,Soja,Soja,1700.0,2020
2020-10-01,369705,125.0,2020-10-09,658,2020-10-09,4,FA,802,680,NN,Semillas,Soja,Soja,1700.0,2020
2020-10-01,369706,126.0,2020-10-08,656,2020-10-08,4,FA,795,680,NN,Semillas,Maíz,Maíz,1700.0,2020
2020-10-01,369763,127.0,2020-10-09,657,2020-10-09,4,FA,801,9261,NN,Semillas,Fuerza Total,Soja,2300.0,2020
2020-10-02,369765,128.0,2020-10-09,678,2020-10-09,4,FA,798,392,NN,Semillas,Convenio Syngenta Soja Completo,Soja,2000.0,2020
2020-10-02,369766,128.0,2020-10-09,677,2020-10-09,4,FA,798,392,NN,Semillas,Convenio Syngenta Soja Completo,Soja,2000.0,2020
2020-10-02,369767,128.0,2020-10-09,676,2020-10-09,4,FA,798,392,NN,Semillas,Convenio Syngenta Soja Completo,Soja,2000.0,2020
2020-10-02,369768,128.0,2020-10-09,675,2020-10-09,4,FA,798,392,NN,Semillas,Convenio Syngenta Soja Completo,Soja,2000.0,2020
2020-10-02,369769,128.0,2020-10-09,674,2020-10-09,4,FA,798,392,NN,Semillas,Convenio Syngenta Soja Completo,Soja,2000.0,2020
2020-10-02,369770,128.0,2020-10-09,673,2020-10-09,4,FA,798,392,NN,Semillas,Convenio Syngenta Soja Completo,Soja,2000.0,2020
2020-10-02,369771,128.0,2020-10-09,672,2020-10-09,4,FA,798,392,NN,Semillas,Convenio Syngenta Soja Completo,Soja,2000.0,2020
2020-10-05,369772,129.0,2020-10-13,704,2020-10-13,4,FA,805,354,NN,Semillas,Soja,Soja,1700.0,2020
2020-10-05,369773,130.0,2020-10-13,706,2020-10-13,4,FA,808,1897,NN,Semillas,Soja,Soja,1700.0,2020
2020-10-05,369774,132.0,2020-10-13,705,2020-10-13,4,FA,808,1897,NN,Semillas,Maíz,Maíz,1700.0,2020
2020-10-05,369775,131.0,2020-10-13,703,2020-10-13,4,FA,806,392,NN,Semillas,Fuerza Total,Soja,2300.0,2020
2020-10-05,369776,131.0,2020-10-13,702,2020-10-13,4,FA,806,392,NN,Semillas,Fuerza Total,Soja,2300.0,2020
2020-10-05,369777,131.0,2020-10-13,701,2020-10-13,4,FA,806,392,NN,Semillas,Fuerza Total,Soja,2300.0,2020
2020-10-05,369778,134.0,2020-10-13,700,2020-10-13,4,FA,809,4237,NN,Semillas,Soja,Soja,2050.0,2020
2020-10-05,369779,134.0,2020-10-13,699,2020-10-13,4,FA,809,4237,NN,Semillas,Soja,Soja,2050.0,2020
2020-10-05,369780,134.0,2020-10-13,698,2020-10-13,4,FA,809,4237,NN,Semillas,Soja,Soja,2050.0,2020
2020-10-05,369781,134.0,2020-10-13,697,2020-10-13,4,FA,809,4237,NN,Semillas,Soja,Soja,2050.0,2020
2020-10-05,369782,134.0,2020-10-13,696,2020-10-13,4,FA,809,4237,NN,Semillas,Soja,Soja,2050.0,2020
2020-10-05,369783,134.0,2020-10-13,695,2020-10-13,4,FA,809,4237,NN,Semillas,Soja,Soja,2050.0,2020
2020-10-05,369784,134.0,2020-10-13,694,2020-10-13,4,FA,809,4237,NN,Semillas,Soja,Soja,2050.0,2020
2020-10-05,369785,134.0,2020-10-13,693,2020-10-13,4,FA,809,4237,NN,Semillas,Soja,Soja,2050.0,2020
2020-10-05,369786,134.0,2020-10-13,692,2020-10-13,4,FA,809,4237,NN,Semillas,Soja,Soja,2050.0,2020
2020-10-05,369787,134.0,2020-10-13,691,2020-10-13,4,FA,809,4237,NN,Semillas,Soja,Soja,2050.0,2020
2020-10-06,369788,135.0,2020-10-14,707,2020-10-15,4,FA,818,4740,NN,Semillas,Soja,Soja,1700.0,2020
2020-10-06,369789,136.0,2020-10-13,689,2020-10-13,4,FA,807,760,NN,Semillas,Convenio Syngenta Soja Completo,Soja,2000.0,2020
2020-10-06,369790,136.0,2020-10-13,688,2020-10-13,4,FA,807,760,NN,Semillas,Convenio Syngenta Soja Completo,Soja,2000.0,2020
2020-10-06,369791,136.0,2020-10-13,687,2020-10-13,4,FA,807,760,NN,Semillas,Convenio Syngenta Soja Completo,Soja,2000.0,2020
2020-10-06,369792,136.0,2020-10-13,686,2020-10-13,4,FA,807,760,NN,Semillas,Convenio Syngenta Soja Completo,Soja,2000.0,2020
2020-10-06,369793,136.0,2020-10-13,685,2020-10-13,4,FA,807,760,NN,Semillas,Convenio Syngenta Soja Completo,Soja,2000.0,2020
2020-10-06,369794,136.0,2020-10-13,684,2020-10-13,4,FA,807,760,NN,Semillas,Convenio Syngenta Soja Completo,Soja,2000.0,2020
2020-10-06,369795,136.0,2020-10-13,683,2020-10-13,4,FA,807,760,NN,Semillas,Convenio Syngenta Soja Completo,Soja,2000.0,2020
2020-10-06,369796,136.0,2020-10-13,682,2020-10-13,4,FA,807,760,NN,Semillas,Convenio Syngenta Soja Completo,Soja,2000.0,2020
2020-10-06,369797,138.0,2020-10-16,776,2020-10-16,4,FA,822,1779,NN,Semillas,Trigo,Trigo,1700.0,2020
2020-10-06,369798,138.0,2020-10-14,711,2020-10-15,4,FA,819,1779,NN,Semillas,Soja,Soja,1700.0,2020
2020-10-06,369799,138.0,2020-10-14,710,2020-10-15,4,FA,819,1779,NN,Semillas,Soja,Soja,1700.0,2020
2020-10-06,369800,138.0,2020-10-14,709,2020-10-15,4,FA,819,1779,NN,Semillas,Soja,Soja,1700.0,2020
2020-10-06,369801,138.0,2020-10-14,708,2020-10-15,4,FA,819,1779,NN,Semillas,Soja,Soja,1700.0,2020
2020-10-06,369802,137.0,2020-10-14,714,2020-10-15,4,FA,820,760,NN,Semillas,Fuerza Total,Soja,4000.0,2020
2020-10-06,369803,137.0,2020-10-14,713,2020-10-15,4,FA,820,760,NN,Semillas,Fuerza Total,Soja,4000.0,2020
2020-10-06,369804,137.0,2020-10-14,712,2020-10-15,4,FA,820,760,NN,Semillas,Fuerza Total,Soja,4000.0,2020
2020-10-07,369806,139.0,2020-10-15,725,2020-10-15,4,FA,817,4557,NN,Semillas,Doble Poder,Soja,3000.0,2020
2020-10-07,369807,139.0,2020-10-15,724,2020-10-15,4,FA,817,4557,NN,Semillas,Doble Poder,Soja,3000.0,2020
2020-10-07,369808,139.0,2020-10-15,723,2020-10-15,4,FA,817,4557,NN,Semillas,Doble Poder,Soja,3000.0,2020
2020-10-07,369809,139.0,2020-10-15,722,2020-10-15,4,FA,817,4557,NN,Semillas,Doble Poder,Soja,3000.0,2020
2020-10-07,369810,139.0,2020-10-15,721,2020-10-15,4,FA,817,4557,NN,Semillas,Doble Poder,Soja,3000.0,2020
2020-10-07,369811,139.0,2020-10-15,720,2020-10-15,4,FA,817,4557,NN,Semillas,Doble Poder,Soja,3000.0,2020
2020-10-07,369812,139.0,2020-10-15,719,2020-10-15,4,FA,817,4557,NN,Semillas,Doble Poder,Soja,3000.0,2020
2020-10-07,369813,139.0,2020-10-15,718,2020-10-15,4,FA,817,4557,NN,Semillas,Doble Poder,Soja,3000.0,2020
2020-10-07,369814,139.0,2020-10-15,717,2020-10-15,4,FA,817,4557,NN,Semillas,Doble Poder,Soja,3000.0,2020
2020-10-07,369815,139.0,2020-10-15,716,2020-10-15,4,FA,817,4557,NN,Semillas,Doble Poder,Soja,3000.0,2020
2020-10-07,369816,139.0,2020-10-15,715,2020-10-15,4,FA,817,4557,NN,Semillas,Doble Poder,Soja,3000.0,2020
2020-10-07,369817,140.0,2020-10-16,765,2021-01-08,4,FA,1002,392,NN,Semillas,Semilla Vital Para Soja,Soja,3000.0,2020
2020-10-07,369818,140.0,2020-10-16,764,2021-01-08,4,FA,1002,392,NN,Semillas,Semilla Vital Para Soja,Soja,3000.0,2020
2020-10-07,369819,140.0,2020-10-16,763,2021-01-08,4,FA,1002,392,NN,Semillas,Semilla Vital Para Soja,Soja,3000.0,2020
2020-10-07,369820,140.0,2020-10-16,762,2021-01-08,4,FA,1002,392,NN,Semillas,Semilla Vital Para Soja,Soja,3000.0,2020
2020-10-07,369821,140.0,2020-10-16,761,2021-01-08,4,FA,1002,392,NN,Semillas,Semilla Vital Para Soja,Soja,3000.0,2020
2020-10-08,369908,141.0,2020-10-16,770,2020-10-16,4,FA,823,2853,NN,Semillas,Doble Poder,Soja,4000.0,2020
2020-10-08,369909,141.0,2020-10-16,769,2020-10-16,4,FA,823,2853,NN,Semillas,Doble Poder,Soja,4000.0,2020
2020-10-08,369910,141.0,2020-10-16,768,2020-10-16,4,FA,823,2853,NN,Semillas,Doble Poder,Soja,4000.0,2020
2020-10-08,369912,142.0,2020-10-16,772,2020-10-16,4,FA,825,4216,NN,Semillas,Soja,Soja,1700.0,2020
2020-10-08,369913,142.0,2020-10-16,771,2020-10-16,4,FA,825,4216,NN,Semillas,Soja,Soja,1700.0,2020
2020-10-08,369914,143.0,2020-10-16,773,2020-10-16,4,FA,824,3920,NN,Semillas,Fuerza Total Curado,Soja,4650.0,2020
2020-10-08,369915,144.0,2020-10-16,775,2020-10-16,4,FA,826,4737,NN,Semillas,Fuerza Total Curado,Soja,2600.0,2020
2020-10-08,369916,145.0,2020-10-16,774,2020-10-16,4,FA,827,4738,NN,Semillas,Fuerza Total Curado,Soja,2600.0,2020
2020-10-09,369929,146.0,2020-10-09,671,2020-10-09,4,FA,798,392,NN,Semillas,Poroto,Poroto,2050.0,2020
2020-10-09,369930,146.0,2020-10-09,670,2020-10-09,4,FA,798,392,NN,Semillas,Poroto,Poroto,2050.0,2020
2020-10-09,369931,146.0,2020-10-09,669,2020-10-09,4,FA,798,392,NN,Semillas,Poroto,Poroto,2050.0,2020
2020-10-13,369932,147.0,2020-10-22,787,2020-10-22,4,FA,833,392,NN,Semillas,Fuerza Total,Soja,2300.0,2020
2020-10-13,369933,147.0,2020-10-22,786,2020-10-22,4,FA,833,392,NN,Semillas,Fuerza Total,Soja,2300.0,2020
2020-10-13,369934,147.0,2020-10-22,785,2020-10-22,4,FA,833,392,NN,Semillas,Fuerza Total,Soja,2300.0,2020
2020-10-13,369935,147.0,2020-10-22,784,2020-10-22,4,FA,833,392,NN,Semillas,Fuerza Total,Soja,2300.0,2020
2020-10-13,369936,149.0,2020-10-22,790,2020-10-22,4,FA,835,2835,NN,Semillas,Soja,Soja,4100.0,2020
2020-10-13,369937,149.0,2020-10-22,789,2020-10-22,4,FA,835,2835,NN,Semillas,Soja,Soja,4100.0,2020
2020-10-13,369938,148.0,2020-10-21,781,2020-10-21,4,FA,831,4237,NN,Semillas,Convenio Syngenta Soja Completo,Soja,2000.0,2020
2020-10-13,369939,148.0,2020-10-21,780,2020-10-21,4,FA,831,4237,NN,Semillas,Convenio Syngenta Soja Completo,Soja,2000.0,2020
2020-10-13,369940,150.0,2020-10-21,783,2020-10-21,4,FA,831,4237,NN,Semillas,Soja,Soja,2050.0,2020
2020-10-13,369941,150.0,2020-10-21,782,2020-10-21,4,FA,831,4237,NN,Semillas,Soja,Soja,2050.0,2020
2020-10-13,369942,151.0,2020-10-16,732,2020-10-16,4,FA,821,2795,NN,Semillas,Soja,Soja,2850.0,2020
2020-10-13,369943,151.0,2020-10-16,742,2020-10-16,4,FA,821,2795,NN,Semillas,Soja,Soja,800.0,2020
2020-10-13,369944,151.0,2020-10-16,741,2020-10-16,4,FA,821,2795,NN,Semillas,Soja,Soja,800.0,2020
2020-10-13,369945,151.0,2020-10-16,740,2020-10-16,4,FA,821,2795,NN,Semillas,Soja,Soja,800.0,2020
2020-10-13,369946,151.0,2020-10-16,739,2020-10-16,4,FA,821,2795,NN,Semillas,Soja,Soja,800.0,2020
2020-10-13,369947,151.0,2020-10-16,738,2020-10-16,4,FA,821,2795,NN,Semillas,Soja,Soja,800.0,2020
2020-10-13,369948,151.0,2020-10-16,737,2020-10-16,4,FA,821,2795,NN,Semillas,Soja,Soja,800.0,2020
2020-10-13,369949,151.0,2020-10-16,736,2020-10-16,4,FA,821,2795,NN,Semillas,Soja,Soja,800.0,2020
2020-10-13,369950,151.0,2020-10-16,735,2020-10-16,4,FA,821,2795,NN,Semillas,Soja,Soja,800.0,2020
2020-10-13,369951,151.0,2020-10-16,734,2020-10-16,4,FA,821,2795,NN,Semillas,Soja,Soja,800.0,2020
2020-10-13,369952,151.0,2020-10-16,733,2020-10-16,4,FA,821,2795,NN,Semillas,Soja,Soja,800.0,2020
2020-10-13,369953,151.0,2020-10-16,731,2020-10-16,4,FA,821,2795,NN,Semillas,Soja,Soja,2850.0,2020
2020-10-13,369954,151.0,2020-10-16,730,2020-10-16,4,FA,821,2795,NN,Semillas,Soja,Soja,2850.0,2020
2020-10-13,369955,151.0,2020-10-16,760,2020-10-16,4,FA,821,2795,NN,Semillas,Soja,Soja,2850.0,2020
2020-10-13,369956,151.0,2020-10-16,729,2020-10-16,4,FA,821,2795,NN,Semillas,Soja,Soja,2850.0,2020
2020-10-13,369957,151.0,2020-10-16,728,2020-10-16,4,FA,821,2795,NN,Semillas,Soja,Soja,2850.0,2020
2020-10-13,369958,151.0,2020-10-16,727,2020-10-16,4,FA,821,2795,NN,Semillas,Soja,Soja,2850.0,2020
2020-10-13,369959,151.0,2020-10-16,726,2020-10-16,4,FA,821,2795,NN,Semillas,Soja,Soja,2850.0,2020
2020-10-13,369960,151.0,2020-10-16,767,2020-10-16,4,FA,821,2795,NN,Semillas,Soja,Soja,2850.0,2020
2020-10-13,369961,151.0,2020-10-16,766,2020-10-16,4,FA,821,2795,NN,Semillas,Soja,Soja,2850.0,2020
2020-10-13,369962,151.0,2020-10-19,779,2020-10-19,4,FA,829,2795,NN,Semillas,Soja,Soja,2850.0,2020
2020-10-13,369963,151.0,2020-10-19,778,2020-10-19,4,FA,829,2795,NN,Semillas,Soja,Soja,2850.0,2020
2020-10-13,369964,151.0,2020-10-19,777,2020-10-19,4,FA,829,2795,NN,Semillas,Soja,Soja,2850.0,2020
2020-10-13,369965,151.0,2020-10-16,759,2020-10-16,4,FA,821,2795,NN,Semillas,Soja,Soja,800.0,2020
2020-10-13,369966,151.0,2020-10-16,758,2020-10-16,4,FA,821,2795,NN,Semillas,Soja,Soja,800.0,2020
2020-10-13,369967,151.0,2020-10-16,757,2020-10-16,4,FA,821,2795,NN,Semillas,Soja,Soja,800.0,2020
2020-10-13,369968,151.0,2020-10-16,756,2020-10-16,4,FA,821,2795,NN,Semillas,Soja,Soja,800.0,2020
2020-10-13,369969,151.0,2020-10-16,755,2020-10-16,4,FA,821,2795,NN,Semillas,Soja,Soja,800.0,2020
2020-10-13,369970,151.0,2020-10-16,754,2020-10-16,4,FA,821,2795,NN,Semillas,Soja,Soja,800.0,2020
2020-10-13,369971,151.0,2020-10-16,753,2020-10-16,4,FA,821,2795,NN,Semillas,Soja,Soja,800.0,2020
2020-10-13,369972,151.0,2020-10-16,752,2020-10-16,4,FA,821,2795,NN,Semillas,Soja,Soja,800.0,2020
2020-10-13,369973,151.0,2020-10-16,751,2020-10-16,4,FA,821,2795,NN,Semillas,Soja,Soja,800.0,2020
2020-10-13,369974,151.0,2020-10-16,750,2020-10-16,4,FA,821,2795,NN,Semillas,Soja,Soja,800.0,2020
2020-10-13,369975,151.0,2020-10-16,749,2020-10-16,4,FA,821,2795,NN,Semillas,Soja,Soja,800.0,2020
2020-10-13,369976,151.0,2020-10-16,748,2020-10-16,4,FA,821,2795,NN,Semillas,Soja,Soja,800.0,2020
2020-10-13,369977,151.0,2020-10-16,747,2020-10-16,4,FA,821,2795,NN,Semillas,Soja,Soja,800.0,2020
2020-10-13,369978,151.0,2020-10-16,746,2020-10-16,4,FA,821,2795,NN,Semillas,Soja,Soja,800.0,2020
2020-10-13,369979,151.0,2020-10-16,745,2020-10-16,4,FA,821,2795,NN,Semillas,Soja,Soja,800.0,2020
2020-10-13,369980,151.0,2020-10-16,744,2020-10-16,4,FA,821,2795,NN,Semillas,Soja,Soja,800.0,2020
2020-10-13,369981,151.0,2020-10-16,743,2020-10-16,4,FA,821,2795,NN,Semillas,Soja,Soja,800.0,2020
2020-10-14,369985,152.0,2020-10-22,788,2020-10-22,4,FA,832,1898,NN,Semillas,Semilla Vital Para Soja,Soja,3000.0,2020
2020-10-14,370064,153.0,2020-10-22,802,2020-10-22,4,FA,833,392,NN,Semillas,Convenio Syngenta Soja Completo,Soja,2000.0,2020
2020-10-14,370065,153.0,2020-10-22,801,2020-10-22,4,FA,833,392,NN,Semillas,Convenio Syngenta Soja Completo,Soja,2000.0,2020
2020-10-14,370066,153.0,2020-10-22,800,2020-10-22,4,FA,833,392,NN,Semillas,Convenio Syngenta Soja Completo,Soja,2000.0,2020
2020-10-14,370067,153.0,2020-10-22,799,2020-10-22,4,FA,833,392,NN,Semillas,Convenio Syngenta Soja Completo,Soja,2000.0,2020
2020-10-14,370068,153.0,2020-10-22,798,2020-10-22,4,FA,833,392,NN,Semillas,Convenio Syngenta Soja Completo,Soja,2000.0,2020
2020-10-14,370069,153.0,2020-10-22,797,2020-10-22,4,FA,833,392,NN,Semillas,Convenio Syngenta Soja Completo,Soja,2000.0,2020
2020-10-14,370070,153.0,2020-10-22,796,2020-10-22,4,FA,833,392,NN,Semillas,Convenio Syngenta Soja Completo,Soja,2000.0,2020
2020-10-14,370071,153.0,2020-10-22,795,2020-10-22,4,FA,833,392,NN,Semillas,Convenio Syngenta Soja Completo,Soja,2000.0,2020
2020-10-14,370072,153.0,2020-10-22,794,2020-10-22,4,FA,833,392,NN,Semillas,Convenio Syngenta Soja Completo,Soja,2000.0,2020
2020-10-14,370073,153.0,2020-10-22,793,2020-10-22,4,FA,833,392,NN,Semillas,Convenio Syngenta Soja Completo,Soja,2000.0,2020
2020-10-14,370074,154.0,2020-10-22,815,2020-10-22,4,FA,834,522,NN,Semillas,Convenio Syngenta Soja Completo,Soja,2000.0,2020
2020-10-14,370075,154.0,2020-10-22,814,2020-10-22,4,FA,834,522,NN,Semillas,Convenio Syngenta Soja Completo,Soja,2000.0,2020
2020-10-14,370076,154.0,2020-10-22,813,2020-10-22,4,FA,834,522,NN,Semillas,Convenio Syngenta Soja Completo,Soja,2000.0,2020
2020-10-14,370077,154.0,2020-10-22,812,2020-10-22,4,FA,834,522,NN,Semillas,Convenio Syngenta Soja Completo,Soja,2000.0,2020
2020-10-14,370078,154.0,2020-10-22,811,2020-10-22,4,FA,834,522,NN,Semillas,Convenio Syngenta Soja Completo,Soja,2000.0,2020
2020-10-14,370079,154.0,2020-10-22,810,2020-10-22,4,FA,834,522,NN,Semillas,Convenio Syngenta Soja Completo,Soja,2000.0,2020
2020-10-14,370080,154.0,2020-10-22,809,2020-10-22,4,FA,834,522,NN,Semillas,Convenio Syngenta Soja Completo,Soja,2000.0,2020
2020-10-14,370081,154.0,2020-10-22,808,2020-10-22,4,FA,834,522,NN,Semillas,Convenio Syngenta Soja Completo,Soja,2000.0,2020
2020-10-14,370082,154.0,2020-10-22,807,2020-10-22,4,FA,834,522,NN,Semillas,Convenio Syngenta Soja Completo,Soja,2000.0,2020
2020-10-14,370083,154.0,2020-10-22,806,2020-10-22,4,FA,834,522,NN,Semillas,Convenio Syngenta Soja Completo,Soja,2000.0,2020
2020-10-14,370084,154.0,2020-10-22,805,2020-10-22,4,FA,834,522,NN,Semillas,Convenio Syngenta Soja Completo,Soja,2000.0,2020
2020-10-14,370085,154.0,2020-10-22,804,2020-10-22,4,FA,834,522,NN,Semillas,Convenio Syngenta Soja Completo,Soja,2000.0,2020
2020-10-14,370086,154.0,2020-10-22,803,2020-10-22,4,FA,834,522,NN,Semillas,Convenio Syngenta Soja Completo,Soja,2000.0,2020
2020-10-14,370087,155.0,2020-10-26,825,2020-10-27,4,FA,845,2835,NN,Semillas,Fuerza Total,Maíz,2300.0,2020
2020-10-14,370088,155.0,2020-10-26,824,2020-10-27,4,FA,845,2835,NN,Semillas,Fuerza Total,Maíz,2300.0,2020
2020-10-15,370090,156.0,2020-10-26,832,2020-10-27,4,FA,842,61913,NN,Semillas,Fuerza Total,Soja,2300.0,2020
2020-10-15,370091,157.0,2020-10-22,792,2020-10-22,4,FA,836,2795,NN,Semillas,Convenio Syngenta Soja Completo,Soja,3700.0,2020
2020-10-15,370092,157.0,2020-10-22,791,2020-10-22,4,FA,836,2795,NN,Semillas,Convenio Syngenta Soja Completo,Soja,3700.0,2020
2020-10-15,370093,158.0,2020-10-26,831,2020-10-27,4,FA,847,1518,NN,Semillas,Soja,Soja,2050.0,2020
2020-10-15,370094,159.0,2020-10-26,828,2020-10-27,4,FA,844,4119,NN,Semillas,Soja,Soja,1700.0,2020
2020-10-15,370095,159.0,2020-10-26,827,2020-10-27,4,FA,844,4119,NN,Semillas,Soja,Soja,1700.0,2020
2020-10-15,370096,159.0,2020-10-26,826,2020-10-27,4,FA,844,4119,NN,Semillas,Soja,Soja,1700.0,2020
2020-10-16,370097,160.0,2020-10-26,838,2020-10-27,4,FA,839,4557,NN,Semillas,Soja,Soja,1700.0,2020
2020-10-16,370098,160.0,2020-10-26,837,2020-10-27,4,FA,839,4557,NN,Semillas,Soja,Soja,1700.0,2020
2020-10-16,370099,160.0,2020-10-26,836,2020-10-27,4,FA,839,4557,NN,Semillas,Soja,Soja,1700.0,2020
2020-10-16,370100,160.0,2020-10-26,835,2020-10-27,4,FA,839,4557,NN,Semillas,Soja,Soja,1700.0,2020
2020-10-16,370101,160.0,2020-10-26,834,2020-10-27,4,FA,839,4557,NN,Semillas,Soja,Soja,1700.0,2020
2020-10-16,370102,160.0,2020-10-26,833,2020-10-27,4,FA,839,4557,NN,Semillas,Soja,Soja,1700.0,2020
2020-10-19,370103,161.0,2020-10-26,841,2020-10-27,4,FA,846,981,NN,Semillas,Fuerza Total,Soja,2300.0,2020
2020-10-19,370104,161.0,2020-10-26,840,2020-10-27,4,FA,846,981,NN,Semillas,Fuerza Total,Soja,2300.0,2020
2020-10-19,370105,161.0,2020-10-26,839,2020-10-27,4,FA,846,981,NN,Semillas,Fuerza Total,Soja,2300.0,2020
2020-10-20,370106,165.0,2020-10-26,830,2020-10-27,4,FA,838,4758,NN,Semillas,Soja,Soja,2050.0,2020
2020-10-19,370107,162.0,2020-10-26,829,2020-10-27,4,FA,843,285,NN,Semillas,Soja,Soja,1700.0,2020
2020-10-19,370108,163.0,2020-10-26,823,2020-10-27,4,FA,840,392,NN,Semillas,Convenio Syngenta Soja Completo,Soja,2000.0,2020
2020-10-19,370109,163.0,2020-10-26,822,2020-10-27,4,FA,840,392,NN,Semillas,Convenio Syngenta Soja Completo,Soja,2000.0,2020
2020-10-19,370110,163.0,2020-10-26,821,2020-10-27,4,FA,840,392,NN,Semillas,Convenio Syngenta Soja Completo,Soja,2000.0,2020
2020-10-19,370111,163.0,2020-10-26,820,2020-10-27,4,FA,840,392,NN,Semillas,Convenio Syngenta Soja Completo,Soja,2000.0,2020
2020-10-19,370112,163.0,2020-10-26,819,2020-10-27,4,FA,840,392,NN,Semillas,Convenio Syngenta Soja Completo,Soja,2000.0,2020
2020-10-19,370113,163.0,2020-10-26,818,2020-10-27,4,FA,840,392,NN,Semillas,Convenio Syngenta Soja Completo,Soja,2000.0,2020
2020-10-19,370114,163.0,2020-10-26,817,2020-10-27,4,FA,840,392,NN,Semillas,Convenio Syngenta Soja Completo,Soja,2000.0,2020
2020-10-19,370115,163.0,2020-10-26,816,2020-10-27,4,FA,840,392,NN,Semillas,Convenio Syngenta Soja Completo,Soja,2000.0,2020
2020-10-19,370118,164.0,2020-10-28,844,2020-10-28,4,FA,849,9450,NN,Semillas,Fuerza Total,Soja,2300.0,2020
2020-10-19,370119,164.0,2020-10-28,843,2020-10-28,4,FA,849,9450,NN,Semillas,Fuerza Total,Soja,2300.0,2020
2020-10-19,370120,164.0,2020-10-28,842,2020-10-28,4,FA,849,9450,NN,Semillas,Fuerza Total,Soja,2300.0,2020
2020-10-20,370121,166.0,2020-10-28,849,2020-10-28,4,FA,851,2555,NN,Semillas,Soja,Soja,2050.0,2020
2020-10-20,370122,166.0,2020-10-28,848,2020-10-28,4,FA,851,2555,NN,Semillas,Soja,Soja,2050.0,2020
2020-10-20,370123,166.0,2020-10-28,847,2020-10-28,4,FA,851,2555,NN,Semillas,Soja,Soja,2050.0,2020
2020-10-20,370124,167.0,2020-10-28,846,2020-10-28,4,FA,850,392,NN,Semillas,Fuerza Total,Soja,2300.0,2020
2020-10-20,370125,167.0,2020-10-28,845,2020-10-28,4,FA,850,392,NN,Semillas,Fuerza Total,Soja,2300.0,2020
2020-10-21,370126,169.0,2020-10-29,851,2020-10-30,4,FA,853,4762,NN,Semillas,Soja,Soja,1700.0,2020
2020-10-21,370127,169.0,2020-10-29,850,2020-10-30,4,FA,853,4762,NN,Semillas,Soja,Soja,1700.0,2020
2020-10-21,370130,168.0,2020-10-30,853,2020-11-04,4,FA,860,981,NN,Semillas,Fuerza Total,Soja,2300.0,2020
2020-10-21,370131,168.0,2020-10-30,852,2020-11-04,4,FA,860,981,NN,Semillas,Fuerza Total,Soja,2300.0,2020
2020-10-27,370224,170.0,2020-11-04,861,2020-11-05,4,FA,863,4281,NN,Semillas,Soja,Soja,1700.0,2020
2020-10-27,370225,170.0,2020-11-04,860,2020-11-05,4,FA,863,4281,NN,Semillas,Soja,Soja,1700.0,2020
2020-10-27,370226,170.0,2020-11-04,859,2020-11-05,4,FA,863,4281,NN,Semillas,Soja,Soja,1700.0,2020
2020-10-27,370227,170.0,2020-11-04,858,2020-11-05,4,FA,863,4281,NN,Semillas,Soja,Soja,1700.0,2020
2020-10-27,370241,171.0,2020-11-03,855,2020-11-04,4,FA,862,522,NN,Semillas,Convenio Syngenta Soja Completo,Soja,2000.0,2020
2020-10-27,370242,171.0,2020-11-03,854,2020-11-04,4,FA,862,522,NN,Semillas,Convenio Syngenta Soja Completo,Soja,2000.0,2020
2020-10-28,370243,174.0,2020-11-05,864,2020-11-05,4,FA,867,4764,NN,Semillas,Fuerza Total Curado,Soja,2600.0,2020
2020-10-28,370244,173.0,2020-11-05,865,2020-11-05,4,FA,868,4765,NN,Semillas,Fuerza Total Curado,Soja,2600.0,2020
2020-10-28,370245,172.0,2020-11-05,867,2020-11-05,4,FA,869,4766,NN,Semillas,Fuerza Total Curado,Soja,2600.0,2020
2020-10-28,370246,172.0,2020-11-05,866,2020-11-05,4,FA,869,4766,NN,Semillas,Fuerza Total Curado,Soja,2600.0,2020
2020-10-28,370247,175.0,2020-11-05,869,2020-11-05,4,FA,866,3227,NN,Semillas,Fuerza Total,Soja,2300.0,2020
2020-10-28,370248,175.0,2020-11-05,868,2020-11-05,4,FA,866,3227,NN,Semillas,Fuerza Total,Soja,2300.0,2020
2020-10-28,370278,176.0,2020-11-03,857,2020-11-04,4,FA,861,2795,NN,Semillas,Soja,Soja,800.0,2020
2020-10-28,370279,176.0,2020-11-03,856,2020-11-04,4,FA,861,2795,NN,Semillas,Soja,Soja,800.0,2020
2020-10-28,370280,177.0,2020-11-05,871,2020-11-05,4,FA,865,4557,NN,Semillas,Soja,Soja,1700.0,2020
2020-10-28,370281,177.0,2020-11-05,870,2020-11-05,4,FA,865,4557,NN,Semillas,Soja,Soja,1700.0,2020
2020-10-28,370282,178.0,2020-11-05,873,2021-01-08,4,FA,1003,2379,NN,Semillas,Fuerza Total,Soja,2300.0,2020
2020-10-28,370283,178.0,2020-11-05,872,2021-01-08,4,FA,1003,2379,NN,Semillas,Fuerza Total,Soja,2300.0,2020
2020-10-28,370284,179.0,2020-11-04,863,2020-11-05,4,FA,864,1416,NN,Semillas,Fuerza Total,Soja,2300.0,2020
2020-10-28,370285,179.0,2020-11-04,862,2020-11-05,4,FA,864,1416,NN,Semillas,Fuerza Total,Soja,2300.0,2020
2020-10-29,370318,180.0,2020-11-06,875,2020-11-06,4,FA,870,4119,NN,Semillas,Fuerza Total Curado,Soja,2600.0,2020
2020-10-29,370319,181.0,2020-11-06,874,2020-11-06,4,FA,871,4767,NN,Semillas,Fuerza Total,Soja,2300.0,2020
2020-10-30,370320,182.0,2020-12-02,960,2020-12-02,4,FA,936,4768,NN,Semillas,Semilla Vital,Buffel Grass,3200.0,2020
2020-11-03,370325,183.0,2020-11-11,886,2020-11-11,4,FA,882,3276,NN,Semillas,Soja,Soja,1700.0,2020
2020-11-03,370326,183.0,2020-11-11,885,2020-11-11,4,FA,882,3276,NN,Semillas,Soja,Soja,1700.0,2020
2020-11-03,370327,183.0,2020-11-11,884,2020-11-11,4,FA,882,3276,NN,Semillas,Soja,Soja,1700.0,2020
2020-11-03,370328,183.0,2020-11-11,883,2020-11-11,4,FA,882,3276,NN,Semillas,Soja,Soja,1700.0,2020
2020-11-03,370329,184.0,2020-11-11,882,2020-11-11,4,FA,880,3277,NN,Semillas,Soja,Soja,1700.0,2020
2020-11-03,370330,184.0,2020-11-11,881,2020-11-11,4,FA,880,3277,NN,Semillas,Soja,Soja,1700.0,2020
2020-11-03,370331,184.0,2020-11-11,880,2020-11-11,4,FA,880,3277,NN,Semillas,Soja,Soja,1700.0,2020
2020-11-04,370332,185.0,2020-11-13,900,2020-11-13,4,FA,886,25,NN,Semillas,Soja,Soja,1700.0,2020
2020-11-04,370333,186.0,2020-11-13,899,2020-11-13,4,FB,20,4712,NN,Semillas,Soja,Soja,1700.0,2020
2020-11-04,370334,186.0,2020-11-13,898,2020-11-13,4,FB,20,4712,NN,Semillas,Soja,Soja,1700.0,2020
2020-11-04,370335,187.0,2020-11-11,879,2020-11-11,4,FA,881,680,NN,Semillas,Maíz,Maíz,1700.0,2020
2020-11-04,370336,188.0,2020-11-13,897,2020-11-13,4,FA,888,981,NN,Semillas,Fuerza Total,Soja,2300.0,2020
2020-11-04,370337,188.0,2020-11-13,896,2020-11-13,4,FA,888,981,NN,Semillas,Fuerza Total,Soja,2300.0,2020
2020-11-04,370338,188.0,2020-11-13,895,2020-11-13,4,FA,888,981,NN,Semillas,Fuerza Total,Soja,2300.0,2020
2020-11-04,370339,188.0,2020-11-13,894,2020-11-13,4,FA,888,981,NN,Semillas,Fuerza Total,Soja,2300.0,2020
2020-11-04,370340,188.0,2020-11-13,893,2020-11-13,4,FA,888,981,NN,Semillas,Fuerza Total,Soja,2300.0,2020
2020-11-05,370404,189.0,2020-11-13,903,2020-11-13,4,FA,884,3875,NN,Semillas,Fuerza Total,Maíz,2300.0,2020
2020-11-05,370405,189.0,2020-11-13,902,2020-11-13,4,FA,884,3875,NN,Semillas,Fuerza Total,Maíz,2300.0,2020
2020-11-05,370406,190.0,2020-11-13,901,2020-11-13,4,FA,887,1293,NN,Semillas,Fuerza Total,Maíz,2300.0,2020
2020-11-05,370407,190.0,2020-11-13,905,2020-11-13,4,FA,891,1293,NN,Semillas,Poder + Peso,Soja,2200.0,2020
2020-11-05,370408,190.0,2020-11-13,904,2020-11-13,4,FA,891,1293,NN,Semillas,Poder + Peso,Soja,2200.0,2020
2020-11-06,370409,191.0,2020-11-13,910,2020-11-13,4,FA,890,392,NN,Semillas,Soja,Soja,1700.0,2020
2020-11-06,370410,191.0,2020-11-13,909,2020-11-13,4,FA,890,392,NN,Semillas,Soja,Soja,1700.0,2020
2020-11-06,370411,191.0,2020-11-13,908,2020-11-13,4,FA,890,392,NN,Semillas,Soja,Soja,1700.0,2020
2020-11-06,370412,191.0,2020-11-13,907,2020-11-13,4,FA,890,392,NN,Semillas,Soja,Soja,1700.0,2020
2020-11-06,370413,191.0,2020-11-13,906,2020-11-13,4,FA,890,392,NN,Semillas,Soja,Soja,1700.0,2020
2020-11-06,370414,192.0,2020-11-13,892,2020-11-13,4,FA,885,392,NN,Semillas,Convenio Syngenta Soja Completo,Soja,2000.0,2020
2020-11-06,370415,192.0,2020-11-13,891,2020-11-13,4,FA,885,392,NN,Semillas,Convenio Syngenta Soja Completo,Soja,2000.0,2020
2020-11-06,370416,192.0,2020-11-13,890,2020-11-13,4,FA,885,392,NN,Semillas,Convenio Syngenta Soja Completo,Soja,2000.0,2020
2020-11-06,370417,192.0,2020-11-13,889,2020-11-13,4,FA,885,392,NN,Semillas,Convenio Syngenta Soja Completo,Soja,2000.0,2020
2020-11-06,370418,192.0,2020-11-13,888,2020-11-13,4,FA,885,392,NN,Semillas,Convenio Syngenta Soja Completo,Soja,2000.0,2020
2020-11-06,370419,192.0,2020-11-13,887,2020-11-13,4,FA,885,392,NN,Semillas,Convenio Syngenta Soja Completo,Soja,2000.0,2020
2020-11-06,370423,194.0,2020-11-13,911,2020-11-13,4,FA,892,4119,NN,Semillas,Fuerza Total Curado,Soja,2600.0,2020
2020-11-06,370424,195.0,2020-11-13,915,2020-11-13,4,FA,889,3,NN,Semillas,Fuerza Total,Soja,2300.0,2020
2020-11-06,370425,195.0,2020-11-13,914,2020-11-13,4,FA,889,3,NN,Semillas,Fuerza Total,Soja,2300.0,2020
2020-11-06,370426,195.0,2020-11-13,913,2020-11-13,4,FA,889,3,NN,Semillas,Fuerza Total,Soja,2300.0,2020
2020-11-06,370427,195.0,2020-11-13,912,2020-11-13,4,FA,889,3,NN,Semillas,Fuerza Total,Soja,2300.0,2020
2020-11-09,370437,196.0,2020-11-18,919,2020-11-18,4,FA,902,4781,NN,Semillas,Soja,Soja,2050.0,2020
2020-11-09,370438,196.0,2020-11-18,918,2020-11-18,4,FA,902,4781,NN,Semillas,Soja,Soja,2050.0,2020
2020-11-09,370439,196.0,2020-11-18,917,2020-11-18,4,FA,902,4781,NN,Semillas,Soja,Soja,2050.0,2020
2020-11-09,370440,196.0,2020-11-18,916,2020-11-18,4,FA,902,4781,NN,Semillas,Soja,Soja,2050.0,2020
2020-11-10,370441,197.0,2020-11-20,933,2020-11-20,4,FA,909,960,NN,Semillas,Pack Integral,Centeno,3200.0,2020
2020-11-18,370442,209.0,2020-11-19,920,2020-11-20,4,FA,907,4784,NN,Semillas,¿Cuántos Kilos Siembro?,Soja,3200.0,2020
2020-11-11,370472,198.0,2020-11-19,924,2020-11-20,4,FA,903,25,NN,Semillas,Soja,Soja,1700.0,2020
2020-11-11,370473,199.0,2020-11-19,926,2020-11-20,4,FA,904,908,NN,Semillas,Fuerza Total Curado,Soja,2600.0,2020
2020-11-11,370474,199.0,2020-11-19,925,2020-11-20,4,FA,904,908,NN,Semillas,Fuerza Total Curado,Soja,2600.0,2020
2020-11-12,370508,202.0,2020-11-19,922,2020-11-20,4,FA,905,3135,NN,Semillas,Fuerza Total,Maíz,2300.0,2020
2020-11-11,370545,200.0,2020-11-19,923,2020-11-20,4,FA,906,4339,NN,Semillas,Fuerza Total,Maíz,2300.0,2020
2020-11-11,370546,201.0,2020-11-20,935,2020-11-20,4,FA,912,4767,NN,Semillas,Fuerza Total,Soja,2300.0,2020
2020-11-11,370547,201.0,2020-11-20,934,2020-11-20,4,FA,912,4767,NN,Semillas,Fuerza Total,Soja,2300.0,2020
2020-11-12,370548,202.0,2020-11-19,921,2020-11-20,4,FA,905,3135,NN,Semillas,Fuerza Total,Maíz,2300.0,2020
2020-11-12,370550,203.0,2020-11-20,937,2020-11-20,4,FB,22,2881,NN,Semillas,Soja,Soja,1700.0,2020
2020-11-12,370551,203.0,2020-11-20,936,2020-11-20,4,FB,22,2881,NN,Semillas,Soja,Soja,1700.0,2020
2020-11-13,370553,204.0,2020-11-20,939,2020-11-20,4,FA,913,2211,NN,Semillas,Doble Poder,Soja,3000.0,2020
2020-11-13,370554,204.0,2020-11-20,938,2020-11-20,4,FA,913,2211,NN,Semillas,Doble Poder,Soja,3000.0,2020
2020-11-13,370555,205.0,2020-11-20,940,2020-11-20,4,FA,911,4783,NN,Semillas,Fuerza Total Curado,Soja,2600.0,2020
2020-11-13,370556,206.0,2020-11-20,943,2020-11-20,4,FA,910,4782,NN,Semillas,Fuerza Total Curado,Soja,2600.0,2020
2020-11-13,370557,206.0,2020-11-20,942,2020-11-20,4,FA,910,4782,NN,Semillas,Fuerza Total Curado,Soja,2900.0,2020
2020-11-13,370558,206.0,2020-11-20,941,2020-11-20,4,FA,910,4782,NN,Semillas,Fuerza Total Curado,Soja,2600.0,2020
2020-11-16,370571,207.0,2020-11-24,946,2020-11-24,4,FA,916,392,NN,Semillas,Convenio Syngenta Soja Completo,Soja,2000.0,2020
2020-11-16,370572,207.0,2020-11-24,945,2020-11-24,4,FA,916,392,NN,Semillas,Convenio Syngenta Soja Completo,Soja,2000.0,2020
2020-11-16,370573,207.0,2020-11-24,944,2020-11-24,4,FA,916,392,NN,Semillas,Convenio Syngenta Soja Completo,Soja,2000.0,2020
2020-11-18,370661,210.0,2020-11-27,951,2020-11-27,4,FA,920,52,NN,Semillas,Doble Poder,Soja,3400.0,2020
2020-11-18,370662,211.0,2020-12-01,958,2020-12-02,4,FA,930,1040,NN,Semillas,Centeno,Centeno,1900.0,2020
2020-11-18,370669,212.0,2020-11-20,932,2020-11-20,4,FA,908,2853,NN,Semillas,Trigo,Trigo,1150.0,2020
2020-11-18,370670,212.0,2020-11-20,931,2020-11-20,4,FA,908,2853,NN,Semillas,Trigo,Trigo,1150.0,2020
2020-11-18,370671,212.0,2020-11-20,930,2020-11-20,4,FA,908,2853,NN,Semillas,Trigo,Trigo,1150.0,2020
2020-11-18,370672,212.0,2020-11-20,929,2020-11-20,4,FA,908,2853,NN,Semillas,Trigo,Trigo,1150.0,2020
2020-11-18,370673,212.0,2020-11-20,928,2020-11-20,4,FA,908,2853,NN,Semillas,Trigo,Trigo,1150.0,2020
2020-11-18,370674,212.0,2020-11-20,927,2020-11-20,4,FA,908,2853,NN,Semillas,Trigo,Trigo,1150.0,2020
2020-11-18,370675,213.0,2020-11-26,948,2020-11-27,4,FA,922,4785,NN,Semillas,Poroto Mung,Poroto Mung,1900.0,2020
2020-11-18,370676,213.0,2020-11-26,947,2020-11-27,4,FA,922,4785,NN,Semillas,Poroto Mung,Poroto Mung,1900.0,2020
2020-11-18,370677,213.0,2020-11-27,953,2020-11-27,4,FA,922,4785,NN,Semillas,Soja,Soja,1900.0,2020
2020-11-18,370678,213.0,2020-11-27,952,2020-11-27,4,FA,922,4785,NN,Semillas,Fuerza Total,Soja,2600.0,2020
2020-11-19,370679,214.0,2020-11-27,955,2020-11-27,4,FA,921,3277,NN,Semillas,Soja,Soja,1900.0,2020
2020-11-19,370680,214.0,2020-11-27,954,2020-11-27,4,FA,921,3277,NN,Semillas,Soja,Soja,1900.0,2020
2020-11-19,370683,216.0,2020-11-27,957,2020-11-27,4,FA,924,4557,NN,Semillas,Semilla Vital Para Soja,Soja,3400.0,2020
2020-11-24,370707,217.0,2020-12-09,988,2020-12-09,4,FA,950,4396,NN,Semillas,Fuerza Total,Sorgo,2600.0,2020
2020-11-24,370708,217.0,2020-12-09,987,2020-12-09,4,FA,950,4396,NN,Semillas,Fuerza Total,Sorgo,2600.0,2020
2020-11-24,370709,217.0,2020-12-09,986,2020-12-09,4,FA,950,4396,NN,Semillas,Fuerza Total,Sorgo,2600.0,2020
2020-11-24,370710,217.0,2020-12-09,985,2020-12-09,4,FA,950,4396,NN,Semillas,Fuerza Total,Sorgo,2600.0,2020
2020-11-24,370711,217.0,2020-12-09,984,2020-12-09,4,FA,950,4396,NN,Semillas,Fuerza Total,Sorgo,2600.0,2020
2020-11-24,370712,217.0,2020-12-09,983,2020-12-09,4,FA,950,4396,NN,Semillas,Fuerza Total,Sorgo,2600.0,2020
2020-11-24,370714,218.0,2020-12-02,961,2020-12-02,4,FA,935,4557,NN,Semillas,Semilla Vital Para Soja,Soja,3400.0,2020
2020-11-24,370715,218.0,2020-12-04,972,2020-12-04,4,FA,940,4557,NN,Semillas,Semilla Vital,Centeno,3400.0,2020
2020-11-25,370739,219.0,2020-12-02,959,2020-12-02,4,FB,23,9360,NN,Semillas,Fuerza Total,Maíz,2600.0,2020
2020-11-25,370740,220.0,2020-12-03,963,2020-12-04,4,FA,938,4464,NN,Semillas,¿Cuántos Kilos Siembro?,Soja,3600.0,2020
2020-11-25,370741,221.0,2020-12-02,962,2020-12-02,4,FA,934,3528,NN,Semillas,Maíz,Maíz,1900.0,2020
2020-11-26,370742,222.0,2020-12-04,973,2020-12-04,4,FA,942,798,NN,Semillas,Trigo,Trigo,1900.0,2020
2020-11-26,370743,223.0,2020-12-04,974,2020-12-04,4,FA,939,967,NN,Semillas,Soja,Soja,1900.0,2020
2020-11-27,370776,224.0,2020-12-04,975,2020-12-04,4,FA,943,2375,NN,Semillas,Fuerza Total,Soja,2600.0,2020
2020-11-27,370777,224.0,2020-12-04,976,2020-12-04,4,FA,943,2375,NN,Semillas,Fuerza Total,Soja,2600.0,2020
2020-11-27,370778,224.0,2020-12-04,977,2020-12-04,4,FA,943,2375,NN,Semillas,Fuerza Total,Soja,2600.0,2020
2020-11-27,370779,224.0,2020-12-04,978,2020-12-04,4,FA,943,2375,NN,Semillas,Fuerza Total,Soja,2600.0,2020
2020-11-27,370780,224.0,2020-12-04,979,2020-12-04,4,FA,943,2375,NN,Semillas,Fuerza Total,Soja,2600.0,2020
2020-11-27,370781,224.0,2020-12-04,980,2020-12-04,4,FA,943,2375,NN,Semillas,Fuerza Total,Soja,2600.0,2020
2020-11-27,370782,225.0,2020-12-04,971,2020-12-04,4,FA,941,392,NN,Semillas,Convenio Syngenta Soja Completo,Soja,2000.0,2020
2020-11-27,370783,225.0,2020-12-04,970,2020-12-04,4,FA,941,392,NN,Semillas,Convenio Syngenta Soja Completo,Soja,2000.0,2020
2020-11-27,370784,225.0,2020-12-04,969,2020-12-04,4,FA,941,392,NN,Semillas,Convenio Syngenta Soja Completo,Soja,2000.0,2020
2020-11-27,370785,225.0,2020-12-04,968,2020-12-04,4,FA,941,392,NN,Semillas,Convenio Syngenta Soja Completo,Soja,2000.0,2020
2020-11-27,370786,225.0,2020-12-04,967,2020-12-04,4,FA,941,392,NN,Semillas,Convenio Syngenta Soja Completo,Soja,2000.0,2020
2020-11-27,370787,225.0,2020-12-04,966,2020-12-04,4,FA,941,392,NN,Semillas,Convenio Syngenta Soja Completo,Soja,2000.0,2020
2020-11-27,370788,225.0,2020-12-04,965,2020-12-04,4,FA,941,392,NN,Semillas,Convenio Syngenta Soja Completo,Soja,2000.0,2020
2020-11-27,370789,225.0,2020-12-04,964,2020-12-04,4,FA,941,392,NN,Semillas,Convenio Syngenta Soja Completo,Soja,2000.0,2020
2020-11-27,370790,226.0,2020-12-04,981,2020-12-04,4,FA,941,392,NN,Semillas,Semilla Vital Para Soja,Soja,3400.0,2020
2020-11-27,370791,226.0,2020-12-04,982,2020-12-04,4,FA,941,392,NN,Semillas,Semilla Vital,Poroto,3400.0,2020
2020-12-01,371031,227.0,2020-12-10,994,2020-12-10,4,FA,953,392,NN,Semillas,Semilla Vital Para Soja,Soja,3400.0,2020
2020-12-01,371032,227.0,2020-12-10,993,2020-12-10,4,FA,953,392,NN,Semillas,Semilla Vital Para Soja,Soja,3400.0,2020
2020-12-03,371038,231.0,2020-12-09,990,2020-12-09,4,FA,951,4786,NN,Semillas,Fuerza Total,Soja,2600.0,2020
2020-12-03,371039,231.0,2020-12-09,989,2020-12-09,4,FA,951,4786,NN,Semillas,Fuerza Total,Soja,2600.0,2020
2020-12-02,371054,228.0,2020-12-11,1001,2020-12-11,4,FA,957,4329,NN,Semillas,Semilla Vital,Centeno,3400.0,2020
2020-12-02,371055,228.0,2020-12-11,1000,2020-12-11,4,FA,957,4329,NN,Semillas,Semilla Vital,Centeno,3400.0,2020
2020-12-02,371056,229.0,2020-12-09,991,2020-12-09,4,FA,948,3875,NN,Semillas,Fuerza Total,Maíz,2600.0,2020
2020-12-02,371057,230.0,2020-12-09,992,2020-12-09,4,FA,949,4339,NN,Semillas,Fuerza Total,Maíz,2600.0,2020
2020-12-04,371117,232.0,2020-12-11,999,2020-12-11,4,FA,956,4763,NN,Semillas,Maíz,Maíz,1900.0,2020
2020-12-04,371118,232.0,2020-12-11,998,2020-12-11,4,FA,956,4763,NN,Semillas,Maíz,Maíz,1900.0,2020
2020-12-04,371119,232.0,2020-12-11,997,2020-12-11,4,FA,956,4763,NN,Semillas,Maíz,Maíz,1900.0,2020
2020-12-04,371120,232.0,2020-12-11,996,2020-12-11,4,FA,956,4763,NN,Semillas,Maíz,Maíz,1900.0,2020
2020-12-04,371121,232.0,2020-12-11,995,2020-12-11,4,FA,956,4763,NN,Semillas,Maíz,Maíz,1900.0,2020
2020-12-09,371171,233.0,2020-12-17,1007,2020-12-17,4,FA,967,1040,NN,Semillas,Soja,Soja,2300.0,2020
2020-12-09,371172,233.0,2020-12-17,1006,2020-12-17,4,FA,967,1040,NN,Semillas,Soja,Soja,2300.0,2020
2020-12-09,371173,233.0,2020-12-17,1005,2020-12-17,4,FA,967,1040,NN,Semillas,Soja,Soja,2300.0,2020
2020-12-09,371206,234.0,2020-12-18,1008,2020-12-18,4,FA,971,2888,NN,Semillas,Centeno,Centeno,1900.0,2020
2020-12-10,371255,235.0,2020-12-21,1010,2020-12-28,4,FA,985,1856,NN,Semillas,Trigo Candeal,Trigo Candeal,2300.0,2020
2020-12-11,371347,236.0,2020-12-18,1009,2020-12-18,4,FA,970,392,NN,Semillas,Semilla Vital Para Soja,Soja,3000.0,2020
2020-12-14,371351,237.0,2020-12-15,1004,2020-12-15,4,FA,966,1856,NN,Semillas,Trigo Candeal,Trigo Candeal,1600.0,2020
2020-12-14,371352,237.0,2020-12-15,1003,2020-12-15,4,FA,966,1856,NN,Semillas,Trigo Candeal,Trigo Candeal,1600.0,2020
2020-12-14,371353,237.0,2020-12-15,1002,2020-12-15,4,FA,966,1856,NN,Semillas,Trigo Candeal,Trigo Candeal,1600.0,2020
2020-12-14,371354,238.0,2020-12-23,1031,2020-12-28,4,FA,984,4343,NN,Semillas,Soja,Soja,2300.0,2020
2020-12-14,371355,239.0,2020-12-23,1030,2020-12-28,4,FA,983,4763,NN,Semillas,Maíz,Maíz,1500.0,2020
2020-12-14,371356,239.0,2020-12-23,1029,2020-12-28,4,FA,983,4763,NN,Semillas,Maíz,Maíz,1500.0,2020
2020-12-14,371357,239.0,2020-12-23,1028,2020-12-28,4,FA,983,4763,NN,Semillas,Maíz,Maíz,1500.0,2020
2020-12-14,371358,239.0,2020-12-23,1027,2020-12-28,4,FA,983,4763,NN,Semillas,Maíz,Maíz,1500.0,2020
2020-12-14,371359,239.0,2020-12-23,1026,2020-12-28,4,FA,983,4763,NN,Semillas,Maíz,Maíz,1500.0,2020
2020-12-14,371360,240.0,2020-12-23,1025,2020-12-28,4,FA,986,1171,NN,Semillas,Garbanzo,Garbanzo,2300.0,2020
2020-12-14,371361,240.0,2020-12-23,1024,2020-12-28,4,FA,986,1171,NN,Semillas,Garbanzo,Garbanzo,2300.0,2020
2020-12-14,371362,240.0,2020-12-23,1023,2020-12-28,4,FA,986,1171,NN,Semillas,Garbanzo,Garbanzo,2300.0,2020
2020-12-14,371363,240.0,2020-12-23,1022,2020-12-28,4,FA,986,1171,NN,Semillas,Garbanzo,Garbanzo,2300.0,2020
2020-12-14,371364,240.0,2020-12-23,1021,2020-12-28,4,FA,986,1171,NN,Semillas,Garbanzo,Garbanzo,2300.0,2020
2020-12-14,371365,240.0,2020-12-23,1020,2020-12-28,4,FA,986,1171,NN,Semillas,Garbanzo,Garbanzo,2300.0,2020
2020-12-15,371433,241.0,2020-12-28,1033,2020-12-28,4,FA,989,392,NN,Semillas,Fuerza Total,Trigo,2600.0,2020
2020-12-15,371434,242.0,2020-12-23,1019,2020-12-28,4,FA,987,392,NN,Semillas,Semilla Vital Para Soja,Soja,3400.0,2020
2020-12-15,371435,242.0,2020-12-23,1018,2020-12-28,4,FA,987,392,NN,Semillas,Semilla Vital Para Soja,Soja,3400.0,2020
2020-12-15,371436,242.0,2020-12-23,1017,2020-12-28,4,FA,987,392,NN,Semillas,Semilla Vital Para Soja,Soja,3400.0,2020
2020-12-15,371437,242.0,2020-12-23,1016,2020-12-28,4,FA,987,392,NN,Semillas,Semilla Vital Para Soja,Soja,3400.0,2020
2020-12-15,371438,242.0,2020-12-23,1015,2020-12-28,4,FA,987,392,NN,Semillas,Semilla Vital Para Soja,Soja,3400.0,2020
2020-12-15,371439,242.0,2020-12-23,1014,2020-12-28,4,FA,987,392,NN,Semillas,Semilla Vital Para Soja,Soja,3400.0,2020
2020-12-15,371440,242.0,2020-12-23,1013,2020-12-28,4,FA,987,392,NN,Semillas,Semilla Vital Para Soja,Soja,3400.0,2020
2020-12-15,371441,242.0,2020-12-23,1012,2020-12-28,4,FA,987,392,NN,Semillas,Semilla Vital Para Soja,Soja,3400.0,2020
2020-12-16,371539,243.0,2020-12-23,1011,2020-12-28,4,FA,983,4763,NN,Semillas,Semilla Vital,Maíz,3400.0,2020
2020-12-18,371566,244.0,2020-12-28,1032,2020-12-28,4,FA,989,392,NN,Semillas,Fuerza Total,Trigo,2600.0,2020
2020-12-18,371567,245.0,2020-12-28,1044,2020-12-28,4,FA,989,392,NN,Semillas,Convenio Syngenta Trigo,Trigo,2800.0,2020
2020-12-18,371568,245.0,2020-12-28,1043,2020-12-28,4,FA,989,392,NN,Semillas,Convenio Syngenta Trigo,Trigo,2800.0,2020
2020-12-18,371569,245.0,2020-12-28,1042,2020-12-28,4,FA,989,392,NN,Semillas,Convenio Syngenta Trigo,Trigo,2800.0,2020
2020-12-18,371570,245.0,2020-12-28,1041,2020-12-28,4,FA,989,392,NN,Semillas,Convenio Syngenta Trigo,Trigo,2800.0,2020
2020-12-18,371571,245.0,2020-12-28,1040,2020-12-28,4,FA,989,392,NN,Semillas,Convenio Syngenta Trigo,Trigo,2800.0,2020
2020-12-18,371572,245.0,2020-12-28,1039,2020-12-28,4,FA,989,392,NN,Semillas,Convenio Syngenta Trigo,Trigo,2800.0,2020
2020-12-18,371573,245.0,2020-12-28,1038,2020-12-28,4,FA,989,392,NN,Semillas,Convenio Syngenta Trigo,Trigo,2800.0,2020
2020-12-18,371574,245.0,2020-12-28,1037,2020-12-28,4,FA,989,392,NN,Semillas,Convenio Syngenta Trigo,Trigo,2800.0,2020
2020-12-18,371575,245.0,2020-12-28,1036,2020-12-28,4,FA,989,392,NN,Semillas,Convenio Syngenta Trigo,Trigo,2800.0,2020
2020-12-18,371576,245.0,2020-12-28,1035,2020-12-28,4,FA,989,392,NN,Semillas,Convenio Syngenta Trigo,Trigo,2800.0,2020
2020-12-18,371577,245.0,2020-12-28,1034,2020-12-28,4,FA,989,392,NN,Semillas,Convenio Syngenta Trigo,Trigo,2800.0,2020
2020-12-23,371697,247.0,2020-12-30,1056,2020-12-30,4,FA,998,4237,NN,Semillas,Maíz,Maíz,1900.0,2020
2020-12-23,371698,247.0,2020-12-30,1055,2020-12-30,4,FA,998,4237,NN,Semillas,Maíz,Maíz,1900.0,2020
2020-12-23,371699,247.0,2020-12-30,1054,2020-12-30,4,FA,998,4237,NN,Semillas,Maíz,Maíz,1900.0,2020
2020-12-23,371700,247.0,2020-12-30,1053,2020-12-30,4,FA,998,4237,NN,Semillas,Maíz,Maíz,1900.0,2020
2020-12-23,371701,247.0,2020-12-30,1052,2020-12-30,4,FA,998,4237,NN,Semillas,Maíz,Maíz,1900.0,2020
2020-12-23,371702,247.0,2020-12-30,1051,2020-12-30,4,FA,998,4237,NN,Semillas,Maíz,Maíz,1900.0,2020
2020-12-23,371703,247.0,2020-12-30,1050,2020-12-30,4,FA,998,4237,NN,Semillas,Maíz,Maíz,1900.0,2020
2020-12-23,371704,247.0,2020-12-30,1049,2020-12-30,4,FA,998,4237,NN,Semillas,Maíz,Maíz,1900.0,2020
2020-12-29,371836,248.0,2021-01-06,1058,2021-01-06,4,FA,1001,4237,NN,Semillas,Convenio Syngenta Trigo,Trigo,2800.0,2020
2020-12-29,371837,248.0,2021-01-06,1057,2021-01-06,4,FA,1001,4237,NN,Semillas,Convenio Syngenta Trigo,Trigo,2800.0,2020
2020-12-30,371838,249.0,2021-01-11,1073,2021-01-11,4,FA,1006,392,NN,Semillas,Convenio Syngenta Trigo,Trigo,2800.0,2020
2020-12-30,371839,249.0,2021-01-11,1072,2021-01-11,4,FA,1006,392,NN,Semillas,Convenio Syngenta Trigo,Trigo,2800.0,2020
2020-12-30,371840,249.0,2021-01-11,1071,2021-01-11,4,FA,1006,392,NN,Semillas,Convenio Syngenta Trigo,Trigo,2800.0,2020
2020-12-30,371841,249.0,2021-01-11,1070,2021-01-11,4,FA,1006,392,NN,Semillas,Convenio Syngenta Trigo,Trigo,2800.0,2020
2020-12-30,371842,249.0,2021-01-11,1069,2021-01-11,4,FA,1006,392,NN,Semillas,Convenio Syngenta Trigo,Trigo,2800.0,2020
2020-12-30,371843,249.0,2021-01-11,1068,2021-01-11,4,FA,1006,392,NN,Semillas,Convenio Syngenta Trigo,Trigo,2800.0,2020
2020-12-30,371844,249.0,2021-01-11,1067,2021-01-11,4,FA,1006,392,NN,Semillas,Convenio Syngenta Trigo,Trigo,2800.0,2020
2020-12-30,371845,249.0,2021-01-11,1066,2021-01-11,4,FA,1006,392,NN,Semillas,Convenio Syngenta Trigo,Trigo,2800.0,2020
2020-12-30,371846,249.0,2021-01-11,1065,2021-01-11,4,FA,1006,392,NN,Semillas,Convenio Syngenta Trigo,Trigo,2800.0,2020
2020-12-30,371847,249.0,2021-01-11,1064,2021-01-11,4,FA,1006,392,NN,Semillas,Convenio Syngenta Trigo,Trigo,2800.0,2020
2020-12-30,371848,249.0,2021-01-11,1063,2021-01-11,4,FA,1006,392,NN,Semillas,Convenio Syngenta Trigo,Trigo,2800.0,2020
2020-12-30,371849,249.0,2021-01-11,1062,2021-01-11,4,FA,1006,392,NN,Semillas,Convenio Syngenta Trigo,Trigo,2800.0,2020
2020-12-30,371850,249.0,2021-01-11,1061,2021-01-11,4,FA,1006,392,NN,Semillas,Convenio Syngenta Trigo,Trigo,2800.0,2020
2020-12-30,371851,249.0,2021-01-11,1060,2021-01-11,4,FA,1006,392,NN,Semillas,Convenio Syngenta Trigo,Trigo,2800.0,2020
2020-12-30,371852,249.0,2021-01-11,1059,2021-01-11,4,FA,1006,392,NN,Semillas,Convenio Syngenta Trigo,Trigo,2800.0,2020
2020-12-30,371853,250.0,2021-01-12,1079,2021-01-12,4,FA,1007,392,NN,Semillas,Fuerza Total,Trigo,2600.0,2020
2020-12-30,371854,250.0,2021-01-12,1078,2021-01-12,4,FA,1007,392,NN,Semillas,Fuerza Total,Trigo,2600.0,2020
2020-12-30,371855,250.0,2021-01-12,1077,2021-01-12,4,FA,1007,392,NN,Semillas,Fuerza Total,Trigo,2600.0,2020
2020-12-30,371856,250.0,2021-01-12,1076,2021-01-12,4,FA,1007,392,NN,Semillas,Fuerza Total,Trigo,2600.0,2020
2020-12-30,371857,250.0,2021-01-12,1075,2021-01-12,4,FA,1007,392,NN,Semillas,Fuerza Total,Trigo,2600.0,2020
2020-12-30,371858,250.0,2021-01-12,1074,2021-01-12,4,FA,1007,392,NN,Semillas,Fuerza Total,Trigo,2600.0,2020
2021-01-05,371968,251.0,2021-01-15,1084,2021-01-15,4,FA,1016,392,NN,Semillas,Convenio Syngenta Trigo,Trigo,2800.0,2021
2021-01-05,371969,251.0,2021-01-15,1083,2021-01-15,4,FA,1016,392,NN,Semillas,Convenio Syngenta Trigo,Trigo,2800.0,2021
2021-01-05,371970,251.0,2021-01-15,1082,2021-01-15,4,FA,1016,392,NN,Semillas,Convenio Syngenta Trigo,Trigo,2800.0,2021
2021-01-07,371976,252.0,2021-01-18,1108,2021-01-18,4,FA,1017,522,NN,Semillas,Convenio Syngenta Trigo,Trigo,2800.0,2021
2021-01-07,371977,252.0,2021-01-18,1107,2021-01-18,4,FA,1017,522,NN,Semillas,Convenio Syngenta Trigo,Trigo,2800.0,2021
2021-01-07,371978,252.0,2021-01-18,1106,2021-01-18,4,FA,1017,522,NN,Semillas,Convenio Syngenta Trigo,Trigo,2800.0,2021
2021-01-07,371979,252.0,2021-01-18,1105,2021-01-18,4,FA,1017,522,NN,Semillas,Convenio Syngenta Trigo,Trigo,2800.0,2021
2021-01-07,371980,252.0,2021-01-18,1104,2021-01-18,4,FA,1017,522,NN,Semillas,Convenio Syngenta Trigo,Trigo,2800.0,2021
2021-01-07,371981,252.0,2021-01-18,1103,2021-01-18,4,FA,1017,522,NN,Semillas,Convenio Syngenta Trigo,Trigo,2800.0,2021
2021-01-07,371982,252.0,2021-01-18,1102,2021-01-18,4,FA,1017,522,NN,Semillas,Convenio Syngenta Trigo,Trigo,2800.0,2021
2021-01-07,371983,252.0,2021-01-18,1101,2021-01-18,4,FA,1017,522,NN,Semillas,Convenio Syngenta Trigo,Trigo,2800.0,2021
2021-01-07,371984,252.0,2021-01-18,1100,2021-01-18,4,FA,1017,522,NN,Semillas,Convenio Syngenta Trigo,Trigo,2800.0,2021
2021-01-07,371985,252.0,2021-01-18,1099,2021-01-18,4,FA,1017,522,NN,Semillas,Convenio Syngenta Trigo,Trigo,2800.0,2021
2021-01-07,371986,252.0,2021-01-18,1098,2021-01-18,4,FA,1017,522,NN,Semillas,Convenio Syngenta Trigo,Trigo,2800.0,2021
2021-01-07,371987,252.0,2021-01-18,1097,2021-01-18,4,FA,1017,522,NN,Semillas,Convenio Syngenta Trigo,Trigo,2800.0,2021
2021-01-07,371988,252.0,2021-01-18,1096,2021-01-18,4,FA,1017,522,NN,Semillas,Convenio Syngenta Trigo,Trigo,2800.0,2021
2021-01-07,371989,252.0,2021-01-18,1095,2021-01-18,4,FA,1017,522,NN,Semillas,Convenio Syngenta Trigo,Trigo,2800.0,2021
2021-01-07,371990,252.0,2021-01-18,1094,2021-01-18,4,FA,1017,522,NN,Semillas,Convenio Syngenta Trigo,Trigo,2800.0,2021
2021-01-07,371991,252.0,2021-01-18,1093,2021-01-18,4,FA,1017,522,NN,Semillas,Convenio Syngenta Trigo,Trigo,2800.0,2021
2021-01-07,371992,252.0,2021-01-18,1092,2021-01-18,4,FA,1017,522,NN,Semillas,Convenio Syngenta Trigo,Trigo,2800.0,2021
2021-01-07,371993,252.0,2021-01-18,1091,2021-01-18,4,FA,1017,522,NN,Semillas,Convenio Syngenta Trigo,Trigo,2800.0,2021
2021-01-07,371994,252.0,2021-01-18,1090,2021-01-18,4,FA,1017,522,NN,Semillas,Convenio Syngenta Trigo,Trigo,2800.0,2021
2021-01-07,371995,252.0,2021-01-18,1089,2021-01-18,4,FA,1017,522,NN,Semillas,Convenio Syngenta Trigo,Trigo,2800.0,2021
2021-01-07,371996,253.0,2021-01-18,1088,2021-01-18,4,FA,1017,522,NN,Semillas,Fuerza Total,Trigo,2600.0,2021
2021-01-07,371997,253.0,2021-01-18,1087,2021-01-18,4,FA,1017,522,NN,Semillas,Fuerza Total,Trigo,2600.0,2021
2021-01-07,371998,253.0,2021-01-18,1086,2021-01-18,4,FA,1017,522,NN,Semillas,Fuerza Total,Trigo,2600.0,2021
2021-01-07,371999,253.0,2021-01-18,1085,2021-01-18,4,FA,1017,522,NN,Semillas,Fuerza Total,Trigo,2600.0,2021
2021-01-11,372065,254.0,2021-01-12,1081,2021-01-13,4,FA,1009,392,NN,Semillas,Soja,Soja,2300.0,2021
2021-01-11,372066,254.0,2021-01-12,1080,2021-01-13,4,FA,1009,392,NN,Semillas,Soja,Soja,2300.0,2021
2021-01-11,372071,255.0,2021-01-22,1111,2021-01-22,4,FA,1023,1171,NN,Semillas,Trigo,Trigo,2300.0,2021
2021-01-11,372072,255.0,2021-01-22,1110,2021-01-22,4,FA,1023,1171,NN,Semillas,Trigo,Trigo,2300.0,2021
2021-01-12,372115,256.0,2021-01-19,1109,2021-01-19,4,FA,1019,4680,NN,Semillas,Fuerza Total,Maíz,2600.0,2021
2021-01-21,372427,258.0,2021-02-01,1122,2021-02-01,4,FA,1034,9261,NN,Semillas,Convenio Syngenta Trigo,Trigo,2800.0,2021
2021-01-21,372428,258.0,2021-02-01,1121,2021-02-01,4,FA,1034,9261,NN,Semillas,Convenio Syngenta Trigo,Trigo,2800.0,2021
2021-01-21,372429,258.0,2021-02-01,1120,2021-02-01,4,FA,1034,9261,NN,Semillas,Convenio Syngenta Trigo,Trigo,2800.0,2021
2021-01-21,372430,258.0,2021-02-01,1119,2021-02-01,4,FA,1034,9261,NN,Semillas,Convenio Syngenta Trigo,Trigo,2800.0,2021
2021-01-21,372431,258.0,2021-02-01,1118,2021-02-01,4,FA,1034,9261,NN,Semillas,Convenio Syngenta Trigo,Trigo,2800.0,2021
2021-01-21,372432,258.0,2021-02-01,1117,2021-02-01,4,FA,1034,9261,NN,Semillas,Convenio Syngenta Trigo,Trigo,2800.0,2021
2021-01-22,372491,259.0,2021-02-01,1116,2021-02-01,4,FA,1033,981,NN,Semillas,Fuerza Total,Trigo,2900.0,2021
2021-01-22,372492,259.0,2021-02-01,1115,2021-02-01,4,FA,1033,981,NN,Semillas,Fuerza Total,Trigo,2900.0,2021
2021-01-29,372499,260.0,2021-02-08,1124,2021-02-09,4,FA,1039,4793,NN,Semillas,Avena Blanca / Amarilla/ Byzantina,Avena Blanca / Amarilla/ Byzantina,2100.0,2021
2021-01-29,372572,261.0,2021-02-08,1123,2021-02-09,4,FA,1038,1930,NN,Semillas,Centeno,Centeno,2100.0,2021
2021-02-03,372612,262.0,2021-02-12,1127,2021-02-15,4,FA,1043,1915,NN,Semillas,Doble Poder,Garbanzo,5100.0,2021
2021-02-03,372613,262.0,2021-02-12,1126,2021-02-15,4,FA,1043,1915,NN,Semillas,Doble Poder,Garbanzo,5100.0,2021
2021-02-03,372614,263.0,2021-02-12,1125,2021-02-15,4,FA,1044,2853,NN,Semillas,Doble Poder,Garbanzo,3800.0,2021
2021-02-08,372744,265.0,2021-02-19,1135,2021-02-19,4,FA,1053,1286,NN,Semillas,Trigo,Trigo,2100.0,2021
2021-02-08,372745,265.0,2021-02-19,1134,2021-02-19,4,FA,1053,1286,NN,Semillas,Trigo,Trigo,2100.0,2021
2021-02-08,372746,265.0,2021-02-19,1133,2021-02-19,4,FA,1053,1286,NN,Semillas,Trigo,Trigo,2100.0,2021
2021-02-08,372747,265.0,2021-02-19,1132,2021-02-19,4,FA,1053,1286,NN,Semillas,Trigo,Trigo,2100.0,2021
2021-02-08,372748,265.0,2021-02-19,1131,2021-02-19,4,FA,1053,1286,NN,Semillas,Trigo,Trigo,2100.0,2021
2021-02-08,372749,265.0,2021-02-19,1130,2021-02-19,4,FA,1053,1286,NN,Semillas,Trigo,Trigo,2100.0,2021
2021-02-08,372750,265.0,2021-02-25,1142,2021-02-26,4,FA,1058,1286,NN,Semillas,Vicia,Vicia,2100.0,2021
2021-02-08,372757,266.0,2021-02-18,1129,2021-02-18,4,FA,1048,4216,NN,Semillas,Centeno,Centeno,2100.0,2021
2021-02-09,372760,268.0,2021-02-19,1136,2021-02-19,4,FA,1052,193,NN,Semillas,Trigo,Trigo,2600.0,2021
2021-02-09,372761,267.0,2021-02-19,1137,2021-02-19,4,FA,1051,392,NN,Semillas,Centeno,Centeno,2100.0,2021
2021-02-12,372858,270.0,2021-02-25,1141,2021-02-26,4,FA,1057,1371,NN,Semillas,Fuerza Total,Trigo,3800.0,2021
2021-02-17,372894,271.0,2021-02-26,1148,2021-02-28,4,FA,1062,760,NN,Semillas,Doble Poder,Trigo,6900.0,2021
2021-02-17,372895,271.0,2021-02-26,1147,2021-02-28,4,FA,1062,760,NN,Semillas,Doble Poder,Trigo,6900.0,2021
2021-02-17,372896,271.0,2021-02-26,1146,2021-02-28,4,FA,1062,760,NN,Semillas,Doble Poder,Trigo,6900.0,2021
2021-02-17,372897,271.0,2021-02-26,1145,2021-02-28,4,FA,1062,760,NN,Semillas,Doble Poder,Trigo,6900.0,2021
2021-02-17,372898,271.0,2021-02-26,1144,2021-02-28,4,FA,1062,760,NN,Semillas,Doble Poder,Trigo,6900.0,2021
2021-02-17,372899,271.0,2021-02-26,1143,2021-02-28,4,FA,1062,760,NN,Semillas,Doble Poder,Trigo,6900.0,2021
2021-02-18,372906,272.0,2021-03-01,1157,2021-03-02,4,FA,1064,4797,NN,Semillas,Fuerza Total,Centeno,2900.0,2021
2021-02-18,372907,272.0,2021-03-01,1156,2021-03-02,4,FA,1064,4797,NN,Semillas,Fuerza Total,Centeno,2900.0,2021
2021-02-18,372908,272.0,2021-03-01,1155,2021-03-02,4,FA,1064,4797,NN,Semillas,Fuerza Total,Centeno,2900.0,2021
2021-02-19,372911,273.0,2021-03-05,1160,2021-03-05,4,FA,1071,1416,NN,Semillas,Fuerza Total,Alfalfa,2900.0,2021
2021-02-19,372912,273.0,2021-03-04,1158,2021-03-05,4,FA,1068,1416,NN,Semillas,Fuerza Total,Avena Blanca / Amarilla/ Byzantina,2900.0,2021
2021-02-19,372913,273.0,2021-03-05,1159,2021-03-05,4,FA,1071,1416,NN,Semillas,Fuerza Total,Alfalfa,2900.0,2021
2021-02-23,372914,275.0,2021-03-05,1168,2021-03-05,4,FA,1070,4557,NN,Semillas,Trigo,Trigo,2100.0,2021
2021-02-23,372915,275.0,2021-03-05,1167,2021-03-05,4,FA,1070,4557,NN,Semillas,Trigo,Trigo,2100.0,2021
2021-02-23,372916,275.0,2021-03-05,1166,2021-03-05,4,FA,1070,4557,NN,Semillas,Trigo,Trigo,2100.0,2021
2021-02-23,372917,275.0,2021-03-05,1165,2021-03-05,4,FA,1070,4557,NN,Semillas,Trigo,Trigo,2100.0,2021
2021-03-04,372920,280.0,2021-03-16,1181,2021-03-16,4,FA,1084,4673,NN,Semillas,Fuerza Total,Melilotus Albus,2900.0,2021
2021-03-04,372921,280.0,2021-03-16,1180,2021-03-16,4,FA,1084,4673,NN,Semillas,Fuerza Total,Melilotus Albus,2900.0,2021
2021-02-19,372940,274.0,2021-03-01,1154,2021-03-02,4,FA,1063,4557,NN,Semillas,Centeno,Centeno,2100.0,2021
2021-02-19,372941,274.0,2021-03-01,1153,2021-03-02,4,FA,1063,4557,NN,Semillas,Centeno,Centeno,2100.0,2021
2021-02-23,373103,276.0,2021-03-05,1164,2021-03-05,4,FA,1069,1856,NN,Semillas,Trigo Candeal,Trigo Candeal,2600.0,2021
2021-02-23,373104,276.0,2021-03-05,1163,2021-03-05,4,FA,1069,1856,NN,Semillas,Trigo Candeal,Trigo Candeal,2600.0,2021
2021-02-23,373105,276.0,2021-03-05,1162,2021-03-05,4,FA,1069,1856,NN,Semillas,Trigo Candeal,Trigo Candeal,2600.0,2021
2021-02-23,373106,276.0,2021-03-05,1161,2021-03-05,4,FA,1069,1856,NN,Semillas,Centeno,Centeno,2100.0,2021
2021-02-19,373156,274.0,2021-03-01,1152,2021-03-02,4,FA,1063,4557,NN,Semillas,Centeno,Centeno,2100.0,2021
2021-02-19,373157,274.0,2021-03-01,1151,2021-03-02,4,FA,1063,4557,NN,Semillas,Centeno,Centeno,2100.0,2021
2021-02-19,373158,274.0,2021-03-01,1150,2021-03-02,4,FA,1063,4557,NN,Semillas,Centeno,Centeno,2100.0,2021
2021-02-19,373159,274.0,2021-03-01,1149,2021-03-02,4,FA,1063,4557,NN,Semillas,Centeno,Centeno,2100.0,2021
2021-02-19,373160,274.0,2021-03-10,1173,2021-03-10,4,FA,1078,4557,NN,Semillas,Vicia,Vicia,2100.0,2021
2021-03-03,373252,279.0,2021-04-05,1223,2021-04-05,4,FA,1110,4800,NN,Semillas,Gatton Panic,Gatton Panic,2500.0,2021
2021-02-26,373254,277.0,2021-03-25,1183,2021-03-25,4,FA,1092,1534,NN,Semillas,Pack Integral Megatérmicas,Panicum Coloratum,3300.0,2021
2021-03-03,373370,278.0,2021-03-12,1179,2021-03-15,4,FA,1081,43,NN,Semillas,Trigo,Trigo,2100.0,2021
2021-03-03,373371,278.0,2021-03-12,1178,2021-03-15,4,FA,1081,43,NN,Semillas,Trigo,Trigo,2100.0,2021
2021-03-03,373372,278.0,2021-03-12,1176,2021-03-15,4,FA,1081,43,NN,Semillas,Centeno,Centeno,2100.0,2021
2021-03-03,373373,278.0,2021-03-12,1177,2021-03-15,4,FA,1081,43,NN,Semillas,Trigo,Trigo,2100.0,2021
2021-03-03,373374,278.0,2021-03-12,1175,2021-03-15,4,FA,1081,43,NN,Semillas,Centeno,Centeno,2100.0,2021
2021-03-03,373375,278.0,2021-03-12,1174,2021-03-15,4,FA,1081,43,NN,Semillas,Centeno,Centeno,2100.0,2021
2021-03-09,373471,281.0,2021-03-09,1172,2021-03-10,4,FA,1076,1856,NN,Semillas,Trigo,Trigo,1300.0,2021
2021-03-09,373472,281.0,2021-03-09,1171,2021-03-10,4,FA,1076,1856,NN,Semillas,Trigo,Trigo,1300.0,2021
2021-03-09,373473,281.0,2021-03-09,1170,2021-03-10,4,FA,1076,1856,NN,Semillas,Trigo,Trigo,1300.0,2021
2021-03-09,373474,281.0,2021-03-09,1169,2021-03-10,4,FA,1076,1856,NN,Semillas,Centeno,Centeno,1300.0,2021
2021-03-12,373663,282.0,2021-03-23,1182,2021-03-25,4,FA,1091,2677,NN,Semillas,Trigo,Trigo,2100.0,2021
2021-03-15,373725,283.0,2021-03-26,1186,2021-03-29,4,FA,1095,981,NN,Semillas,Fuerza Total,Trigo,2900.0,2021
2021-03-15,373726,283.0,2021-03-26,1185,2021-03-29,4,FA,1095,981,NN,Semillas,Fuerza Total,Trigo,2900.0,2021
2021-03-15,373727,283.0,2021-03-26,1184,2021-03-29,4,FA,1095,981,NN,Semillas,Fuerza Total,Trigo,2900.0,2021
2021-03-17,373728,284.0,2021-03-29,1213,2021-03-29,4,FA,1097,2340,NN,Semillas,Doble Poder,Garbanzo,3800.0,2021
2021-03-17,373729,285.0,2021-03-26,1187,2021-03-29,4,FA,1094,3962,NN,Semillas,Trigo,Trigo,2100.0,2021
2021-03-18,373909,286.0,2021-03-29,1211,2021-03-29,4,FA,1096,392,NN,Semillas,Convenio Syngenta Trigo,Trigo,2800.0,2021
2021-03-18,373910,286.0,2021-03-29,1210,2021-03-29,4,FA,1096,392,NN,Semillas,Convenio Syngenta Trigo,Trigo,2800.0,2021
2021-03-18,373911,286.0,2021-03-29,1209,2021-03-29,4,FA,1096,392,NN,Semillas,Convenio Syngenta Trigo,Trigo,2800.0,2021
2021-03-18,373912,286.0,2021-03-29,1208,2021-03-29,4,FA,1096,392,NN,Semillas,Convenio Syngenta Trigo,Trigo,2800.0,2021
2021-03-18,373913,286.0,2021-03-29,1207,2021-03-29,4,FA,1096,392,NN,Semillas,Convenio Syngenta Trigo,Trigo,2800.0,2021
2021-03-18,373914,286.0,2021-03-29,1206,2021-03-29,4,FA,1096,392,NN,Semillas,Convenio Syngenta Trigo,Trigo,2800.0,2021
2021-03-18,373915,286.0,2021-03-29,1205,2021-03-29,4,FA,1096,392,NN,Semillas,Convenio Syngenta Trigo,Trigo,2800.0,2021
2021-03-18,373916,286.0,2021-03-29,1204,2021-03-29,4,FA,1096,392,NN,Semillas,Convenio Syngenta Trigo,Trigo,2800.0,2021
2021-03-18,373917,286.0,2021-03-29,1203,2021-03-29,4,FA,1096,392,NN,Semillas,Convenio Syngenta Trigo,Trigo,2800.0,2021
2021-03-18,373918,286.0,2021-03-29,1202,2021-03-29,4,FA,1096,392,NN,Semillas,Convenio Syngenta Trigo,Trigo,2800.0,2021
2021-03-18,373919,286.0,2021-03-29,1201,2021-03-29,4,FA,1096,392,NN,Semillas,Convenio Syngenta Trigo,Trigo,2800.0,2021
2021-03-18,373920,286.0,2021-03-29,1200,2021-03-29,4,FA,1096,392,NN,Semillas,Convenio Syngenta Trigo,Trigo,2800.0,2021
2021-03-18,373921,286.0,2021-03-29,1199,2021-03-29,4,FA,1096,392,NN,Semillas,Convenio Syngenta Trigo,Trigo,2800.0,2021
2021-03-18,373922,286.0,2021-03-29,1198,2021-03-29,4,FA,1096,392,NN,Semillas,Convenio Syngenta Trigo,Trigo,2800.0,2021
2021-03-18,373923,286.0,2021-03-29,1197,2021-03-29,4,FA,1096,392,NN,Semillas,Convenio Syngenta Trigo,Trigo,2800.0,2021
2021-03-18,373924,286.0,2021-03-29,1196,2021-03-29,4,FA,1096,392,NN,Semillas,Convenio Syngenta Trigo,Trigo,2800.0,2021
2021-03-18,373925,286.0,2021-03-29,1195,2021-03-29,4,FA,1096,392,NN,Semillas,Convenio Syngenta Trigo,Trigo,2800.0,2021
2021-03-18,373926,286.0,2021-03-29,1194,2021-03-29,4,FA,1096,392,NN,Semillas,Convenio Syngenta Trigo,Trigo,2800.0,2021
2021-03-18,373927,286.0,2021-03-29,1193,2021-03-29,4,FA,1096,392,NN,Semillas,Convenio Syngenta Trigo,Trigo,2800.0,2021
2021-03-18,373928,286.0,2021-03-29,1192,2021-03-29,4,FA,1096,392,NN,Semillas,Convenio Syngenta Trigo,Trigo,2800.0,2021
2021-03-18,373929,286.0,2021-03-29,1191,2021-03-29,4,FA,1096,392,NN,Semillas,Convenio Syngenta Trigo,Trigo,2800.0,2021
2021-03-18,373930,286.0,2021-03-29,1190,2021-03-29,4,FA,1096,392,NN,Semillas,Convenio Syngenta Trigo,Trigo,2800.0,2021
2021-03-19,373932,287.0,2021-03-29,1212,2021-03-29,4,FA,1098,109,NN,Semillas,Centeno,Centeno,2100.0,2021
2021-03-19,373933,287.0,2021-03-31,1216,2021-03-31,4,FA,1103,109,NN,Semillas,Avena Blanca / Amarilla/ Byzantina,Avena Blanca / Amarilla/ Byzantina,2100.0,2021
2021-03-19,373934,287.0,2021-03-31,1217,2021-03-31,4,FA,1103,109,NN,Semillas,Alfalfa,Alfalfa,2100.0,2021
2021-03-22,373969,288.0,2021-04-05,1222,2021-04-05,4,FA,1109,4464,NN,Semillas,Fuerza Total,Alfalfa,2900.0,2021
2021-03-22,373970,289.0,2021-03-31,1215,2021-03-31,4,FA,1104,4807,NN,Semillas,Fuerza Total,Centeno,2900.0,2021
2021-03-22,373971,290.0,2021-03-31,1214,2021-03-31,4,FA,1105,981,NN,Semillas,Fuerza Total,Trigo,2900.0,2021
2021-03-23,373972,291.0,2021-04-05,1221,2021-04-05,4,FA,1108,4237,NN,Semillas,Convenio Syngenta Trigo,Trigo,2800.0,2021
2021-03-23,373973,291.0,2021-04-05,1220,2021-04-05,4,FA,1108,4237,NN,Semillas,Convenio Syngenta Trigo,Trigo,2800.0,2021
2021-03-23,373974,292.0,2021-04-20,1252,2021-04-21,4,FA,1153,4040,NN,Semillas,Semilla Vital Megatérmicas,Panicum Coloratum,4000.0,2021
2021-03-25,373975,293.0,2021-04-05,1219,2021-04-05,4,FA,1106,670,NN,Semillas,Trigo,Trigo,2100.0,2021
2021-03-25,373976,294.0,2021-03-26,1189,2021-03-29,4,FA,1093,3349,NN,Semillas,Avena Blanca / Amarilla/ Byzantina,Avena Blanca / Amarilla/ Byzantina,2600.0,2021
2021-03-25,373977,294.0,2021-03-26,1188,2021-03-29,4,FA,1093,3349,NN,Semillas,Trigo,Trigo,2600.0,2021
2021-03-26,374056,295.0,2021-04-05,1218,2021-04-05,4,FA,1107,760,NN,Semillas,Fuerza Total Curado,Trigo,5100.0,2021
2021-03-26,374061,296.0,2021-04-06,1225,2021-04-06,4,FA,1116,1779,NN,Semillas,Fuerza Total,Trigo,2900.0,2021
2021-03-26,374062,296.0,2021-04-06,1224,2021-04-06,4,FA,1116,1779,NN,Semillas,Fuerza Total,Trigo,2900.0,2021
2021-03-29,374063,297.0,2021-04-08,1232,2021-04-08,4,FA,1125,2375,NN,Semillas,Doble Poder,Trigo,3800.0,2021
2021-03-29,374064,297.0,2021-04-08,1231,2021-04-08,4,FA,1125,2375,NN,Semillas,Doble Poder,Trigo,3800.0,2021
2021-03-29,374065,297.0,2021-04-08,1230,2021-04-08,4,FA,1125,2375,NN,Semillas,Doble Poder,Trigo,3800.0,2021
2021-03-29,374066,297.0,2021-04-08,1229,2021-04-08,4,FA,1125,2375,NN,Semillas,Doble Poder,Trigo,3800.0,2021
2021-03-29,374067,297.0,2021-04-08,1228,2021-04-08,4,FA,1125,2375,NN,Semillas,Doble Poder,Trigo,3800.0,2021
2021-03-30,374151,298.0,2021-04-08,1234,2021-04-08,4,FA,1123,760,NN,Semillas,Fuerza Total Curado,Trigo,3300.0,2021
2021-03-30,374152,298.0,2021-04-08,1233,2021-04-08,4,FA,1123,760,NN,Semillas,Fuerza Total Curado,Trigo,3300.0,2021
2021-03-31,374203,299.0,2021-04-08,1236,2021-04-08,4,FA,1127,25,NN,Semillas,Trigo,Trigo,2600.0,2021
2021-03-31,374204,299.0,2021-04-08,1235,2021-04-08,4,FA,1127,25,NN,Semillas,Trigo,Trigo,2600.0,2021
2021-03-31,374205,299.0,2021-04-08,1239,2021-04-08,4,FA,1127,25,NN,Semillas,Garbanzo,Garbanzo,2600.0,2021
2021-03-31,374206,299.0,2021-04-08,1238,2021-04-08,4,FA,1127,25,NN,Semillas,Garbanzo,Garbanzo,2600.0,2021
2021-03-31,374207,300.0,2021-04-07,1227,2021-04-07,4,FA,1122,1035,NN,Semillas,Trigo,Trigo,2100.0,2021
2021-03-31,374208,300.0,2021-04-07,1226,2021-04-07,4,FA,1122,1035,NN,Semillas,Trigo,Trigo,2100.0,2021
2021-03-31,374209,301.0,2021-04-08,1237,2021-04-08,4,FA,1124,1398,NN,Semillas,Trigo,Trigo,2100.0,2021
2021-03-31,374210,302.0,2021-04-08,1241,2021-04-08,4,FA,1126,3659,NN,Semillas,Fuerza Total,Garbanzo,2900.0,2021
2021-03-31,374211,302.0,2021-04-08,1240,2021-04-08,4,FA,1126,3659,NN,Semillas,Fuerza Total,Garbanzo,2900.0,2021
2021-04-05,374315,303.0,2021-04-13,1242,2021-04-14,4,FA,1132,798,NN,Semillas,Trigo,Trigo,2100.0,2021
2021-04-05,374316,304.0,2021-05-07,1266,2021-05-10,4,FA,1179,2432,NN,Semillas,Semilla Vital Megatérmicas,Gatton Panic,4000.0,2021
2021-04-05,374323,305.0,2021-04-16,1248,2021-04-16,4,FA,1143,3519,NN,Semillas,Trigo,Trigo,2100.0,2021
2021-04-07,374368,306.0,2021-04-15,1244,2021-04-15,4,FA,1138,981,NN,Semillas,Fuerza Total,Trigo,2900.0,2021
2021-04-07,374369,306.0,2021-04-15,1243,2021-04-15,4,FA,1138,981,NN,Semillas,Fuerza Total,Trigo,2900.0,2021
2021-04-07,374370,306.0,2021-04-16,1249,2021-04-16,4,FA,1140,981,NN,Semillas,Fuerza Total,Trigo,2900.0,2021
2021-04-07,374371,307.0,2021-04-19,1250,2021-04-19,4,FA,1149,4557,NN,Semillas,Lenteja,Lenteja,2100.0,2021
2021-04-08,374541,308.0,2021-04-16,1247,2021-04-16,4,FA,1142,1856,NN,Semillas,Trigo,Trigo,2600.0,2021
2021-04-08,374542,308.0,2021-04-20,1253,2021-04-21,4,FA,1154,1856,NN,Semillas,Trigo,Trigo,2600.0,2021
2021-04-08,374543,308.0,2021-04-16,1246,2021-04-16,4,FA,1142,1856,NN,Semillas,Trigo,Trigo,2600.0,2021
2021-04-09,374544,309.0,2021-04-22,1254,2021-04-23,4,FA,1157,1974,NN,Semillas,Alfalfa,Alfalfa,2100.0,2021
2021-04-09,374545,310.0,2021-04-16,1245,2021-04-16,4,FA,1139,760,NN,Semillas,Fuerza Total,Maíz,2900.0,2021
2021-04-15,374636,312.0,2021-04-23,1256,2021-04-23,4,FA,1158,4312,NN,Semillas,Trigo,Trigo,2100.0,2021
2021-04-15,374637,312.0,2021-04-23,1255,2021-04-23,4,FA,1158,4312,NN,Semillas,Trigo,Trigo,2100.0,2021
2021-04-22,374701,313.0,2021-04-28,1262,2021-04-28,4,FA,1162,392,NN,Semillas,Trigo,Trigo,2100.0,2021
2021-04-22,374702,313.0,2021-04-28,1261,2021-04-28,4,FA,1162,392,NN,Semillas,Trigo,Trigo,2100.0,2021
2021-04-22,374703,313.0,2021-04-28,1260,2021-04-28,4,FA,1162,392,NN,Semillas,Trigo,Trigo,2100.0,2021
2021-04-22,374704,313.0,2021-04-28,1259,2021-04-28,4,FA,1162,392,NN,Semillas,Trigo,Trigo,2100.0,2021
2021-04-22,374705,313.0,2021-04-28,1258,2021-04-28,4,FA,1162,392,NN,Semillas,Trigo,Trigo,2100.0,2021
2021-04-22,374706,313.0,2021-04-28,1257,2021-04-28,4,FA,1162,392,NN,Semillas,Trigo,Trigo,2100.0,2021
2021-04-26,374879,314.0,2021-05-04,1263,2021-05-06,4,FA,1173,4396,NN,Semillas,Trigo,Trigo,2100.0,2021
2021-04-27,374906,315.0,2021-05-07,1265,2021-05-10,4,FA,1181,4237,NN,Semillas,Convenio Syngenta Trigo,Trigo,2800.0,2021
2021-04-27,374907,315.0,2021-05-07,1264,2021-05-10,4,FA,1181,4237,NN,Semillas,Convenio Syngenta Trigo,Trigo,2800.0,2021
2021-04-29,374916,316.0,2021-05-11,1277,2021-05-11,4,FA,1186,2120,NN,Semillas,Triticale,Triticale,2100.0,2021
2021-04-29,375151,317.0,2021-05-07,1268,2021-05-10,4,FA,1180,1864,NN,Semillas,Fuerza Total Curado,Trigo,3300.0,2021
2021-04-29,375152,317.0,2021-05-11,1276,2021-05-11,4,FA,1185,1864,NN,Semillas,Fuerza Total Curado,Trigo,3300.0,2021
2021-04-29,375153,317.0,2021-05-07,1267,2021-05-10,4,FA,1180,1864,NN,Semillas,Fuerza Total Curado,Trigo,3300.0,2021
2021-04-29,375154,317.0,2021-05-10,1275,2021-05-11,4,FA,1185,1864,NN,Semillas,Fuerza Total,Centeno,2900.0,2021
2021-04-30,375159,318.0,2021-05-07,1274,2021-05-10,4,FA,1178,760,NN,Semillas,Fuerza Total Curado,Soja,3300.0,2021
2021-04-30,375160,319.0,2021-05-07,1273,2021-05-10,4,FA,1178,760,NN,Semillas,Fuerza Total,Trigo,4700.0,2021
2021-04-30,375161,320.0,2021-05-07,1272,2021-05-10,4,FA,1178,760,NN,Semillas,Maíz,Maíz,2100.0,2021
2021-04-30,375162,320.0,2021-05-07,1271,2021-05-10,4,FA,1178,760,NN,Semillas,Maíz,Maíz,2100.0,2021
2021-04-30,375244,321.0,2021-05-07,1270,2021-05-10,4,FA,1177,4396,NN,Semillas,Trigo,Trigo,2100.0,2021
2021-04-30,375245,321.0,2021-05-07,1269,2021-05-10,4,FA,1177,4396,NN,Semillas,Trigo,Trigo,2100.0,2021
2021-05-04,375301,322.0,2021-05-13,1286,2021-05-13,4,FA,1191,4797,NN,Semillas,Fuerza Total,Soja,2900.0,2021
2021-05-04,375302,322.0,2021-05-13,1285,2021-05-13,4,FA,1191,4797,NN,Semillas,Fuerza Total,Soja,2900.0,2021
2021-05-04,375303,322.0,2021-05-13,1284,2021-05-13,4,FA,1191,4797,NN,Semillas,Fuerza Total,Soja,2900.0,2021
2021-05-04,375304,322.0,2021-05-13,1283,2021-05-13,4,FA,1191,4797,NN,Semillas,Fuerza Total,Soja,2900.0,2021
2021-05-04,375305,322.0,2021-05-13,1282,2021-05-13,4,FA,1191,4797,NN,Semillas,Fuerza Total,Soja,2900.0,2021
2021-05-04,375306,322.0,2021-05-13,1281,2021-05-13,4,FA,1191,4797,NN,Semillas,Fuerza Total,Soja,2900.0,2021
2021-05-04,375307,322.0,2021-05-13,1280,2021-05-13,4,FA,1191,4797,NN,Semillas,Fuerza Total,Soja,2900.0,2021
2021-05-04,375308,322.0,2021-05-13,1279,2021-05-13,4,FA,1191,4797,NN,Semillas,Fuerza Total,Soja,2900.0,2021
2021-05-04,375309,322.0,2021-05-13,1278,2021-05-13,4,FA,1191,4797,NN,Semillas,Fuerza Total,Soja,2900.0,2021
2021-05-07,375441,323.0,2021-05-14,1287,2021-05-15,4,FA,1194,760,NN,Semillas,Fuerza Total,Trigo,2900.0,2021
2021-05-10,375442,324.0,2021-05-18,1288,2021-05-19,4,FA,1204,1293,NN,Semillas,Soja,Soja,2100.0,2021
2021-05-14,375528,325.0,2021-05-21,1294,2021-05-26,4,FA,1207,4108,NN,Semillas,Pack Integral,Poroto,5300.0,2021
2021-05-14,375529,325.0,2021-05-21,1293,2021-05-26,4,FA,1207,4108,NN,Semillas,Pack Integral,Poroto,5300.0,2021
2021-05-14,375530,325.0,2021-05-21,1292,2021-05-26,4,FA,1207,4108,NN,Semillas,Pack Integral,Poroto,5300.0,2021
2021-05-17,375538,326.0,2021-05-26,1296,2021-05-26,4,FA,1211,1856,NN,Semillas,Trigo,Trigo,2600.0,2021
2021-05-17,375539,326.0,2021-05-26,1295,2021-05-26,4,FA,1211,1856,NN,Semillas,Trigo,Trigo,2600.0,2021
2021-05-18,375544,328.0,2021-06-02,1320,2021-06-03,4,FA,1223,104,NN,Semillas,Fuerza Total Curado,Sorgo,3300.0,2021
2021-05-18,375545,328.0,2021-06-02,1319,2021-06-03,4,FA,1223,104,NN,Semillas,Fuerza Total Curado,Sorgo,3300.0,2021
2021-05-18,375549,327.0,2021-05-19,1291,2021-05-19,4,FA,1203,4835,NN,Semillas,Soja,Soja,1300.0,2021
2021-05-18,375550,327.0,2021-05-19,1290,2021-05-19,4,FA,1203,4835,NN,Semillas,Soja,Soja,1300.0,2021
2021-05-18,375551,327.0,2021-05-19,1289,2021-05-19,4,FA,1203,4835,NN,Semillas,Soja,Soja,1300.0,2021
2021-05-18,375552,328.0,2021-06-02,1318,2021-06-03,4,FA,1223,104,NN,Semillas,Fuerza Total Curado,Sorgo,3300.0,2021
2021-05-18,375553,328.0,2021-06-02,1317,2021-06-03,4,FA,1223,104,NN,Semillas,Fuerza Total Curado,Sorgo,3300.0,2021
2021-05-19,375563,329.0,2021-05-28,1298,2021-05-31,4,FA,1212,392,NN,Semillas,Convenio Syngenta Trigo,Trigo,2800.0,2021
2021-05-19,375564,329.0,2021-05-28,1297,2021-05-31,4,FA,1212,392,NN,Semillas,Convenio Syngenta Trigo,Trigo,2800.0,2021
2021-05-19,375565,330.0,2021-05-28,1301,2021-05-31,4,FA,1212,392,NN,Semillas,Poroto,Poroto,2100.0,2021
2021-05-19,375566,330.0,2021-05-28,1300,2021-05-31,4,FA,1212,392,NN,Semillas,Poroto,Poroto,2100.0,2021
2021-05-19,375567,330.0,2021-05-28,1299,2021-05-31,4,FA,1212,392,NN,Semillas,Poroto,Poroto,2100.0,2021
2021-05-20,375571,331.0,2021-05-31,1316,2021-06-01,4,FA,1219,25,NN,Semillas,Maníí,Maníí,2600.0,2021
2021-05-20,375572,331.0,2021-05-31,1315,2021-06-01,4,FA,1219,25,NN,Semillas,Maníí,Maníí,2600.0,2021
2021-05-20,375573,331.0,2021-05-31,1314,2021-06-01,4,FA,1219,25,NN,Semillas,Maníí,Maníí,2600.0,2021
2021-05-20,375574,331.0,2021-05-31,1313,2021-06-01,4,FA,1219,25,NN,Semillas,Maníí,Maníí,2600.0,2021
2021-05-20,375575,331.0,2021-05-31,1312,2021-06-01,4,FA,1219,25,NN,Semillas,Maníí,Maníí,2600.0,2021
2021-05-20,375576,331.0,2021-05-31,1311,2021-06-01,4,FA,1219,25,NN,Semillas,Maníí,Maníí,2600.0,2021
2021-05-20,375577,331.0,2021-05-31,1310,2021-06-01,4,FA,1219,25,NN,Semillas,Maníí,Maníí,2600.0,2021
2021-05-20,375578,331.0,2021-05-31,1309,2021-06-01,4,FA,1219,25,NN,Semillas,Maníí,Maníí,2600.0,2021
2021-05-20,375579,331.0,2021-05-31,1308,2021-06-01,4,FA,1219,25,NN,Semillas,Maníí,Maníí,2600.0,2021
2021-05-20,375580,331.0,2021-05-31,1307,2021-06-01,4,FA,1219,25,NN,Semillas,Maníí,Maníí,2600.0,2021
2021-05-20,375581,331.0,2021-05-31,1306,2021-06-01,4,FA,1219,25,NN,Semillas,Maníí,Maníí,2600.0,2021
2021-05-20,375582,331.0,2021-05-31,1305,2021-06-01,4,FA,1219,25,NN,Semillas,Maníí,Maníí,2600.0,2021
2021-05-20,375583,331.0,2021-05-31,1304,2021-06-01,4,FA,1219,25,NN,Semillas,Maníí,Maníí,2600.0,2021
2021-05-20,375584,331.0,2021-05-31,1303,2021-06-01,4,FA,1219,25,NN,Semillas,Maníí,Maníí,2600.0,2021
2021-05-20,375585,331.0,2021-05-31,1302,2021-06-01,4,FA,1219,25,NN,Semillas,Maníí,Maníí,2600.0,2021
2021-05-21,375621,332.0,2021-06-11,1370,2021-06-14,4,FA,1232,3660,NN,Semillas,Semilla Vital,Coriandro,3800.0,2021
2021-05-26,375636,333.0,2021-06-03,1322,2021-06-04,4,FA,1224,4849,NN,Semillas,¿Cuántos Kilos Siembro?,Soja,4000.0,2021
2021-05-26,375637,333.0,2021-06-03,1321,2021-06-04,4,FA,1224,4849,NN,Semillas,¿Cuántos Kilos Siembro?,Soja,4000.0,2021
2021-05-28,375674,334.0,2021-06-04,1340,2021-06-07,4,FA,1225,392,NN,Semillas,Convenio Syngenta Soja Completo,Soja,2800.0,2021
2021-05-28,375675,334.0,2021-06-04,1339,2021-06-07,4,FA,1225,392,NN,Semillas,Convenio Syngenta Soja Completo,Soja,2800.0,2021
2021-05-28,375676,334.0,2021-06-04,1338,2021-06-07,4,FA,1225,392,NN,Semillas,Convenio Syngenta Soja Completo,Soja,2800.0,2021
2021-05-28,375677,334.0,2021-06-04,1337,2021-06-07,4,FA,1225,392,NN,Semillas,Convenio Syngenta Soja Completo,Soja,2800.0,2021
2021-05-28,375678,334.0,2021-06-04,1336,2021-06-07,4,FA,1225,392,NN,Semillas,Convenio Syngenta Soja Completo,Soja,2800.0,2021
2021-05-28,375679,334.0,2021-06-04,1335,2021-06-07,4,FA,1225,392,NN,Semillas,Convenio Syngenta Soja Completo,Soja,2800.0,2021
2021-05-28,375680,334.0,2021-06-04,1334,2021-06-07,4,FA,1225,392,NN,Semillas,Convenio Syngenta Soja Completo,Soja,2800.0,2021
2021-05-28,375681,334.0,2021-06-04,1333,2021-06-07,4,FA,1225,392,NN,Semillas,Convenio Syngenta Soja Completo,Soja,2800.0,2021
2021-05-28,375682,334.0,2021-06-04,1332,2021-06-07,4,FA,1225,392,NN,Semillas,Convenio Syngenta Soja Completo,Soja,2800.0,2021
2021-05-28,375683,334.0,2021-06-04,1331,2021-06-07,4,FA,1225,392,NN,Semillas,Convenio Syngenta Soja Completo,Soja,2800.0,2021
2021-05-28,375684,334.0,2021-06-04,1330,2021-06-07,4,FA,1225,392,NN,Semillas,Convenio Syngenta Soja Completo,Soja,2800.0,2021
2021-05-28,375685,334.0,2021-06-04,1329,2021-06-07,4,FA,1225,392,NN,Semillas,Convenio Syngenta Soja Completo,Soja,2800.0,2021
2021-05-28,375686,334.0,2021-06-04,1328,2021-06-07,4,FA,1225,392,NN,Semillas,Convenio Syngenta Soja Completo,Soja,2800.0,2021
2021-05-28,375687,334.0,2021-06-04,1327,2021-06-07,4,FA,1225,392,NN,Semillas,Convenio Syngenta Soja Completo,Soja,2800.0,2021
2021-05-28,375688,334.0,2021-06-04,1326,2021-06-07,4,FA,1225,392,NN,Semillas,Convenio Syngenta Soja Completo,Soja,2800.0,2021
2021-05-28,375689,334.0,2021-06-04,1325,2021-06-07,4,FA,1225,392,NN,Semillas,Convenio Syngenta Soja Completo,Soja,2800.0,2021
2021-05-28,375690,334.0,2021-06-04,1324,2021-06-07,4,FA,1225,392,NN,Semillas,Convenio Syngenta Soja Completo,Soja,2800.0,2021
2021-05-28,375691,334.0,2021-06-04,1323,2021-06-07,4,FA,1225,392,NN,Semillas,Convenio Syngenta Soja Completo,Soja,2800.0,2021
2021-06-02,375719,337.0,2021-06-08,1346,2021-06-09,4,FA,1229,4237,NN,Semillas,Convenio Syngenta Soja Completo,Soja,2400.0,2021
2021-06-02,375720,337.0,2021-06-08,1345,2021-06-09,4,FA,1229,4237,NN,Semillas,Convenio Syngenta Soja Completo,Soja,2400.0,2021
2021-06-02,375721,337.0,2021-06-08,1344,2021-06-09,4,FA,1229,4237,NN,Semillas,Convenio Syngenta Soja Completo,Soja,2400.0,2021
2021-06-02,375722,337.0,2021-06-08,1343,2021-06-09,4,FA,1229,4237,NN,Semillas,Convenio Syngenta Soja Completo,Soja,2400.0,2021
2021-06-02,375723,337.0,2021-06-08,1342,2021-06-09,4,FA,1229,4237,NN,Semillas,Convenio Syngenta Soja Completo,Soja,2400.0,2021
2021-06-02,375724,337.0,2021-06-08,1341,2021-06-09,4,FA,1229,4237,NN,Semillas,Convenio Syngenta Soja Completo,Soja,2400.0,2021
2021-06-01,375725,335.0,2021-06-08,1356,2021-06-11,4,FA,1231,392,NN,Semillas,Convenio Syngenta Soja Completo,Soja,3300.0,2021
2021-06-01,375726,335.0,2021-06-08,1355,2021-06-11,4,FA,1231,392,NN,Semillas,Convenio Syngenta Soja Completo,Soja,3300.0,2021
2021-06-01,375727,335.0,2021-06-08,1354,2021-06-11,4,FA,1231,392,NN,Semillas,Convenio Syngenta Soja Completo,Soja,3300.0,2021
2021-06-01,375728,335.0,2021-06-08,1353,2021-06-11,4,FA,1231,392,NN,Semillas,Convenio Syngenta Soja Completo,Soja,3300.0,2021
2021-06-01,375729,335.0,2021-06-08,1352,2021-06-11,4,FA,1231,392,NN,Semillas,Convenio Syngenta Soja Completo,Soja,3300.0,2021
2021-06-01,375730,335.0,2021-06-08,1351,2021-06-11,4,FA,1231,392,NN,Semillas,Convenio Syngenta Soja Completo,Soja,3300.0,2021
2021-06-08,375731,335.0,2021-06-10,1357,2021-06-11,4,FA,1231,392,NN,Semillas,Convenio Syngenta Soja Completo,Soja,3300.0,2021
2021-06-01,375732,335.0,2021-06-08,1350,2021-06-11,4,FA,1231,392,NN,Semillas,Convenio Syngenta Soja Completo,Soja,3300.0,2021
2021-06-01,375733,335.0,2021-06-08,1349,2021-06-11,4,FA,1231,392,NN,Semillas,Convenio Syngenta Soja Completo,Soja,3300.0,2021
2021-06-01,375734,335.0,2021-06-08,1348,2021-06-11,4,FA,1231,392,NN,Semillas,Convenio Syngenta Soja Completo,Soja,3300.0,2021
2021-06-01,375735,335.0,2021-06-08,1347,2021-06-11,4,FA,1231,392,NN,Semillas,Convenio Syngenta Soja Completo,Soja,3300.0,2021
2021-06-02,375736,336.0,2021-06-14,1407,2021-06-15,4,FA,1239,25,NN,Semillas,Maníí,Maníí,2800.0,2021
2021-06-02,375737,336.0,2021-06-14,1406,2021-06-15,4,FA,1239,25,NN,Semillas,Maníí,Maníí,2800.0,2021
2021-06-02,375738,336.0,2021-06-14,1405,2021-06-15,4,FA,1239,25,NN,Semillas,Maníí,Maníí,2800.0,2021
2021-06-02,375739,336.0,2021-06-14,1404,2021-06-15,4,FA,1239,25,NN,Semillas,Maníí,Maníí,2800.0,2021
2021-06-02,375740,336.0,2021-06-14,1403,2021-06-15,4,FA,1239,25,NN,Semillas,Maníí,Maníí,2800.0,2021
2021-06-02,375741,336.0,2021-06-14,1402,2021-06-15,4,FA,1239,25,NN,Semillas,Maníí,Maníí,2800.0,2021
2021-06-02,375742,336.0,2021-06-14,1401,2021-06-15,4,FA,1239,25,NN,Semillas,Maníí,Maníí,2800.0,2021
2021-06-02,375743,336.0,2021-06-14,1400,2021-06-15,4,FA,1239,25,NN,Semillas,Maníí,Maníí,2800.0,2021
2021-06-02,375744,336.0,2021-06-14,1399,2021-06-15,4,FA,1239,25,NN,Semillas,Maníí,Maníí,2800.0,2021
2021-06-02,375745,336.0,2021-06-14,1398,2021-06-15,4,FA,1239,25,NN,Semillas,Maníí,Maníí,2800.0,2021
2021-06-02,375746,336.0,2021-06-14,1397,2021-06-15,4,FA,1239,25,NN,Semillas,Maníí,Maníí,2800.0,2021
2021-06-02,375747,336.0,2021-06-14,1396,2021-06-15,4,FA,1239,25,NN,Semillas,Maníí,Maníí,2800.0,2021
2021-06-02,375748,336.0,2021-06-14,1395,2021-06-15,4,FA,1239,25,NN,Semillas,Maníí,Maníí,2800.0,2021
2021-06-02,375749,336.0,2021-06-14,1394,2021-06-15,4,FA,1239,25,NN,Semillas,Maníí,Maníí,2800.0,2021
2021-06-02,375750,336.0,2021-06-14,1393,2021-06-15,4,FA,1239,25,NN,Semillas,Maníí,Maníí,2800.0,2021
2021-06-02,375751,336.0,2021-06-14,1392,2021-06-15,4,FA,1239,25,NN,Semillas,Maníí,Maníí,2800.0,2021
2021-06-02,375752,336.0,2021-06-14,1391,2021-06-15,4,FA,1239,25,NN,Semillas,Maníí,Maníí,2800.0,2021
2021-06-02,375753,336.0,2021-06-14,1390,2021-06-15,4,FA,1239,25,NN,Semillas,Maníí,Maníí,2800.0,2021
2021-06-02,375754,336.0,2021-06-14,1389,2021-06-15,4,FA,1239,25,NN,Semillas,Maníí,Maníí,2800.0,2021
2021-06-02,375755,336.0,2021-06-14,1388,2021-06-15,4,FA,1239,25,NN,Semillas,Maníí,Maníí,2800.0,2021
2021-06-02,375756,336.0,2021-06-14,1387,2021-06-15,4,FA,1239,25,NN,Semillas,Maníí,Maníí,2800.0,2021
2021-06-02,375757,336.0,2021-06-14,1386,2021-06-15,4,FA,1239,25,NN,Semillas,Maníí,Maníí,2800.0,2021
2021-06-02,375758,336.0,2021-06-14,1385,2021-06-15,4,FA,1239,25,NN,Semillas,Maníí,Maníí,2800.0,2021
2021-06-02,375759,336.0,2021-06-14,1384,2021-06-15,4,FA,1239,25,NN,Semillas,Maníí,Maníí,2800.0,2021
2021-06-02,375760,336.0,2021-06-14,1383,2021-06-15,4,FA,1239,25,NN,Semillas,Maníí,Maníí,2800.0,2021
2021-06-02,375761,336.0,2021-06-14,1382,2021-06-15,4,FA,1239,25,NN,Semillas,Maníí,Maníí,2800.0,2021
2021-06-02,375762,336.0,2021-06-14,1381,2021-06-15,4,FA,1239,25,NN,Semillas,Maníí,Maníí,2800.0,2021
2021-06-02,375763,336.0,2021-06-14,1380,2021-06-15,4,FA,1239,25,NN,Semillas,Maníí,Maníí,2800.0,2021
2021-06-02,375764,336.0,2021-06-14,1379,2021-06-15,4,FA,1239,25,NN,Semillas,Maníí,Maníí,2800.0,2021
2021-06-02,375765,336.0,2021-06-14,1378,2021-06-15,4,FA,1239,25,NN,Semillas,Maníí,Maníí,2800.0,2021
2021-06-02,375766,336.0,2021-06-14,1377,2021-06-15,4,FA,1239,25,NN,Semillas,Maníí,Maníí,2800.0,2021
2021-06-02,375767,336.0,2021-06-14,1376,2021-06-15,4,FA,1239,25,NN,Semillas,Maníí,Maníí,2800.0,2021
2021-06-02,375768,336.0,2021-06-14,1375,2021-06-15,4,FA,1239,25,NN,Semillas,Maníí,Maníí,2800.0,2021
2021-06-02,375769,336.0,2021-06-14,1374,2021-06-15,4,FA,1239,25,NN,Semillas,Maníí,Maníí,2800.0,2021
2021-06-02,375770,336.0,2021-06-14,1373,2021-06-15,4,FA,1239,25,NN,Semillas,Maníí,Maníí,2800.0,2021
2021-06-02,375771,336.0,2021-06-14,1372,2021-06-15,4,FA,1239,25,NN,Semillas,Maníí,Maníí,2800.0,2021
2021-06-02,375772,336.0,2021-06-14,1371,2021-06-15,4,FA,1239,25,NN,Semillas,Maníí,Maníí,2800.0,2021
2021-06-03,375773,338.0,2021-06-11,1360,2021-06-14,4,FA,1234,4738,NN,Semillas,Fuerza Total Curado,Soja,3400.0,2021
2021-06-03,375774,338.0,2021-06-11,1359,2021-06-14,4,FA,1234,4738,NN,Semillas,Fuerza Total Curado,Soja,3400.0,2021
2021-06-03,375775,339.0,2021-06-11,1358,2021-06-14,4,FA,1235,4737,NN,Semillas,Fuerza Total Curado,Soja,3400.0,2021
2021-06-03,375823,340.0,2021-06-15,1411,2021-06-16,4,FA,1243,392,NN,Semillas,Trigo,Trigo,2300.0,2021
2021-06-03,375824,340.0,2021-06-15,1410,2021-06-16,4,FA,1243,392,NN,Semillas,Trigo,Trigo,2300.0,2021
2021-06-03,375825,340.0,2021-06-15,1409,2021-06-16,4,FA,1243,392,NN,Semillas,Trigo,Trigo,2300.0,2021
2021-06-03,375826,340.0,2021-06-15,1408,2021-06-16,4,FA,1243,392,NN,Semillas,Trigo,Trigo,2300.0,2021
2021-06-04,375827,341.0,2021-06-11,1369,2021-06-14,4,FA,1233,392,NN,Semillas,Convenio Syngenta Soja Completo,Soja,3300.0,2021
2021-06-04,375828,341.0,2021-06-11,1368,2021-06-14,4,FA,1233,392,NN,Semillas,Convenio Syngenta Soja Completo,Soja,3300.0,2021
2021-06-04,375829,341.0,2021-06-11,1367,2021-06-14,4,FA,1233,392,NN,Semillas,Convenio Syngenta Soja Completo,Soja,3300.0,2021
2021-06-04,375830,341.0,2021-06-11,1366,2021-06-14,4,FA,1233,392,NN,Semillas,Convenio Syngenta Soja Completo,Soja,3300.0,2021
2021-06-04,375831,341.0,2021-06-11,1365,2021-06-14,4,FA,1233,392,NN,Semillas,Convenio Syngenta Soja Completo,Soja,3300.0,2021
2021-06-04,375832,341.0,2021-06-11,1364,2021-06-14,4,FA,1233,392,NN,Semillas,Convenio Syngenta Soja Completo,Soja,3300.0,2021
2021-06-04,375833,341.0,2021-06-11,1363,2021-06-14,4,FA,1233,392,NN,Semillas,Convenio Syngenta Soja Completo,Soja,3300.0,2021
2021-06-04,375834,341.0,2021-06-11,1362,2021-06-14,4,FA,1233,392,NN,Semillas,Convenio Syngenta Soja Completo,Soja,3300.0,2021
2021-06-04,375835,341.0,2021-06-11,1361,2021-06-14,4,FA,1233,392,NN,Semillas,Convenio Syngenta Soja Completo,Soja,3300.0,2021
2021-06-08,375841,342.0,2021-06-16,1418,2021-06-17,4,FA,1244,392,NN,Semillas,Convenio Syngenta Soja Completo,Soja,3300.0,2021
2021-06-08,375842,342.0,2021-06-16,1417,2021-06-17,4,FA,1244,392,NN,Semillas,Convenio Syngenta Soja Completo,Soja,3300.0,2021
2021-06-08,375843,342.0,2021-06-16,1416,2021-06-17,4,FA,1244,392,NN,Semillas,Convenio Syngenta Soja Completo,Soja,3300.0,2021
2021-06-08,375844,342.0,2021-06-16,1415,2021-06-17,4,FA,1244,392,NN,Semillas,Convenio Syngenta Soja Completo,Soja,3300.0,2021
2021-06-08,375845,342.0,2021-06-16,1414,2021-06-17,4,FA,1244,392,NN,Semillas,Convenio Syngenta Soja Completo,Soja,3300.0,2021
2021-06-08,375846,342.0,2021-06-16,1413,2021-06-17,4,FA,1244,392,NN,Semillas,Convenio Syngenta Soja Completo,Soja,3300.0,2021
2021-06-08,375847,342.0,2021-06-16,1412,2021-06-17,4,FA,1244,392,NN,Semillas,Convenio Syngenta Soja Completo,Soja,3300.0,2021
2021-06-11,375885,343.0,2021-06-18,1423,2021-06-23,4,FA,1249,760,NN,Semillas,Doble Poder,Trigo,4100.0,2021
2021-06-11,375886,344.0,2021-06-18,1420,2021-06-22,4,FA,1246,4339,NN,Semillas,Soja,Soja,2300.0,2021
2021-06-11,375887,344.0,2021-06-18,1419,2021-06-22,4,FA,1246,4339,NN,Semillas,Soja,Soja,2300.0,2021
2021-06-11,375888,345.0,2021-06-18,1422,2021-06-22,4,FA,1247,3875,NN,Semillas,Soja,Soja,2300.0,2021
2021-06-11,375889,345.0,2021-06-18,1421,2021-06-22,4,FA,1247,3875,NN,Semillas,Soja,Soja,2300.0,2021
2021-06-14,375891,346.0,2021-06-30,1458,2021-06-30,4,FA,1263,392,NN,Semillas,Convenio Syngenta Soja Completo,Soja,3300.0,2021
2021-06-14,375892,346.0,2021-06-30,1457,2021-06-30,4,FA,1263,392,NN,Semillas,Convenio Syngenta Soja Completo,Soja,3300.0,2021
2021-06-14,375893,346.0,2021-06-30,1456,2021-06-30,4,FA,1263,392,NN,Semillas,Convenio Syngenta Soja Completo,Soja,3300.0,2021
2021-06-14,375894,346.0,2021-06-30,1455,2021-06-30,4,FA,1263,392,NN,Semillas,Convenio Syngenta Soja Completo,Soja,3300.0,2021
2021-06-14,375895,346.0,2021-06-30,1454,2021-06-30,4,FA,1263,392,NN,Semillas,Convenio Syngenta Soja Completo,Soja,3300.0,2021
2021-06-14,375896,346.0,2021-06-30,1453,2021-06-30,4,FA,1263,392,NN,Semillas,Convenio Syngenta Soja Completo,Soja,3300.0,2021
2021-06-14,375897,346.0,2021-06-30,1452,2021-06-30,4,FA,1263,392,NN,Semillas,Convenio Syngenta Soja Completo,Soja,3300.0,2021
2021-06-14,375898,346.0,2021-06-30,1451,2021-06-30,4,FA,1263,392,NN,Semillas,Convenio Syngenta Soja Completo,Soja,3300.0,2021
2021-06-14,375899,346.0,2021-06-30,1450,2021-06-30,4,FA,1263,392,NN,Semillas,Convenio Syngenta Soja Completo,Soja,3300.0,2021
2021-06-14,375900,346.0,2021-06-30,1449,2021-06-30,4,FA,1263,392,NN,Semillas,Convenio Syngenta Soja Completo,Soja,3300.0,2021
2021-06-14,375901,346.0,2021-06-30,1448,2021-06-30,4,FA,1263,392,NN,Semillas,Convenio Syngenta Soja Completo,Soja,3300.0,2021
2021-06-14,375902,346.0,2021-06-30,1447,2021-06-30,4,FA,1263,392,NN,Semillas,Convenio Syngenta Soja Completo,Soja,3300.0,2021
2021-06-14,375903,346.0,2021-06-30,1446,2021-06-30,4,FA,1263,392,NN,Semillas,Convenio Syngenta Soja Completo,Soja,3300.0,2021
2021-06-14,375904,346.0,2021-06-30,1445,2021-06-30,4,FA,1263,392,NN,Semillas,Convenio Syngenta Soja Completo,Soja,3300.0,2021
2021-06-14,375905,346.0,2021-06-30,1444,2021-06-30,4,FA,1263,392,NN,Semillas,Convenio Syngenta Soja Completo,Soja,3300.0,2021
2021-06-14,375906,346.0,2021-06-30,1443,2021-06-30,4,FA,1263,392,NN,Semillas,Convenio Syngenta Soja Completo,Soja,3300.0,2021
2021-06-14,375907,346.0,2021-06-30,1442,2021-06-30,4,FA,1263,392,NN,Semillas,Convenio Syngenta Soja Completo,Soja,3300.0,2021
2021-06-14,375908,346.0,2021-07-05,1521,2021-07-08,4,FA,1279,392,NN,Semillas,Convenio Syngenta Soja Completo,Soja,3300.0,2021
2021-06-14,375909,346.0,2021-06-30,1441,2021-06-30,4,FA,1263,392,NN,Semillas,Convenio Syngenta Soja Completo,Soja,3300.0,2021
2021-06-14,375910,346.0,2021-06-30,1440,2021-06-30,4,FA,1263,392,NN,Semillas,Convenio Syngenta Soja Completo,Soja,3300.0,2021
2021-06-14,375911,346.0,2021-06-30,1439,2021-06-30,4,FA,1263,392,NN,Semillas,Convenio Syngenta Soja Completo,Soja,3300.0,2021
2021-06-14,375912,346.0,2021-07-05,1520,2021-07-08,4,FA,1279,392,NN,Semillas,Convenio Syngenta Soja Completo,Soja,3300.0,2021
2021-06-14,375913,346.0,2021-06-30,1438,2021-06-30,4,FA,1263,392,NN,Semillas,Convenio Syngenta Soja Completo,Soja,3300.0,2021
2021-06-14,375914,346.0,2021-06-30,1437,2021-06-30,4,FA,1263,392,NN,Semillas,Convenio Syngenta Soja Completo,Soja,3300.0,2021
2021-06-14,375915,346.0,2021-07-06,1519,2021-07-08,4,FA,1279,392,NN,Semillas,Convenio Syngenta Soja Completo,Soja,3300.0,2021
2021-06-14,375916,346.0,2021-06-30,1436,2021-06-30,4,FA,1263,392,NN,Semillas,Convenio Syngenta Soja Completo,Soja,3300.0,2021
2021-06-14,375917,346.0,2021-06-30,1435,2021-06-30,4,FA,1263,392,NN,Semillas,Convenio Syngenta Soja Completo,Soja,3300.0,2021
2021-06-14,375918,346.0,2021-06-30,1434,2021-06-30,4,FA,1263,392,NN,Semillas,Convenio Syngenta Soja Completo,Soja,3300.0,2021
2021-06-14,375919,346.0,2021-06-30,1433,2021-06-30,4,FA,1263,392,NN,Semillas,Convenio Syngenta Soja Completo,Soja,3300.0,2021
2021-06-14,375920,346.0,2021-07-05,1492,2021-07-08,4,FA,1279,392,NN,Semillas,Convenio Syngenta Soja Completo,Soja,3300.0,2021
2021-06-14,375921,346.0,2021-06-30,1432,2021-06-30,4,FA,1263,392,NN,Semillas,Convenio Syngenta Soja Completo,Soja,3300.0,2021
2021-06-14,375922,346.0,2021-06-30,1431,2021-06-30,4,FA,1263,392,NN,Semillas,Convenio Syngenta Soja Completo,Soja,3300.0,2021
2021-06-14,375923,346.0,2021-06-30,1430,2021-06-30,4,FA,1263,392,NN,Semillas,Convenio Syngenta Soja Completo,Soja,3300.0,2021
2021-06-14,375924,346.0,2021-06-30,1429,2021-06-30,4,FA,1263,392,NN,Semillas,Convenio Syngenta Soja Completo,Soja,3300.0,2021
2021-06-15,375925,347.0,2021-06-23,1424,2021-06-24,4,FA,1252,2308,NN,Semillas,Soja,Soja,2800.0,2021
2021-06-17,375926,348.0,2021-06-29,1428,2021-06-30,4,FA,1258,4237,NN,Semillas,Convenio Syngenta Básico,Soja,2400.0,2021
2021-06-17,375927,348.0,2021-06-29,1427,2021-06-30,4,FA,1258,4237,NN,Semillas,Convenio Syngenta Básico,Soja,2400.0,2021
2021-06-17,375928,348.0,2021-06-29,1426,2021-06-30,4,FA,1258,4237,NN,Semillas,Convenio Syngenta Básico,Soja,2400.0,2021
2021-06-17,375929,348.0,2021-06-29,1425,2021-06-30,4,FA,1258,4237,NN,Semillas,Convenio Syngenta Básico,Soja,2400.0,2021
2021-06-23,375960,353.0,2021-07-01,1483,2021-07-02,4,FA,1269,4237,NN,Semillas,Convenio Syngenta Básico,Soja,2400.0,2021
2021-06-23,375961,353.0,2021-07-01,1482,2021-07-02,4,FA,1269,4237,NN,Semillas,Convenio Syngenta Básico,Soja,2400.0,2021
2021-06-23,375962,353.0,2021-07-01,1481,2021-07-02,4,FA,1269,4237,NN,Semillas,Convenio Syngenta Básico,Soja,2400.0,2021
2021-06-23,375963,353.0,2021-07-01,1480,2021-07-02,4,FA,1269,4237,NN,Semillas,Convenio Syngenta Básico,Soja,2400.0,2021
2021-06-23,375964,353.0,2021-07-01,1479,2021-07-02,4,FA,1269,4237,NN,Semillas,Convenio Syngenta Básico,Soja,2400.0,2021
2021-06-23,375965,353.0,2021-07-01,1478,2021-07-02,4,FA,1269,4237,NN,Semillas,Convenio Syngenta Básico,Soja,2400.0,2021
2021-06-23,375966,353.0,2021-07-01,1477,2021-07-02,4,FA,1269,4237,NN,Semillas,Convenio Syngenta Básico,Soja,2400.0,2021
2021-06-23,375967,353.0,2021-07-01,1476,2021-07-02,4,FA,1269,4237,NN,Semillas,Convenio Syngenta Básico,Soja,2400.0,2021
2021-06-23,375968,353.0,2021-07-01,1475,2021-07-02,4,FA,1269,4237,NN,Semillas,Convenio Syngenta Básico,Soja,2400.0,2021
2021-06-23,375969,353.0,2021-07-01,1474,2021-07-02,4,FA,1269,4237,NN,Semillas,Convenio Syngenta Básico,Soja,2400.0,2021
2021-06-23,375970,353.0,2021-07-01,1473,2021-07-02,4,FA,1269,4237,NN,Semillas,Convenio Syngenta Básico,Soja,2400.0,2021
2021-06-23,375971,353.0,2021-07-01,1472,2021-07-02,4,FA,1269,4237,NN,Semillas,Convenio Syngenta Básico,Soja,2400.0,2021
2021-06-22,376029,349.0,2021-07-01,1471,2021-07-02,4,FA,1268,967,NN,Semillas,Soja,Soja,2300.0,2021
2021-06-22,376030,349.0,2021-07-01,1470,2021-07-02,4,FA,1268,967,NN,Semillas,Soja,Soja,2300.0,2021
2021-06-22,376031,349.0,2021-07-01,1469,2021-07-02,4,FA,1268,967,NN,Semillas,Soja,Soja,2300.0,2021
2021-06-22,376032,349.0,2021-07-01,1468,2021-07-02,4,FA,1268,967,NN,Semillas,Soja,Soja,2300.0,2021
2021-06-22,376033,349.0,2021-07-01,1467,2021-07-02,4,FA,1268,967,NN,Semillas,Soja,Soja,2300.0,2021
2021-06-22,376034,349.0,2021-07-01,1466,2021-07-02,4,FA,1268,967,NN,Semillas,Soja,Soja,2300.0,2021
2021-06-22,376043,350.0,2021-06-30,1465,2021-06-30,4,FA,1264,1171,NN,Semillas,Poroto Mung,Poroto Mung,2800.0,2021
2021-06-22,376044,350.0,2021-06-30,1464,2021-06-30,4,FA,1264,1171,NN,Semillas,Poroto Mung,Poroto Mung,2800.0,2021
2021-06-22,376045,350.0,2021-06-30,1463,2021-06-30,4,FA,1264,1171,NN,Semillas,Poroto Mung,Poroto Mung,2800.0,2021
2021-06-22,376046,350.0,2021-06-30,1462,2021-06-30,4,FA,1264,1171,NN,Semillas,Poroto Mung,Poroto Mung,2800.0,2021
2021-06-22,376047,350.0,2021-06-30,1461,2021-06-30,4,FA,1264,1171,NN,Semillas,Poroto Mung,Poroto Mung,2800.0,2021
2021-06-22,376048,350.0,2021-06-30,1460,2021-06-30,4,FA,1264,1171,NN,Semillas,Poroto Mung,Poroto Mung,2800.0,2021
2021-06-22,376049,350.0,2021-06-30,1459,2021-06-30,4,FA,1264,1171,NN,Semillas,Poroto Mung,Poroto Mung,2800.0,2021
2021-06-23,376050,351.0,2021-07-05,1548,2021-07-06,4,FA,1274,522,NN,Semillas,Convenio Syngenta Soja Completo,Soja,3300.0,2021
2021-06-23,376051,351.0,2021-07-05,1547,2021-07-06,4,FA,1274,522,NN,Semillas,Convenio Syngenta Soja Completo,Soja,3300.0,2021
2021-06-23,376052,351.0,2021-07-05,1546,2021-07-06,4,FA,1274,522,NN,Semillas,Convenio Syngenta Soja Completo,Soja,3300.0,2021
2021-06-23,376053,351.0,2021-07-05,1545,2021-07-06,4,FA,1274,522,NN,Semillas,Convenio Syngenta Soja Completo,Soja,3300.0,2021
2021-06-23,376054,351.0,2021-07-05,1544,2021-07-06,4,FA,1274,522,NN,Semillas,Convenio Syngenta Soja Completo,Soja,3300.0,2021
2021-06-23,376055,351.0,2021-07-05,1543,2021-07-06,4,FA,1274,522,NN,Semillas,Convenio Syngenta Soja Completo,Soja,3300.0,2021
2021-06-23,376056,351.0,2021-07-05,1542,2021-07-06,4,FA,1274,522,NN,Semillas,Convenio Syngenta Soja Completo,Soja,3300.0,2021
2021-06-23,376057,351.0,2021-07-05,1541,2021-07-06,4,FA,1274,522,NN,Semillas,Convenio Syngenta Soja Completo,Soja,3300.0,2021
2021-06-23,376058,351.0,2021-07-05,1540,2021-07-06,4,FA,1274,522,NN,Semillas,Convenio Syngenta Soja Completo,Soja,3300.0,2021
2021-06-23,376059,351.0,2021-07-05,1539,2021-07-06,4,FA,1274,522,NN,Semillas,Convenio Syngenta Soja Completo,Soja,3300.0,2021
2021-06-23,376060,351.0,2021-07-05,1538,2021-07-06,4,FA,1274,522,NN,Semillas,Convenio Syngenta Soja Completo,Soja,3300.0,2021
2021-06-23,376061,351.0,2021-07-05,1537,2021-07-06,4,FA,1274,522,NN,Semillas,Convenio Syngenta Soja Completo,Soja,3300.0,2021
2021-06-23,376062,351.0,2021-07-05,1536,2021-07-06,4,FA,1274,522,NN,Semillas,Convenio Syngenta Soja Completo,Soja,3300.0,2021
2021-06-23,376063,351.0,2021-07-05,1535,2021-07-06,4,FA,1274,522,NN,Semillas,Convenio Syngenta Soja Completo,Soja,3300.0,2021
2021-06-23,376064,351.0,2021-07-05,1534,2021-07-06,4,FA,1274,522,NN,Semillas,Convenio Syngenta Soja Completo,Soja,3300.0,2021
2021-06-23,376065,351.0,2021-07-05,1533,2021-07-06,4,FA,1274,522,NN,Semillas,Convenio Syngenta Soja Completo,Soja,3300.0,2021
2021-06-23,376066,351.0,2021-07-05,1532,2021-07-06,4,FA,1274,522,NN,Semillas,Convenio Syngenta Soja Completo,Soja,3300.0,2021
2021-06-23,376067,351.0,2021-07-05,1531,2021-07-06,4,FA,1274,522,NN,Semillas,Convenio Syngenta Soja Completo,Soja,3300.0,2021
2021-06-23,376068,351.0,2021-07-05,1530,2021-07-06,4,FA,1274,522,NN,Semillas,Convenio Syngenta Soja Completo,Soja,3300.0,2021
2021-06-23,376069,351.0,2021-07-05,1529,2021-07-06,4,FA,1274,522,NN,Semillas,Convenio Syngenta Soja Completo,Soja,3300.0,2021
2021-06-23,376070,351.0,2021-07-05,1528,2021-07-06,4,FA,1274,522,NN,Semillas,Convenio Syngenta Soja Completo,Soja,3300.0,2021
2021-06-23,376071,351.0,2021-07-05,1527,2021-07-06,4,FA,1274,522,NN,Semillas,Convenio Syngenta Soja Completo,Soja,3300.0,2021
2021-06-23,376072,351.0,2021-07-05,1526,2021-07-06,4,FA,1274,522,NN,Semillas,Convenio Syngenta Soja Completo,Soja,3300.0,2021
2021-06-23,376073,351.0,2021-07-05,1525,2021-07-06,4,FA,1274,522,NN,Semillas,Convenio Syngenta Soja Completo,Soja,3300.0,2021
2021-06-23,376074,351.0,2021-07-05,1524,2021-07-06,4,FA,1274,522,NN,Semillas,Convenio Syngenta Soja Completo,Soja,3300.0,2021
2021-06-23,376075,351.0,2021-07-05,1523,2021-07-06,4,FA,1274,522,NN,Semillas,Convenio Syngenta Soja Completo,Soja,3300.0,2021
2021-06-23,376076,351.0,2021-07-05,1522,2021-07-06,4,FA,1274,522,NN,Semillas,Convenio Syngenta Soja Completo,Soja,3300.0,2021
2021-06-23,376077,351.0,2021-07-06,1555,2021-07-08,4,FA,1285,522,NN,Semillas,Convenio Syngenta Soja Completo,Soja,3300.0,2021
2021-06-23,376078,351.0,2021-07-06,1554,2021-07-08,4,FA,1285,522,NN,Semillas,Convenio Syngenta Soja Completo,Soja,3300.0,2021
2021-06-23,376079,351.0,2021-07-06,1553,2021-07-08,4,FA,1285,522,NN,Semillas,Convenio Syngenta Soja Completo,Soja,3300.0,2021
2021-06-23,376080,351.0,2021-07-06,1552,2021-07-08,4,FA,1285,522,NN,Semillas,Convenio Syngenta Soja Completo,Soja,3300.0,2021
2021-06-23,376081,351.0,2021-07-06,1551,2021-07-08,4,FA,1285,522,NN,Semillas,Convenio Syngenta Soja Completo,Soja,3300.0,2021
2021-06-23,376082,351.0,2021-07-06,1550,2021-07-08,4,FA,1285,522,NN,Semillas,Convenio Syngenta Soja Completo,Soja,3300.0,2021
2021-06-23,376083,351.0,2021-07-07,1564,2021-07-08,4,FA,1285,522,NN,Semillas,Convenio Syngenta Soja Completo,Soja,3300.0,2021
2021-06-23,376084,351.0,2021-07-06,1549,2021-07-08,4,FA,1285,522,NN,Semillas,Convenio Syngenta Soja Completo,Soja,3300.0,2021
2021-06-23,376085,351.0,2021-07-07,1563,2021-07-08,4,FA,1285,522,NN,Semillas,Convenio Syngenta Soja Completo,Soja,3300.0,2021
2021-06-23,376086,351.0,2021-07-07,1562,2021-07-08,4,FA,1285,522,NN,Semillas,Convenio Syngenta Soja Completo,Soja,3300.0,2021
2021-06-23,376087,352.0,2021-07-07,1561,2021-07-08,4,FA,1284,392,NN,Semillas,Convenio Syngenta Soja Completo,Soja,3300.0,2021
2021-06-23,376088,352.0,2021-07-07,1560,2021-07-08,4,FA,1284,392,NN,Semillas,Convenio Syngenta Soja Completo,Soja,3300.0,2021
2021-06-23,376089,352.0,2021-07-07,1559,2021-07-08,4,FA,1284,392,NN,Semillas,Convenio Syngenta Soja Completo,Soja,3300.0,2021
2021-06-23,376090,352.0,2021-07-07,1558,2021-07-08,4,FA,1284,392,NN,Semillas,Convenio Syngenta Soja Completo,Soja,3300.0,2021
2021-06-23,376091,352.0,2021-07-07,1557,2021-07-08,4,FA,1284,392,NN,Semillas,Convenio Syngenta Soja Completo,Soja,3300.0,2021
2021-06-23,376092,352.0,2021-07-07,1556,2021-07-08,4,FA,1284,392,NN,Semillas,Convenio Syngenta Soja Completo,Soja,3300.0,2021
2021-06-25,376199,354.0,2021-07-05,1518,2021-07-06,4,FA,1275,9261,NN,Semillas,Convenio Syngenta Básico,Soja,2400.0,2021
2021-06-25,376200,354.0,2021-07-05,1517,2021-07-06,4,FA,1275,9261,NN,Semillas,Convenio Syngenta Básico,Soja,2400.0,2021
2021-06-25,376201,354.0,2021-07-05,1516,2021-07-06,4,FA,1275,9261,NN,Semillas,Convenio Syngenta Básico,Soja,2400.0,2021
2021-06-25,376202,354.0,2021-07-05,1515,2021-07-06,4,FA,1275,9261,NN,Semillas,Convenio Syngenta Básico,Soja,2400.0,2021
2021-06-25,376203,354.0,2021-07-05,1514,2021-07-06,4,FA,1275,9261,NN,Semillas,Convenio Syngenta Básico,Soja,2400.0,2021
2021-06-25,376204,354.0,2021-07-05,1513,2021-07-06,4,FA,1275,9261,NN,Semillas,Convenio Syngenta Básico,Soja,2400.0,2021
2021-06-25,376205,354.0,2021-07-05,1512,2021-07-06,4,FA,1275,9261,NN,Semillas,Convenio Syngenta Básico,Soja,2400.0,2021
2021-06-25,376206,354.0,2021-07-05,1511,2021-07-06,4,FA,1275,9261,NN,Semillas,Convenio Syngenta Básico,Soja,2400.0,2021
2021-06-25,376207,354.0,2021-07-05,1510,2021-07-06,4,FA,1275,9261,NN,Semillas,Convenio Syngenta Básico,Soja,2400.0,2021
2021-06-25,376208,354.0,2021-07-05,1509,2021-07-06,4,FA,1275,9261,NN,Semillas,Convenio Syngenta Básico,Soja,2400.0,2021
2021-06-25,376209,354.0,2021-07-05,1508,2021-07-06,4,FA,1275,9261,NN,Semillas,Convenio Syngenta Básico,Soja,2400.0,2021
2021-06-25,376210,354.0,2021-07-05,1507,2021-07-06,4,FA,1275,9261,NN,Semillas,Convenio Syngenta Básico,Soja,2400.0,2021
2021-06-25,376211,354.0,2021-07-05,1506,2021-07-06,4,FA,1275,9261,NN,Semillas,Convenio Syngenta Básico,Soja,2400.0,2021
2021-06-25,376212,354.0,2021-07-05,1505,2021-07-06,4,FA,1275,9261,NN,Semillas,Convenio Syngenta Básico,Soja,2400.0,2021
2021-06-25,376213,354.0,2021-07-05,1504,2021-07-06,4,FA,1275,9261,NN,Semillas,Convenio Syngenta Básico,Soja,2400.0,2021
2021-06-25,376214,354.0,2021-07-05,1503,2021-07-06,4,FA,1275,9261,NN,Semillas,Convenio Syngenta Básico,Soja,2400.0,2021
2021-06-25,376215,354.0,2021-07-05,1502,2021-07-06,4,FA,1275,9261,NN,Semillas,Convenio Syngenta Básico,Soja,2400.0,2021
2021-06-25,376216,354.0,2021-07-05,1501,2021-07-06,4,FA,1275,9261,NN,Semillas,Convenio Syngenta Básico,Soja,2400.0,2021
2021-06-25,376217,354.0,2021-07-05,1500,2021-07-06,4,FA,1275,9261,NN,Semillas,Convenio Syngenta Básico,Soja,2400.0,2021
2021-06-25,376218,354.0,2021-07-05,1499,2021-07-06,4,FA,1275,9261,NN,Semillas,Convenio Syngenta Básico,Soja,2400.0,2021
2021-06-25,376219,354.0,2021-07-05,1498,2021-07-06,4,FA,1275,9261,NN,Semillas,Convenio Syngenta Básico,Soja,2400.0,2021
2021-06-25,376220,354.0,2021-07-05,1497,2021-07-06,4,FA,1275,9261,NN,Semillas,Convenio Syngenta Básico,Soja,2400.0,2021
2021-06-25,376221,354.0,2021-07-05,1496,2021-07-06,4,FA,1275,9261,NN,Semillas,Convenio Syngenta Básico,Soja,2400.0,2021
2021-06-25,376222,354.0,2021-07-05,1495,2021-07-06,4,FA,1275,9261,NN,Semillas,Convenio Syngenta Básico,Soja,2400.0,2021
2021-06-25,376223,354.0,2021-07-05,1494,2021-07-06,4,FA,1275,9261,NN,Semillas,Convenio Syngenta Básico,Soja,2400.0,2021
2021-06-25,376224,354.0,2021-07-05,1493,2021-07-06,4,FA,1275,9261,NN,Semillas,Convenio Syngenta Básico,Soja,2400.0,2021
2021-06-25,376225,355.0,2021-07-02,1491,2021-07-05,4,FA,1271,760,NN,Semillas,Fuerza Total,Soja,3000.0,2021
2021-06-25,376226,355.0,2021-07-02,1490,2021-07-05,4,FA,1271,760,NN,Semillas,Fuerza Total,Soja,3000.0,2021
2021-06-25,376227,355.0,2021-07-02,1489,2021-07-05,4,FA,1271,760,NN,Semillas,Fuerza Total,Soja,3000.0,2021
2021-06-25,376228,355.0,2021-07-02,1488,2021-07-05,4,FA,1271,760,NN,Semillas,Fuerza Total,Soja,3000.0,2021
2021-06-25,376229,355.0,2021-07-02,1487,2021-07-05,4,FA,1271,760,NN,Semillas,Fuerza Total,Soja,3000.0,2021
2021-06-25,376230,355.0,2021-07-02,1486,2021-07-05,4,FA,1271,760,NN,Semillas,Fuerza Total,Soja,3000.0,2021
2021-06-25,376231,355.0,2021-07-02,1485,2021-07-05,4,FA,1271,760,NN,Semillas,Fuerza Total,Soja,3000.0,2021
2021-06-25,376232,355.0,2021-07-02,1484,2021-07-05,4,FA,1271,760,NN,Semillas,Fuerza Total,Soja,3000.0,2021
2021-06-28,376298,356.0,2021-07-07,1576,2021-10-26,4,FA,1488,4237,NN,Semillas,Convenio Syngenta Básico,Soja,4800.0,2021
2021-06-28,376299,356.0,2021-07-07,1575,2021-10-26,4,FA,1488,4237,NN,Semillas,Convenio Syngenta Básico,Soja,4800.0,2021
2021-06-28,376300,356.0,2021-07-07,1574,2021-10-26,4,FA,1488,4237,NN,Semillas,Convenio Syngenta Básico,Soja,4800.0,2021
2021-06-28,376301,356.0,2021-07-07,1573,2021-10-26,4,FA,1488,4237,NN,Semillas,Convenio Syngenta Básico,Soja,4800.0,2021
2021-06-28,376302,356.0,2021-07-07,1572,2021-10-26,4,FA,1488,4237,NN,Semillas,Convenio Syngenta Básico,Soja,4800.0,2021
2021-06-28,376303,356.0,2021-07-07,1571,2021-10-26,4,FA,1488,4237,NN,Semillas,Convenio Syngenta Básico,Soja,4800.0,2021
2021-06-28,376304,356.0,2021-07-07,1570,2021-10-26,4,FA,1488,4237,NN,Semillas,Convenio Syngenta Básico,Soja,4800.0,2021
2021-06-28,376305,356.0,2021-07-07,1569,2021-10-26,4,FA,1488,4237,NN,Semillas,Convenio Syngenta Básico,Soja,4800.0,2021
2021-06-28,376306,356.0,2021-07-07,1568,2021-10-26,4,FA,1488,4237,NN,Semillas,Convenio Syngenta Básico,Soja,4800.0,2021
2021-06-28,376307,356.0,2021-07-07,1567,2021-10-26,4,FA,1488,4237,NN,Semillas,Convenio Syngenta Básico,Soja,4800.0,2021
2021-06-28,376308,356.0,2021-07-07,1566,2021-10-26,4,FA,1488,4237,NN,Semillas,Convenio Syngenta Básico,Soja,4800.0,2021
2021-06-28,376309,356.0,2021-07-07,1565,2021-10-26,4,FA,1488,4237,NN,Semillas,Convenio Syngenta Básico,Soja,4800.0,2021
2021-06-29,376313,357.0,2021-07-07,1580,2021-09-07,4,FA,1376,2795,NN,Semillas,Convenio Syngenta Básico,Soja,2400.0,2021
2021-06-29,376314,357.0,2021-07-07,1579,2021-09-07,4,FA,1376,2795,NN,Semillas,Convenio Syngenta Básico,Soja,2400.0,2021
2021-06-29,376315,357.0,2021-07-07,1578,2021-09-07,4,FA,1376,2795,NN,Semillas,Convenio Syngenta Básico,Soja,2400.0,2021
2021-06-29,376316,357.0,2021-07-07,1577,2021-09-07,4,FA,1376,2795,NN,Semillas,Convenio Syngenta Básico,Soja,2400.0,2021
2021-06-30,376318,358.0,2021-07-08,1583,2021-09-07,4,FA,1376,2795,NN,Semillas,Convenio Syngenta Básico,Soja,2400.0,2021
2021-06-30,376319,358.0,2021-07-08,1582,2021-09-07,4,FA,1376,2795,NN,Semillas,Convenio Syngenta Básico,Soja,2400.0,2021
2021-06-30,376320,358.0,2021-07-08,1581,2021-09-07,4,FA,1376,2795,NN,Semillas,Convenio Syngenta Básico,Soja,2400.0,2021
2021-07-02,376434,359.0,2021-07-15,1593,2021-07-15,4,FA,1300,104,NN,Semillas,Fuerza Total Curado,Sorgo,3400.0,2021
2021-07-02,376435,359.0,2021-07-15,1592,2021-07-15,4,FA,1300,104,NN,Semillas,Fuerza Total Curado,Sorgo,3400.0,2021
2021-07-02,376436,359.0,2021-07-15,1591,2021-07-15,4,FA,1300,104,NN,Semillas,Fuerza Total Curado,Sorgo,3400.0,2021
2021-07-02,376437,359.0,2021-07-15,1590,2021-07-15,4,FA,1300,104,NN,Semillas,Fuerza Total Curado,Sorgo,3400.0,2021
2021-07-02,376438,359.0,2021-07-15,1589,2021-07-15,4,FA,1300,104,NN,Semillas,Fuerza Total Curado,Sorgo,3400.0,2021
2021-07-02,376439,359.0,2021-07-15,1588,2021-07-15,4,FA,1300,104,NN,Semillas,Fuerza Total Curado,Sorgo,3400.0,2021
2021-07-02,376440,359.0,2021-07-15,1587,2021-07-15,4,FA,1300,104,NN,Semillas,Fuerza Total Curado,Sorgo,3400.0,2021
2021-07-05,376450,360.0,2021-07-08,1586,2021-07-12,4,FA,1289,4734,NN,Semillas,Sesamo,Sesamo,2000.0,2021
2021-07-05,376451,360.0,2021-07-08,1585,2021-07-12,4,FA,1289,4734,NN,Semillas,Sesamo,Sesamo,2000.0,2021
2021-07-05,376452,360.0,2021-07-08,1584,2021-07-12,4,FA,1289,4734,NN,Semillas,Sesamo,Sesamo,2000.0,2021
2021-07-08,376549,361.0,2021-07-16,1594,2021-07-19,4,FA,1301,967,NN,Semillas,Soja,Soja,2300.0,2021
2021-07-12,376554,362.0,2021-07-20,1602,2021-07-21,4,FA,1303,1974,NN,Semillas,Soja,Soja,2300.0,2021
2021-07-12,376555,362.0,2021-07-20,1601,2021-07-21,4,FA,1303,1974,NN,Semillas,Soja,Soja,2300.0,2021
2021-07-12,376556,363.0,2021-07-19,1598,2021-09-07,4,FA,1376,2795,NN,Semillas,Convenio Syngenta Básico,Soja,2400.0,2021
2021-07-12,376557,363.0,2021-07-19,1597,2021-09-07,4,FA,1376,2795,NN,Semillas,Convenio Syngenta Básico,Soja,2400.0,2021
2021-07-12,376558,363.0,2021-07-19,1596,2021-09-07,4,FA,1376,2795,NN,Semillas,Convenio Syngenta Básico,Soja,2400.0,2021
2021-07-12,376559,363.0,2021-07-19,1595,2021-09-07,4,FA,1376,2795,NN,Semillas,Convenio Syngenta Básico,Soja,2400.0,2021
2021-07-12,376560,364.0,2021-07-20,1600,2021-07-21,4,FA,1304,4038,NN,Semillas,Soja,Soja,2600.0,2021
2021-07-12,376561,364.0,2021-07-20,1599,2021-07-21,4,FA,1304,4038,NN,Semillas,Soja,Soja,2600.0,2021
2021-07-14,376568,365.0,2021-07-26,1605,2021-07-27,4,FA,1315,25,NN,Semillas,Maníí,Maníí,2800.0,2021
2021-07-15,376673,366.0,2021-07-22,1604,2021-07-22,4,FA,1311,981,NN,Semillas,Maíz,Maíz,2300.0,2021
2021-07-15,376674,366.0,2021-07-22,1603,2021-07-22,4,FA,1311,981,NN,Semillas,Maíz,Maíz,2300.0,2021
2021-07-19,376675,367.0,2021-07-26,1610,2021-07-27,4,FA,1314,392,NN,Semillas,Convenio Syngenta Soja Completo,Soja,3300.0,2021
2021-07-19,376676,367.0,2021-07-26,1609,2021-07-27,4,FA,1314,392,NN,Semillas,Convenio Syngenta Soja Completo,Soja,3300.0,2021
2021-07-19,376677,367.0,2021-07-26,1608,2021-07-27,4,FA,1314,392,NN,Semillas,Convenio Syngenta Soja Completo,Soja,3300.0,2021
2021-07-19,376678,367.0,2021-07-26,1607,2021-07-27,4,FA,1314,392,NN,Semillas,Convenio Syngenta Soja Completo,Soja,3300.0,2021
2021-07-19,376679,367.0,2021-07-26,1606,2021-07-27,4,FA,1314,392,NN,Semillas,Convenio Syngenta Soja Completo,Soja,3300.0,2021
2021-07-19,376680,368.0,2021-07-26,1622,2021-09-07,4,FA,1376,2795,NN,Semillas,Convenio Syngenta Básico,Soja,2400.0,2021
2021-07-19,376681,368.0,2021-07-26,1621,2021-09-07,4,FA,1376,2795,NN,Semillas,Convenio Syngenta Básico,Soja,2400.0,2021
2021-07-19,376682,368.0,2021-07-26,1620,2021-09-07,4,FA,1376,2795,NN,Semillas,Convenio Syngenta Básico,Soja,2400.0,2021
2021-07-19,376683,368.0,2021-07-26,1619,2021-09-07,4,FA,1376,2795,NN,Semillas,Convenio Syngenta Básico,Soja,2400.0,2021
2021-07-19,376684,368.0,2021-07-26,1618,2021-09-07,4,FA,1376,2795,NN,Semillas,Convenio Syngenta Básico,Soja,2400.0,2021
2021-07-19,376685,368.0,2021-07-26,1617,2021-09-07,4,FA,1376,2795,NN,Semillas,Convenio Syngenta Básico,Soja,2400.0,2021
2021-07-19,376686,368.0,2021-07-26,1616,2021-09-07,4,FA,1376,2795,NN,Semillas,Convenio Syngenta Básico,Soja,2400.0,2021
2021-07-19,376687,368.0,2021-07-26,1615,2021-09-07,4,FA,1376,2795,NN,Semillas,Convenio Syngenta Básico,Soja,2400.0,2021
2021-07-19,376688,368.0,2021-07-26,1614,2021-09-07,4,FA,1376,2795,NN,Semillas,Convenio Syngenta Básico,Soja,2400.0,2021
2021-07-19,376689,368.0,2021-07-26,1613,2021-09-07,4,FA,1376,2795,NN,Semillas,Convenio Syngenta Básico,Soja,2400.0,2021
2021-07-19,376690,368.0,2021-07-26,1612,2021-09-07,4,FA,1376,2795,NN,Semillas,Convenio Syngenta Básico,Soja,2400.0,2021
2021-07-19,376691,368.0,2021-07-26,1611,2021-09-07,4,FA,1376,2795,NN,Semillas,Convenio Syngenta Básico,Soja,2400.0,2021
2021-07-20,376701,369.0,2021-08-09,1634,2021-08-10,4,FA,1339,1506,NN,Semillas,Semilla Vital,Setaria,7000.0,2021
2021-07-27,376885,371.0,2021-08-31,1707,2021-09-02,4,FA,1363,4281,NN,Semillas,Semilla Vital,Gatton Panic,4400.0,2021
2021-07-27,376886,371.0,2021-08-31,1706,2021-09-02,4,FA,1363,4281,NN,Semillas,Semilla Vital,Gatton Panic,4400.0,2021
2021-07-29,376979,372.0,2021-08-12,1647,2021-08-13,4,FA,1344,104,NN,Semillas,Fuerza Total Curado,Sorgo,3400.0,2021
2021-07-29,376980,372.0,2021-08-12,1646,2021-08-13,4,FA,1344,104,NN,Semillas,Fuerza Total Curado,Sorgo,3400.0,2021
2021-07-29,376981,372.0,2021-08-12,1645,2021-08-13,4,FA,1344,104,NN,Semillas,Fuerza Total Curado,Sorgo,3400.0,2021
2021-07-29,376982,372.0,2021-08-12,1644,2021-08-13,4,FA,1344,104,NN,Semillas,Fuerza Total Curado,Sorgo,3400.0,2021
2021-07-29,376983,372.0,2021-08-12,1643,2021-08-13,4,FA,1344,104,NN,Semillas,Fuerza Total Curado,Sorgo,3400.0,2021
2021-07-29,376984,372.0,2021-08-12,1642,2021-08-13,4,FA,1344,104,NN,Semillas,Fuerza Total Curado,Sorgo,3400.0,2021
2021-07-29,376985,372.0,2021-08-12,1641,2021-08-13,4,FA,1344,104,NN,Semillas,Fuerza Total Curado,Sorgo,3400.0,2021
2021-07-29,376986,372.0,2021-08-12,1640,2021-08-13,4,FA,1344,104,NN,Semillas,Fuerza Total Curado,Sorgo,3400.0,2021
2021-07-29,376987,372.0,2021-08-12,1639,2021-08-13,4,FA,1344,104,NN,Semillas,Fuerza Total Curado,Sorgo,3400.0,2021
2021-07-29,376988,372.0,2021-08-12,1638,2021-08-13,4,FA,1344,104,NN,Semillas,Fuerza Total Curado,Sorgo,3400.0,2021
2021-07-29,376989,372.0,2021-08-12,1637,2021-08-13,4,FA,1344,104,NN,Semillas,Fuerza Total Curado,Sorgo,3400.0,2021
2021-07-30,377004,373.0,2021-08-06,1633,2021-08-09,4,FA,1338,981,NN,Semillas,Fuerza Total,Soja,3000.0,2021
2021-07-30,377005,373.0,2021-08-06,1632,2021-08-09,4,FA,1338,981,NN,Semillas,Fuerza Total,Soja,3000.0,2021
2021-07-30,377006,373.0,2021-08-06,1631,2021-08-09,4,FA,1338,981,NN,Semillas,Fuerza Total,Soja,3000.0,2021
2021-08-02,377009,374.0,2021-08-03,1628,2021-08-04,4,FA,1328,4281,NN,Semillas,Gatton Panic,Gatton Panic,2800.0,2021
2021-08-02,377010,374.0,2021-08-03,1627,2021-08-04,4,FA,1328,4281,NN,Semillas,Gatton Panic,Gatton Panic,2800.0,2021
2021-08-02,377011,374.0,2021-08-03,1626,2021-08-04,4,FA,1328,4281,NN,Semillas,Gatton Panic,Gatton Panic,2800.0,2021
2021-08-02,377016,376.0,2021-08-10,1636,2021-08-12,4,FA,1341,38,NN,Semillas,Fuerza Total,Soja,3000.0,2021
2021-08-02,377017,376.0,2021-08-10,1635,2021-08-12,4,FA,1341,38,NN,Semillas,Fuerza Total,Soja,3000.0,2021
2021-08-03,377019,378.0,2021-08-05,1630,2021-08-05,4,FA,1337,4281,NN,Semillas,Gatton Panic,Gatton Panic,2800.0,2021
2021-08-03,377020,378.0,2021-08-05,1629,2021-08-05,4,FA,1337,4281,NN,Semillas,Gatton Panic,Gatton Panic,2800.0,2021
2021-08-06,377036,377.0,2021-08-13,1650,2021-08-14,4,FA,1345,392,NN,Semillas,Soja,Soja,2300.0,2021
2021-08-06,377037,377.0,2021-08-13,1649,2021-08-14,4,FA,1345,392,NN,Semillas,Soja,Soja,2300.0,2021
2021-08-06,377038,377.0,2021-08-13,1648,2021-08-14,4,FA,1345,392,NN,Semillas,Soja,Soja,2300.0,2021
2021-08-06,377039,379.0,2021-08-13,1652,2021-09-07,4,FA,1376,2795,NN,Semillas,Convenio Syngenta Básico,Soja,2400.0,2021
2021-08-06,377040,379.0,2021-08-13,1651,2021-09-07,4,FA,1376,2795,NN,Semillas,Convenio Syngenta Básico,Soja,2400.0,2021
2021-08-10,377168,380.0,2021-08-18,1653,2021-08-19,4,FA,1347,4878,NN,Semillas,Soja,Soja,2300.0,2021
2021-08-11,377169,381.0,2021-08-20,1686,2021-08-23,4,FA,1351,798,NN,Semillas,Soja,Soja,2300.0,2021
2021-08-11,377170,382.0,2021-08-20,1685,2021-08-23,4,FA,1352,4610,NN,Semillas,Fuerza Total,Soja,3000.0,2021
2021-08-11,377171,382.0,2021-08-20,1684,2021-08-23,4,FA,1352,4610,NN,Semillas,Fuerza Total,Soja,3000.0,2021
2021-08-11,377172,382.0,2021-08-20,1683,2021-08-23,4,FA,1352,4610,NN,Semillas,Fuerza Total,Soja,3000.0,2021
2021-08-11,377173,382.0,2021-08-20,1682,2021-08-23,4,FA,1352,4610,NN,Semillas,Fuerza Total,Soja,3000.0,2021
2021-08-12,377177,383.0,2021-08-19,1681,2021-09-07,4,FA,1376,2795,NN,Semillas,Convenio Syngenta Básico,Soja,2400.0,2021
2021-08-12,377178,383.0,2021-08-19,1680,2021-09-07,4,FA,1376,2795,NN,Semillas,Convenio Syngenta Básico,Soja,2400.0,2021
2021-08-12,377179,383.0,2021-08-19,1679,2021-09-07,4,FA,1376,2795,NN,Semillas,Convenio Syngenta Básico,Soja,2400.0,2021
2021-08-12,377180,383.0,2021-08-19,1678,2021-09-07,4,FA,1376,2795,NN,Semillas,Convenio Syngenta Básico,Soja,2400.0,2021
2021-08-12,377181,383.0,2021-08-19,1677,2021-09-07,4,FA,1376,2795,NN,Semillas,Convenio Syngenta Básico,Soja,2400.0,2021
2021-08-12,377182,383.0,2021-08-19,1676,2021-09-07,4,FA,1376,2795,NN,Semillas,Convenio Syngenta Básico,Soja,2400.0,2021
2021-08-12,377183,383.0,2021-08-19,1675,2021-09-07,4,FA,1376,2795,NN,Semillas,Convenio Syngenta Básico,Soja,2400.0,2021
2021-08-12,377184,383.0,2021-08-19,1674,2021-09-07,4,FA,1376,2795,NN,Semillas,Convenio Syngenta Básico,Soja,2400.0,2021
2021-08-12,377185,383.0,2021-08-19,1673,2021-09-07,4,FA,1376,2795,NN,Semillas,Convenio Syngenta Básico,Soja,2400.0,2021
2021-08-12,377186,383.0,2021-08-19,1672,2021-09-07,4,FA,1376,2795,NN,Semillas,Convenio Syngenta Básico,Soja,2400.0,2021
2021-08-12,377187,383.0,2021-08-19,1671,2021-09-07,4,FA,1376,2795,NN,Semillas,Convenio Syngenta Básico,Soja,2400.0,2021
2021-08-12,377188,383.0,2021-08-19,1670,2021-09-07,4,FA,1376,2795,NN,Semillas,Convenio Syngenta Básico,Soja,2400.0,2021
2021-08-12,377189,383.0,2021-08-19,1669,2021-09-07,4,FA,1376,2795,NN,Semillas,Convenio Syngenta Básico,Soja,2400.0,2021
2021-08-12,377190,383.0,2021-08-19,1668,2021-09-07,4,FA,1376,2795,NN,Semillas,Convenio Syngenta Básico,Soja,2400.0,2021
2021-08-12,377191,383.0,2021-08-19,1667,2021-09-07,4,FA,1376,2795,NN,Semillas,Convenio Syngenta Básico,Soja,2400.0,2021
2021-08-12,377192,383.0,2021-08-19,1666,2021-09-07,4,FA,1376,2795,NN,Semillas,Convenio Syngenta Básico,Soja,2400.0,2021
2021-08-12,377193,383.0,2021-08-19,1665,2021-09-07,4,FA,1376,2795,NN,Semillas,Convenio Syngenta Básico,Soja,2400.0,2021
2021-08-12,377194,383.0,2021-08-19,1664,2021-09-07,4,FA,1376,2795,NN,Semillas,Convenio Syngenta Básico,Soja,2400.0,2021
2021-08-12,377195,383.0,2021-08-19,1663,2021-09-07,4,FA,1376,2795,NN,Semillas,Convenio Syngenta Básico,Soja,2400.0,2021
2021-08-12,377196,383.0,2021-08-19,1662,2021-09-07,4,FA,1376,2795,NN,Semillas,Convenio Syngenta Básico,Soja,2400.0,2021
2021-08-12,377197,383.0,2021-08-19,1661,2021-09-07,4,FA,1376,2795,NN,Semillas,Convenio Syngenta Básico,Soja,2400.0,2021
2021-08-12,377198,383.0,2021-08-19,1660,2021-09-07,4,FA,1376,2795,NN,Semillas,Convenio Syngenta Básico,Soja,2400.0,2021
2021-08-12,377199,383.0,2021-08-19,1659,2021-09-07,4,FA,1376,2795,NN,Semillas,Convenio Syngenta Básico,Soja,2400.0,2021
2021-08-12,377200,383.0,2021-08-19,1658,2021-09-07,4,FA,1376,2795,NN,Semillas,Convenio Syngenta Básico,Soja,2400.0,2021
2021-08-12,377201,383.0,2021-08-19,1657,2021-09-07,4,FA,1376,2795,NN,Semillas,Convenio Syngenta Básico,Soja,2400.0,2021
2021-08-12,377202,383.0,2021-08-19,1656,2021-09-07,4,FA,1376,2795,NN,Semillas,Convenio Syngenta Básico,Soja,2400.0,2021
2021-08-12,377203,383.0,2021-08-19,1655,2021-09-07,4,FA,1376,2795,NN,Semillas,Convenio Syngenta Básico,Soja,2400.0,2021
2021-08-12,377204,383.0,2021-08-19,1654,2021-09-07,4,FA,1376,2795,NN,Semillas,Convenio Syngenta Básico,Soja,2400.0,2021
2021-08-12,377279,384.0,2021-09-07,1766,2021-09-06,4,FA,1372,1534,NN,Semillas,Semilla Vital Megatérmicas,Urochloa Brizantha,6400.0,2021
2021-10-12,377280,454.0,2021-10-15,1951,2021-10-19,4,FA,1473,4922,NN,Semillas,Fuerza Total Curado,Soja,4200.0,2021
2021-08-19,377298,385.0,2021-08-26,1700,2021-08-27,4,FA,1358,392,NN,Semillas,Convenio Syngenta Soja Completo,Soja,3300.0,2021
2021-08-19,377299,385.0,2021-08-26,1699,2021-08-27,4,FA,1358,392,NN,Semillas,Convenio Syngenta Soja Completo,Soja,3300.0,2021
2021-08-19,377300,385.0,2021-08-26,1698,2021-08-27,4,FA,1358,392,NN,Semillas,Convenio Syngenta Soja Completo,Soja,3300.0,2021
2021-08-19,377301,385.0,2021-08-26,1697,2021-08-27,4,FA,1358,392,NN,Semillas,Convenio Syngenta Soja Completo,Soja,3300.0,2021
2021-08-19,377302,385.0,2021-08-26,1696,2021-08-27,4,FA,1358,392,NN,Semillas,Convenio Syngenta Soja Completo,Soja,3300.0,2021
2021-08-19,377303,385.0,2021-08-26,1695,2021-08-27,4,FA,1358,392,NN,Semillas,Convenio Syngenta Soja Completo,Soja,3300.0,2021
2021-08-19,377304,385.0,2021-08-26,1694,2021-08-27,4,FA,1358,392,NN,Semillas,Convenio Syngenta Soja Completo,Soja,3300.0,2021
2021-08-19,377305,385.0,2021-08-26,1693,2021-08-27,4,FA,1358,392,NN,Semillas,Convenio Syngenta Soja Completo,Soja,3300.0,2021
2021-08-19,377306,385.0,2021-08-26,1692,2021-08-27,4,FA,1358,392,NN,Semillas,Convenio Syngenta Soja Completo,Soja,3300.0,2021
2021-08-19,377307,385.0,2021-08-26,1691,2021-08-27,4,FA,1358,392,NN,Semillas,Convenio Syngenta Soja Completo,Soja,3300.0,2021
2021-08-19,377308,385.0,2021-08-26,1690,2021-08-27,4,FA,1358,392,NN,Semillas,Convenio Syngenta Soja Completo,Soja,3300.0,2021
2021-08-19,377309,385.0,2021-08-26,1689,2021-08-27,4,FA,1358,392,NN,Semillas,Convenio Syngenta Soja Completo,Soja,3300.0,2021
2021-08-19,377310,385.0,2021-08-26,1688,2021-08-27,4,FA,1358,392,NN,Semillas,Convenio Syngenta Soja Completo,Soja,3300.0,2021
2021-08-19,377311,385.0,2021-08-26,1687,2021-08-27,4,FA,1358,392,NN,Semillas,Convenio Syngenta Soja Completo,Soja,3300.0,2021
2021-08-19,377312,386.0,2021-08-27,1705,2021-08-29,4,FA,1360,2065,NN,Semillas,Soja,Soja,2300.0,2021
2021-08-19,377313,386.0,2021-08-27,1704,2021-08-29,4,FA,1360,2065,NN,Semillas,Soja,Soja,2300.0,2021
2021-08-19,377314,386.0,2021-08-27,1703,2021-08-29,4,FA,1360,2065,NN,Semillas,Soja,Soja,2300.0,2021
2021-08-20,377324,387.0,2021-08-27,1702,2021-08-29,4,FA,1359,4396,NN,Semillas,Soja,Soja,2300.0,2021
2021-08-20,377325,387.0,2021-08-27,1701,2021-08-29,4,FA,1359,4396,NN,Semillas,Soja,Soja,2300.0,2021
2021-08-24,377429,388.0,2021-09-13,1793,2021-09-14,4,FA,1389,2820,NN,Semillas,Semilla Vital Megatérmicas,Grama Rhodes,4400.0,2021
2021-08-24,377430,388.0,2021-09-13,1792,2021-09-14,4,FA,1389,2820,NN,Semillas,Semilla Vital Megatérmicas,Grama Rhodes,4400.0,2021
2021-08-24,377431,389.0,2021-09-02,1708,2021-09-03,4,FA,1368,350,NN,Semillas,Fuerza Total Curado,Soja,3400.0,2021
2021-08-24,377432,390.0,2021-09-02,1711,2021-09-03,4,FA,1364,4676,NN,Semillas,Fuerza Total Curado,Soja,3400.0,2021
2021-08-24,377433,390.0,2021-09-02,1710,2021-09-03,4,FA,1364,4676,NN,Semillas,Fuerza Total Curado,Soja,3400.0,2021
2021-08-24,377434,390.0,2021-09-02,1709,2021-09-03,4,FA,1364,4676,NN,Semillas,Fuerza Total Curado,Soja,3400.0,2021
2021-08-25,377435,391.0,2021-09-03,1731,2021-09-06,4,FA,1371,354,NN,Semillas,Soja,Soja,2300.0,2021
2021-08-25,377436,391.0,2021-09-03,1730,2021-09-06,4,FA,1371,354,NN,Semillas,Soja,Soja,2300.0,2021
2021-08-25,377437,392.0,2021-09-02,1715,2021-09-03,4,FA,1366,700,NN,Semillas,Fuerza Total Curado,Soja,3400.0,2021
2021-08-25,377438,392.0,2021-09-02,1714,2021-09-03,4,FA,1366,700,NN,Semillas,Fuerza Total Curado,Soja,3400.0,2021
2021-08-25,377439,392.0,2021-09-02,1713,2021-09-03,4,FA,1366,700,NN,Semillas,Fuerza Total Curado,Soja,3400.0,2021
2021-08-25,377440,392.0,2021-09-02,1712,2021-09-03,4,FA,1366,700,NN,Semillas,Fuerza Total Curado,Soja,3400.0,2021
2021-08-27,377442,397.0,2021-09-03,1737,2021-09-06,4,FA,1374,4882,NN,Semillas,Doble Poder,Soja,4100.0,2021
2021-08-27,377443,397.0,2021-09-03,1736,2021-09-06,4,FA,1374,4882,NN,Semillas,Doble Poder,Soja,4100.0,2021
2021-08-26,377444,393.0,2021-09-02,1729,2021-09-03,4,FA,1367,109,NN,Semillas,Maíz,Maíz,2300.0,2021
2021-08-26,377445,393.0,2021-09-02,1728,2021-09-03,4,FA,1367,109,NN,Semillas,Maíz,Maíz,2300.0,2021
2021-08-26,377446,393.0,2021-09-02,1727,2021-09-03,4,FA,1367,109,NN,Semillas,Maíz,Maíz,2300.0,2021
2021-08-26,377447,393.0,2021-09-02,1726,2021-09-03,4,FA,1367,109,NN,Semillas,Maíz,Maíz,2300.0,2021
2021-08-26,377448,393.0,2021-09-02,1725,2021-09-03,4,FA,1367,109,NN,Semillas,Maíz,Maíz,2300.0,2021
2021-08-26,377449,393.0,2021-09-02,1724,2021-09-03,4,FA,1367,109,NN,Semillas,Maíz,Maíz,2300.0,2021
2021-08-26,377450,393.0,2021-09-02,1723,2021-09-03,4,FA,1367,109,NN,Semillas,Maíz,Maíz,2300.0,2021
2021-08-26,377451,393.0,2021-09-02,1722,2021-09-03,4,FA,1367,109,NN,Semillas,Maíz,Maíz,2300.0,2021
2021-08-26,377452,393.0,2021-09-02,1721,2021-09-03,4,FA,1367,109,NN,Semillas,Maíz,Maíz,2300.0,2021
2021-08-26,377453,393.0,2021-09-02,1720,2021-09-03,4,FA,1367,109,NN,Semillas,Maíz,Maíz,2300.0,2021
2021-08-26,377454,393.0,2021-09-02,1719,2021-09-03,4,FA,1367,109,NN,Semillas,Maíz,Maíz,2300.0,2021
2021-08-26,377455,393.0,2021-09-02,1718,2021-09-03,4,FA,1367,109,NN,Semillas,Maíz,Maíz,2300.0,2021
2021-08-26,377456,393.0,2021-09-02,1717,2021-09-03,4,FA,1367,109,NN,Semillas,Maíz,Maíz,2300.0,2021
2021-08-26,377457,393.0,2021-09-02,1716,2021-09-03,4,FA,1367,109,NN,Semillas,Maíz,Maíz,2300.0,2021
2021-08-26,377458,394.0,2021-09-03,1735,2021-09-06,4,FA,1373,2375,NN,Semillas,Fuerza Total,Soja,3000.0,2021
2021-08-26,377459,394.0,2021-09-03,1734,2021-09-06,4,FA,1373,2375,NN,Semillas,Fuerza Total,Soja,3000.0,2021
2021-08-26,377460,394.0,2021-09-03,1733,2021-09-06,4,FA,1373,2375,NN,Semillas,Fuerza Total,Soja,3000.0,2021
2021-08-26,377461,394.0,2021-09-03,1732,2021-09-06,4,FA,1373,2375,NN,Semillas,Fuerza Total,Soja,3000.0,2021
2021-08-30,377572,395.0,2021-09-03,1741,2021-09-06,4,FA,1375,9000,NN,Semillas,Soja,Soja,2800.0,2021
2021-08-30,377573,395.0,2021-09-03,1740,2021-09-06,4,FA,1375,9000,NN,Semillas,Soja,Soja,2800.0,2021
2021-08-30,377574,395.0,2021-09-03,1739,2021-09-06,4,FA,1375,9000,NN,Semillas,Soja,Soja,2800.0,2021
2021-08-30,377575,395.0,2021-09-03,1738,2021-09-06,4,FA,1375,9000,NN,Semillas,Soja,Soja,2800.0,2021
2021-08-27,377576,396.0,2021-09-03,1748,2021-09-09,4,FA,1377,392,NN,Semillas,Convenio Syngenta Soja Completo,Soja,3300.0,2021
2021-08-27,377577,396.0,2021-09-03,1747,2021-09-09,4,FA,1377,392,NN,Semillas,Convenio Syngenta Soja Completo,Soja,3300.0,2021
2021-08-27,377578,396.0,2021-09-03,1746,2021-09-09,4,FA,1377,392,NN,Semillas,Convenio Syngenta Soja Completo,Soja,3300.0,2021
2021-08-27,377579,396.0,2021-09-03,1745,2021-09-09,4,FA,1377,392,NN,Semillas,Convenio Syngenta Soja Completo,Soja,3300.0,2021
2021-08-27,377580,396.0,2021-09-03,1744,2021-09-09,4,FA,1377,392,NN,Semillas,Convenio Syngenta Soja Completo,Soja,3300.0,2021
2021-08-27,377581,396.0,2021-09-03,1743,2021-09-09,4,FA,1377,392,NN,Semillas,Convenio Syngenta Soja Completo,Soja,3300.0,2021
2021-08-30,377582,398.0,2021-09-06,1765,2021-10-22,4,FA,1480,2795,NN,Semillas,Convenio Syngenta Básico,Soja,2400.0,2021
2021-08-30,377583,398.0,2021-09-06,1764,2021-10-22,4,FA,1480,2795,NN,Semillas,Convenio Syngenta Básico,Soja,2400.0,2021
2021-08-30,377584,398.0,2021-09-06,1763,2021-10-22,4,FA,1480,2795,NN,Semillas,Convenio Syngenta Básico,Soja,2400.0,2021
2021-08-30,377585,398.0,2021-09-06,1762,2021-10-22,4,FA,1480,2795,NN,Semillas,Convenio Syngenta Básico,Soja,2400.0,2021
2021-08-30,377586,398.0,2021-09-06,1761,2021-10-22,4,FA,1480,2795,NN,Semillas,Convenio Syngenta Básico,Soja,2400.0,2021
2021-08-30,377587,398.0,2021-09-06,1760,2021-10-22,4,FA,1480,2795,NN,Semillas,Convenio Syngenta Básico,Soja,2400.0,2021
2021-08-30,377588,398.0,2021-09-06,1759,2021-10-22,4,FA,1480,2795,NN,Semillas,Convenio Syngenta Básico,Soja,2400.0,2021
2021-08-30,377589,398.0,2021-09-06,1758,2021-10-22,4,FA,1480,2795,NN,Semillas,Convenio Syngenta Básico,Soja,2400.0,2021
2021-08-30,377590,398.0,2021-09-06,1757,2021-10-22,4,FA,1480,2795,NN,Semillas,Convenio Syngenta Básico,Soja,2400.0,2021
2021-08-30,377591,398.0,2021-09-06,1756,2021-10-22,4,FA,1480,2795,NN,Semillas,Convenio Syngenta Básico,Soja,2400.0,2021
2021-08-30,377592,398.0,2021-09-06,1755,2021-10-22,4,FA,1480,2795,NN,Semillas,Convenio Syngenta Básico,Soja,2400.0,2021
2021-08-30,377593,398.0,2021-09-06,1754,2021-10-22,4,FA,1480,2795,NN,Semillas,Convenio Syngenta Básico,Soja,2400.0,2021
2021-08-30,377594,398.0,2021-09-06,1753,2021-10-22,4,FA,1480,2795,NN,Semillas,Convenio Syngenta Básico,Soja,2400.0,2021
2021-08-30,377595,398.0,2021-09-06,1752,2021-10-22,4,FA,1480,2795,NN,Semillas,Convenio Syngenta Básico,Soja,2400.0,2021
2021-08-30,377596,398.0,2021-09-06,1751,2021-10-22,4,FA,1480,2795,NN,Semillas,Convenio Syngenta Básico,Soja,2400.0,2021
2021-08-30,377597,398.0,2021-09-06,1750,2021-10-22,4,FA,1480,2795,NN,Semillas,Convenio Syngenta Básico,Soja,2400.0,2021
2021-08-30,377598,398.0,2021-09-06,1749,2021-10-22,4,FA,1480,2795,NN,Semillas,Convenio Syngenta Básico,Soja,2400.0,2021
2021-08-31,377599,399.0,2021-09-08,1774,2021-09-09,4,FA,1380,967,NN,Semillas,Soja,Soja,2300.0,2021
2021-08-31,377600,399.0,2021-09-08,1773,2021-09-09,4,FA,1380,967,NN,Semillas,Soja,Soja,2300.0,2021
2021-08-31,377601,399.0,2021-09-08,1772,2021-09-09,4,FA,1380,967,NN,Semillas,Soja,Soja,2300.0,2021
2021-08-31,377602,399.0,2021-09-08,1771,2021-09-09,4,FA,1380,967,NN,Semillas,Soja,Soja,2300.0,2021
2021-08-31,377603,399.0,2021-09-08,1770,2021-09-09,4,FA,1380,967,NN,Semillas,Soja,Soja,2300.0,2021
2021-08-31,377604,399.0,2021-09-08,1769,2021-09-09,4,FA,1380,967,NN,Semillas,Soja,Soja,2300.0,2021
2021-08-31,377605,400.0,2021-09-08,1781,2021-09-09,4,FA,1381,1864,NN,Semillas,Soja,Soja,2800.0,2021
2021-08-31,377606,400.0,2021-09-08,1780,2021-09-09,4,FA,1381,1864,NN,Semillas,Soja,Soja,2800.0,2021
2021-08-31,377607,400.0,2021-09-08,1779,2021-09-09,4,FA,1381,1864,NN,Semillas,Soja,Soja,2800.0,2021
2021-08-31,377608,400.0,2021-09-08,1778,2021-09-09,4,FA,1381,1864,NN,Semillas,Soja,Soja,2800.0,2021
2021-08-31,377609,400.0,2021-09-08,1777,2021-09-09,4,FA,1381,1864,NN,Semillas,Soja,Soja,2800.0,2021
2021-08-31,377610,400.0,2021-09-08,1776,2021-09-09,4,FA,1381,1864,NN,Semillas,Soja,Soja,2800.0,2021
2021-08-31,377611,400.0,2021-09-08,1775,2021-09-09,4,FA,1381,1864,NN,Semillas,Soja,Soja,2800.0,2021
2021-08-31,377612,400.0,2021-09-13,1791,2021-09-14,4,FA,1388,1864,NN,Semillas,Centeno,Centeno,2300.0,2021
2021-08-31,377623,401.0,2021-09-08,1768,2021-09-09,4,FA,1379,3225,NN,Semillas,Doble Poder,Soja,4100.0,2021
2021-08-31,377624,401.0,2021-09-08,1767,2021-09-09,4,FA,1379,3225,NN,Semillas,Doble Poder,Soja,4100.0,2021
2021-09-06,377834,407.0,2021-09-16,1809,2021-09-17,4,FA,1399,4897,NN,Semillas,Avena Blanca / Amarilla/ Byzantina,Avena Blanca / Amarilla/ Byzantina,2300.0,2021
2021-09-03,377837,402.0,2021-09-10,1787,2021-09-13,4,FA,1384,3227,NN,Semillas,Soja,Soja,2800.0,2021
2021-09-03,377838,403.0,2021-09-10,1786,2021-09-13,4,FA,1385,1777,NN,Semillas,Soja,Soja,2300.0,2021
2021-09-03,377839,403.0,2021-09-10,1785,2021-09-13,4,FA,1385,1777,NN,Semillas,Soja,Soja,2300.0,2021
2021-09-03,377840,403.0,2021-09-10,1784,2021-09-13,4,FA,1385,1777,NN,Semillas,Soja,Soja,2300.0,2021
2021-09-03,377841,403.0,2021-09-10,1783,2021-09-13,4,FA,1385,1777,NN,Semillas,Soja,Soja,2300.0,2021
2021-09-03,377842,403.0,2021-09-10,1782,2021-09-13,4,FA,1385,1777,NN,Semillas,Soja,Soja,2300.0,2021
2021-09-06,377843,406.0,2021-09-10,1790,2021-09-13,4,FA,1382,4896,NN,Semillas,Doble Poder,Soja,4100.0,2021
2021-09-06,377844,406.0,2021-09-10,1789,2021-09-13,4,FA,1382,4896,NN,Semillas,Doble Poder,Soja,4100.0,2021
2021-09-06,377845,406.0,2021-09-10,1788,2021-09-13,4,FA,1382,4896,NN,Semillas,Doble Poder,Soja,4100.0,2021
2021-09-06,377848,404.0,2021-09-14,1799,2021-09-15,4,FA,1390,1856,NN,Semillas,Fuerza Total,Soja,3000.0,2021
2021-09-06,377849,404.0,2021-09-14,1798,2021-09-15,4,FA,1390,1856,NN,Semillas,Fuerza Total,Soja,3000.0,2021
2021-09-06,377850,404.0,2021-09-14,1797,2021-09-15,4,FA,1390,1856,NN,Semillas,Fuerza Total,Soja,3000.0,2021
2021-09-06,377851,404.0,2021-09-14,1796,2021-09-15,4,FA,1390,1856,NN,Semillas,Fuerza Total,Soja,3000.0,2021
2021-09-06,377852,405.0,2021-09-14,1795,2021-09-15,4,FA,1393,981,NN,Semillas,Fuerza Total,Soja,3000.0,2021
2021-09-06,377853,405.0,2021-09-14,1794,2021-09-15,4,FA,1393,981,NN,Semillas,Fuerza Total,Soja,3000.0,2021
2021-09-07,377854,408.0,2021-09-15,1802,2021-09-16,4,FA,1395,985,NN,Semillas,Fuerza Total Curado,Soja,3400.0,2021
2021-09-07,377855,408.0,2021-09-15,1801,2021-09-16,4,FA,1395,985,NN,Semillas,Fuerza Total Curado,Soja,3400.0,2021
2021-09-07,377856,408.0,2021-09-15,1800,2021-09-16,4,FA,1395,985,NN,Semillas,Fuerza Total Curado,Soja,3400.0,2021
2021-09-08,377865,409.0,2021-09-16,1805,2021-09-17,4,FA,1398,25,NN,Semillas,Soja,Soja,2800.0,2021
2021-09-08,377866,409.0,2021-09-16,1804,2021-09-17,4,FA,1398,25,NN,Semillas,Soja,Soja,2800.0,2021
2021-09-08,377867,409.0,2021-09-16,1803,2021-09-17,4,FA,1398,25,NN,Semillas,Soja,Soja,2800.0,2021
2021-09-08,377868,410.0,2021-09-16,1808,2021-09-17,4,FB,34,4712,NN,Semillas,Soja,Soja,2300.0,2021
2021-09-08,377869,410.0,2021-09-16,1807,2021-09-17,4,FB,34,4712,NN,Semillas,Soja,Soja,2300.0,2021
2021-09-08,377870,410.0,2021-09-16,1806,2021-09-17,4,FB,34,4712,NN,Semillas,Soja,Soja,2300.0,2021
2021-09-10,378077,411.0,2021-09-17,1811,2021-09-20,4,FA,1401,489,NN,Semillas,Soja,Soja,2300.0,2021
2021-09-10,378078,411.0,2021-09-17,1810,2021-09-20,4,FA,1401,489,NN,Semillas,Soja,Soja,2300.0,2021
2021-09-10,378079,412.0,2021-09-17,1817,2021-09-20,4,FA,1400,4557,NN,Semillas,Doble Poder,Soja,4100.0,2021
2021-09-10,378080,412.0,2021-09-17,1816,2021-09-20,4,FA,1400,4557,NN,Semillas,Doble Poder,Soja,4100.0,2021
2021-09-10,378081,412.0,2021-09-17,1815,2021-09-20,4,FA,1400,4557,NN,Semillas,Doble Poder,Soja,4100.0,2021
2021-09-10,378082,412.0,2021-09-17,1814,2021-09-20,4,FA,1400,4557,NN,Semillas,Doble Poder,Soja,4100.0,2021
2021-09-10,378083,412.0,2021-09-17,1813,2021-09-20,4,FA,1400,4557,NN,Semillas,Doble Poder,Soja,4100.0,2021
2021-09-10,378084,412.0,2021-09-17,1812,2021-09-20,4,FA,1400,4557,NN,Semillas,Doble Poder,Soja,4100.0,2021
2021-09-13,378097,413.0,2021-09-21,1827,2021-09-21,4,FA,1406,798,NN,Semillas,Soja,Soja,2800.0,2021
2021-09-13,378103,414.0,2021-09-21,1823,2021-09-21,4,FA,1407,4797,NN,Semillas,Fuerza Total,Soja,3700.0,2021
2021-09-13,378104,414.0,2021-09-21,1822,2021-09-21,4,FA,1407,4797,NN,Semillas,Fuerza Total,Soja,3700.0,2021
2021-09-13,378105,414.0,2021-09-21,1821,2021-09-21,4,FA,1407,4797,NN,Semillas,Fuerza Total,Soja,3700.0,2021
2021-09-13,378106,414.0,2021-09-21,1820,2021-09-21,4,FA,1407,4797,NN,Semillas,Fuerza Total,Soja,3700.0,2021
2021-09-13,378107,414.0,2021-09-21,1819,2021-09-21,4,FA,1407,4797,NN,Semillas,Fuerza Total,Soja,3700.0,2021
2021-09-13,378108,414.0,2021-09-21,1818,2021-09-21,4,FA,1407,4797,NN,Semillas,Fuerza Total,Soja,3700.0,2021
2021-09-13,378110,415.0,2021-09-21,1826,2021-09-21,4,FA,1405,1311,NN,Semillas,Doble Poder,Soja,6700.0,2021
2021-09-13,378111,415.0,2021-09-21,1825,2021-09-21,4,FA,1405,1311,NN,Semillas,Doble Poder,Soja,6700.0,2021
2021-09-13,378112,415.0,2021-09-21,1824,2021-09-21,4,FA,1405,1311,NN,Semillas,Doble Poder,Soja,6700.0,2021
2021-09-15,378114,416.0,2021-09-23,1837,2021-09-23,4,FA,1411,25,NN,Semillas,Soja,Soja,2800.0,2021
2021-09-15,378115,416.0,2021-09-23,1836,2021-09-23,4,FA,1411,25,NN,Semillas,Soja,Soja,2800.0,2021
2021-09-15,378116,416.0,2021-09-23,1835,2021-09-23,4,FA,1411,25,NN,Semillas,Soja,Soja,2800.0,2021
2021-09-15,378117,417.0,2021-09-23,1834,2021-09-23,4,FA,1410,1371,NN,Semillas,Soja,Soja,3500.0,2021
2021-09-15,378118,417.0,2021-09-23,1833,2021-09-23,4,FA,1410,1371,NN,Semillas,Soja,Soja,3500.0,2021
2021-09-15,378119,417.0,2021-09-23,1832,2021-09-23,4,FA,1410,1371,NN,Semillas,Soja,Soja,3500.0,2021
2021-09-16,378182,418.0,2021-09-24,1840,2021-09-27,4,FA,1416,700,NN,Semillas,Fuerza Total Curado,Soja,4200.0,2021
2021-09-16,378183,418.0,2021-09-24,1839,2021-09-27,4,FA,1416,700,NN,Semillas,Fuerza Total Curado,Soja,4200.0,2021
2021-09-16,378184,418.0,2021-09-24,1838,2021-09-27,4,FA,1416,700,NN,Semillas,Fuerza Total Curado,Soja,4200.0,2021
2021-09-21,378192,429.0,2021-09-22,1831,2021-09-23,4,FA,1408,4281,NN,Semillas,Gatton Panic,Gatton Panic,3500.0,2021
2021-09-21,378193,429.0,2021-09-22,1830,2021-09-23,4,FA,1408,4281,NN,Semillas,Gatton Panic,Gatton Panic,3500.0,2021
2021-09-21,378194,429.0,2021-09-22,1829,2021-09-23,4,FA,1408,4281,NN,Semillas,Gatton Panic,Gatton Panic,3500.0,2021
2021-09-17,378195,419.0,2021-09-24,1844,2021-09-27,4,FA,1420,981,NN,Semillas,Fuerza Total,Soja,3700.0,2021
2021-09-17,378196,419.0,2021-09-24,1843,2021-09-27,4,FA,1420,981,NN,Semillas,Fuerza Total,Soja,3700.0,2021
2021-09-17,378197,419.0,2021-09-24,1842,2021-09-27,4,FA,1420,981,NN,Semillas,Fuerza Total,Soja,3700.0,2021
2021-09-17,378198,419.0,2021-09-24,1841,2021-09-27,4,FA,1420,981,NN,Semillas,Fuerza Total,Maíz,3700.0,2021
2021-09-17,378199,420.0,2021-09-24,1851,2021-09-27,4,FA,1417,109,NN,Semillas,Doble Poder,Soja,5000.0,2021
2021-09-17,378200,420.0,2021-09-24,1850,2021-09-27,4,FA,1417,109,NN,Semillas,Doble Poder,Soja,5000.0,2021
2021-09-17,378201,420.0,2021-09-24,1849,2021-09-27,4,FA,1417,109,NN,Semillas,Doble Poder,Soja,5000.0,2021
2021-09-17,378202,420.0,2021-09-24,1848,2021-09-27,4,FA,1417,109,NN,Semillas,Doble Poder,Soja,5000.0,2021
2021-09-17,378203,420.0,2021-09-24,1847,2021-09-27,4,FA,1417,109,NN,Semillas,Doble Poder,Soja,5000.0,2021
2021-09-17,378204,420.0,2021-09-24,1846,2021-09-27,4,FA,1417,109,NN,Semillas,Doble Poder,Soja,5000.0,2021
2021-09-17,378205,420.0,2021-09-24,1845,2021-09-27,4,FA,1417,109,NN,Semillas,Doble Poder,Soja,5000.0,2021
2021-09-17,378206,421.0,2021-10-01,1889,2021-10-04,4,FA,1441,853,NN,Semillas,Sorgo,Sorgo,2800.0,2021
2021-09-17,378207,421.0,2021-09-27,1864,2021-09-28,4,FA,1424,853,NN,Semillas,Moha,Moha,2800.0,2021
2021-09-17,378208,421.0,2021-09-24,1852,2021-09-27,4,FA,1418,853,NN,Semillas,Mijo,Mijo,2800.0,2021
2021-09-17,378209,421.0,2021-09-24,1863,2021-09-27,4,FA,1422,853,NN,Semillas,Maíz,Maíz,2800.0,2021
2021-09-17,378210,421.0,2021-09-24,1862,2021-09-27,4,FA,1422,853,NN,Semillas,Maíz,Maíz,2800.0,2021
2021-09-17,378211,422.0,2021-09-24,1855,2021-09-27,4,FA,1419,2599,NN,Semillas,Doble Poder,Soja,6700.0,2021
2021-09-17,378212,423.0,2021-09-24,1854,2021-09-27,4,FA,1415,1856,NN,Semillas,Fuerza Total Curado,Soja,5900.0,2021
2021-09-17,378213,423.0,2021-09-24,1853,2021-09-27,4,FA,1415,1856,NN,Semillas,Fuerza Total Curado,Soja,5900.0,2021
2021-09-17,378214,424.0,2021-09-24,1861,2021-09-27,4,FA,1414,392,NN,Semillas,Semilla Vital Para Soja,Soja,5100.0,2021
2021-09-17,378215,424.0,2021-09-24,1860,2021-09-27,4,FA,1414,392,NN,Semillas,Semilla Vital Para Soja,Soja,5100.0,2021
2021-09-17,378216,424.0,2021-09-24,1859,2021-09-27,4,FA,1414,392,NN,Semillas,Semilla Vital Para Soja,Soja,5100.0,2021
2021-09-17,378217,424.0,2021-09-24,1858,2021-09-27,4,FA,1414,392,NN,Semillas,Semilla Vital Para Soja,Soja,5100.0,2021
2021-09-17,378218,424.0,2021-09-24,1857,2021-09-27,4,FA,1414,392,NN,Semillas,Semilla Vital Para Soja,Soja,5100.0,2021
2021-09-17,378219,424.0,2021-09-24,1856,2021-09-27,4,FA,1414,392,NN,Semillas,Semilla Vital Para Soja,Soja,5100.0,2021
2021-09-21,378220,425.0,2021-09-29,1879,2021-10-01,4,FA,1436,3276,NN,Semillas,Soja,Soja,2800.0,2021
2021-09-21,378221,425.0,2021-09-29,1878,2021-10-01,4,FA,1436,3276,NN,Semillas,Soja,Soja,2800.0,2021
2021-09-21,378222,425.0,2021-09-29,1877,2021-10-01,4,FA,1436,3276,NN,Semillas,Soja,Soja,2800.0,2021
2021-09-21,378223,425.0,2021-09-29,1876,2021-10-01,4,FA,1436,3276,NN,Semillas,Soja,Soja,2800.0,2021
2021-09-21,378224,427.0,2021-09-29,1880,2021-10-01,4,FA,1431,489,NN,Semillas,Fuerza Total,Soja,3700.0,2021
2021-09-23,378225,433.0,2021-09-29,1888,2021-10-01,4,FA,1435,4910,NN,Semillas,Soja,Soja,2800.0,2021
2021-09-23,378226,433.0,2021-09-29,1887,2021-10-01,4,FA,1435,4910,NN,Semillas,Soja,Soja,2800.0,2021
2021-09-21,378227,430.0,2021-09-29,1881,2021-10-01,4,FA,1438,1160,NN,Semillas,Soja,Soja,2800.0,2021
2021-09-21,378228,428.0,2021-09-29,1884,2021-10-01,4,FA,1429,4557,NN,Semillas,Soja,Soja,2800.0,2021
2021-09-21,378229,428.0,2021-09-29,1883,2021-10-01,4,FA,1429,4557,NN,Semillas,Soja,Soja,2800.0,2021
2021-09-21,378230,426.0,2021-09-29,1882,2021-10-01,4,FA,1432,1398,NN,Semillas,Fuerza Total,Soja,3700.0,2021
2021-09-22,378247,432.0,2021-09-29,1875,2021-10-01,4,FA,1437,4237,NN,Semillas,Convenio Syngenta Soja Completo,Soja,3300.0,2021
2021-09-22,378248,432.0,2021-09-29,1874,2021-10-01,4,FA,1437,4237,NN,Semillas,Convenio Syngenta Soja Completo,Soja,3300.0,2021
2021-09-22,378249,432.0,2021-09-29,1873,2021-10-01,4,FA,1437,4237,NN,Semillas,Convenio Syngenta Soja Completo,Soja,3300.0,2021
2021-09-22,378250,432.0,2021-09-29,1872,2021-10-01,4,FA,1437,4237,NN,Semillas,Convenio Syngenta Soja Completo,Soja,3300.0,2021
2021-09-22,378251,432.0,2021-09-29,1871,2021-10-01,4,FA,1437,4237,NN,Semillas,Convenio Syngenta Soja Completo,Soja,3300.0,2021
2021-09-22,378252,432.0,2021-09-29,1870,2021-10-01,4,FA,1437,4237,NN,Semillas,Convenio Syngenta Soja Completo,Soja,3300.0,2021
2021-09-22,378253,432.0,2021-09-29,1869,2021-10-01,4,FA,1437,4237,NN,Semillas,Convenio Syngenta Soja Completo,Soja,3300.0,2021
2021-09-22,378254,432.0,2021-09-29,1868,2021-10-01,4,FA,1437,4237,NN,Semillas,Convenio Syngenta Soja Completo,Soja,3300.0,2021
2021-09-22,378255,432.0,2021-09-29,1867,2021-10-01,4,FA,1437,4237,NN,Semillas,Convenio Syngenta Soja Completo,Soja,3300.0,2021
2021-09-22,378256,432.0,2021-09-29,1866,2021-10-01,4,FA,1437,4237,NN,Semillas,Convenio Syngenta Soja Completo,Soja,3300.0,2021
2021-09-22,378257,432.0,2021-09-29,1865,2021-10-01,4,FA,1437,4237,NN,Semillas,Convenio Syngenta Soja Completo,Soja,3300.0,2021
2021-09-24,378414,434.0,2021-09-29,1886,2021-10-01,4,FA,1434,715,NN,Semillas,Convenio Syngenta Soja Completo,Soja,3300.0,2021
2021-09-24,378415,434.0,2021-09-29,1885,2021-10-01,4,FA,1434,715,NN,Semillas,Convenio Syngenta Soja Completo,Soja,3300.0,2021
2021-09-24,378416,435.0,2021-10-01,1893,2021-10-04,4,FA,1443,4911,NN,Semillas,Fuerza Total Curado,Soja,4200.0,2021
2021-09-24,378417,435.0,2021-10-01,1892,2021-10-04,4,FA,1443,4911,NN,Semillas,Fuerza Total Curado,Soja,4200.0,2021
2021-09-24,378418,435.0,2021-10-01,1894,2021-10-04,4,FA,1443,4911,NN,Semillas,Fuerza Total Curado,Soja,4200.0,2021
2021-09-24,378419,436.0,2021-10-01,1891,2021-10-04,4,FA,1442,4762,NN,Semillas,Soja,Soja,2800.0,2021
2021-09-24,378420,436.0,2021-10-01,1890,2021-10-04,4,FA,1442,4762,NN,Semillas,Soja,Soja,2800.0,2021
2021-10-13,378421,456.0,2021-10-13,1944,2021-10-14,4,FA,1464,4247,NN,Semillas,Doble Poder,Soja,6700.0,2021
2021-09-27,378426,437.0,2021-10-05,1898,2021-10-06,4,FA,1449,3337,NN,Semillas,Fuerza Total,Soja,3700.0,2021
2021-09-27,378427,438.0,2021-10-05,1897,2021-10-06,4,FA,1445,4721,NN,Semillas,Soja,Soja,2800.0,2021
2021-09-27,378428,438.0,2021-10-05,1896,2021-10-06,4,FA,1445,4721,NN,Semillas,Soja,Soja,2800.0,2021
2021-09-27,378429,438.0,2021-10-05,1895,2021-10-06,4,FA,1445,4721,NN,Semillas,Soja,Soja,2800.0,2021
2021-09-28,378437,439.0,2021-10-06,1900,2021-10-07,4,FA,1453,3297,NN,Semillas,Fuerza Total,Soja,3700.0,2021
2021-09-28,378438,439.0,2021-10-06,1899,2021-10-07,4,FA,1453,3297,NN,Semillas,Fuerza Total,Soja,3700.0,2021
2021-09-29,378454,440.0,2021-10-06,1906,2021-10-07,4,FA,1454,4237,NN,Semillas,Convenio Syngenta Soja Completo,Soja,3300.0,2021
2021-09-29,378455,440.0,2021-10-06,1905,2021-10-07,4,FA,1454,4237,NN,Semillas,Convenio Syngenta Soja Completo,Soja,3300.0,2021
2021-09-29,378456,440.0,2021-10-06,1904,2021-10-07,4,FA,1454,4237,NN,Semillas,Convenio Syngenta Soja Completo,Soja,3300.0,2021
2021-09-29,378457,440.0,2021-10-06,1903,2021-10-07,4,FA,1454,4237,NN,Semillas,Convenio Syngenta Soja Completo,Soja,3300.0,2021
2021-09-29,378458,440.0,2021-10-06,1902,2021-10-07,4,FA,1454,4237,NN,Semillas,Convenio Syngenta Soja Completo,Soja,3300.0,2021
2021-09-29,378459,440.0,2021-10-06,1901,2021-10-07,4,FA,1454,4237,NN,Semillas,Convenio Syngenta Soja Completo,Soja,3300.0,2021
2021-09-29,378460,441.0,2021-10-07,1917,2021-10-11,4,FA,1458,4715,NN,Semillas,Doble Poder,Soja,5000.0,2021
2021-10-01,378464,442.0,2021-10-07,1916,2021-10-11,4,FA,1455,4557,NN,Semillas,Soja,Soja,2800.0,2021
2021-10-01,378465,442.0,2021-10-07,1915,2021-10-11,4,FA,1455,4557,NN,Semillas,Soja,Soja,2800.0,2021
2021-10-01,378466,442.0,2021-10-07,1914,2021-10-11,4,FA,1455,4557,NN,Semillas,Soja,Soja,2800.0,2021
2021-10-01,378467,443.0,2021-10-07,1924,2021-10-11,4,FA,1456,760,NN,Semillas,Convenio Syngenta Soja Completo,Soja,3300.0,2021
2021-10-01,378469,443.0,2021-10-07,1923,2021-10-11,4,FA,1456,760,NN,Semillas,Convenio Syngenta Soja Completo,Soja,3300.0,2021
2021-10-01,378470,443.0,2021-10-07,1922,2021-10-11,4,FA,1456,760,NN,Semillas,Convenio Syngenta Soja Completo,Soja,3300.0,2021
2021-10-01,378471,443.0,2021-10-07,1921,2021-10-11,4,FA,1456,760,NN,Semillas,Convenio Syngenta Soja Completo,Soja,3300.0,2021
2021-10-01,378472,443.0,2021-10-07,1920,2021-10-11,4,FA,1456,760,NN,Semillas,Convenio Syngenta Soja Completo,Soja,3300.0,2021
2021-10-01,378473,443.0,2021-10-07,1919,2021-10-11,4,FA,1456,760,NN,Semillas,Convenio Syngenta Soja Completo,Soja,3300.0,2021
2021-10-01,378474,443.0,2021-10-07,1918,2021-10-11,4,FA,1456,760,NN,Semillas,Convenio Syngenta Soja Completo,Soja,3300.0,2021
2021-10-04,378665,444.0,2021-10-12,1938,2021-10-12,4,FA,1461,1425,NN,Semillas,Fuerza Total,Soja,3700.0,2021
2021-10-04,378666,444.0,2021-10-12,1937,2021-10-12,4,FA,1461,1425,NN,Semillas,Fuerza Total,Soja,3700.0,2021
2021-10-04,378667,444.0,2021-10-12,1936,2021-10-12,4,FA,1461,1425,NN,Semillas,Fuerza Total,Soja,3700.0,2021
2021-10-07,378672,449.0,2021-10-12,1935,2021-10-12,4,FA,1460,392,NN,Semillas,Convenio Syngenta Soja Completo,Soja,3300.0,2021
2021-10-07,378673,449.0,2021-10-12,1934,2021-10-12,4,FA,1460,392,NN,Semillas,Convenio Syngenta Soja Completo,Soja,3300.0,2021
2021-10-07,378674,449.0,2021-10-12,1933,2021-10-12,4,FA,1460,392,NN,Semillas,Convenio Syngenta Soja Completo,Soja,3300.0,2021
2021-10-07,378675,449.0,2021-10-12,1932,2021-10-12,4,FA,1460,392,NN,Semillas,Convenio Syngenta Soja Completo,Soja,3300.0,2021
2021-10-07,378676,449.0,2021-10-12,1931,2021-10-12,4,FA,1460,392,NN,Semillas,Convenio Syngenta Soja Completo,Soja,3300.0,2021
2021-10-07,378677,449.0,2021-10-12,1930,2021-10-12,4,FA,1460,392,NN,Semillas,Convenio Syngenta Soja Completo,Soja,3300.0,2021
2021-10-07,378678,449.0,2021-10-12,1929,2021-10-12,4,FA,1460,392,NN,Semillas,Convenio Syngenta Soja Completo,Soja,3300.0,2021
2021-10-07,378679,449.0,2021-10-12,1928,2021-10-12,4,FA,1460,392,NN,Semillas,Convenio Syngenta Soja Completo,Soja,3300.0,2021
2021-10-07,378680,449.0,2021-10-12,1927,2021-10-12,4,FA,1460,392,NN,Semillas,Convenio Syngenta Soja Completo,Soja,3300.0,2021
2021-10-07,378681,449.0,2021-10-12,1926,2021-10-12,4,FA,1460,392,NN,Semillas,Convenio Syngenta Soja Completo,Soja,3300.0,2021
2021-10-07,378682,449.0,2021-10-12,1925,2021-10-12,4,FA,1460,392,NN,Semillas,Convenio Syngenta Soja Completo,Soja,3300.0,2021
2021-10-06,378683,448.0,2021-10-14,1947,2021-10-15,4,FA,1468,4914,NN,Semillas,Fuerza Total,Soja,3700.0,2021
2021-10-06,378684,448.0,2021-10-14,1946,2021-10-15,4,FA,1468,4914,NN,Semillas,Fuerza Total,Soja,3700.0,2021
2021-10-06,378685,448.0,2021-10-14,1945,2021-10-15,4,FA,1468,4914,NN,Semillas,Fuerza Total,Soja,3700.0,2021
2021-10-07,378686,450.0,2021-10-13,1940,2021-10-14,4,FA,1463,4920,NN,Semillas,Fuerza Total,Soja,3700.0,2021
2021-10-06,378687,447.0,2021-10-14,1948,2021-10-15,4,FA,1469,1897,NN,Semillas,Soja,Soja,2800.0,2021
2021-10-07,378688,450.0,2021-10-13,1939,2021-10-14,4,FA,1463,4920,NN,Semillas,Fuerza Total Curado,Soja,4200.0,2021
2021-10-07,378689,451.0,2021-10-13,1942,2021-10-14,4,FA,1462,4921,NN,Semillas,Fuerza Total,Soja,3700.0,2021
2021-10-06,378690,447.0,2021-10-13,1943,2021-10-14,4,FA,1465,1897,NN,Semillas,Soja,Soja,2800.0,2021
2021-10-07,378691,451.0,2021-10-13,1941,2021-10-14,4,FA,1462,4921,NN,Semillas,Fuerza Total Curado,Soja,4200.0,2021
2021-10-05,378692,445.0,2021-10-06,1913,2021-10-07,4,FA,1452,109,NN,Semillas,Soja,Soja,1700.0,2021
2021-10-05,378693,445.0,2021-10-06,1912,2021-10-07,4,FA,1452,109,NN,Semillas,Soja,Soja,1700.0,2021
2021-10-05,378694,445.0,2021-10-06,1911,2021-10-07,4,FA,1452,109,NN,Semillas,Soja,Soja,1700.0,2021
2021-10-05,378695,445.0,2021-10-06,1910,2021-10-07,4,FA,1452,109,NN,Semillas,Soja,Soja,1700.0,2021
2021-10-05,378696,445.0,2021-10-06,1909,2021-10-07,4,FA,1452,109,NN,Semillas,Soja,Soja,1700.0,2021
2021-10-05,378697,445.0,2021-10-06,1908,2021-10-07,4,FA,1452,109,NN,Semillas,Soja,Soja,1700.0,2021
2021-10-05,378698,445.0,2021-10-06,1907,2021-10-07,4,FA,1452,109,NN,Semillas,Soja,Soja,1700.0,2021
2021-10-05,378699,446.0,2021-10-14,1950,2021-10-15,4,FA,1466,4913,NN,Semillas,Soja,Soja,2800.0,2021
2021-10-05,378700,446.0,2021-10-14,1949,2021-10-15,4,FA,1466,4913,NN,Semillas,Soja,Soja,2800.0,2021
2021-10-07,378812,452.0,2021-10-15,1953,2021-10-19,4,FA,1472,4557,NN,Semillas,Soja,Soja,2800.0,2021
2021-10-07,378813,452.0,2021-10-15,1952,2021-10-19,4,FA,1472,4557,NN,Semillas,Soja,Soja,2800.0,2021
2021-10-12,378814,453.0,2021-10-20,1956,2021-10-21,4,FA,1477,1930,NN,Semillas,Fuerza Total Curado,Soja,5000.0,2021
2021-10-12,378815,453.0,2021-10-20,1955,2021-10-21,4,FA,1477,1930,NN,Semillas,Fuerza Total Curado,Soja,5000.0,2021
2021-10-12,378816,453.0,2021-10-20,1954,2021-10-21,4,FA,1477,1930,NN,Semillas,Fuerza Total Curado,Soja,5000.0,2021
2021-10-13,378829,455.0,2021-10-21,1961,2021-10-21,4,FA,1478,1779,NN,Semillas,Fuerza Total,Soja,3700.0,2021
2021-10-13,378830,455.0,2021-10-21,1960,2021-10-21,4,FA,1478,1779,NN,Semillas,Fuerza Total,Soja,3700.0,2021
2021-10-13,378831,455.0,2021-10-21,1959,2021-10-21,4,FA,1478,1779,NN,Semillas,Fuerza Total,Soja,3700.0,2021
2021-10-13,378832,455.0,2021-10-21,1958,2021-10-21,4,FA,1478,1779,NN,Semillas,Fuerza Total,Soja,3700.0,2021
2021-10-13,378833,455.0,2021-10-21,1957,2021-10-21,4,FA,1478,1779,NN,Semillas,Fuerza Total,Soja,3700.0,2021
2021-10-15,378834,462.0,2021-10-22,1963,2021-10-25,4,FB,35,4923,NN,Semillas,Fuerza Total,Soja,3700.0,2021
2021-10-15,378835,462.0,2021-10-22,1962,2021-10-25,4,FB,35,4923,NN,Semillas,Fuerza Total,Soja,3700.0,2021
2021-10-14,378840,457.0,2021-10-22,1997,2021-10-25,4,FA,1485,4781,NN,Semillas,Soja,Soja,3500.0,2021
2021-10-14,378842,457.0,2021-10-22,1996,2021-10-25,4,FA,1485,4781,NN,Semillas,Soja,Soja,3500.0,2021
2021-10-14,378843,457.0,2021-10-22,1995,2021-10-25,4,FA,1485,4781,NN,Semillas,Soja,Soja,3500.0,2021
2021-10-14,378844,457.0,2021-10-22,1994,2021-10-25,4,FA,1485,4781,NN,Semillas,Soja,Soja,3500.0,2021
2021-10-14,378845,458.0,2021-10-22,1993,2021-10-25,4,FA,1481,1084,NN,Semillas,Fuerza Total,Soja,3700.0,2021
2021-10-15,378846,459.0,2021-10-22,1988,2021-11-01,4,FA,1505,392,NN,Semillas,Soja,Soja,2800.0,2021
2021-10-15,378847,459.0,2021-10-22,1987,2021-11-01,4,FA,1505,392,NN,Semillas,Soja,Soja,2800.0,2021
2021-10-15,378848,459.0,2021-10-22,1986,2021-11-01,4,FA,1505,392,NN,Semillas,Soja,Soja,2800.0,2021
2021-10-15,378849,459.0,2021-10-22,1985,2021-11-01,4,FA,1505,392,NN,Semillas,Soja,Soja,2800.0,2021
2021-10-15,378850,459.0,2021-10-22,1984,2021-11-01,4,FA,1505,392,NN,Semillas,Soja,Soja,2800.0,2021
2021-10-15,378851,459.0,2021-10-22,1983,2021-11-01,4,FA,1505,392,NN,Semillas,Soja,Soja,2800.0,2021
2021-10-15,378852,459.0,2021-10-22,1982,2021-11-01,4,FA,1505,392,NN,Semillas,Soja,Soja,2800.0,2021
2021-10-15,378853,459.0,2021-10-22,1981,2021-11-01,4,FA,1505,392,NN,Semillas,Soja,Soja,2800.0,2021
2021-10-15,378854,459.0,2021-10-22,1980,2021-11-01,4,FA,1505,392,NN,Semillas,Soja,Soja,2800.0,2021
2021-10-15,378855,459.0,2021-10-22,1979,2021-11-01,4,FA,1505,392,NN,Semillas,Soja,Soja,2800.0,2021
2021-10-15,378856,459.0,2021-10-22,1978,2021-11-01,4,FA,1505,392,NN,Semillas,Soja,Soja,2800.0,2021
2021-10-15,378857,459.0,2021-10-22,1977,2021-11-01,4,FA,1505,392,NN,Semillas,Soja,Soja,2800.0,2021
2021-10-15,378858,459.0,2021-10-22,1976,2021-11-01,4,FA,1505,392,NN,Semillas,Soja,Soja,2800.0,2021
2021-10-15,378859,459.0,2021-10-22,1975,2021-11-01,4,FA,1505,392,NN,Semillas,Soja,Soja,2800.0,2021
2021-10-15,378860,459.0,2021-10-22,1974,2021-11-01,4,FA,1505,392,NN,Semillas,Soja,Soja,2800.0,2021
2021-10-15,378861,459.0,2021-10-22,1973,2021-11-01,4,FA,1505,392,NN,Semillas,Soja,Soja,2800.0,2021
2021-10-15,378862,459.0,2021-10-22,1972,2021-11-01,4,FA,1505,392,NN,Semillas,Soja,Soja,2800.0,2021
2021-10-15,378863,459.0,2021-10-22,1971,2021-11-01,4,FA,1505,392,NN,Semillas,Soja,Soja,2800.0,2021
2021-10-15,378864,459.0,2021-10-22,1970,2021-11-01,4,FA,1505,392,NN,Semillas,Soja,Soja,2800.0,2021
2021-10-15,378865,459.0,2021-10-22,1969,2021-11-01,4,FA,1505,392,NN,Semillas,Soja,Soja,2800.0,2021
2021-10-15,378866,460.0,2021-10-22,1992,2021-11-01,4,FA,1505,392,NN,Semillas,Semilla Vital Para Soja,Soja,5100.0,2021
2021-10-15,378867,460.0,2021-10-22,1991,2021-11-01,4,FA,1505,392,NN,Semillas,Semilla Vital Para Soja,Soja,5100.0,2021
2021-10-20,378868,472.0,2021-10-22,1990,2021-10-25,4,FA,1483,2090,NN,Semillas,Fuerza Total,Soja,3700.0,2021
2021-10-20,378869,472.0,2021-10-22,1989,2021-10-25,4,FA,1483,2090,NN,Semillas,Fuerza Total,Soja,3700.0,2021
2021-10-15,378870,461.0,2021-10-22,1968,2021-10-25,4,FA,1487,2835,NN,Semillas,Semilla Vital,Maíz,5100.0,2021
2021-10-15,378871,461.0,2021-10-22,1967,2021-10-25,4,FA,1487,2835,NN,Semillas,Semilla Vital,Maíz,5100.0,2021
2021-10-15,378872,461.0,2021-10-22,1966,2021-10-25,4,FA,1487,2835,NN,Semillas,Semilla Vital,Maíz,5100.0,2021
2021-10-15,378873,461.0,2021-10-22,1965,2021-10-25,4,FA,1487,2835,NN,Semillas,Semilla Vital,Maíz,5100.0,2021
2021-10-15,378874,461.0,2021-10-22,1964,2021-10-25,4,FA,1487,2835,NN,Semillas,Semilla Vital,Maíz,5100.0,2021
2021-10-18,379027,463.0,2021-10-26,1998,2021-10-27,4,FA,1490,4557,NN,Semillas,Soja,Soja,2800.0,2021
2021-10-18,379028,464.0,2021-10-26,2003,2021-10-27,4,FA,1492,670,NN,Semillas,Soja,Soja,2800.0,2021
2021-10-18,379029,464.0,2021-10-26,2002,2021-10-27,4,FA,1492,670,NN,Semillas,Soja,Soja,2800.0,2021
2021-10-18,379030,464.0,2021-10-26,2001,2021-10-27,4,FA,1492,670,NN,Semillas,Soja,Soja,2800.0,2021
2021-10-18,379031,464.0,2021-10-26,2000,2021-10-27,4,FA,1492,670,NN,Semillas,Soja,Soja,2800.0,2021
2021-10-18,379032,464.0,2021-10-26,1999,2021-10-27,4,FA,1492,670,NN,Semillas,Soja,Soja,2800.0,2021
2021-10-20,379036,473.0,2021-10-26,2011,2021-10-27,4,FA,1493,2342,NN,Semillas,Convenio Syngenta Soja Completo,Soja,3300.0,2021
2021-10-20,379037,473.0,2021-10-26,2010,2021-10-27,4,FA,1493,2342,NN,Semillas,Convenio Syngenta Soja Completo,Soja,3300.0,2021
2021-10-20,379038,473.0,2021-10-26,2009,2021-10-27,4,FA,1493,2342,NN,Semillas,Convenio Syngenta Soja Completo,Soja,3300.0,2021
2021-10-20,379039,473.0,2021-10-26,2008,2021-10-27,4,FA,1493,2342,NN,Semillas,Convenio Syngenta Soja Completo,Soja,3300.0,2021
2021-10-20,379040,473.0,2021-10-26,2007,2021-10-27,4,FA,1493,2342,NN,Semillas,Convenio Syngenta Soja Completo,Soja,3300.0,2021
2021-10-20,379041,473.0,2021-10-26,2006,2021-10-27,4,FA,1493,2342,NN,Semillas,Convenio Syngenta Soja Completo,Soja,3300.0,2021
2021-10-20,379042,473.0,2021-10-26,2005,2021-10-27,4,FA,1493,2342,NN,Semillas,Convenio Syngenta Soja Completo,Soja,3300.0,2021
2021-10-20,379043,473.0,2021-10-26,2004,2021-10-27,4,FA,1493,2342,NN,Semillas,Convenio Syngenta Soja Completo,Soja,3300.0,2021
2021-10-19,379044,465.0,2021-11-17,2081,2021-11-18,4,FA,1550,2132,NN,Semillas,Panicum Coloratum,Panicum Coloratum,3500.0,2021
2021-10-19,379045,465.0,2021-11-17,2080,2021-11-18,4,FA,1550,2132,NN,Semillas,Panicum Coloratum,Panicum Coloratum,3500.0,2021
2021-10-19,379046,466.0,2021-10-28,2021,2021-10-29,4,FA,1499,3875,NN,Semillas,Poder + Peso,Soja,3700.0,2021
2021-10-19,379047,466.0,2021-10-28,2020,2021-10-29,4,FA,1499,3875,NN,Semillas,Poder + Peso,Soja,3700.0,2021
2021-10-19,379048,466.0,2021-10-28,2019,2021-10-29,4,FA,1499,3875,NN,Semillas,Poder + Peso,Soja,3700.0,2021
2021-10-19,379049,467.0,2021-10-28,2018,2021-10-29,4,FA,1498,4758,NN,Semillas,Soja,Soja,3500.0,2021
2021-10-19,379050,468.0,2021-10-28,2017,2021-10-29,4,FA,1494,4339,NN,Semillas,Poder + Peso,Soja,3700.0,2021
2021-10-19,379051,469.0,2021-10-28,2016,2021-10-29,4,FA,1496,4216,NN,Semillas,Fuerza Total,Soja,3700.0,2021
2021-10-19,379052,469.0,2021-10-28,2015,2021-10-29,4,FA,1496,4216,NN,Semillas,Fuerza Total,Soja,3700.0,2021
2021-10-19,379053,469.0,2021-10-28,2014,2021-10-29,4,FA,1496,4216,NN,Semillas,Fuerza Total,Soja,3700.0,2021
2021-10-19,379054,470.0,2021-10-28,2013,2021-10-29,4,FA,1495,3225,NN,Semillas,Doble Poder,Soja,5000.0,2021
2021-10-19,379080,471.0,2021-10-28,2012,2021-10-29,4,FA,1497,3920,NN,Semillas,Fuerza Total Curado,Soja,4200.0,2021
2021-10-21,379185,474.0,2021-11-02,2035,2021-11-02,4,FA,1509,392,NN,Semillas,Cold Test,Soja,5000.0,2021
2021-10-21,379186,474.0,2021-10-29,2024,2021-11-01,4,FA,1505,392,NN,Semillas,Semilla Vital Para Soja,Soja,5100.0,2021
2021-10-21,379187,474.0,2021-11-02,2034,2021-11-02,4,FA,1509,392,NN,Semillas,Cold Test,Soja,5000.0,2021
2021-10-21,379188,474.0,2021-10-29,2023,2021-11-01,4,FA,1505,392,NN,Semillas,Semilla Vital Para Soja,Soja,5100.0,2021
2021-10-21,379189,474.0,2021-11-02,2033,2021-11-02,4,FA,1509,392,NN,Semillas,Cold Test,Soja,5000.0,2021
2021-10-21,379190,474.0,2021-10-29,2022,2021-11-01,4,FA,1505,392,NN,Semillas,Semilla Vital Para Soja,Soja,5100.0,2021
2021-10-21,379191,475.0,2021-10-29,2032,2021-11-01,4,FA,1504,4557,NN,Semillas,Soja,Soja,2800.0,2021
2021-10-22,379196,476.0,2021-10-29,2031,2021-11-01,4,FA,1501,2853,NN,Semillas,Doble Poder,Soja,6700.0,2021
2021-10-22,379197,476.0,2021-10-29,2030,2021-11-01,4,FA,1501,2853,NN,Semillas,Doble Poder,Soja,6700.0,2021
2021-10-22,379198,476.0,2021-10-29,2029,2021-11-01,4,FA,1501,2853,NN,Semillas,Doble Poder,Soja,6700.0,2021
2021-10-22,379199,476.0,2021-10-29,2028,2021-11-01,4,FA,1501,2853,NN,Semillas,Doble Poder,Soja,6700.0,2021
2021-10-22,379206,477.0,2021-10-29,2027,2021-11-01,4,FA,1503,3277,NN,Semillas,Soja,Soja,2800.0,2021
2021-10-22,379207,477.0,2021-10-29,2026,2021-11-01,4,FA,1503,3277,NN,Semillas,Soja,Soja,2800.0,2021
2021-10-22,379208,477.0,2021-10-29,2025,2021-11-01,4,FA,1503,3277,NN,Semillas,Soja,Soja,2800.0,2021
2021-10-25,379213,478.0,2021-11-02,2037,2021-11-04,4,FA,1511,2257,NN,Semillas,Fuerza Total Curado,Soja,4200.0,2021
2021-10-25,379214,478.0,2021-11-02,2036,2021-11-04,4,FA,1511,2257,NN,Semillas,Fuerza Total Curado,Soja,4200.0,2021
2021-10-26,379215,479.0,2021-11-02,2038,2021-11-04,4,FA,1510,2406,NN,Semillas,Soja,Soja,2800.0,2021
2021-10-26,379216,479.0,2021-11-08,2051,2021-11-09,4,FA,1522,2406,NN,Semillas,Sorgo,Sorgo,2800.0,2021
2021-10-27,379230,480.0,2021-11-04,2040,2021-11-05,4,FA,1514,772,NN,Semillas,Fuerza Total,Soja,5400.0,2021
2021-10-27,379231,481.0,2021-11-04,2045,2021-11-05,4,FA,1515,392,NN,Semillas,Soja,Soja,2800.0,2021
2021-10-27,379232,481.0,2021-11-04,2044,2021-11-05,4,FA,1515,392,NN,Semillas,Soja,Soja,2800.0,2021
2021-10-27,379233,481.0,2021-11-04,2043,2021-11-05,4,FA,1515,392,NN,Semillas,Soja,Soja,2800.0,2021
2021-10-27,379234,481.0,2021-11-04,2042,2021-11-05,4,FA,1515,392,NN,Semillas,Soja,Soja,2800.0,2021
2021-10-27,379235,481.0,2021-11-04,2041,2021-11-05,4,FA,1515,392,NN,Semillas,Soja,Soja,2800.0,2021
2021-10-27,379236,482.0,2021-11-04,2039,2021-11-05,4,FA,1515,392,NN,Semillas,Convenio Syngenta Soja Completo,Soja,3300.0,2021
2021-10-29,379442,483.0,2021-11-05,2050,2021-11-05,4,FA,1519,960,NN,Semillas,Fuerza Total,Soja,5400.0,2021
2021-10-29,379449,484.0,2021-11-05,2049,2021-11-05,4,FA,1516,3299,NN,Semillas,Doble Poder,Soja,6700.0,2021
2021-11-01,379450,485.0,2021-11-05,2048,2021-11-05,4,FA,1517,691,NN,Semillas,Fuerza Total,Soja,3700.0,2021
2021-11-01,379451,485.0,2021-11-05,2047,2021-11-05,4,FA,1517,691,NN,Semillas,Fuerza Total,Soja,3700.0,2021
2021-11-01,379452,485.0,2021-11-05,2046,2021-11-05,4,FA,1517,691,NN,Semillas,Fuerza Total,Soja,3700.0,2021
2021-11-01,379455,486.0,2021-11-09,2053,2021-11-10,4,FA,1523,1632,NN,Semillas,Fuerza Total Curado,Soja,4200.0,2021
2021-11-01,379456,486.0,2021-11-09,2052,2021-11-10,4,FA,1523,1632,NN,Semillas,Fuerza Total Curado,Soja,4200.0,2021
2021-11-19,379465,510.0,2021-11-26,2108,2021-11-29,4,FA,1567,1660,NN,Semillas,Soja,Soja,2800.0,2021
2021-11-02,379466,487.0,2021-11-10,2055,2021-11-11,4,FA,1527,4849,NN,Semillas,Fuerza Total,Soja,5400.0,2021
2021-11-02,379509,488.0,2021-11-10,2054,2021-11-11,4,FA,1525,2861,NN,Semillas,Fuerza Total,Soja,3700.0,2021
2021-11-03,379512,489.0,2021-11-30,2109,2021-12-02,4,FB,38,3577,NN,Semillas,Pack Integral,Gramon,6100.0,2021
2021-11-03,379515,490.0,2021-11-11,2064,2021-11-15,4,FA,1535,2375,NN,Semillas,Soja,Soja,2800.0,2021
2021-11-03,379516,490.0,2021-11-11,2063,2021-11-15,4,FA,1535,2375,NN,Semillas,Soja,Soja,2800.0,2021
2021-11-03,379517,490.0,2021-11-11,2062,2021-11-15,4,FA,1535,2375,NN,Semillas,Soja,Soja,2800.0,2021
2021-11-03,379518,490.0,2021-11-11,2061,2021-11-15,4,FA,1535,2375,NN,Semillas,Soja,Soja,2800.0,2021
2021-11-03,379519,490.0,2021-11-11,2060,2021-11-15,4,FA,1535,2375,NN,Semillas,Soja,Soja,2800.0,2021
2021-11-03,379520,490.0,2021-11-11,2059,2021-11-15,4,FA,1535,2375,NN,Semillas,Soja,Soja,2800.0,2021
2021-11-03,379521,491.0,2021-11-11,2058,2021-11-15,4,FA,1534,4557,NN,Semillas,Soja,Soja,2800.0,2021
2021-11-03,379522,491.0,2021-11-11,2057,2021-11-15,4,FA,1534,4557,NN,Semillas,Soja,Soja,2800.0,2021
2021-11-04,379668,492.0,2021-11-12,2066,2021-11-15,4,FA,1533,921,NN,Semillas,Soja,Soja,2800.0,2021
2021-11-04,379669,492.0,2021-11-12,2065,2021-11-15,4,FA,1533,921,NN,Semillas,Soja,Soja,2800.0,2021
2021-11-05,379670,493.0,2021-11-12,2067,2021-11-15,4,FA,1530,4557,NN,Semillas,Soja,Soja,2800.0,2021
2021-11-08,379671,494.0,2021-11-16,2069,2021-11-16,4,FA,1540,908,NN,Semillas,Fuerza Total Curado,Soja,4200.0,2021
2021-11-08,379672,494.0,2021-11-16,2068,2021-11-16,4,FA,1540,908,NN,Semillas,Fuerza Total Curado,Soja,4200.0,2021
2021-11-08,379675,495.0,2021-11-16,2070,2021-11-16,4,FA,1543,4765,NN,Semillas,Doble Poder,Soja,6700.0,2021
2021-11-08,379676,496.0,2021-11-16,2071,2021-11-16,4,FA,1542,4766,NN,Semillas,Doble Poder,Soja,6700.0,2021
2021-11-09,379677,497.0,2021-11-17,2074,2021-11-18,4,FA,1544,392,NN,Semillas,Semilla Vital Para Soja,Soja,5100.0,2021
2021-11-09,379678,497.0,2021-11-17,2073,2021-11-18,4,FA,1544,392,NN,Semillas,Semilla Vital Para Soja,Soja,5100.0,2021
2021-11-09,379679,497.0,2021-11-17,2072,2021-11-18,4,FA,1544,392,NN,Semillas,Semilla Vital Para Soja,Soja,5100.0,2021
2021-11-09,379680,498.0,2021-11-17,2079,2021-11-18,4,FA,1544,392,NN,Semillas,Soja,Soja,2800.0,2021
2021-11-09,379681,498.0,2021-11-17,2078,2021-11-18,4,FA,1544,392,NN,Semillas,Soja,Soja,2800.0,2021
2021-11-09,379682,498.0,2021-11-17,2077,2021-11-18,4,FA,1544,392,NN,Semillas,Soja,Soja,2800.0,2021
2021-11-09,379683,498.0,2021-11-17,2076,2021-11-18,4,FA,1544,392,NN,Semillas,Soja,Soja,2800.0,2021
2021-11-09,379690,499.0,2021-11-17,2075,2021-11-18,4,FA,1549,2308,NN,Semillas,Doble Poder,Soja,5850.0,2021
2021-11-10,379693,500.0,2021-11-18,2087,2021-11-23,4,FA,1551,392,NN,Semillas,Semilla Vital Para Soja,Soja,5100.0,2021
2021-11-10,379694,500.0,2021-11-18,2086,2021-11-23,4,FA,1551,392,NN,Semillas,Semilla Vital Para Soja,Soja,5100.0,2021
2021-11-10,379695,500.0,2021-11-18,2085,2021-11-23,4,FA,1551,392,NN,Semillas,Semilla Vital Para Soja,Soja,5100.0,2021
2021-11-10,379696,501.0,2021-11-18,2084,2021-11-23,4,FA,1551,392,NN,Semillas,Soja,Soja,2800.0,2021
2021-11-10,379697,501.0,2021-11-18,2083,2021-11-23,4,FA,1551,392,NN,Semillas,Soja,Soja,2800.0,2021
2021-11-10,379698,501.0,2021-11-18,2082,2021-11-23,4,FA,1551,392,NN,Semillas,Soja,Soja,2800.0,2021
2021-11-10,379699,489.0,2021-11-10,2056,2021-11-11,4,FB,36,3577,NN,Semillas,Gramon,Gramon,3500.0,2021
2021-11-16,379739,506.0,2021-11-25,2103,2021-11-29,4,FA,1574,4938,NN,Semillas,Fuerza Total Curado,Soja,4200.0,2021
2021-11-12,379740,503.0,2021-11-18,2088,2021-11-25,4,FA,1557,2795,NN,Semillas,Convenio Syngenta Soja Completo,Soja,3300.0,2021
2021-11-12,379741,502.0,2021-11-19,2099,2021-11-24,4,FA,1555,522,NN,Semillas,Convenio Syngenta Soja Completo,Soja,3300.0,2021
2021-11-12,379742,502.0,2021-11-19,2098,2021-11-24,4,FA,1555,522,NN,Semillas,Convenio Syngenta Soja Completo,Soja,3300.0,2021
2021-11-12,379743,502.0,2021-11-19,2097,2021-11-24,4,FA,1555,522,NN,Semillas,Convenio Syngenta Soja Completo,Soja,3300.0,2021
2021-11-12,379744,502.0,2021-11-19,2096,2021-11-24,4,FA,1555,522,NN,Semillas,Convenio Syngenta Soja Completo,Soja,3300.0,2021
2021-11-12,379745,502.0,2021-11-19,2095,2021-11-24,4,FA,1555,522,NN,Semillas,Convenio Syngenta Soja Completo,Soja,3300.0,2021
2021-11-12,379746,502.0,2021-11-19,2094,2021-11-24,4,FA,1555,522,NN,Semillas,Convenio Syngenta Soja Completo,Soja,3300.0,2021
2021-11-12,379747,502.0,2021-11-19,2093,2021-11-24,4,FA,1555,522,NN,Semillas,Convenio Syngenta Soja Completo,Soja,3300.0,2021
2021-11-12,379748,502.0,2021-11-19,2092,2021-11-24,4,FA,1555,522,NN,Semillas,Convenio Syngenta Soja Completo,Soja,3300.0,2021
2021-11-12,379749,502.0,2021-11-19,2091,2021-11-24,4,FA,1555,522,NN,Semillas,Convenio Syngenta Soja Completo,Soja,3300.0,2021
2021-11-12,379750,502.0,2021-11-19,2090,2021-11-24,4,FA,1555,522,NN,Semillas,Convenio Syngenta Soja Completo,Soja,3300.0,2021
2021-11-12,379751,502.0,2021-11-19,2089,2021-11-24,4,FA,1555,522,NN,Semillas,Convenio Syngenta Soja Completo,Soja,3300.0,2021
2021-11-16,379763,504.0,2021-11-23,2101,2021-11-25,4,FA,1559,1171,NN,Semillas,Poroto,Poroto,3500.0,2021
2021-11-16,379764,504.0,2021-11-23,2100,2021-11-25,4,FA,1559,1171,NN,Semillas,Poroto,Poroto,3500.0,2021
2021-11-16,379765,505.0,2021-11-26,2104,2021-11-29,4,FA,1566,4528,NN,Semillas,Fuerza Total,Alfalfa,3700.0,2021
2021-11-18,379798,507.0,2021-11-26,2106,2021-11-29,4,FA,1568,4763,NN,Semillas,Soja,Soja,2800.0,2021
2021-11-18,379799,507.0,2021-11-26,2105,2021-11-29,4,FA,1568,4763,NN,Semillas,Soja,Soja,2800.0,2021
2021-11-18,379803,508.0,2021-11-25,2102,2021-11-29,4,FA,1573,4528,NN,Semillas,Maíz,Maíz,2800.0,2021
2021-11-18,379863,509.0,2021-11-26,2107,2021-11-29,4,FA,1565,392,NN,Semillas,Semilla Vital Para Soja,Soja,5100.0,2021
2021-11-23,379896,511.0,2021-12-01,2110,2021-12-02,4,FA,1585,4464,NN,Semillas,¿Cuántos Kilos Siembro?,Soja,5600.0,2021
2021-11-23,379906,512.0,2021-12-01,2113,2021-12-02,4,FA,1584,2555,NN,Semillas,Fuerza Total,Soja,3700.0,2021
2021-11-23,379907,512.0,2021-12-01,2112,2021-12-02,4,FA,1584,2555,NN,Semillas,Fuerza Total,Soja,3700.0,2021
2021-11-23,379908,512.0,2021-12-01,2111,2021-12-02,4,FA,1584,2555,NN,Semillas,Fuerza Total,Soja,3700.0,2021
2021-11-26,380040,514.0,2021-12-06,2141,2021-12-07,4,FA,1597,4943,NN,Semillas,Trigo,Trigo,2800.0,2021
2021-11-26,380041,514.0,2021-12-01,2114,2021-12-02,4,FA,1586,4943,NN,Semillas,Fuerza Total,Maíz,3700.0,2021
2021-11-25,380073,513.0,2021-12-03,2135,2021-12-03,4,FA,1588,392,NN,Semillas,Soja,Soja,2800.0,2021
2021-11-25,380074,513.0,2021-12-03,2134,2021-12-03,4,FA,1588,392,NN,Semillas,Soja,Soja,2800.0,2021
2021-11-25,380075,513.0,2021-12-03,2133,2021-12-03,4,FA,1588,392,NN,Semillas,Soja,Soja,2800.0,2021
2021-11-25,380076,513.0,2021-12-03,2132,2021-12-03,4,FA,1588,392,NN,Semillas,Soja,Soja,2800.0,2021
2021-11-25,380077,513.0,2021-12-03,2131,2021-12-03,4,FA,1588,392,NN,Semillas,Soja,Soja,2800.0,2021
2021-11-25,380078,513.0,2021-12-03,2130,2021-12-03,4,FA,1588,392,NN,Semillas,Soja,Soja,2800.0,2021
2021-11-25,380079,513.0,2021-12-03,2129,2021-12-03,4,FA,1588,392,NN,Semillas,Soja,Soja,2800.0,2021
2021-11-25,380080,513.0,2021-12-03,2128,2021-12-03,4,FA,1588,392,NN,Semillas,Soja,Soja,2800.0,2021
2021-11-25,380081,513.0,2021-12-03,2127,2021-12-03,4,FA,1588,392,NN,Semillas,Soja,Soja,2800.0,2021
2021-11-25,380082,513.0,2021-12-03,2126,2021-12-03,4,FA,1588,392,NN,Semillas,Soja,Soja,2800.0,2021
2021-11-25,380083,513.0,2021-12-03,2125,2021-12-03,4,FA,1588,392,NN,Semillas,Soja,Soja,2800.0,2021
2021-11-25,380084,513.0,2021-12-03,2124,2021-12-03,4,FA,1588,392,NN,Semillas,Soja,Soja,2800.0,2021
2021-11-25,380085,513.0,2021-12-03,2123,2021-12-03,4,FA,1588,392,NN,Semillas,Soja,Soja,2800.0,2021
2021-11-25,380086,513.0,2021-12-03,2122,2021-12-03,4,FA,1588,392,NN,Semillas,Soja,Soja,2800.0,2021
2021-11-25,380087,513.0,2021-12-03,2121,2021-12-03,4,FA,1588,392,NN,Semillas,Soja,Soja,2800.0,2021
2021-11-25,380088,513.0,2021-12-03,2120,2021-12-03,4,FA,1588,392,NN,Semillas,Soja,Soja,2800.0,2021
2021-11-25,380089,513.0,2021-12-03,2119,2021-12-03,4,FA,1588,392,NN,Semillas,Soja,Soja,2800.0,2021
2021-11-25,380090,513.0,2021-12-03,2118,2021-12-03,4,FA,1588,392,NN,Semillas,Soja,Soja,2800.0,2021
2021-11-25,380091,513.0,2021-12-03,2117,2021-12-03,4,FA,1588,392,NN,Semillas,Soja,Soja,2800.0,2021
2021-11-26,380103,517.0,2021-12-15,2152,2021-12-15,4,FA,1619,4945,NN,Semillas,Fuerza Total Megatérmicas,Grama Rhodes,3300.0,2021
2021-11-26,380104,517.0,2021-12-15,2151,2021-12-15,4,FA,1619,4945,NN,Semillas,Fuerza Total Megatérmicas,Grama Rhodes,3300.0,2021
2021-11-26,380105,515.0,2021-12-13,2149,2021-12-14,4,FA,1612,4329,NN,Semillas,Vicia,Vicia,2800.0,2021
2021-11-26,380106,515.0,2021-12-13,2148,2021-12-14,4,FA,1612,4329,NN,Semillas,Vicia,Vicia,2800.0,2021
2021-11-26,380107,516.0,2021-12-13,2147,2021-12-14,4,FA,1611,4557,NN,Semillas,Vicia,Vicia,2800.0,2021
2021-11-26,380108,516.0,2021-12-07,2143,2021-12-14,4,FA,1611,4557,NN,Semillas,Trigo,Trigo,2800.0,2021
2021-11-26,380109,516.0,2021-12-07,2142,2021-12-14,4,FA,1611,4557,NN,Semillas,Trigo,Trigo,2800.0,2021
2021-11-26,380224,518.0,2021-12-03,2116,2021-12-03,4,FA,1588,392,NN,Semillas,Semilla Vital Para Soja,Soja,5100.0,2021
2021-11-26,380225,518.0,2021-12-03,2115,2021-12-03,4,FA,1588,392,NN,Semillas,Semilla Vital Para Soja,Soja,5100.0,2021
2021-11-26,380226,519.0,2021-12-07,2144,2021-12-14,4,FA,1610,4939,NN,Semillas,Trigo,Trigo,2800.0,2021
2021-11-29,380227,520.0,2021-12-06,2140,2021-12-07,4,FA,1595,1856,NN,Semillas,Poroto Mung,Poroto Mung,2800.0,2021
2021-11-29,380228,520.0,2021-12-06,2138,2021-12-07,4,FA,1595,1856,NN,Semillas,Poroto Mung,Poroto Mung,2800.0,2021
2021-11-29,380232,521.0,2021-12-06,2137,2021-12-07,4,FA,1598,4237,NN,Semillas,Convenio Syngenta Soja Completo,Soja,3300.0,2021
2021-11-29,380233,521.0,2021-12-06,2136,2021-12-07,4,FA,1598,4237,NN,Semillas,Convenio Syngenta Soja Completo,Soja,3300.0,2021
2021-11-29,380234,521.0,2021-12-06,2139,2021-12-07,4,FA,1598,4237,NN,Semillas,Convenio Syngenta Soja Completo,Soja,3300.0,2021
2021-11-30,380236,522.0,2021-12-07,2146,2021-12-14,4,FA,1610,4939,NN,Semillas,Fuerza Total,Maíz,3700.0,2021
2021-11-30,380237,522.0,2021-12-07,2145,2021-12-14,4,FA,1610,4939,NN,Semillas,Fuerza Total,Maíz,3700.0,2021
2021-11-30,380238,523.0,2021-12-15,2154,2021-12-17,4,FA,1628,4946,NN,Semillas,Fuerza Total,Centeno,6200.0,2021
2021-11-30,380239,523.0,2021-12-15,2153,2021-12-17,4,FA,1628,4946,NN,Semillas,Fuerza Total,Centeno,6200.0,2021
2021-12-07,380604,525.0,2021-12-15,2150,2021-12-15,4,FA,1616,4281,NN,Semillas,Soja,Soja,2800.0,2021
2021-12-09,380770,526.0,2021-12-16,2155,2021-12-17,4,FA,1625,4281,NN,Semillas,Soja,Soja,2800.0,2021
2021-12-09,380869,528.0,2021-12-16,2162,2021-12-17,4,FA,1625,4281,NN,Semillas,Maíz,Maíz,2800.0,2021
2021-12-09,380870,528.0,2021-12-16,2161,2021-12-17,4,FA,1625,4281,NN,Semillas,Maíz,Maíz,2800.0,2021
2021-12-09,380871,528.0,2021-12-16,2160,2021-12-17,4,FA,1625,4281,NN,Semillas,Maíz,Maíz,2800.0,2021
2021-12-09,380872,528.0,2021-12-16,2159,2021-12-17,4,FA,1625,4281,NN,Semillas,Maíz,Maíz,2800.0,2021
2021-12-09,380873,528.0,2021-12-16,2158,2021-12-17,4,FA,1625,4281,NN,Semillas,Maíz,Maíz,2800.0,2021
2021-12-09,380874,528.0,2021-12-16,2157,2021-12-17,4,FA,1625,4281,NN,Semillas,Maíz,Maíz,2800.0,2021
2021-12-09,380875,528.0,2021-12-16,2156,2021-12-17,4,FA,1625,4281,NN,Semillas,Maíz,Maíz,2800.0,2021
2021-12-16,381256,529.0,2021-12-23,2167,2021-12-27,4,FA,1638,392,NN,Semillas,Soja,Soja,2800.0,2021
2021-12-16,381257,529.0,2021-12-23,2166,2021-12-27,4,FA,1638,392,NN,Semillas,Soja,Soja,2800.0,2021
2021-12-20,381388,530.0,2022-01-20,2211,2022-01-24,4,FA,1683,4945,NN,Semillas,Fuerza Total Megatérmicas,Buffel Grass,4100.0,2021
2021-12-20,381389,530.0,2022-01-20,2210,2022-01-24,4,FA,1683,4945,NN,Semillas,Fuerza Total Megatérmicas,Buffel Grass,4100.0,2021
2021-12-21,381424,531.0,2022-01-04,2168,2022-01-05,4,FA,1658,1453,NN,Semillas,Fuerza Total,Sorgo,3700.0,2021
2022-01-04,381530,534.0,2022-01-05,2172,2022-01-10,4,FA,1665,392,NN,Semillas,Convenio Syngenta Trigo,Trigo,3300.0,2022
2022-01-04,381531,534.0,2022-01-05,2171,2022-01-10,4,FA,1665,392,NN,Semillas,Convenio Syngenta Trigo,Trigo,3300.0,2022
2022-01-04,381532,534.0,2022-01-05,2170,2022-01-10,4,FA,1665,392,NN,Semillas,Convenio Syngenta Trigo,Trigo,3300.0,2022
2022-01-04,381533,534.0,2022-01-05,2169,2022-01-10,4,FA,1665,392,NN,Semillas,Convenio Syngenta Trigo,Trigo,3300.0,2022
2022-01-03,381703,533.0,2022-01-14,2206,2022-01-17,4,FA,1674,392,NN,Semillas,Trigo,Trigo,3300.0,2022
2022-01-03,381704,533.0,2022-01-14,2205,2022-01-17,4,FA,1674,392,NN,Semillas,Trigo,Trigo,3300.0,2022
2022-01-03,381705,533.0,2022-01-14,2204,2022-01-17,4,FA,1674,392,NN,Semillas,Trigo,Trigo,3300.0,2022
2022-01-03,381706,533.0,2022-01-14,2203,2022-01-17,4,FA,1674,392,NN,Semillas,Trigo,Trigo,3300.0,2022
2022-01-03,381707,533.0,2022-01-14,2202,2022-01-17,4,FA,1674,392,NN,Semillas,Trigo,Trigo,3300.0,2022
2022-01-03,381708,533.0,2022-01-14,2201,2022-01-17,4,FA,1674,392,NN,Semillas,Trigo,Trigo,3300.0,2022
2022-01-03,381709,533.0,2022-01-14,2200,2022-01-17,4,FA,1674,392,NN,Semillas,Trigo,Trigo,3300.0,2022
2022-01-03,381710,533.0,2022-01-14,2199,2022-01-17,4,FA,1674,392,NN,Semillas,Trigo,Trigo,3300.0,2022
2022-01-04,381721,535.0,2022-01-14,2207,2022-01-17,4,FA,1675,835,NN,Semillas,Trigo,Trigo,3300.0,2022
2022-01-04,381732,536.0,2022-01-14,2198,2022-01-17,4,FA,1673,392,NN,Semillas,Convenio Syngenta Trigo,Trigo,3300.0,2022
2022-01-04,381733,536.0,2022-01-14,2197,2022-01-17,4,FA,1673,392,NN,Semillas,Convenio Syngenta Trigo,Trigo,3300.0,2022
2022-01-04,381734,536.0,2022-01-14,2196,2022-01-17,4,FA,1673,392,NN,Semillas,Convenio Syngenta Trigo,Trigo,3300.0,2022
2022-01-04,381735,536.0,2022-01-14,2195,2022-01-17,4,FA,1673,392,NN,Semillas,Convenio Syngenta Trigo,Trigo,3300.0,2022
2022-01-04,381736,536.0,2022-01-14,2194,2022-01-17,4,FA,1673,392,NN,Semillas,Convenio Syngenta Trigo,Trigo,3300.0,2022
2022-01-04,381737,536.0,2022-01-14,2193,2022-01-17,4,FA,1673,392,NN,Semillas,Convenio Syngenta Trigo,Trigo,3300.0,2022
2022-01-04,381738,536.0,2022-01-14,2192,2022-01-17,4,FA,1673,392,NN,Semillas,Convenio Syngenta Trigo,Trigo,3300.0,2022
2022-01-04,381739,536.0,2022-01-14,2191,2022-01-17,4,FA,1673,392,NN,Semillas,Convenio Syngenta Trigo,Trigo,3300.0,2022
2022-01-04,381740,536.0,2022-01-14,2190,2022-01-17,4,FA,1673,392,NN,Semillas,Convenio Syngenta Trigo,Trigo,3300.0,2022
2022-01-04,381741,536.0,2022-01-14,2189,2022-01-17,4,FA,1673,392,NN,Semillas,Convenio Syngenta Trigo,Trigo,3300.0,2022
2022-01-04,381742,536.0,2022-01-14,2188,2022-01-17,4,FA,1673,392,NN,Semillas,Convenio Syngenta Trigo,Trigo,3300.0,2022
2022-01-04,381743,536.0,2022-01-14,2187,2022-01-17,4,FA,1673,392,NN,Semillas,Convenio Syngenta Trigo,Trigo,3300.0,2022
2022-01-04,381744,536.0,2022-01-14,2186,2022-01-17,4,FA,1673,392,NN,Semillas,Convenio Syngenta Trigo,Trigo,3300.0,2022
2022-01-04,381745,536.0,2022-01-14,2185,2022-01-17,4,FA,1673,392,NN,Semillas,Convenio Syngenta Trigo,Trigo,3300.0,2022
2022-01-04,381746,536.0,2022-01-14,2184,2022-01-17,4,FA,1673,392,NN,Semillas,Convenio Syngenta Trigo,Trigo,3300.0,2022
2022-01-04,381747,536.0,2022-01-14,2183,2022-01-17,4,FA,1673,392,NN,Semillas,Convenio Syngenta Trigo,Trigo,3300.0,2022
2022-01-04,381748,536.0,2022-01-14,2182,2022-01-17,4,FA,1673,392,NN,Semillas,Convenio Syngenta Trigo,Trigo,3300.0,2022
2022-01-04,381749,536.0,2022-01-14,2181,2022-01-17,4,FA,1673,392,NN,Semillas,Convenio Syngenta Trigo,Trigo,3300.0,2022
2022-01-04,381750,536.0,2022-01-14,2180,2022-01-17,4,FA,1673,392,NN,Semillas,Convenio Syngenta Trigo,Trigo,3300.0,2022
2022-01-04,381751,536.0,2022-01-14,2179,2022-01-17,4,FA,1673,392,NN,Semillas,Convenio Syngenta Trigo,Trigo,3300.0,2022
2022-05-27,381839,623.0,2022-06-07,2479,2022-06-07,4,FA,1895,1856,NN,Semillas,Trigo Candeal,Trigo Candeal,3300.0,2022
2022-05-27,381897,622.0,2022-06-30,2621,2022-06-30,4,FA,1947,104,NN,Semillas,Semilla Vital,Gatton Panic,6600.0,2022
2022-05-27,381898,622.0,2022-06-30,2620,2022-06-30,4,FA,1947,104,NN,Semillas,Semilla Vital,Gatton Panic,6600.0,2022
2022-06-06,382027,630.0,2022-06-10,2496,2022-06-15,4,FA,1910,3243,NN,Semillas,Semilla Vital,Trigo,6000.0,2022
2022-02-23,382028,560.0,2022-03-04,2279,2022-03-07,4,FA,1743,392,NN,Semillas,Convenio Syngenta Trigo,Trigo,4300.0,2022
2022-02-23,382029,560.0,2022-03-04,2278,2022-03-07,4,FA,1743,392,NN,Semillas,Convenio Syngenta Trigo,Trigo,4300.0,2022
2022-02-23,382030,560.0,2022-03-04,2277,2022-03-07,4,FA,1743,392,NN,Semillas,Convenio Syngenta Trigo,Trigo,4300.0,2022
2022-02-23,382031,560.0,2022-03-04,2276,2022-03-07,4,FA,1743,392,NN,Semillas,Convenio Syngenta Trigo,Trigo,4300.0,2022
2022-02-23,382032,560.0,2022-03-04,2275,2022-03-07,4,FA,1743,392,NN,Semillas,Convenio Syngenta Trigo,Trigo,4300.0,2022
2022-02-23,382033,560.0,2022-03-04,2274,2022-03-07,4,FA,1743,392,NN,Semillas,Convenio Syngenta Trigo,Trigo,4300.0,2022
2022-02-23,382034,560.0,2022-03-04,2273,2022-03-07,4,FA,1743,392,NN,Semillas,Convenio Syngenta Trigo,Trigo,4300.0,2022
2022-02-23,382035,560.0,2022-03-04,2272,2022-03-07,4,FA,1743,392,NN,Semillas,Convenio Syngenta Trigo,Trigo,4300.0,2022
2022-02-23,382036,560.0,2022-03-04,2271,2022-03-07,4,FA,1743,392,NN,Semillas,Convenio Syngenta Trigo,Trigo,4300.0,2022
2022-02-23,382037,560.0,2022-03-04,2270,2022-03-07,4,FA,1743,392,NN,Semillas,Convenio Syngenta Trigo,Trigo,4300.0,2022
2022-02-23,382038,560.0,2022-03-04,2269,2022-03-07,4,FA,1743,392,NN,Semillas,Convenio Syngenta Trigo,Trigo,4300.0,2022
2022-02-23,382039,560.0,2022-03-04,2268,2022-03-07,4,FA,1743,392,NN,Semillas,Convenio Syngenta Trigo,Trigo,4300.0,2022
2022-02-23,382040,560.0,2022-03-04,2267,2022-03-07,4,FA,1743,392,NN,Semillas,Convenio Syngenta Trigo,Trigo,4300.0,2022
2022-01-12,382072,538.0,2022-01-21,2213,2022-01-24,4,FA,1685,4557,NN,Semillas,Trigo,Trigo,3300.0,2022
2022-01-12,382073,539.0,2022-01-21,2212,2022-01-24,4,FA,1687,4329,NN,Semillas,Centeno,Centeno,3300.0,2022
2022-01-12,382081,540.0,2022-01-19,2209,2022-01-19,4,FA,1682,3659,NN,Semillas,Poroto Mung,Poroto Mung,3300.0,2022
2022-01-17,382238,541.0,2022-01-26,2215,2022-01-27,4,FA,1689,392,NN,Semillas,Semilla Vital Para Soja,Soja,6000.0,2022
2022-01-17,382239,541.0,2022-01-26,2214,2022-01-27,4,FA,1689,392,NN,Semillas,Fuerza Total,Soja,3300.0,2022
2022-01-19,382257,542.0,2022-02-01,2220,2022-02-02,4,FA,1696,4464,NN,Semillas,Semilla Vital,Melilotus Albus,6000.0,2022
2022-01-19,382258,542.0,2022-02-01,2219,2022-02-02,4,FA,1696,4464,NN,Semillas,Semilla Vital,Melilotus Albus,6000.0,2022
2022-01-21,382420,543.0,2022-01-28,2218,2022-02-02,4,FA,1692,1915,NN,Semillas,Doble Poder,Garbanzo,8000.0,2022
2022-01-21,382421,543.0,2022-01-28,2217,2022-02-02,4,FA,1692,1915,NN,Semillas,Doble Poder,Garbanzo,8000.0,2022
2022-01-21,382422,543.0,2022-01-28,2216,2022-02-02,4,FA,1692,1915,NN,Semillas,Doble Poder,Garbanzo,8000.0,2022
2022-01-25,382430,544.0,2022-02-10,2223,2022-02-10,4,FA,1710,4673,NN,Semillas,Fuerza Total,Alfalfa,4400.0,2022
2022-01-25,382431,544.0,2022-02-07,2221,2022-02-10,4,FA,1710,4673,NN,Semillas,Fuerza Total,Avena Blanca / Amarilla/ Byzantina,4400.0,2022
2022-02-01,382536,545.0,2022-02-16,2238,2022-02-18,4,FA,1719,4954,NN,Semillas,Vicia,Vicia,3300.0,2022
2022-02-01,382537,545.0,2022-02-16,2237,2022-02-18,4,FA,1719,4954,NN,Semillas,Vicia,Vicia,3300.0,2022
2022-02-04,382599,550.0,2022-02-16,2236,2022-02-18,4,FB,42,4955,NN,Semillas,Fuerza Total,Alfalfa,7400.0,2022
2022-02-02,382602,546.0,2022-02-10,2225,2022-02-10,4,FA,1709,4557,NN,Semillas,Garbanzo,Garbanzo,3300.0,2022
2022-02-02,382603,546.0,2022-02-10,2224,2022-02-10,4,FA,1709,4557,NN,Semillas,Garbanzo,Garbanzo,3300.0,2022
2022-02-02,382604,546.0,2022-02-21,2251,2022-02-22,4,FA,1726,4557,NN,Semillas,Vicia,Vicia,3300.0,2022
2022-02-02,382605,546.0,2022-02-11,2226,2022-02-12,4,FA,1711,4557,NN,Semillas,Centeno,Centeno,3300.0,2022
2022-02-03,382722,547.0,2022-02-14,2235,2022-02-15,4,FA,1715,392,NN,Semillas,Doble Poder,Trigo,6000.0,2022
2022-02-03,382723,547.0,2022-02-14,2234,2022-02-15,4,FA,1715,392,NN,Semillas,Doble Poder,Trigo,6000.0,2022
2022-02-04,382733,549.0,2022-02-09,2222,2022-02-10,4,FA,1708,4957,NN,Semillas,Alfalfa,Alfalfa,4200.0,2022
2022-02-04,382734,548.0,2022-02-14,2233,2022-02-15,4,FA,1716,9261,NN,Semillas,Convenio Syngenta Trigo,Trigo,3300.0,2022
2022-02-04,382735,548.0,2022-02-14,2232,2022-02-15,4,FA,1716,9261,NN,Semillas,Convenio Syngenta Trigo,Trigo,3300.0,2022
2022-02-04,382736,548.0,2022-02-14,2231,2022-02-15,4,FA,1716,9261,NN,Semillas,Convenio Syngenta Trigo,Trigo,3300.0,2022
2022-02-04,382737,548.0,2022-02-14,2230,2022-02-15,4,FA,1716,9261,NN,Semillas,Convenio Syngenta Trigo,Trigo,3300.0,2022
2022-02-04,382738,548.0,2022-02-14,2229,2022-02-15,4,FA,1716,9261,NN,Semillas,Convenio Syngenta Trigo,Trigo,3300.0,2022
2022-02-04,382739,548.0,2022-02-14,2228,2022-02-15,4,FA,1716,9261,NN,Semillas,Convenio Syngenta Trigo,Trigo,3300.0,2022
2022-02-04,382740,548.0,2022-02-14,2227,2022-02-15,4,FA,1716,9261,NN,Semillas,Convenio Syngenta Trigo,Trigo,3300.0,2022
2022-02-07,382741,551.0,2022-02-17,2239,2022-02-18,4,FA,1720,392,NN,Semillas,Fuerza Total,Centeno,4400.0,2022
2022-02-07,382742,552.0,2022-02-21,2247,2022-02-22,4,FA,1723,9000,NN,Semillas,Fuerza Total Curado,Avena Blanca / Amarilla/ Byzantina,5000.0,2022
2022-02-07,382743,552.0,2022-02-21,2246,2022-02-22,4,FA,1723,9000,NN,Semillas,Fuerza Total Curado,Avena Blanca / Amarilla/ Byzantina,5000.0,2022
2022-02-07,382744,552.0,2022-02-21,2245,2022-02-22,4,FA,1723,9000,NN,Semillas,Fuerza Total Curado,Avena Blanca / Amarilla/ Byzantina,5000.0,2022
2022-02-07,382745,552.0,2022-02-21,2244,2022-02-22,4,FA,1723,9000,NN,Semillas,Fuerza Total Curado,Avena Blanca / Amarilla/ Byzantina,5000.0,2022
2022-02-07,382746,552.0,2022-02-21,2243,2022-02-22,4,FA,1723,9000,NN,Semillas,Fuerza Total Curado,Avena Blanca / Amarilla/ Byzantina,5000.0,2022
2022-02-08,382747,553.0,2022-02-21,2250,2022-02-22,4,FA,1722,4039,NN,Semillas,Fuerza Total Curado,Avena Blanca / Amarilla/ Byzantina,5000.0,2022
2022-02-08,382748,553.0,2022-02-21,2249,2022-02-22,4,FA,1722,4039,NN,Semillas,Fuerza Total Curado,Avena Blanca / Amarilla/ Byzantina,5000.0,2022
2022-02-08,382749,553.0,2022-02-21,2248,2022-02-22,4,FA,1722,4039,NN,Semillas,Fuerza Total Curado,Avena Blanca / Amarilla/ Byzantina,5000.0,2022
2022-02-07,382750,554.0,2022-02-18,2242,2022-02-22,4,FA,1721,2677,NN,Semillas,Fuerza Total Curado,Trigo,5000.0,2022
2022-02-07,382751,554.0,2022-02-18,2241,2022-02-22,4,FA,1721,2677,NN,Semillas,Fuerza Total Curado,Trigo,5000.0,2022
2022-02-07,382752,554.0,2022-02-18,2240,2022-02-22,4,FA,1721,2677,NN,Semillas,Fuerza Total Curado,Trigo,5000.0,2022
2022-02-15,382845,555.0,2022-02-25,2259,2022-03-03,4,FA,1735,4311,NN,Semillas,Avena Blanca / Amarilla/ Byzantina,Avena Blanca / Amarilla/ Byzantina,3300.0,2022
2022-02-15,382846,555.0,2022-02-25,2258,2022-03-03,4,FA,1735,4311,NN,Semillas,Avena Blanca / Amarilla/ Byzantina,Avena Blanca / Amarilla/ Byzantina,3300.0,2022
2022-02-15,382847,555.0,2022-02-25,2257,2022-03-03,4,FA,1735,4311,NN,Semillas,Avena Blanca / Amarilla/ Byzantina,Avena Blanca / Amarilla/ Byzantina,3300.0,2022
2022-02-15,382848,555.0,2022-02-25,2256,2022-03-03,4,FA,1735,4311,NN,Semillas,Avena Blanca / Amarilla/ Byzantina,Avena Blanca / Amarilla/ Byzantina,3300.0,2022
2022-02-15,382849,555.0,2022-02-25,2255,2022-03-03,4,FA,1735,4311,NN,Semillas,Avena Blanca / Amarilla/ Byzantina,Avena Blanca / Amarilla/ Byzantina,3300.0,2022
2022-02-15,382850,555.0,2022-02-25,2254,2022-03-03,4,FA,1735,4311,NN,Semillas,Avena Blanca / Amarilla/ Byzantina,Avena Blanca / Amarilla/ Byzantina,3300.0,2022
2022-02-15,382851,555.0,2022-02-25,2253,2022-03-03,4,FA,1735,4311,NN,Semillas,Avena Blanca / Amarilla/ Byzantina,Avena Blanca / Amarilla/ Byzantina,3300.0,2022
2022-02-16,382920,556.0,2022-03-04,2266,2022-03-08,4,FA,1747,4557,NN,Semillas,Vicia,Vicia,3300.0,2022
2022-02-16,382921,556.0,2022-02-25,2252,2022-03-03,4,FA,1732,4557,NN,Semillas,Centeno,Centeno,3300.0,2022
2022-02-18,382942,557.0,2022-03-02,2263,2022-03-07,4,FA,1745,981,NN,Semillas,Fuerza Total,Trigo,4400.0,2022
2022-02-18,382943,557.0,2022-03-02,2262,2022-03-07,4,FA,1745,981,NN,Semillas,Fuerza Total,Trigo,4400.0,2022
2022-02-18,382944,557.0,2022-03-02,2261,2022-03-07,4,FA,1745,981,NN,Semillas,Fuerza Total,Trigo,4400.0,2022
2022-02-21,382962,558.0,2022-03-03,2265,2022-03-08,4,FA,1748,1930,NN,Semillas,Poder + Peso,Centeno,4400.0,2022
2022-02-24,382967,563.0,2022-03-03,2264,2022-03-07,4,FA,1742,4960,NN,Semillas,Fuerza Total,Soja,4400.0,2022
2022-05-30,383036,625.0,2022-06-01,2476,2022-06-01,4,FA,1892,1328,NN,Semillas,Gatton Panic,Gatton Panic,7200.0,2022
2022-05-30,383037,625.0,2022-06-01,2475,2022-06-01,4,FA,1892,1328,NN,Semillas,Gatton Panic,Gatton Panic,7200.0,2022
2022-05-30,383038,625.0,2022-06-01,2474,2022-06-01,4,FA,1892,1328,NN,Semillas,Gatton Panic,Gatton Panic,7200.0,2022
2022-05-30,383039,624.0,2022-06-07,2483,2022-06-09,4,FA,1899,2065,NN,Semillas,Soja,Soja,3300.0,2022
2022-05-30,383040,624.0,2022-06-07,2482,2022-06-09,4,FA,1899,2065,NN,Semillas,Soja,Soja,3300.0,2022
2022-02-23,383041,559.0,2022-02-25,2260,2022-03-03,4,FA,1734,4464,NN,Semillas,Alfalfa,Alfalfa,4200.0,2022
2022-02-24,383131,561.0,2022-03-11,2282,2022-03-14,4,FA,1750,1779,NN,Semillas,Alfalfa,Alfalfa,3300.0,2022
2022-02-24,383132,562.0,2022-03-09,2281,2022-03-14,4,FA,1751,4216,NN,Semillas,Fuerza Total,Centeno,4400.0,2022
2022-02-24,383133,562.0,2022-03-09,2280,2022-03-14,4,FA,1751,4216,NN,Semillas,Fuerza Total,Centeno,4400.0,2022
2022-03-03,383271,564.0,2022-03-14,2285,2022-03-15,4,FA,1754,4738,NN,Semillas,Fuerza Total,Trigo,4400.0,2022
2022-03-07,383272,566.0,2022-03-18,2288,2022-03-18,4,FA,1759,1915,NN,Semillas,Doble Poder,Trigo,8000.0,2022
2022-03-07,383273,566.0,2022-03-18,2287,2022-03-18,4,FA,1759,1915,NN,Semillas,Doble Poder,Trigo,8000.0,2022
2022-03-04,383274,565.0,2022-03-22,2309,2022-03-23,4,FA,1763,4557,NN,Semillas,Vicia,Vicia,3300.0,2022
2022-03-04,383275,565.0,2022-03-22,2308,2022-03-23,4,FA,1763,4557,NN,Semillas,Vicia,Vicia,3300.0,2022
2022-03-04,383276,565.0,2022-03-14,2284,2022-03-15,4,FA,1755,4557,NN,Semillas,Centeno,Centeno,3300.0,2022
2022-03-04,383277,565.0,2022-03-14,2283,2022-03-15,4,FA,1755,4557,NN,Semillas,Centeno,Centeno,3300.0,2022
2022-03-04,383308,565.0,2022-03-18,2289,2022-03-23,4,FA,1767,4464,NN,Semillas,Alfalfa,Alfalfa,3300.0,2022
2022-03-08,383312,567.0,2022-03-21,2305,2022-03-23,4,FA,1766,9000,NN,Semillas,Avena Blanca / Amarilla/ Byzantina,Avena Blanca / Amarilla/ Byzantina,3300.0,2022
2022-03-10,383684,568.0,2022-03-25,2314,2022-03-30,4,FA,1775,4557,NN,Semillas,Vicia,Vicia,3300.0,2022
2022-03-10,383685,568.0,2022-03-18,2286,2022-03-18,4,FA,1760,4557,NN,Semillas,Centeno,Centeno,3300.0,2022
2022-03-11,383740,569.0,2022-03-21,2307,2022-03-23,4,FA,1764,4557,NN,Semillas,Centeno,Centeno,3300.0,2022
2022-03-11,383741,569.0,2022-03-21,2306,2022-03-23,4,FA,1764,4557,NN,Semillas,Centeno,Centeno,3300.0,2022
2022-03-11,383742,570.0,2022-03-21,2304,2022-03-23,4,FA,1768,522,NN,Semillas,Convenio Syngenta Trigo,Trigo,4300.0,2022
2022-03-11,383743,570.0,2022-03-21,2303,2022-03-23,4,FA,1768,522,NN,Semillas,Convenio Syngenta Trigo,Trigo,4300.0,2022
2022-03-11,383744,570.0,2022-03-21,2302,2022-03-23,4,FA,1768,522,NN,Semillas,Convenio Syngenta Trigo,Trigo,4300.0,2022
2022-03-11,383745,570.0,2022-03-21,2301,2022-03-23,4,FA,1768,522,NN,Semillas,Convenio Syngenta Trigo,Trigo,4300.0,2022
2022-03-11,383746,570.0,2022-03-21,2300,2022-03-23,4,FA,1768,522,NN,Semillas,Convenio Syngenta Trigo,Trigo,4300.0,2022
2022-03-11,383747,570.0,2022-03-21,2299,2022-03-23,4,FA,1768,522,NN,Semillas,Convenio Syngenta Trigo,Trigo,4300.0,2022
2022-03-11,383748,570.0,2022-03-21,2298,2022-03-23,4,FA,1768,522,NN,Semillas,Convenio Syngenta Trigo,Trigo,4300.0,2022
2022-03-11,383749,570.0,2022-03-21,2297,2022-03-23,4,FA,1768,522,NN,Semillas,Convenio Syngenta Trigo,Trigo,4300.0,2022
2022-03-11,383750,570.0,2022-03-21,2296,2022-03-23,4,FA,1768,522,NN,Semillas,Convenio Syngenta Trigo,Trigo,4300.0,2022
2022-03-11,383751,570.0,2022-03-21,2295,2022-03-23,4,FA,1768,522,NN,Semillas,Convenio Syngenta Trigo,Trigo,4300.0,2022
2022-03-11,383752,570.0,2022-03-21,2294,2022-03-23,4,FA,1768,522,NN,Semillas,Convenio Syngenta Trigo,Trigo,4300.0,2022
2022-03-11,383753,570.0,2022-03-21,2293,2022-03-23,4,FA,1768,522,NN,Semillas,Convenio Syngenta Trigo,Trigo,4300.0,2022
2022-03-11,383754,570.0,2022-03-21,2292,2022-03-23,4,FA,1768,522,NN,Semillas,Convenio Syngenta Trigo,Trigo,4300.0,2022
2022-03-11,383755,570.0,2022-03-21,2291,2022-03-23,4,FA,1768,522,NN,Semillas,Convenio Syngenta Trigo,Trigo,4300.0,2022
2022-03-11,383756,570.0,2022-03-21,2290,2022-03-23,4,FA,1768,522,NN,Semillas,Convenio Syngenta Trigo,Trigo,4300.0,2022
2022-03-11,383814,570.0,2022-03-22,2310,2022-03-23,4,FA,1769,522,NN,Semillas,¿Cuántos Kilos Siembro?,Trigo,8700.0,2022
2022-03-15,383816,571.0,2022-03-25,2315,2022-03-30,4,FA,1775,4557,NN,Semillas,Centeno,Centeno,3300.0,2022
2022-03-15,383817,572.0,2022-03-25,2317,2022-03-30,4,FA,1779,392,NN,Semillas,Trigo,Trigo,3300.0,2022
2022-03-15,383818,572.0,2022-03-25,2316,2022-03-30,4,FA,1779,392,NN,Semillas,Trigo,Trigo,3300.0,2022
2022-03-15,383849,573.0,2022-03-25,2313,2022-03-30,4,FA,1777,981,NN,Semillas,Fuerza Total,Trigo,4400.0,2022
2022-03-15,383850,573.0,2022-03-25,2312,2022-03-30,4,FA,1777,981,NN,Semillas,Fuerza Total,Trigo,4400.0,2022
2022-03-15,383851,573.0,2022-03-25,2311,2022-03-30,4,FA,1777,981,NN,Semillas,Fuerza Total,Trigo,4400.0,2022
2022-03-16,383982,574.0,2022-03-28,2318,2022-03-30,4,FA,1772,392,NN,Semillas,Centeno,Centeno,3300.0,2022
2022-03-17,384369,575.0,2022-03-30,2320,2022-03-31,4,FA,1781,109,NN,Semillas,Poder + Peso,Avena Blanca / Amarilla/ Byzantina,4400.0,2022
2022-03-17,384370,575.0,2022-03-30,2319,2022-03-31,4,FA,1781,109,NN,Semillas,Poder + Peso,Avena Blanca / Amarilla/ Byzantina,4400.0,2022
2022-03-21,384377,577.0,2022-03-31,2323,2022-04-01,4,FA,1784,4237,NN,Semillas,Convenio Syngenta Trigo,Trigo,4300.0,2022
2022-03-21,384378,577.0,2022-03-31,2322,2022-04-01,4,FA,1784,4237,NN,Semillas,Convenio Syngenta Trigo,Trigo,4300.0,2022
2022-03-21,384379,577.0,2022-03-31,2321,2022-04-01,4,FA,1784,4237,NN,Semillas,Convenio Syngenta Trigo,Trigo,4300.0,2022
2022-03-21,384380,576.0,2022-03-31,2324,2022-04-01,4,FA,1783,1864,NN,Semillas,Fuerza Total,Centeno,4400.0,2022
2022-03-22,384589,578.0,2022-04-01,2325,2022-04-01,4,FA,1786,522,NN,Semillas,¿Cuántos Kilos Siembro?,Trigo,8700.0,2022
2022-03-23,384626,579.0,2022-04-04,2328,2022-04-04,4,FA,1790,2853,NN,Semillas,Doble Poder,Garbanzo,6000.0,2022
2022-03-23,384627,579.0,2022-04-04,2327,2022-04-04,4,FA,1790,2853,NN,Semillas,Doble Poder,Garbanzo,6000.0,2022
2022-03-23,384628,579.0,2022-04-04,2326,2022-04-04,4,FA,1790,2853,NN,Semillas,Doble Poder,Garbanzo,6000.0,2022
2022-06-06,384871,631.0,2022-06-06,2478,2022-06-07,4,FB,45,3193,NN,Semillas,Moha,Moha,3300.0,2022
2022-03-29,384961,580.0,2022-04-08,2337,2022-04-13,4,FA,1796,392,NN,Semillas,Convenio Syngenta Trigo,Trigo,4300.0,2022
2022-03-29,384962,580.0,2022-04-08,2336,2022-04-13,4,FA,1796,392,NN,Semillas,Convenio Syngenta Trigo,Trigo,4300.0,2022
2022-03-29,384963,580.0,2022-04-08,2335,2022-04-13,4,FA,1796,392,NN,Semillas,Convenio Syngenta Trigo,Trigo,4300.0,2022
2022-03-29,384964,580.0,2022-04-08,2334,2022-04-13,4,FA,1796,392,NN,Semillas,Convenio Syngenta Trigo,Trigo,4300.0,2022
2022-03-29,384965,580.0,2022-04-08,2333,2022-04-13,4,FA,1796,392,NN,Semillas,Convenio Syngenta Trigo,Trigo,4300.0,2022
2022-03-29,384966,580.0,2022-04-08,2332,2022-04-13,4,FA,1796,392,NN,Semillas,Convenio Syngenta Trigo,Trigo,4300.0,2022
2022-03-29,384967,580.0,2022-04-08,2331,2022-04-13,4,FA,1796,392,NN,Semillas,Convenio Syngenta Trigo,Trigo,4300.0,2022
2022-03-29,384968,580.0,2022-04-08,2330,2022-04-13,4,FA,1796,392,NN,Semillas,Convenio Syngenta Trigo,Trigo,4300.0,2022
2022-03-30,385201,581.0,2022-04-08,2339,2022-04-13,4,FA,1797,1171,NN,Semillas,Garbanzo,Garbanzo,4200.0,2022
2022-03-30,385202,581.0,2022-04-08,2338,2022-04-13,4,FA,1797,1171,NN,Semillas,Garbanzo,Garbanzo,4200.0,2022
2022-04-04,385301,586.0,2022-04-26,2395,2022-04-27,4,FA,1830,37,NN,Semillas,Semilla Vital,Agropiro,9000.0,2022
2022-04-04,385302,586.0,2022-04-26,2394,2022-04-27,4,FA,1830,37,NN,Semillas,Semilla Vital,Agropiro,9000.0,2022
2022-04-04,385303,586.0,2022-04-26,2393,2022-04-27,4,FA,1830,37,NN,Semillas,Semilla Vital,Agropiro,9000.0,2022
2022-04-04,385304,586.0,2022-04-26,2392,2022-04-27,4,FA,1830,37,NN,Semillas,Semilla Vital,Agropiro,9000.0,2022
2022-04-04,385305,586.0,2022-04-26,2391,2022-04-27,4,FA,1830,37,NN,Semillas,Semilla Vital,Agropiro,9000.0,2022
2022-04-04,385310,583.0,2022-04-11,2341,2022-04-12,4,FA,1793,4237,NN,Semillas,Convenio Syngenta Trigo,Trigo,4300.0,2022
2022-04-04,385311,583.0,2022-04-11,2340,2022-04-12,4,FA,1793,4237,NN,Semillas,Convenio Syngenta Trigo,Trigo,4300.0,2022
2022-04-04,385341,584.0,2022-04-13,2346,2022-04-21,4,FA,1811,392,NN,Semillas,Convenio Syngenta Trigo,Trigo,4300.0,2022
2022-04-04,385342,584.0,2022-04-13,2345,2022-04-21,4,FA,1811,392,NN,Semillas,Convenio Syngenta Trigo,Trigo,4300.0,2022
2022-04-04,385343,584.0,2022-04-13,2344,2022-04-21,4,FA,1811,392,NN,Semillas,Convenio Syngenta Trigo,Trigo,4300.0,2022
2022-04-04,385344,584.0,2022-04-13,2343,2022-04-21,4,FA,1811,392,NN,Semillas,Convenio Syngenta Trigo,Trigo,4300.0,2022
2022-04-04,385345,585.0,2022-04-13,2350,2022-04-21,4,FA,1811,392,NN,Semillas,Doble Poder,Trigo,6000.0,2022
2022-04-04,385346,585.0,2022-04-13,2349,2022-04-21,4,FA,1811,392,NN,Semillas,Doble Poder,Trigo,6000.0,2022
2022-04-04,385347,585.0,2022-04-13,2348,2022-04-21,4,FA,1811,392,NN,Semillas,Doble Poder,Trigo,6000.0,2022
2022-04-04,385348,585.0,2022-04-13,2347,2022-04-21,4,FA,1811,392,NN,Semillas,Doble Poder,Trigo,6000.0,2022
2022-04-05,385349,588.0,2022-04-18,2360,2022-04-21,4,FA,1812,1856,NN,Semillas,Trigo,Trigo,4200.0,2022
2022-04-05,385350,588.0,2022-04-18,2359,2022-04-21,4,FA,1812,1856,NN,Semillas,Trigo,Trigo,4200.0,2022
2022-04-05,385351,588.0,2022-04-18,2358,2022-04-21,4,FA,1812,1856,NN,Semillas,Trigo,Trigo,4200.0,2022
2022-04-04,385353,587.0,2022-04-12,2342,2022-04-18,4,FA,1802,4943,NN,Semillas,Soja,Soja,3300.0,2022
2022-04-06,385412,589.0,2022-04-18,2357,2022-04-21,4,FA,1810,392,NN,Semillas,Convenio Syngenta Trigo,Trigo,4300.0,2022
2022-04-06,385413,589.0,2022-04-18,2356,2022-04-21,4,FA,1810,392,NN,Semillas,Convenio Syngenta Trigo,Trigo,4300.0,2022
2022-04-06,385414,589.0,2022-04-18,2355,2022-04-21,4,FA,1810,392,NN,Semillas,Convenio Syngenta Trigo,Trigo,4300.0,2022
2022-04-06,385415,589.0,2022-04-18,2354,2022-04-21,4,FA,1810,392,NN,Semillas,Convenio Syngenta Trigo,Trigo,4300.0,2022
2022-04-06,385416,589.0,2022-04-18,2353,2022-04-21,4,FA,1810,392,NN,Semillas,Convenio Syngenta Trigo,Trigo,4300.0,2022
2022-04-06,385417,589.0,2022-04-18,2352,2022-04-21,4,FA,1810,392,NN,Semillas,Convenio Syngenta Trigo,Trigo,4300.0,2022
2022-04-06,385418,589.0,2022-04-18,2351,2022-04-21,4,FA,1810,392,NN,Semillas,Convenio Syngenta Trigo,Trigo,4300.0,2022
2022-04-12,385511,590.0,2022-04-20,2362,2022-04-22,4,FA,1813,4557,NN,Semillas,Garbanzo,Garbanzo,3300.0,2022
2022-04-12,385512,590.0,2022-04-26,2390,2022-04-27,4,FA,1825,4557,NN,Semillas,Lenteja,Lenteja,3300.0,2022
2022-04-12,385513,590.0,2022-04-20,2361,2022-04-22,4,FA,1813,4557,NN,Semillas,Arveja,Arveja,3300.0,2022
2022-04-13,385514,592.0,2022-04-21,2368,2022-04-22,4,FA,1815,104,NN,Semillas,Fuerza Total Curado,Garbanzo,5000.0,2022
2022-04-13,385527,591.0,2022-04-21,2365,2022-04-22,4,FA,1814,760,NN,Semillas,Fuerza Total,Trigo,4400.0,2022
2022-04-13,385528,591.0,2022-04-21,2364,2022-04-22,4,FA,1814,760,NN,Semillas,Fuerza Total,Trigo,4400.0,2022
2022-04-13,385529,591.0,2022-04-21,2363,2022-04-22,4,FA,1814,760,NN,Semillas,Fuerza Total,Trigo,4400.0,2022
2022-04-13,385530,593.0,2022-04-21,2367,2022-04-22,4,FA,1816,350,NN,Semillas,Fuerza Total Curado,Trigo,5000.0,2022
2022-04-13,385531,593.0,2022-04-21,2366,2022-04-22,4,FA,1816,350,NN,Semillas,Fuerza Total Curado,Trigo,5000.0,2022
2022-04-19,385540,597.0,2022-04-22,2379,2022-04-22,4,FA,1818,392,NN,Semillas,Convenio Syngenta Trigo,Trigo,4300.0,2022
2022-04-19,385541,597.0,2022-04-22,2378,2022-04-22,4,FA,1818,392,NN,Semillas,Convenio Syngenta Trigo,Trigo,4300.0,2022
2022-04-19,385542,597.0,2022-04-22,2377,2022-04-22,4,FA,1818,392,NN,Semillas,Convenio Syngenta Trigo,Trigo,4300.0,2022
2022-04-19,385543,597.0,2022-04-22,2376,2022-04-22,4,FA,1818,392,NN,Semillas,Convenio Syngenta Trigo,Trigo,4300.0,2022
2022-04-19,385544,597.0,2022-04-22,2375,2022-04-22,4,FA,1818,392,NN,Semillas,Convenio Syngenta Trigo,Trigo,4300.0,2022
2022-04-19,385545,597.0,2022-04-22,2374,2022-04-22,4,FA,1818,392,NN,Semillas,Convenio Syngenta Trigo,Trigo,4300.0,2022
2022-04-19,385546,597.0,2022-04-22,2373,2022-04-22,4,FA,1818,392,NN,Semillas,Convenio Syngenta Trigo,Trigo,4300.0,2022
2022-04-19,385547,597.0,2022-04-22,2372,2022-04-22,4,FA,1818,392,NN,Semillas,Convenio Syngenta Trigo,Trigo,4300.0,2022
2022-04-19,385548,597.0,2022-04-22,2371,2022-04-22,4,FA,1818,392,NN,Semillas,Convenio Syngenta Trigo,Trigo,4300.0,2022
2022-04-19,385549,597.0,2022-04-22,2370,2022-04-22,4,FA,1818,392,NN,Semillas,Convenio Syngenta Trigo,Trigo,4300.0,2022
2022-04-19,385550,597.0,2022-04-22,2369,2022-04-22,4,FA,1818,392,NN,Semillas,Convenio Syngenta Trigo,Trigo,4300.0,2022
2022-04-19,385680,594.0,2022-04-29,2404,2022-05-02,4,FA,1834,104,NN,Semillas,Centeno,Centeno,3300.0,2022
2022-04-19,385681,594.0,2022-04-29,2403,2022-05-02,4,FA,1834,104,NN,Semillas,Centeno,Centeno,3300.0,2022
2022-04-19,385682,594.0,2022-04-29,2402,2022-05-02,4,FA,1834,104,NN,Semillas,Centeno,Centeno,3300.0,2022
2022-04-19,385683,594.0,2022-05-02,2406,2022-05-03,4,FA,1841,104,NN,Semillas,Avena Blanca / Amarilla/ Byzantina,Avena Blanca / Amarilla/ Byzantina,3300.0,2022
2022-04-19,385684,594.0,2022-05-02,2405,2022-05-03,4,FA,1841,104,NN,Semillas,Avena Blanca / Amarilla/ Byzantina,Avena Blanca / Amarilla/ Byzantina,1900.0,2022
2022-04-19,385685,594.0,2022-04-26,2389,2022-04-27,4,FA,1828,104,NN,Semillas,Poroto Mung,Poroto Mung,3300.0,2022
2022-04-19,385686,594.0,2022-04-26,2388,2022-04-27,4,FA,1828,104,NN,Semillas,Poroto Mung,Poroto Mung,3300.0,2022
2022-04-19,385687,594.0,2022-04-26,2387,2022-04-27,4,FA,1828,104,NN,Semillas,Poroto Mung,Poroto Mung,3300.0,2022
2022-04-19,385688,594.0,2022-04-26,2386,2022-04-27,4,FA,1828,104,NN,Semillas,Poroto Mung,Poroto Mung,3300.0,2022
2022-04-19,385689,594.0,2022-04-26,2385,2022-04-27,4,FA,1828,104,NN,Semillas,Poroto Mung,Poroto Mung,3300.0,2022
2022-04-19,385690,594.0,2022-04-26,2384,2022-04-27,4,FA,1828,104,NN,Semillas,Poroto Mung,Poroto Mung,3300.0,2022
2022-04-19,385691,594.0,2022-04-26,2383,2022-04-27,4,FA,1828,104,NN,Semillas,Poroto Mung,Poroto Mung,3300.0,2022
2022-04-19,385692,594.0,2022-04-26,2382,2022-04-27,4,FA,1828,104,NN,Semillas,Poroto Mung,Poroto Mung,3300.0,2022
2022-04-19,385693,594.0,2022-04-26,2381,2022-04-27,4,FA,1828,104,NN,Semillas,Poroto Mung,Poroto Mung,3300.0,2022
2022-04-19,385694,594.0,2022-04-26,2380,2022-04-27,4,FA,1828,104,NN,Semillas,Poroto Mung,Poroto Mung,3300.0,2022
2022-04-19,385695,594.0,2022-05-02,2408,2022-05-03,4,FA,1841,104,NN,Semillas,Sorgo,Sorgo,3300.0,2022
2022-04-19,385696,594.0,2022-05-02,2407,2022-05-03,4,FA,1841,104,NN,Semillas,Sorgo,Sorgo,3300.0,2022
2022-04-19,385706,595.0,2022-04-27,2398,2022-04-27,4,FA,1826,3875,NN,Semillas,Soja,Soja,3300.0,2022
2022-04-19,385707,595.0,2022-04-27,2397,2022-04-27,4,FA,1826,3875,NN,Semillas,Soja,Soja,3300.0,2022
2022-04-19,385708,595.0,2022-04-27,2396,2022-04-27,4,FA,1826,3875,NN,Semillas,Soja,Soja,3300.0,2022
2022-04-19,385711,596.0,2022-04-27,2401,2022-04-27,4,FA,1829,981,NN,Semillas,Fuerza Total,Soja,4400.0,2022
2022-04-19,385712,596.0,2022-04-27,2400,2022-04-27,4,FA,1829,981,NN,Semillas,Fuerza Total,Soja,4400.0,2022
2022-04-19,385713,596.0,2022-04-27,2399,2022-04-27,4,FA,1829,981,NN,Semillas,Fuerza Total,Soja,4400.0,2022
2022-05-02,385723,608.0,2022-05-03,2413,2022-05-03,4,FA,1845,4237,NN,Semillas,Convenio Syngenta Trigo,Trigo,4300.0,2022
2022-05-02,385724,608.0,2022-05-03,2412,2022-05-03,4,FA,1845,4237,NN,Semillas,Convenio Syngenta Trigo,Trigo,4300.0,2022
2022-05-02,385725,608.0,2022-05-03,2411,2022-05-03,4,FA,1845,4237,NN,Semillas,Convenio Syngenta Trigo,Trigo,4300.0,2022
2022-05-02,385726,608.0,2022-05-03,2410,2022-05-03,4,FA,1845,4237,NN,Semillas,Convenio Syngenta Trigo,Trigo,4300.0,2022
2022-05-02,385727,608.0,2022-05-03,2409,2022-05-03,4,FA,1845,4237,NN,Semillas,Convenio Syngenta Trigo,Trigo,4300.0,2022
2022-04-22,385849,598.0,2022-05-16,2441,2022-05-19,4,FA,1870,664,NN,Semillas,Agropiro,Agropiro,9000.0,2022
2022-04-25,385850,599.0,2022-05-03,2423,2022-05-03,4,FA,1844,4797,NN,Semillas,Fuerza Total,Soja,4400.0,2022
2022-04-25,385851,599.0,2022-05-03,2422,2022-05-03,4,FA,1844,4797,NN,Semillas,Fuerza Total,Soja,4400.0,2022
2022-04-25,385852,599.0,2022-05-03,2421,2022-05-03,4,FA,1844,4797,NN,Semillas,Fuerza Total,Soja,4400.0,2022
2022-04-25,385853,599.0,2022-05-03,2420,2022-05-03,4,FA,1844,4797,NN,Semillas,Fuerza Total,Soja,4400.0,2022
2022-04-25,385854,599.0,2022-05-03,2419,2022-05-03,4,FA,1844,4797,NN,Semillas,Fuerza Total,Soja,4400.0,2022
2022-04-25,385855,599.0,2022-05-03,2418,2022-05-03,4,FA,1844,4797,NN,Semillas,Fuerza Total,Soja,4400.0,2022
2022-04-25,385856,599.0,2022-05-03,2417,2022-05-03,4,FA,1844,4797,NN,Semillas,Fuerza Total,Soja,4400.0,2022
2022-04-25,385857,599.0,2022-05-03,2416,2022-05-03,4,FA,1844,4797,NN,Semillas,Fuerza Total,Soja,4400.0,2022
2022-04-25,385858,599.0,2022-05-03,2415,2022-05-03,4,FA,1844,4797,NN,Semillas,Fuerza Total,Soja,4400.0,2022
2022-04-25,385859,599.0,2022-05-03,2414,2022-05-03,4,FA,1844,4797,NN,Semillas,Fuerza Total,Soja,4400.0,2022
2022-04-25,385860,600.0,2022-05-03,2424,2022-05-03,4,FB,44,4923,NN,Semillas,Fuerza Total,Soja,4400.0,2022
2022-04-26,385873,601.0,2022-05-27,2469,2022-05-27,4,FA,1885,3186,NN,Semillas,Semilla Vital,Gatton Panic,9600.0,2022
2022-04-26,385874,602.0,2022-05-04,2426,2022-05-06,4,FA,1846,4339,NN,Semillas,Soja,Soja,3300.0,2022
2022-04-26,385875,602.0,2022-05-04,2425,2022-05-06,4,FA,1846,4339,NN,Semillas,Soja,Soja,3300.0,2022
2022-04-26,385876,603.0,2022-05-06,2439,2022-05-09,4,FA,1850,1856,NN,Semillas,Trigo Candeal,Trigo Candeal,4200.0,2022
2022-04-26,385877,603.0,2022-05-06,2438,2022-05-09,4,FA,1850,1856,NN,Semillas,Trigo Candeal,Trigo Candeal,4200.0,2022
2022-04-26,385878,603.0,2022-05-06,2437,2022-05-09,4,FA,1850,1856,NN,Semillas,Trigo Candeal,Trigo Candeal,4200.0,2022
2022-04-26,385935,604.0,2022-05-04,2430,2022-05-06,4,FA,1847,1915,NN,Semillas,Fuerza Total,Garbanzo,4400.0,2022
2022-04-26,385936,604.0,2022-05-04,2429,2022-05-06,4,FA,1847,1915,NN,Semillas,Fuerza Total Curado,Garbanzo,5000.0,2022
2022-04-26,385937,604.0,2022-05-04,2428,2022-05-06,4,FA,1847,1915,NN,Semillas,Fuerza Total,Garbanzo,4400.0,2022
2022-04-26,385938,604.0,2022-05-04,2427,2022-05-06,4,FA,1847,1915,NN,Semillas,Fuerza Total Curado,Garbanzo,5000.0,2022
2022-04-27,385950,605.0,2022-05-05,2434,2022-05-09,4,FA,1852,2375,NN,Semillas,Trigo,Trigo,3300.0,2022
2022-04-27,385951,605.0,2022-05-05,2433,2022-05-09,4,FA,1852,2375,NN,Semillas,Trigo,Trigo,3300.0,2022
2022-04-27,385952,605.0,2022-05-05,2432,2022-05-09,4,FA,1852,2375,NN,Semillas,Trigo,Trigo,3300.0,2022
2022-04-27,386087,606.0,2022-05-05,2431,2022-05-09,4,FA,1855,4943,NN,Semillas,Poder + Peso,Soja,4400.0,2022
2022-04-29,386094,607.0,2022-05-06,2436,2022-05-09,4,FA,1853,1779,NN,Semillas,Fuerza Total,Trigo,4400.0,2022
2022-05-03,386116,609.0,2022-06-07,2484,2022-06-09,4,FA,1901,3191,NN,Semillas,Fuerza Total,Gatton Panic,4900.0,2022
2022-05-04,386140,610.0,2022-05-05,2435,2022-05-09,4,FA,1856,350,NN,Semillas,Centeno,Centeno,4200.0,2022
2022-05-06,386226,611.0,2022-05-19,2449,2022-05-23,4,FA,1878,104,NN,Semillas,Alfalfa,Alfalfa,10500.0,2022
2022-05-06,386227,611.0,2022-05-19,2448,2022-05-23,4,FA,1878,104,NN,Semillas,Alfalfa,Alfalfa,10500.0,2022
2022-05-06,386230,612.0,2022-06-03,2477,2022-06-07,4,FA,1894,4040,NN,Semillas,Semilla Vital Megatérmicas,Panicum Coloratum,6600.0,2022
2022-05-09,386234,613.0,2022-05-19,2447,2022-05-23,4,FA,1876,1915,NN,Semillas,Fuerza Total,Garbanzo,4400.0,2022
2022-05-09,386235,613.0,2022-05-19,2446,2022-05-23,4,FA,1876,1915,NN,Semillas,Fuerza Total,Garbanzo,4400.0,2022
2022-05-09,386236,613.0,2022-05-19,2445,2022-05-23,4,FA,1876,1915,NN,Semillas,Fuerza Total,Garbanzo,4400.0,2022
2022-05-09,386238,613.0,2022-05-19,2444,2022-05-23,4,FA,1876,1915,NN,Semillas,Fuerza Total Curado,Garbanzo,5000.0,2022
2022-05-09,386239,613.0,2022-05-19,2443,2022-05-23,4,FA,1876,1915,NN,Semillas,Fuerza Total Curado,Garbanzo,5000.0,2022
2022-05-09,386240,613.0,2022-05-19,2442,2022-05-23,4,FA,1876,1915,NN,Semillas,Fuerza Total Curado,Garbanzo,5000.0,2022
2022-05-12,386258,614.0,2022-05-20,2454,2022-05-23,4,FA,1877,4329,NN,Semillas,Soja,Soja,4200.0,2022
2022-05-12,386259,614.0,2022-05-20,2453,2022-05-23,4,FA,1877,4329,NN,Semillas,Soja,Soja,4200.0,2022
2022-05-12,386260,615.0,2022-05-20,2458,2022-05-23,4,FA,1874,4557,NN,Semillas,Soja,Soja,3300.0,2022
2022-05-12,386261,615.0,2022-05-20,2457,2022-05-23,4,FA,1874,4557,NN,Semillas,Soja,Soja,3300.0,2022
2022-05-12,386262,615.0,2022-05-20,2456,2022-05-23,4,FA,1874,4557,NN,Semillas,Soja,Soja,3300.0,2022
2022-05-12,386263,615.0,2022-05-20,2455,2022-05-23,4,FA,1874,4557,NN,Semillas,Soja,Soja,3300.0,2022
2022-05-12,386264,615.0,2022-05-20,2451,2022-05-23,4,FA,1874,4557,NN,Semillas,Trigo,Trigo,3300.0,2022
2022-05-12,386265,615.0,2022-05-20,2452,2022-05-23,4,FA,1874,4557,NN,Semillas,Arveja,Arveja,3300.0,2022
2022-05-13,386300,617.0,2022-05-20,2450,2022-05-23,4,FA,1875,4396,NN,Semillas,Fuerza Total,Trigo,4400.0,2022
2022-05-16,386372,618.0,2022-05-24,2459,2022-05-27,4,FA,1880,1040,NN,Semillas,Soja,Soja,3300.0,2022
2022-05-16,386373,618.0,2022-05-24,2460,2022-05-27,4,FA,1880,1040,NN,Semillas,Soja,Soja,3300.0,2022
2022-05-16,386374,619.0,2022-05-24,2462,2022-05-27,4,FA,1881,760,NN,Semillas,Fuerza Total,Soja,4400.0,2022
2022-05-16,386375,619.0,2022-05-24,2461,2022-05-27,4,FA,1881,760,NN,Semillas,Fuerza Total,Soja,4400.0,2022
2022-05-20,386379,620.0,2022-05-27,2470,2022-05-27,4,FA,1882,4762,NN,Semillas,Trigo,Trigo,3300.0,2022
2022-05-23,386383,621.0,2022-05-30,2473,2022-05-31,4,FA,1890,4786,NN,Semillas,Maíz,Maíz,3300.0,2022
2022-05-23,386384,621.0,2022-05-30,2472,2022-05-31,4,FA,1890,4786,NN,Semillas,Maíz,Maíz,3300.0,2022
2022-05-23,386385,621.0,2022-05-30,2471,2022-05-31,4,FA,1890,4786,NN,Semillas,Maíz,Maíz,3300.0,2022
2022-05-30,386510,624.0,2022-06-07,2481,2022-06-09,4,FA,1899,2065,NN,Semillas,Soja,Soja,3300.0,2022
2022-05-30,386511,624.0,2022-06-07,2480,2022-06-09,4,FA,1899,2065,NN,Semillas,Soja,Soja,3300.0,2022
2022-05-31,386512,626.0,2022-06-08,2495,2022-06-09,4,FA,1902,798,NN,Semillas,Soja,Soja,3300.0,2022
2022-05-31,386513,626.0,2022-06-08,2494,2022-06-09,4,FA,1902,798,NN,Semillas,Soja,Soja,3300.0,2022
2022-05-31,386514,626.0,2022-06-08,2493,2022-06-09,4,FA,1902,798,NN,Semillas,Soja,Soja,3300.0,2022
2022-06-01,386515,627.0,2022-06-10,2503,2022-06-15,4,FA,1906,25,NN,Semillas,Maníí,Maníí,4200.0,2022
2022-06-01,386516,627.0,2022-06-10,2502,2022-06-15,4,FA,1906,25,NN,Semillas,Maníí,Maníí,4200.0,2022
2022-06-01,386517,627.0,2022-06-10,2501,2022-06-15,4,FA,1906,25,NN,Semillas,Maníí,Maníí,4200.0,2022
2022-06-01,386518,627.0,2022-06-10,2500,2022-06-15,4,FA,1906,25,NN,Semillas,Maníí,Maníí,4200.0,2022
2022-06-01,386519,627.0,2022-06-10,2499,2022-06-15,4,FA,1906,25,NN,Semillas,Maníí,Maníí,4200.0,2022
2022-06-01,386520,627.0,2022-06-10,2498,2022-06-15,4,FA,1906,25,NN,Semillas,Maníí,Maníí,4200.0,2022
2022-06-01,386521,627.0,2022-06-10,2497,2022-06-15,4,FA,1906,25,NN,Semillas,Maníí,Maníí,4200.0,2022
2022-06-02,386562,628.0,2022-06-08,2492,2022-06-09,4,FA,1900,1328,NN,Semillas,Gatton Panic,Gatton Panic,7200.0,2022
2022-06-02,386563,628.0,2022-06-08,2491,2022-06-09,4,FA,1900,1328,NN,Semillas,Gatton Panic,Gatton Panic,7200.0,2022
2022-06-02,386564,628.0,2022-06-08,2490,2022-06-09,4,FA,1900,1328,NN,Semillas,Gatton Panic,Gatton Panic,7200.0,2022
2022-06-02,386565,628.0,2022-06-08,2489,2022-06-09,4,FA,1900,1328,NN,Semillas,Gatton Panic,Gatton Panic,7200.0,2022
2022-06-02,386566,628.0,2022-06-08,2488,2022-06-09,4,FA,1900,1328,NN,Semillas,Gatton Panic,Gatton Panic,7200.0,2022
2022-06-02,386567,628.0,2022-06-08,2487,2022-06-09,4,FA,1900,1328,NN,Semillas,Gatton Panic,Gatton Panic,7200.0,2022
2022-06-02,386568,628.0,2022-06-08,2486,2022-06-09,4,FA,1900,1328,NN,Semillas,Gatton Panic,Gatton Panic,7200.0,2022
2022-06-02,386569,628.0,2022-06-08,2485,2022-06-09,4,FA,1900,1328,NN,Semillas,Gatton Panic,Gatton Panic,7200.0,2022
2022-06-03,386570,629.0,2022-06-10,2528,2022-06-15,4,FA,1907,392,NN,Semillas,Convenio Syngenta Soja Completo,Soja,4300.0,2022
2022-06-03,386571,629.0,2022-06-10,2527,2022-06-15,4,FA,1907,392,NN,Semillas,Convenio Syngenta Soja Completo,Soja,4300.0,2022
2022-06-03,386572,629.0,2022-06-10,2526,2022-06-15,4,FA,1907,392,NN,Semillas,Convenio Syngenta Soja Completo,Soja,3300.0,2022
2022-06-03,386573,629.0,2022-06-10,2525,2022-06-15,4,FA,1907,392,NN,Semillas,Convenio Syngenta Soja Completo,Soja,4300.0,2022
2022-06-03,386574,629.0,2022-06-10,2524,2022-06-15,4,FA,1907,392,NN,Semillas,Convenio Syngenta Soja Completo,Soja,4300.0,2022
2022-06-03,386575,629.0,2022-06-10,2523,2022-06-15,4,FA,1907,392,NN,Semillas,Convenio Syngenta Soja Completo,Soja,4300.0,2022
2022-06-03,386576,629.0,2022-06-10,2522,2022-06-15,4,FA,1907,392,NN,Semillas,Convenio Syngenta Soja Completo,Soja,4300.0,2022
2022-06-03,386577,629.0,2022-06-10,2521,2022-06-15,4,FA,1907,392,NN,Semillas,Convenio Syngenta Soja Completo,Soja,4300.0,2022
2022-06-03,386578,629.0,2022-06-10,2520,2022-06-15,4,FA,1907,392,NN,Semillas,Convenio Syngenta Soja Completo,Soja,4300.0,2022
2022-06-03,386579,629.0,2022-06-10,2519,2022-06-15,4,FA,1907,392,NN,Semillas,Convenio Syngenta Soja Completo,Soja,4300.0,2022
2022-06-03,386580,629.0,2022-06-10,2518,2022-06-15,4,FA,1907,392,NN,Semillas,Convenio Syngenta Soja Completo,Soja,4300.0,2022
2022-06-03,386581,629.0,2022-06-10,2517,2022-06-15,4,FA,1907,392,NN,Semillas,Convenio Syngenta Soja Completo,Soja,4300.0,2022
2022-06-03,386582,629.0,2022-06-10,2516,2022-06-15,4,FA,1907,392,NN,Semillas,Convenio Syngenta Soja Completo,Soja,4300.0,2022
2022-06-03,386583,629.0,2022-06-10,2515,2022-06-15,4,FA,1907,392,NN,Semillas,Convenio Syngenta Soja Completo,Soja,4300.0,2022
2022-06-03,386584,629.0,2022-06-10,2514,2022-06-15,4,FA,1907,392,NN,Semillas,Convenio Syngenta Soja Completo,Soja,4300.0,2022
2022-06-03,386585,629.0,2022-06-10,2513,2022-06-15,4,FA,1907,392,NN,Semillas,Convenio Syngenta Soja Completo,Soja,4300.0,2022
2022-06-03,386586,629.0,2022-06-10,2512,2022-06-15,4,FA,1907,392,NN,Semillas,Convenio Syngenta Soja Completo,Soja,4300.0,2022
2022-06-03,386587,629.0,2022-06-10,2511,2022-06-15,4,FA,1907,392,NN,Semillas,Convenio Syngenta Soja Completo,Soja,4300.0,2022
2022-06-03,386588,629.0,2022-06-10,2510,2022-06-15,4,FA,1907,392,NN,Semillas,Convenio Syngenta Soja Completo,Soja,4300.0,2022
2022-06-03,386589,629.0,2022-06-10,2509,2022-06-15,4,FA,1907,392,NN,Semillas,Convenio Syngenta Soja Completo,Soja,4300.0,2022
2022-06-03,386590,629.0,2022-06-10,2508,2022-06-15,4,FA,1907,392,NN,Semillas,Convenio Syngenta Soja Completo,Soja,4300.0,2022
2022-06-03,386591,629.0,2022-06-10,2507,2022-06-15,4,FA,1907,392,NN,Semillas,Convenio Syngenta Soja Completo,Soja,4300.0,2022
2022-06-03,386592,629.0,2022-06-10,2506,2022-06-15,4,FA,1907,392,NN,Semillas,Convenio Syngenta Soja Completo,Soja,4300.0,2022
2022-06-03,386593,629.0,2022-06-10,2505,2022-06-15,4,FA,1907,392,NN,Semillas,Convenio Syngenta Soja Completo,Soja,4300.0,2022
2022-06-06,386605,631.0,2022-06-21,2541,2022-06-22,4,FA,1922,4557,NN,Semillas,Lenteja,Lenteja,3300.0,2022
2022-06-07,386606,632.0,2022-06-15,2529,2022-06-15,4,FA,1917,760,NN,Semillas,Fuerza Total,Soja,4400.0,2022
2022-06-08,386623,638.0,2022-06-16,2539,2022-06-22,4,FA,1925,25,NN,Semillas,Doble Poder,Soja,6000.0,2022
2022-06-08,386624,638.0,2022-06-16,2538,2022-06-22,4,FA,1925,25,NN,Semillas,Doble Poder,Soja,6000.0,2022
2022-06-08,386625,638.0,2022-06-16,2537,2022-06-22,4,FA,1925,25,NN,Semillas,Doble Poder,Soja,6000.0,2022
2022-06-08,386626,638.0,2022-06-16,2536,2022-06-22,4,FA,1925,25,NN,Semillas,Doble Poder,Soja,6000.0,2022
2022-06-08,386627,638.0,2022-06-16,2535,2022-06-22,4,FA,1925,25,NN,Semillas,Doble Poder,Soja,6000.0,2022
2022-06-08,386628,638.0,2022-06-16,2534,2022-06-22,4,FA,1925,25,NN,Semillas,Doble Poder,Soja,6000.0,2022
2022-06-08,386629,638.0,2022-06-21,2582,2022-06-22,4,FA,1924,25,NN,Semillas,Maníí,Maníí,4200.0,2022
2022-06-08,386630,638.0,2022-06-21,2581,2022-06-22,4,FA,1924,25,NN,Semillas,Maníí,Maníí,4200.0,2022
2022-06-08,386631,638.0,2022-06-21,2580,2022-06-22,4,FA,1924,25,NN,Semillas,Maníí,Maníí,4200.0,2022
2022-06-08,386632,638.0,2022-06-21,2579,2022-06-22,4,FA,1924,25,NN,Semillas,Maníí,Maníí,4200.0,2022
2022-06-08,386633,638.0,2022-06-21,2578,2022-06-22,4,FA,1924,25,NN,Semillas,Maníí,Maníí,4200.0,2022
2022-06-08,386634,638.0,2022-06-21,2577,2022-06-22,4,FA,1924,25,NN,Semillas,Maníí,Maníí,4200.0,2022
2022-06-08,386635,638.0,2022-06-21,2576,2022-06-22,4,FA,1924,25,NN,Semillas,Maníí,Maníí,4200.0,2022
2022-06-08,386636,638.0,2022-06-21,2575,2022-06-22,4,FA,1924,25,NN,Semillas,Maníí,Maníí,4200.0,2022
2022-06-08,386637,638.0,2022-06-21,2574,2022-06-22,4,FA,1924,25,NN,Semillas,Maníí,Maníí,4200.0,2022
2022-06-08,386638,638.0,2022-06-21,2573,2022-06-22,4,FA,1924,25,NN,Semillas,Maníí,Maníí,4200.0,2022
2022-06-08,386639,638.0,2022-06-21,2572,2022-06-22,4,FA,1924,25,NN,Semillas,Maníí,Maníí,4200.0,2022
2022-06-08,386640,638.0,2022-06-21,2571,2022-06-22,4,FA,1924,25,NN,Semillas,Maníí,Maníí,4200.0,2022
2022-06-08,386641,638.0,2022-06-21,2570,2022-06-22,4,FA,1924,25,NN,Semillas,Maníí,Maníí,4200.0,2022
2022-06-08,386642,638.0,2022-06-21,2569,2022-06-22,4,FA,1924,25,NN,Semillas,Maníí,Maníí,4200.0,2022
2022-06-08,386643,638.0,2022-06-21,2568,2022-06-22,4,FA,1924,25,NN,Semillas,Maníí,Maníí,4200.0,2022
2022-06-08,386644,638.0,2022-06-21,2567,2022-06-22,4,FA,1924,25,NN,Semillas,Maníí,Maníí,4200.0,2022
2022-06-08,386645,638.0,2022-06-21,2566,2022-06-22,4,FA,1924,25,NN,Semillas,Maníí,Maníí,4200.0,2022
2022-06-08,386653,638.0,2022-06-10,2504,2022-06-15,4,FA,1908,760,NN,Semillas,Soja,Soja,4200.0,2022
2022-06-09,386656,636.0,2022-06-24,2594,2022-06-28,4,FA,1937,104,NN,Semillas,Pack Integral,Alfalfa,6700.0,2022
2022-06-09,386657,636.0,2022-06-24,2593,2022-06-28,4,FA,1937,104,NN,Semillas,Pack Integral,Alfalfa,6700.0,2022
2022-06-09,386658,636.0,2022-06-24,2592,2022-06-28,4,FA,1937,104,NN,Semillas,Pack Integral,Alfalfa,6700.0,2022
2022-06-09,386659,636.0,2022-06-24,2591,2022-06-28,4,FA,1937,104,NN,Semillas,Pack Integral,Alfalfa,6700.0,2022
2022-06-09,386660,637.0,2022-07-13,2722,2022-07-14,4,FA,1968,104,NN,Semillas,Pack Integral,Gatton Panic,4650.0,2022
2022-06-09,386661,637.0,2022-07-13,2721,2022-07-14,4,FA,1968,104,NN,Semillas,Pack Integral,Gatton Panic,7300.0,2022
2022-06-09,386662,638.0,2022-06-21,2565,2022-06-22,4,FA,1926,104,NN,Semillas,Cebada,Cebada,3300.0,2022
2022-06-09,386663,638.0,2022-06-21,2564,2022-06-22,4,FA,1926,104,NN,Semillas,Cebada,Cebada,3300.0,2022
2022-06-09,386664,639.0,2022-06-16,2533,2022-06-22,4,FA,1927,104,NN,Semillas,Poroto Mung,Poroto Mung,3300.0,2022
2022-06-09,386665,639.0,2022-06-27,2596,2022-06-29,4,FA,1945,4379,NN,Semillas,Sorgo,Sorgo,3300.0,2022
2022-06-09,386666,639.0,2022-06-24,2595,2022-06-28,4,FA,1941,104,NN,Semillas,Pasto Lloron,Pasto Lloron,3300.0,2022
2022-06-14,386668,639.0,2022-06-21,2589,2022-06-22,4,FA,1929,104,NN,Semillas,Crotalaria,Crotalaria,3300.0,2022
2022-06-14,386669,639.0,2022-06-21,2540,2022-06-22,4,FA,1929,104,NN,Semillas,Crotalaria,Crotalaria,3300.0,2022
2022-06-14,386670,638.0,2022-06-24,2590,2022-06-28,4,FA,1937,104,NN,Semillas,Aeschynomene,Aeschynomene,3300.0,2022
2022-06-10,386671,640.0,2022-06-21,2588,2022-06-22,4,FA,1924,25,NN,Semillas,Maníí,Maníí,4200.0,2022
2022-06-10,386672,640.0,2022-06-21,2587,2022-06-22,4,FA,1924,25,NN,Semillas,Maníí,Maníí,4200.0,2022
2022-06-10,386673,640.0,2022-06-21,2586,2022-06-22,4,FA,1924,25,NN,Semillas,Maníí,Maníí,4200.0,2022
2022-06-10,386674,640.0,2022-06-21,2585,2022-06-22,4,FA,1924,25,NN,Semillas,Maníí,Maníí,4200.0,2022
2022-06-10,386675,640.0,2022-06-21,2584,2022-06-22,4,FA,1924,25,NN,Semillas,Maníí,Maníí,4200.0,2022
2022-06-10,386676,640.0,2022-06-21,2583,2022-06-22,4,FA,1924,25,NN,Semillas,Maníí,Maníí,4200.0,2022
2022-06-14,386724,643.0,2022-06-21,2563,2022-06-22,4,FA,1923,392,NN,Semillas,Convenio Syngenta Soja Completo,Soja,4300.0,2022
2022-06-14,386725,643.0,2022-06-21,2562,2022-06-22,4,FA,1923,392,NN,Semillas,Convenio Syngenta Soja Completo,Soja,4300.0,2022
2022-06-14,386726,643.0,2022-06-21,2561,2022-06-22,4,FA,1923,392,NN,Semillas,Convenio Syngenta Soja Completo,Soja,4300.0,2022
2022-06-14,386727,643.0,2022-06-21,2560,2022-06-22,4,FA,1923,392,NN,Semillas,Convenio Syngenta Soja Completo,Soja,4300.0,2022
2022-06-14,386728,643.0,2022-06-21,2559,2022-06-22,4,FA,1923,392,NN,Semillas,Convenio Syngenta Soja Completo,Soja,4300.0,2022
2022-06-14,386729,643.0,2022-06-21,2558,2022-06-22,4,FA,1923,392,NN,Semillas,Convenio Syngenta Soja Completo,Soja,4300.0,2022
2022-06-14,386730,643.0,2022-06-21,2557,2022-06-22,4,FA,1923,392,NN,Semillas,Convenio Syngenta Soja Completo,Soja,4300.0,2022
2022-06-14,386731,643.0,2022-06-21,2556,2022-06-22,4,FA,1923,392,NN,Semillas,Convenio Syngenta Soja Completo,Soja,4300.0,2022
2022-06-14,386732,643.0,2022-06-21,2555,2022-06-22,4,FA,1923,392,NN,Semillas,Convenio Syngenta Soja Completo,Soja,4300.0,2022
2022-06-14,386733,643.0,2022-06-21,2554,2022-06-22,4,FA,1923,392,NN,Semillas,Convenio Syngenta Soja Completo,Soja,4300.0,2022
2022-06-14,386734,643.0,2022-06-21,2553,2022-06-22,4,FA,1923,392,NN,Semillas,Convenio Syngenta Soja Completo,Soja,4300.0,2022
2022-06-14,386735,643.0,2022-06-21,2552,2022-06-22,4,FA,1923,392,NN,Semillas,Convenio Syngenta Soja Completo,Soja,4300.0,2022
2022-06-14,386736,643.0,2022-06-21,2551,2022-06-22,4,FA,1923,392,NN,Semillas,Convenio Syngenta Soja Completo,Soja,4300.0,2022
2022-06-14,386737,643.0,2022-06-21,2550,2022-06-22,4,FA,1923,392,NN,Semillas,Convenio Syngenta Soja Completo,Soja,4300.0,2022
2022-06-14,386738,643.0,2022-06-21,2549,2022-06-22,4,FA,1923,392,NN,Semillas,Convenio Syngenta Soja Completo,Soja,4300.0,2022
2022-06-14,386739,643.0,2022-06-21,2548,2022-06-22,4,FA,1923,392,NN,Semillas,Convenio Syngenta Soja Completo,Soja,4300.0,2022
2022-06-14,386740,643.0,2022-06-21,2547,2022-06-22,4,FA,1923,392,NN,Semillas,Convenio Syngenta Soja Completo,Soja,4300.0,2022
2022-06-14,386741,643.0,2022-06-21,2546,2022-06-22,4,FA,1923,392,NN,Semillas,Convenio Syngenta Soja Completo,Soja,4300.0,2022
2022-06-14,386742,643.0,2022-06-21,2545,2022-06-22,4,FA,1923,392,NN,Semillas,Convenio Syngenta Soja Completo,Soja,4300.0,2022
2022-06-14,386743,643.0,2022-06-21,2544,2022-06-22,4,FA,1923,392,NN,Semillas,Convenio Syngenta Soja Completo,Soja,4300.0,2022
2022-06-14,386744,643.0,2022-06-21,2543,2022-06-22,4,FA,1923,392,NN,Semillas,Convenio Syngenta Soja Completo,Soja,4300.0,2022
2022-06-14,386745,643.0,2022-06-21,2542,2022-06-22,4,FA,1923,392,NN,Semillas,Convenio Syngenta Soja Completo,Soja,4300.0,2022
2022-06-13,386746,641.0,2022-06-15,2532,2022-06-15,4,FA,1916,1328,NN,Semillas,Gatton Panic,Gatton Panic,7200.0,2022
2022-06-13,386747,641.0,2022-06-15,2531,2022-06-15,4,FA,1916,1328,NN,Semillas,Gatton Panic,Gatton Panic,4200.0,2022
2022-06-13,386748,641.0,2022-06-15,2530,2022-06-15,4,FA,1916,1328,NN,Semillas,Gatton Panic,Gatton Panic,7200.0,2022
2022-06-14,386764,642.0,2022-07-06,2679,2022-07-07,4,FA,1957,1328,NN,Semillas,Urocloa,Urocloa,3300.0,2022
2022-06-21,386787,644.0,2022-06-28,2619,2022-06-29,4,FA,1943,2736,NN,Semillas,Convenio Syngenta Soja Completo,Soja,4300.0,2022
2022-06-21,386788,644.0,2022-06-28,2618,2022-06-29,4,FA,1943,2736,NN,Semillas,Convenio Syngenta Soja Completo,Soja,4300.0,2022
2022-06-21,386789,644.0,2022-06-28,2617,2022-06-29,4,FA,1943,2736,NN,Semillas,Convenio Syngenta Soja Completo,Soja,4300.0,2022
2022-06-21,386790,644.0,2022-06-28,2616,2022-06-29,4,FA,1943,2736,NN,Semillas,Convenio Syngenta Soja Completo,Soja,4300.0,2022
2022-06-21,386791,644.0,2022-06-28,2615,2022-06-29,4,FA,1943,2736,NN,Semillas,Convenio Syngenta Soja Completo,Soja,4300.0,2022
2022-06-21,386792,644.0,2022-06-28,2614,2022-06-29,4,FA,1943,2736,NN,Semillas,Convenio Syngenta Soja Completo,Soja,4300.0,2022
2022-06-21,386793,644.0,2022-06-28,2613,2022-06-29,4,FA,1943,2736,NN,Semillas,Convenio Syngenta Soja Completo,Soja,4300.0,2022
2022-06-21,386794,644.0,2022-06-28,2612,2022-06-29,4,FA,1943,2736,NN,Semillas,Convenio Syngenta Soja Completo,Soja,4300.0,2022
2022-06-21,386795,644.0,2022-06-28,2611,2022-06-29,4,FA,1943,2736,NN,Semillas,Convenio Syngenta Soja Completo,Soja,4300.0,2022
2022-06-21,386796,644.0,2022-06-28,2610,2022-06-29,4,FA,1943,2736,NN,Semillas,Convenio Syngenta Soja Completo,Soja,4300.0,2022
2022-06-21,386797,644.0,2022-06-28,2609,2022-06-29,4,FA,1943,2736,NN,Semillas,Convenio Syngenta Soja Completo,Soja,4300.0,2022
2022-06-21,386798,644.0,2022-06-28,2608,2022-06-29,4,FA,1943,2736,NN,Semillas,Convenio Syngenta Soja Completo,Soja,4300.0,2022
2022-06-21,386799,644.0,2022-06-28,2607,2022-06-29,4,FA,1943,2736,NN,Semillas,Convenio Syngenta Soja Completo,Soja,4300.0,2022
2022-06-21,386800,644.0,2022-06-28,2606,2022-06-29,4,FA,1943,2736,NN,Semillas,Convenio Syngenta Soja Completo,Soja,4300.0,2022
2022-06-21,386801,644.0,2022-06-28,2605,2022-06-29,4,FA,1943,2736,NN,Semillas,Convenio Syngenta Soja Completo,Soja,4300.0,2022
2022-06-21,386802,644.0,2022-06-28,2604,2022-06-29,4,FA,1943,2736,NN,Semillas,Convenio Syngenta Soja Completo,Soja,4300.0,2022
2022-06-21,386803,644.0,2022-06-28,2603,2022-06-29,4,FA,1943,2736,NN,Semillas,Convenio Syngenta Soja Completo,Soja,4300.0,2022
2022-06-21,386804,644.0,2022-06-28,2602,2022-06-29,4,FA,1943,2736,NN,Semillas,Convenio Syngenta Soja Completo,Soja,4300.0,2022
2022-06-21,386805,644.0,2022-06-28,2601,2022-06-29,4,FA,1943,2736,NN,Semillas,Convenio Syngenta Soja Completo,Soja,4300.0,2022
2022-06-21,386806,644.0,2022-06-28,2600,2022-06-29,4,FA,1943,2736,NN,Semillas,Convenio Syngenta Soja Completo,Soja,4300.0,2022
2022-06-21,386807,644.0,2022-06-28,2599,2022-06-29,4,FA,1943,2736,NN,Semillas,Convenio Syngenta Soja Completo,Soja,4300.0,2022
2022-06-21,386808,644.0,2022-06-28,2598,2022-06-29,4,FA,1943,2736,NN,Semillas,Convenio Syngenta Soja Completo,Soja,4300.0,2022
2022-06-21,386809,644.0,2022-06-28,2597,2022-06-29,4,FA,1943,2736,NN,Semillas,Convenio Syngenta Soja Completo,Soja,4300.0,2022
2022-06-23,386818,645.0,2022-06-30,2643,2022-06-30,4,FA,1948,9261,NN,Semillas,Convenio Syngenta Soja Completo,Soja,4300.0,2022
2022-06-23,386819,645.0,2022-06-30,2642,2022-06-30,4,FA,1948,9261,NN,Semillas,Convenio Syngenta Soja Completo,Soja,4300.0,2022
2022-06-23,386820,645.0,2022-06-30,2641,2022-06-30,4,FA,1948,9261,NN,Semillas,Convenio Syngenta Soja Completo,Soja,4300.0,2022
2022-06-23,386821,645.0,2022-06-30,2640,2022-06-30,4,FA,1948,9261,NN,Semillas,Convenio Syngenta Soja Completo,Soja,4300.0,2022
2022-06-23,386822,645.0,2022-06-30,2639,2022-06-30,4,FA,1948,9261,NN,Semillas,Convenio Syngenta Soja Completo,Soja,4300.0,2022
2022-06-23,386823,645.0,2022-06-30,2638,2022-06-30,4,FA,1948,9261,NN,Semillas,Convenio Syngenta Soja Completo,Soja,4300.0,2022
2022-06-23,386824,645.0,2022-06-30,2637,2022-06-30,4,FA,1948,9261,NN,Semillas,Convenio Syngenta Soja Completo,Soja,4300.0,2022
2022-06-23,386825,645.0,2022-06-30,2636,2022-06-30,4,FA,1948,9261,NN,Semillas,Convenio Syngenta Soja Completo,Soja,4300.0,2022
2022-06-23,386826,645.0,2022-06-30,2635,2022-06-30,4,FA,1948,9261,NN,Semillas,Convenio Syngenta Soja Completo,Soja,4300.0,2022
2022-06-23,386827,645.0,2022-06-30,2634,2022-06-30,4,FA,1948,9261,NN,Semillas,Convenio Syngenta Soja Completo,Soja,4300.0,2022
2022-06-23,386828,645.0,2022-06-30,2633,2022-06-30,4,FA,1948,9261,NN,Semillas,Convenio Syngenta Soja Completo,Soja,4300.0,2022
2022-06-23,386829,645.0,2022-06-30,2632,2022-06-30,4,FA,1948,9261,NN,Semillas,Convenio Syngenta Soja Completo,Soja,4300.0,2022
2022-06-23,386830,645.0,2022-06-30,2631,2022-06-30,4,FA,1948,9261,NN,Semillas,Convenio Syngenta Soja Completo,Soja,4300.0,2022
2022-06-23,386831,645.0,2022-06-30,2630,2022-06-30,4,FA,1948,9261,NN,Semillas,Convenio Syngenta Soja Completo,Soja,4300.0,2022
2022-06-23,386832,645.0,2022-06-30,2629,2022-06-30,4,FA,1948,9261,NN,Semillas,Convenio Syngenta Soja Completo,Soja,4300.0,2022
2022-06-23,386833,645.0,2022-06-30,2628,2022-06-30,4,FA,1948,9261,NN,Semillas,Convenio Syngenta Soja Completo,Soja,4300.0,2022
2022-06-23,386834,645.0,2022-06-30,2627,2022-06-30,4,FA,1948,9261,NN,Semillas,Convenio Syngenta Soja Completo,Soja,4300.0,2022
2022-06-23,386835,645.0,2022-06-30,2626,2022-06-30,4,FA,1948,9261,NN,Semillas,Convenio Syngenta Soja Completo,Soja,4300.0,2022
2022-06-23,386836,645.0,2022-06-30,2625,2022-06-30,4,FA,1948,9261,NN,Semillas,Convenio Syngenta Soja Completo,Soja,4300.0,2022
2022-06-23,386837,645.0,2022-06-30,2624,2022-06-30,4,FA,1948,9261,NN,Semillas,Convenio Syngenta Soja Completo,Soja,4300.0,2022
2022-06-23,386838,645.0,2022-06-30,2623,2022-06-30,4,FA,1948,9261,NN,Semillas,Convenio Syngenta Soja Completo,Soja,4300.0,2022
2022-06-23,386839,645.0,2022-06-30,2622,2022-06-30,4,FA,1948,9261,NN,Semillas,Convenio Syngenta Soja Completo,Soja,4300.0,2022
2022-06-24,386875,647.0,2022-07-04,2670,2022-07-14,4,FA,1964,392,NN,Semillas,Fuerza Total,Trigo,4400.0,2022
2022-06-24,386876,647.0,2022-07-04,2669,2022-07-14,4,FA,1964,392,NN,Semillas,Fuerza Total,Trigo,4400.0,2022
2022-06-24,386877,646.0,2022-07-01,2663,2022-07-04,4,FA,1952,392,NN,Semillas,Convenio Syngenta Soja Completo,Soja,4300.0,2022
2022-06-24,386878,646.0,2022-07-01,2662,2022-07-04,4,FA,1952,392,NN,Semillas,Convenio Syngenta Soja Completo,Soja,4300.0,2022
2022-06-24,386879,646.0,2022-07-01,2661,2022-07-04,4,FA,1952,392,NN,Semillas,Convenio Syngenta Soja Completo,Soja,4300.0,2022
2022-06-24,386880,646.0,2022-07-01,2660,2022-07-04,4,FA,1952,392,NN,Semillas,Convenio Syngenta Soja Completo,Soja,4300.0,2022
2022-06-24,386881,646.0,2022-07-01,2659,2022-07-04,4,FA,1952,392,NN,Semillas,Convenio Syngenta Soja Completo,Soja,4300.0,2022
2022-06-24,386882,646.0,2022-07-01,2658,2022-07-04,4,FA,1952,392,NN,Semillas,Convenio Syngenta Soja Completo,Soja,4300.0,2022
2022-06-24,386883,646.0,2022-07-01,2657,2022-07-04,4,FA,1952,392,NN,Semillas,Convenio Syngenta Soja Completo,Soja,4300.0,2022
2022-06-24,386884,646.0,2022-07-01,2656,2022-07-04,4,FA,1952,392,NN,Semillas,Convenio Syngenta Soja Completo,Soja,4300.0,2022
2022-06-24,386885,646.0,2022-07-01,2655,2022-07-04,4,FA,1952,392,NN,Semillas,Convenio Syngenta Soja Completo,Soja,4300.0,2022
2022-06-24,386886,646.0,2022-07-01,2654,2022-07-04,4,FA,1952,392,NN,Semillas,Convenio Syngenta Soja Completo,Soja,4300.0,2022
2022-06-24,386887,646.0,2022-07-01,2653,2022-07-04,4,FA,1952,392,NN,Semillas,Convenio Syngenta Soja Completo,Soja,4300.0,2022
2022-06-24,386888,646.0,2022-07-01,2652,2022-07-04,4,FA,1952,392,NN,Semillas,Convenio Syngenta Soja Completo,Soja,4300.0,2022
2022-06-24,386889,646.0,2022-07-01,2651,2022-07-04,4,FA,1952,392,NN,Semillas,Convenio Syngenta Soja Completo,Soja,4300.0,2022
2022-06-24,386890,646.0,2022-07-01,2650,2022-07-04,4,FA,1952,392,NN,Semillas,Convenio Syngenta Soja Completo,Soja,4300.0,2022
2022-06-24,386891,646.0,2022-07-01,2649,2022-07-04,4,FA,1952,392,NN,Semillas,Convenio Syngenta Soja Completo,Soja,4300.0,2022
2022-06-24,386892,646.0,2022-07-01,2648,2022-07-04,4,FA,1952,392,NN,Semillas,Convenio Syngenta Soja Completo,Soja,4300.0,2022
2022-06-24,386893,646.0,2022-07-01,2647,2022-07-04,4,FA,1952,392,NN,Semillas,Convenio Syngenta Soja Completo,Soja,4300.0,2022
2022-06-24,386894,646.0,2022-07-01,2646,2022-07-04,4,FA,1952,392,NN,Semillas,Convenio Syngenta Soja Completo,Soja,4300.0,2022
2022-06-24,386895,646.0,2022-07-01,2645,2022-07-04,4,FA,1952,392,NN,Semillas,Convenio Syngenta Soja Completo,Soja,4300.0,2022
2022-06-24,386896,646.0,2022-07-01,2644,2022-07-04,4,FA,1952,392,NN,Semillas,Convenio Syngenta Soja Completo,Soja,4300.0,2022
2022-06-27,386899,648.0,2022-07-05,2678,2022-07-14,4,FA,1963,4557,NN,Semillas,Soja,Soja,3300.0,2022
2022-06-27,386900,648.0,2022-07-05,2677,2022-07-14,4,FA,1963,4557,NN,Semillas,Soja,Soja,3300.0,2022
2022-06-27,386901,648.0,2022-07-05,2676,2022-07-14,4,FA,1963,4557,NN,Semillas,Soja,Soja,3300.0,2022
2022-06-27,386902,648.0,2022-07-05,2675,2022-07-14,4,FA,1963,4557,NN,Semillas,Soja,Soja,3300.0,2022
2022-06-27,386903,648.0,2022-07-05,2674,2022-07-14,4,FA,1963,4557,NN,Semillas,Soja,Soja,3300.0,2022
2022-06-27,386904,648.0,2022-07-05,2673,2022-07-14,4,FA,1963,4557,NN,Semillas,Soja,Soja,3300.0,2022
2022-06-27,386905,648.0,2022-07-05,2672,2022-07-14,4,FA,1963,4557,NN,Semillas,Soja,Soja,3300.0,2022
2022-06-27,386906,648.0,2022-07-05,2671,2022-07-14,4,FA,1963,4557,NN,Semillas,Soja,Soja,3300.0,2022
2022-06-27,386909,649.0,2022-07-04,2668,2022-07-04,4,FA,1954,1856,NN,Semillas,Poroto Mung,Poroto Mung,3300.0,2022
2022-06-27,386910,649.0,2022-07-04,2667,2022-07-04,4,FA,1954,1856,NN,Semillas,Poroto Mung,Poroto Mung,3300.0,2022
2022-06-29,386942,650.0,2022-07-06,2686,2022-07-07,4,FA,1958,4237,NN,Semillas,Convenio Syngenta Soja Completo,Soja,4300.0,2022
2022-06-29,386943,650.0,2022-07-06,2685,2022-07-07,4,FA,1958,4237,NN,Semillas,Convenio Syngenta Soja Completo,Soja,4300.0,2022
2022-06-29,386944,650.0,2022-07-06,2684,2022-07-07,4,FA,1958,4237,NN,Semillas,Convenio Syngenta Soja Completo,Soja,4300.0,2022
2022-06-29,386945,650.0,2022-07-06,2683,2022-07-07,4,FA,1958,4237,NN,Semillas,Convenio Syngenta Soja Completo,Soja,4300.0,2022
2022-06-29,386946,650.0,2022-07-06,2682,2022-07-07,4,FA,1958,4237,NN,Semillas,Convenio Syngenta Soja Completo,Soja,4300.0,2022
2022-06-29,386947,650.0,2022-07-06,2681,2022-07-07,4,FA,1958,4237,NN,Semillas,Convenio Syngenta Soja Completo,Soja,4300.0,2022
2022-06-29,386948,650.0,2022-07-06,2680,2022-07-07,4,FA,1958,4237,NN,Semillas,Convenio Syngenta Soja Completo,Soja,4300.0,2022
2022-06-29,386949,651.0,2022-07-07,2693,2022-07-11,4,FA,1961,4676,NN,Semillas,Fuerza Total,Soja,4400.0,2022
2022-06-29,386950,651.0,2022-07-07,2692,2022-07-11,4,FA,1961,4676,NN,Semillas,Fuerza Total,Soja,4400.0,2022
2022-06-29,386951,651.0,2022-07-07,2691,2022-07-11,4,FA,1961,4676,NN,Semillas,Fuerza Total,Soja,4400.0,2022
2022-06-29,386952,651.0,2022-07-07,2690,2022-07-11,4,FA,1961,4676,NN,Semillas,Fuerza Total,Soja,4400.0,2022
2022-06-29,386953,652.0,2022-07-01,2666,2022-07-04,4,FA,1951,1328,NN,Semillas,Gatton Panic,Gatton Panic,4200.0,2022
2022-06-29,386954,652.0,2022-07-01,2665,2022-07-04,4,FA,1951,1328,NN,Semillas,Gatton Panic,Gatton Panic,4200.0,2022
2022-06-29,386955,652.0,2022-07-01,2664,2022-07-04,4,FA,1951,1328,NN,Semillas,Gatton Panic,Gatton Panic,4200.0,2022
2022-06-29,386956,653.0,2022-07-06,2689,2022-07-07,4,FA,1957,1328,NN,Semillas,Gatton Panic,Gatton Panic,7200.0,2022
2022-06-29,386957,653.0,2022-07-06,2688,2022-07-07,4,FA,1957,1328,NN,Semillas,Gatton Panic,Gatton Panic,7200.0,2022
2022-06-29,386958,653.0,2022-07-06,2687,2022-07-07,4,FA,1957,1328,NN,Semillas,Gatton Panic,Gatton Panic,7200.0,2022
2022-07-01,387003,654.0,2022-07-08,2719,2022-07-11,4,FA,1960,760,NN,Semillas,Convenio Syngenta Soja Completo,Soja,4300.0,2022
2022-07-01,387004,654.0,2022-07-08,2718,2022-07-11,4,FA,1960,760,NN,Semillas,Convenio Syngenta Soja Completo,Soja,4300.0,2022
2022-07-01,387005,654.0,2022-07-08,2717,2022-07-11,4,FA,1960,760,NN,Semillas,Convenio Syngenta Soja Completo,Soja,4300.0,2022
2022-07-01,387006,654.0,2022-07-08,2716,2022-07-11,4,FA,1960,760,NN,Semillas,Convenio Syngenta Soja Completo,Soja,4300.0,2022
2022-07-01,387007,654.0,2022-07-08,2715,2022-07-11,4,FA,1960,760,NN,Semillas,Convenio Syngenta Soja Completo,Soja,4300.0,2022
2022-07-01,387008,654.0,2022-07-08,2714,2022-07-11,4,FA,1960,760,NN,Semillas,Convenio Syngenta Soja Completo,Soja,4300.0,2022
2022-07-01,387009,655.0,2022-07-08,2713,2022-07-11,4,FA,1959,392,NN,Semillas,Convenio Syngenta Soja Completo,Soja,4300.0,2022
2022-07-01,387010,655.0,2022-07-08,2712,2022-07-11,4,FA,1959,392,NN,Semillas,Convenio Syngenta Soja Completo,Soja,4300.0,2022
2022-07-01,387011,655.0,2022-07-08,2711,2022-07-11,4,FA,1959,392,NN,Semillas,Convenio Syngenta Soja Completo,Soja,4300.0,2022
2022-07-01,387012,655.0,2022-07-08,2710,2022-07-11,4,FA,1959,392,NN,Semillas,Convenio Syngenta Soja Completo,Soja,4300.0,2022
2022-07-01,387013,655.0,2022-07-08,2709,2022-07-11,4,FA,1959,392,NN,Semillas,Convenio Syngenta Soja Completo,Soja,4300.0,2022
2022-07-01,387014,655.0,2022-07-08,2708,2022-07-11,4,FA,1959,392,NN,Semillas,Convenio Syngenta Soja Completo,Soja,4300.0,2022
2022-07-01,387015,655.0,2022-07-08,2707,2022-07-11,4,FA,1959,392,NN,Semillas,Convenio Syngenta Soja Completo,Soja,4300.0,2022
2022-07-01,387016,655.0,2022-07-08,2706,2022-07-11,4,FA,1959,392,NN,Semillas,Convenio Syngenta Soja Completo,Soja,4300.0,2022
2022-07-01,387017,655.0,2022-07-08,2705,2022-07-11,4,FA,1959,392,NN,Semillas,Convenio Syngenta Soja Completo,Soja,4300.0,2022
2022-07-01,387018,655.0,2022-07-08,2704,2022-07-11,4,FA,1959,392,NN,Semillas,Convenio Syngenta Soja Completo,Soja,4300.0,2022
2022-07-01,387019,655.0,2022-07-08,2703,2022-07-11,4,FA,1959,392,NN,Semillas,Convenio Syngenta Soja Completo,Soja,4300.0,2022
2022-07-01,387020,655.0,2022-07-08,2702,2022-07-11,4,FA,1959,392,NN,Semillas,Convenio Syngenta Soja Completo,Soja,4300.0,2022
2022-07-01,387021,655.0,2022-07-08,2701,2022-07-11,4,FA,1959,392,NN,Semillas,Convenio Syngenta Soja Completo,Soja,4300.0,2022
2022-07-01,387022,655.0,2022-07-08,2700,2022-07-11,4,FA,1959,392,NN,Semillas,Convenio Syngenta Soja Completo,Soja,4300.0,2022
2022-07-01,387023,655.0,2022-07-08,2699,2022-07-11,4,FA,1959,392,NN,Semillas,Convenio Syngenta Soja Completo,Soja,4300.0,2022
2022-07-01,387024,655.0,2022-07-08,2698,2022-07-11,4,FA,1959,392,NN,Semillas,Convenio Syngenta Soja Completo,Soja,4300.0,2022
2022-07-01,387025,655.0,2022-07-08,2697,2022-07-11,4,FA,1959,392,NN,Semillas,Convenio Syngenta Soja Completo,Soja,4300.0,2022
2022-07-01,387026,655.0,2022-07-08,2696,2022-07-11,4,FA,1959,392,NN,Semillas,Convenio Syngenta Soja Completo,Soja,4300.0,2022
2022-07-01,387027,655.0,2022-07-08,2695,2022-07-11,4,FA,1959,392,NN,Semillas,Convenio Syngenta Soja Completo,Soja,4300.0,2022
2022-07-01,387028,655.0,2022-07-08,2694,2022-07-11,4,FA,1959,392,NN,Semillas,Convenio Syngenta Soja Completo,Soja,4300.0,2022
2022-07-05,387045,656.0,2022-07-19,2734,2022-07-22,4,FA,1984,104,NN,Semillas,Grama Rhodes,Grama Rhodes,3900.0,2022
2022-07-05,387046,656.0,2022-07-19,2733,2022-07-22,4,FA,1984,104,NN,Semillas,Grama Rhodes,Grama Rhodes,3900.0,2022
2022-07-05,387047,656.0,2022-07-19,2732,2022-07-22,4,FA,1984,104,NN,Semillas,Grama Rhodes,Grama Rhodes,3900.0,2022
2022-07-05,387048,656.0,2022-07-19,2731,2022-07-22,4,FA,1984,104,NN,Semillas,Grama Rhodes,Grama Rhodes,3900.0,2022
2022-07-05,387049,656.0,2022-07-19,2730,2022-07-22,4,FA,1984,104,NN,Semillas,Grama Rhodes,Grama Rhodes,3900.0,2022
2022-07-05,387050,656.0,2022-08-02,2786,2022-08-04,4,FA,2017,104,NN,Semillas,Buffel Grass,Buffel Grass,3900.0,2022
2022-07-05,387051,656.0,2022-07-15,2728,2022-07-18,4,FA,1976,104,NN,Semillas,Avena Strigosa,Avena Strigosa,3300.0,2022
2022-07-05,387052,656.0,2022-07-15,2727,2022-07-18,4,FA,1976,104,NN,Semillas,Avena Strigosa,Avena Strigosa,3300.0,2022
2022-07-05,387053,656.0,2022-07-15,2726,2022-07-18,4,FA,1976,104,NN,Semillas,Avena Strigosa,Avena Strigosa,3300.0,2022
2022-07-05,387054,656.0,2022-07-15,2725,2022-07-18,4,FA,1976,104,NN,Semillas,Avena Blanca / Amarilla/ Byzantina,Avena Blanca / Amarilla/ Byzantina,3300.0,2022
2022-07-05,387055,656.0,2022-08-02,2785,2022-08-04,4,FA,2017,104,NN,Semillas,Cebadilla Criolla,Cebadilla Criolla,3300.0,2022
2022-07-05,387056,656.0,2022-07-15,2724,2022-07-18,4,FA,1976,104,NN,Semillas,Trebol Blanco,Trebol Blanco,3300.0,2022
2022-07-05,387057,656.0,2022-07-12,2720,2022-07-14,4,FA,1968,104,NN,Semillas,Festuca,Festuca,3300.0,2022
2022-07-05,387058,656.0,2022-07-19,2729,2022-07-22,4,FA,1978,104,NN,Semillas,Vicia,Vicia,3300.0,2022
2022-07-05,387059,657.0,2022-07-22,2745,2022-07-22,4,FA,1990,2555,NN,Semillas,Semilla Vital Megatérmicas,Grama Rhodes,6600.0,2022
2022-07-12,387111,659.0,2022-07-15,2723,2022-07-18,4,FA,1975,2392,NN,Semillas,Soja,Soja,3300.0,2022
2022-07-08,387112,658.0,2022-08-11,2832,2022-08-12,4,FA,2033,1328,NN,Semillas,Gatton Panic,Gatton Panic,3900.0,2022
2022-07-13,387135,660.0,2022-07-22,2740,2022-07-22,4,FA,1985,967,NN,Semillas,Soja,Soja,3300.0,2022
2022-07-13,387136,660.0,2022-07-22,2739,2022-07-22,4,FA,1985,967,NN,Semillas,Soja,Soja,3300.0,2022
2022-07-13,387137,660.0,2022-07-22,2738,2022-07-22,4,FA,1985,967,NN,Semillas,Soja,Soja,3300.0,2022
2022-07-13,387138,660.0,2022-07-22,2737,2022-07-22,4,FA,1985,967,NN,Semillas,Soja,Soja,3300.0,2022
2022-07-13,387139,660.0,2022-07-22,2736,2022-07-22,4,FA,1985,967,NN,Semillas,Soja,Soja,3300.0,2022
2022-07-13,387140,660.0,2022-07-22,2735,2022-07-22,4,FA,1985,967,NN,Semillas,Soja,Soja,3300.0,2022
2022-07-13,387145,662.0,2022-07-22,2741,2022-07-22,4,FA,1987,1781,NN,Semillas,Fuerza Total Curado,Soja,5000.0,2022
2022-07-13,387146,661.0,2022-07-26,2755,2022-07-27,4,FA,1996,4237,NN,Semillas,Convenio Syngenta Soja Completo,Soja,4300.0,2022
2022-07-13,387147,661.0,2022-07-26,2754,2022-07-27,4,FA,1996,4237,NN,Semillas,Convenio Syngenta Soja Completo,Soja,4300.0,2022
2022-07-13,387148,661.0,2022-07-26,2753,2022-07-27,4,FA,1996,4237,NN,Semillas,Convenio Syngenta Soja Completo,Soja,4300.0,2022
2022-07-13,387149,661.0,2022-07-26,2752,2022-07-27,4,FA,1996,4237,NN,Semillas,Convenio Syngenta Soja Completo,Soja,4300.0,2022
2022-07-13,387150,661.0,2022-07-26,2751,2022-07-27,4,FA,1996,4237,NN,Semillas,Convenio Syngenta Soja Completo,Soja,4300.0,2022
2022-07-13,387151,661.0,2022-07-26,2750,2022-07-27,4,FA,1996,4237,NN,Semillas,Convenio Syngenta Soja Completo,Soja,4300.0,2022
2022-07-13,387152,661.0,2022-07-26,2749,2022-07-27,4,FA,1996,4237,NN,Semillas,Convenio Syngenta Soja Completo,Soja,4300.0,2022
2022-07-14,387159,663.0,2022-07-26,2748,2022-07-27,4,FA,1996,4237,NN,Semillas,Convenio Syngenta Soja Completo,Soja,4300.0,2022
2022-07-14,387160,663.0,2022-07-26,2747,2022-07-27,4,FA,1996,4237,NN,Semillas,Convenio Syngenta Soja Completo,Soja,4300.0,2022
2022-07-15,387192,664.0,2022-07-22,2743,2022-07-22,4,FA,1988,1915,NN,Semillas,Doble Poder,Soja,8000.0,2022
2022-07-15,387193,664.0,2022-07-22,2742,2022-07-22,4,FA,1988,1915,NN,Semillas,Doble Poder,Soja,8000.0,2022
2022-07-18,387200,665.0,2022-07-27,2759,2022-07-27,4,FA,1997,392,NN,Semillas,Semilla Vital Para Soja,Soja,6000.0,2022
2022-07-18,387201,665.0,2022-07-27,2758,2022-07-27,4,FA,1997,392,NN,Semillas,Semilla Vital Para Soja,Soja,6000.0,2022
2022-07-18,387202,665.0,2022-07-27,2757,2022-07-27,4,FA,1997,392,NN,Semillas,Semilla Vital Para Soja,Soja,6000.0,2022
2022-07-18,387203,666.0,2022-07-26,2756,2022-07-27,4,FA,1995,1781,NN,Semillas,Fuerza Total Curado,Soja,5000.0,2022
2022-07-20,387216,667.0,2022-07-28,2765,2022-07-28,4,FA,1999,2375,NN,Semillas,Fuerza Total Curado,Soja,5000.0,2022
2022-07-20,387217,667.0,2022-07-28,2764,2022-07-28,4,FA,1999,2375,NN,Semillas,Fuerza Total Curado,Soja,5000.0,2022
2022-07-20,387218,667.0,2022-07-28,2763,2022-07-28,4,FA,1999,2375,NN,Semillas,Fuerza Total Curado,Soja,5000.0,2022
2022-07-20,387219,667.0,2022-07-28,2762,2022-07-28,4,FA,1999,2375,NN,Semillas,Fuerza Total Curado,Soja,5000.0,2022
2022-07-20,387220,667.0,2022-07-28,2761,2022-07-28,4,FA,1999,2375,NN,Semillas,Fuerza Total Curado,Soja,5000.0,2022
2022-07-20,387221,667.0,2022-07-28,2760,2022-07-28,4,FA,1999,2375,NN,Semillas,Fuerza Total Curado,Soja,5000.0,2022
2022-07-20,387222,668.0,2022-07-22,2746,2022-07-25,4,FA,1991,1328,NN,Semillas,Buffel Grass,Buffel Grass,4200.0,2022
2022-07-21,387223,669.0,2022-07-29,2776,2022-08-01,4,FA,2010,1171,NN,Semillas,Fuerza Total Curado,Soja,5000.0,2022
2022-07-21,387224,669.0,2022-07-29,2775,2022-08-01,4,FA,2010,1171,NN,Semillas,Fuerza Total Curado,Soja,5000.0,2022
2022-07-21,387225,669.0,2022-07-28,2767,2022-07-28,4,FA,2005,1171,NN,Semillas,Maíz,Maíz,3300.0,2022
2022-07-21,387226,669.0,2022-07-28,2766,2022-07-28,4,FA,2005,1171,NN,Semillas,Maíz,Maíz,3300.0,2022
2022-07-21,387227,670.0,2022-07-29,2778,2022-08-01,4,FA,2011,2677,NN,Semillas,Fuerza Total Curado,Soja,5000.0,2022
2022-07-21,387228,670.0,2022-07-29,2777,2022-08-01,4,FA,2011,2677,NN,Semillas,Fuerza Total Curado,Soja,5000.0,2022
2022-07-21,387229,669.0,2022-07-29,2774,2022-08-01,4,FA,2010,1171,NN,Semillas,Fuerza Total Curado,Soja,5000.0,2022
2022-07-21,387230,669.0,2022-07-29,2773,2022-08-01,4,FA,2010,1171,NN,Semillas,Fuerza Total Curado,Soja,5000.0,2022
2022-07-21,387231,670.0,2022-07-28,2771,2022-07-28,4,FA,2002,2677,NN,Semillas,Maíz,Maíz,3300.0,2022
2022-07-21,387232,671.0,2022-07-29,2772,2022-08-01,4,FA,2013,9000,NN,Semillas,Fuerza Total Curado,Soja,5000.0,2022
2022-07-21,387233,671.0,2022-07-29,2782,2022-08-01,4,FA,2013,9000,NN,Semillas,Fuerza Total Curado,Soja,5000.0,2022
2022-07-21,387234,671.0,2022-07-29,2781,2022-08-01,4,FA,2013,9000,NN,Semillas,Fuerza Total Curado,Soja,5000.0,2022
2022-07-21,387235,671.0,2022-07-29,2780,2022-08-01,4,FA,2013,9000,NN,Semillas,Fuerza Total Curado,Soja,5000.0,2022
2022-07-21,387236,671.0,2022-07-29,2779,2022-08-01,4,FA,2013,9000,NN,Semillas,Fuerza Total Curado,Soja,5000.0,2022
2022-07-21,387237,671.0,2022-07-28,2770,2022-07-28,4,FA,2001,9000,NN,Semillas,Maíz,Maíz,3300.0,2022
2022-07-21,387238,671.0,2022-07-28,2769,2022-07-28,4,FA,2001,9000,NN,Semillas,Maíz,Maíz,3300.0,2022
2022-07-21,387239,672.0,2022-07-29,2783,2022-08-01,4,FA,2012,4039,NN,Semillas,Fuerza Total Curado,Soja,5000.0,2022
2022-07-21,387240,672.0,2022-07-28,2768,2022-07-28,4,FA,2000,4039,NN,Semillas,Maíz,Maíz,3300.0,2022
2022-07-22,387281,673.0,2022-07-29,2784,2022-08-01,4,FA,2009,700,NN,Semillas,Doble Poder,Soja,8000.0,2022
2022-07-26,387349,674.0,2022-08-05,2798,2022-08-10,4,FA,2023,1864,NN,Semillas,Moha,Moha,3300.0,2022
2022-07-28,387417,675.0,2022-08-05,2794,2022-08-10,4,FA,2020,350,NN,Semillas,Fuerza Total Curado,Soja,5000.0,2022
2022-07-28,387418,675.0,2022-08-05,2793,2022-08-10,4,FA,2020,350,NN,Semillas,Fuerza Total Curado,Soja,5000.0,2022
2022-07-28,387419,675.0,2022-08-05,2792,2022-08-10,4,FA,2020,350,NN,Semillas,Fuerza Total Curado,Soja,5000.0,2022
2022-07-28,387420,675.0,2022-08-05,2791,2022-08-10,4,FA,2020,350,NN,Semillas,Fuerza Total Curado,Soja,5000.0,2022
2022-07-28,387421,675.0,2022-08-05,2790,2022-08-10,4,FA,2020,350,NN,Semillas,Fuerza Total Curado,Soja,5000.0,2022
2022-07-28,387422,676.0,2022-08-05,2797,2022-08-10,4,FA,2021,2375,NN,Semillas,Fuerza Total Curado,Soja,5000.0,2022
2022-07-28,387423,676.0,2022-08-05,2796,2022-08-10,4,FA,2021,2375,NN,Semillas,Fuerza Total Curado,Soja,5000.0,2022
2022-07-28,387424,676.0,2022-08-05,2795,2022-08-10,4,FA,2021,2375,NN,Semillas,Fuerza Total Curado,Soja,5000.0,2022
2022-07-29,387425,677.0,2022-08-09,2799,2022-08-11,4,FA,2029,700,NN,Semillas,Centeno,Centeno,3300.0,2022
2022-07-29,387426,677.0,2022-08-09,2800,2022-08-11,4,FA,2029,700,NN,Semillas,Doble Poder,Soja,8000.0,2022
2022-07-29,387429,678.0,2022-08-05,2789,2022-08-10,4,FA,2022,3687,NN,Semillas,Convenio Syngenta Soja Completo,Soja,4300.0,2022
2022-07-29,387430,678.0,2022-08-05,2788,2022-08-10,4,FA,2022,3687,NN,Semillas,Convenio Syngenta Soja Completo,Soja,4300.0,2022
2022-07-29,387431,678.0,2022-08-05,2787,2022-08-10,4,FA,2022,3687,NN,Semillas,Convenio Syngenta Soja Completo,Soja,4300.0,2022
2022-08-02,387432,679.0,2022-08-09,2817,2022-08-31,4,FA,2064,2795,NN,Semillas,Convenio Syngenta Soja Completo,Soja,4300.0,2022
2022-08-02,387433,679.0,2022-08-09,2816,2022-08-31,4,FA,2064,2795,NN,Semillas,Convenio Syngenta Soja Completo,Soja,4300.0,2022
2022-08-02,387434,679.0,2022-08-09,2815,2022-08-31,4,FA,2064,2795,NN,Semillas,Convenio Syngenta Soja Completo,Soja,4300.0,2022
2022-08-02,387435,679.0,2022-08-09,2814,2022-08-31,4,FA,2064,2795,NN,Semillas,Convenio Syngenta Soja Completo,Soja,4300.0,2022
2022-08-02,387436,679.0,2022-08-09,2813,2022-08-31,4,FA,2064,2795,NN,Semillas,Convenio Syngenta Soja Completo,Soja,4300.0,2022
2022-08-02,387437,679.0,2022-08-09,2812,2022-08-31,4,FA,2064,2795,NN,Semillas,Convenio Syngenta Soja Completo,Soja,4300.0,2022
2022-08-02,387438,679.0,2022-08-09,2811,2022-08-31,4,FA,2064,2795,NN,Semillas,Convenio Syngenta Soja Completo,Soja,4300.0,2022
2022-08-02,387439,679.0,2022-08-09,2810,2022-08-31,4,FA,2064,2795,NN,Semillas,Convenio Syngenta Soja Completo,Soja,4300.0,2022
2022-08-02,387440,679.0,2022-08-09,2809,2022-08-31,4,FA,2064,2795,NN,Semillas,Convenio Syngenta Soja Completo,Soja,4300.0,2022
2022-08-02,387441,679.0,2022-08-09,2808,2022-08-31,4,FA,2064,2795,NN,Semillas,Convenio Syngenta Soja Completo,Soja,4300.0,2022
2022-08-02,387442,679.0,2022-08-09,2807,2022-08-31,4,FA,2064,2795,NN,Semillas,Convenio Syngenta Soja Completo,Soja,4300.0,2022
2022-08-02,387443,679.0,2022-08-09,2806,2022-08-31,4,FA,2064,2795,NN,Semillas,Convenio Syngenta Soja Completo,Soja,4300.0,2022
2022-08-02,387444,679.0,2022-08-09,2805,2022-08-31,4,FA,2064,2795,NN,Semillas,Convenio Syngenta Soja Completo,Soja,4300.0,2022
2022-08-02,387445,679.0,2022-08-09,2804,2022-08-31,4,FA,2064,2795,NN,Semillas,Convenio Syngenta Soja Completo,Soja,4300.0,2022
2022-08-02,387446,679.0,2022-08-09,2803,2022-08-31,4,FA,2064,2795,NN,Semillas,Convenio Syngenta Soja Completo,Soja,4300.0,2022
2022-08-02,387447,679.0,2022-08-09,2802,2022-08-31,4,FA,2064,2795,NN,Semillas,Convenio Syngenta Soja Completo,Soja,4300.0,2022
2022-08-02,387448,679.0,2022-08-09,2801,2022-08-31,4,FA,2064,2795,NN,Semillas,Convenio Syngenta Soja Completo,Soja,4300.0,2022
2022-08-02,387459,680.0,2022-08-09,2821,2022-08-31,4,FA,2064,2795,NN,Semillas,Convenio Syngenta Soja Completo,Soja,4300.0,2022
2022-08-02,387460,680.0,2022-08-09,2820,2022-08-31,4,FA,2064,2795,NN,Semillas,Convenio Syngenta Soja Completo,Soja,4300.0,2022
2022-08-02,387461,680.0,2022-08-09,2819,2022-08-31,4,FA,2064,2795,NN,Semillas,Convenio Syngenta Soja Completo,Soja,4300.0,2022
2022-08-02,387462,680.0,2022-08-09,2818,2022-08-31,4,FA,2064,2795,NN,Semillas,Convenio Syngenta Soja Completo,Soja,4300.0,2022
2022-08-02,387464,680.0,2022-08-09,2823,2022-08-31,4,FA,2064,2795,NN,Semillas,Convenio Syngenta Soja Completo,Soja,4300.0,2022
2022-08-02,387465,680.0,2022-08-09,2822,2022-08-31,4,FA,2064,2795,NN,Semillas,Convenio Syngenta Soja Completo,Soja,4300.0,2022
2022-08-03,387467,681.0,2022-08-10,2826,2022-08-31,4,FA,2064,2795,NN,Semillas,Convenio Syngenta Soja Completo,Soja,4300.0,2022
2022-08-03,387468,681.0,2022-08-10,2825,2022-08-31,4,FA,2064,2795,NN,Semillas,Convenio Syngenta Soja Completo,Soja,4300.0,2022
2022-08-03,387469,681.0,2022-08-10,2824,2022-08-31,4,FA,2064,2795,NN,Semillas,Convenio Syngenta Soja Completo,Soja,4300.0,2022
2022-08-03,387470,682.0,2022-08-10,2831,2022-08-31,4,FA,2064,2795,NN,Semillas,Convenio Syngenta Soja Completo,Soja,4300.0,2022
2022-08-03,387471,682.0,2022-08-10,2830,2022-08-31,4,FA,2064,2795,NN,Semillas,Convenio Syngenta Soja Completo,Soja,4300.0,2022
2022-08-03,387472,682.0,2022-08-10,2829,2022-08-31,4,FA,2064,2795,NN,Semillas,Convenio Syngenta Soja Completo,Soja,4300.0,2022
2022-08-03,387473,682.0,2022-08-10,2828,2022-08-31,4,FA,2064,2795,NN,Semillas,Convenio Syngenta Soja Completo,Soja,4300.0,2022
2022-08-03,387474,682.0,2022-08-10,2827,2022-08-31,4,FA,2064,2795,NN,Semillas,Convenio Syngenta Soja Completo,Soja,4300.0,2022
2022-08-09,387551,684.0,2022-08-17,2837,2022-08-18,4,FA,2035,967,NN,Semillas,Soja,Soja,3300.0,2022
2022-08-09,387552,684.0,2022-08-17,2836,2022-08-18,4,FA,2035,967,NN,Semillas,Soja,Soja,3300.0,2022
2022-08-12,387572,685.0,2022-08-19,2842,2022-08-22,4,FA,2040,4610,NN,Semillas,Doble Poder,Soja,8000.0,2022
2022-08-12,387573,685.0,2022-08-19,2841,2022-08-22,4,FA,2040,4610,NN,Semillas,Doble Poder,Soja,8000.0,2022
2022-08-12,387574,685.0,2022-08-19,2840,2022-08-22,4,FA,2040,4610,NN,Semillas,Doble Poder,Soja,8000.0,2022
2022-08-12,387575,686.0,2022-08-19,2839,2022-08-22,4,FA,2041,1897,NN,Semillas,Soja,Soja,3300.0,2022
2022-08-12,387576,686.0,2022-08-19,2838,2022-08-22,4,FA,2041,1897,NN,Semillas,Soja,Soja,3300.0,2022
2022-08-17,387581,687.0,2022-09-16,2955,2022-09-19,4,FA,2093,701,NN,Semillas,Semilla Vital,Gatton Panic,11200.0,2022
2022-08-17,387582,687.0,2022-09-16,2954,2022-09-19,4,FA,2093,701,NN,Semillas,Semilla Vital,Gatton Panic,11200.0,2022
2022-08-17,387584,687.0,2022-09-16,2953,2022-09-19,4,FA,2093,701,NN,Semillas,Semilla Vital,Gatton Panic,11200.0,2022
2022-08-17,387585,688.0,2022-08-25,2862,2022-08-26,4,FA,2051,392,NN,Semillas,Fuerza Total,Soja,5100.0,2022
2022-08-17,387586,688.0,2022-08-25,2861,2022-08-26,4,FA,2051,392,NN,Semillas,Fuerza Total,Soja,5100.0,2022
2022-08-17,387587,688.0,2022-08-25,2860,2022-08-26,4,FA,2051,392,NN,Semillas,Fuerza Total,Soja,5100.0,2022
2022-08-17,387588,688.0,2022-08-25,2859,2022-08-26,4,FA,2051,392,NN,Semillas,Fuerza Total,Soja,5100.0,2022
2022-08-17,387589,688.0,2022-08-25,2858,2022-08-26,4,FA,2051,392,NN,Semillas,Fuerza Total,Soja,5100.0,2022
2022-08-17,387590,688.0,2022-08-25,2857,2022-08-26,4,FA,2051,392,NN,Semillas,Fuerza Total,Soja,5100.0,2022
2022-08-17,387591,688.0,2022-08-25,2856,2022-08-26,4,FA,2051,392,NN,Semillas,Fuerza Total,Soja,5100.0,2022
2022-08-17,387592,688.0,2022-08-25,2855,2022-08-26,4,FA,2051,392,NN,Semillas,Fuerza Total,Soja,5100.0,2022
2022-08-17,387593,688.0,2022-08-25,2854,2022-08-26,4,FA,2051,392,NN,Semillas,Fuerza Total,Soja,5100.0,2022
2022-08-17,387594,690.0,2022-08-25,2876,2022-08-26,4,FA,2051,392,NN,Semillas,Doble Poder,Soja,9300.0,2022
2022-08-17,387595,690.0,2022-08-25,2875,2022-08-26,4,FA,2051,392,NN,Semillas,Doble Poder,Soja,9300.0,2022
2022-08-17,387596,690.0,2022-08-25,2874,2022-08-26,4,FA,2051,392,NN,Semillas,Doble Poder,Soja,9300.0,2022
2022-08-17,387597,690.0,2022-08-25,2873,2022-08-26,4,FA,2051,392,NN,Semillas,Doble Poder,Soja,9300.0,2022
2022-08-17,387598,690.0,2022-08-25,2872,2022-08-26,4,FA,2051,392,NN,Semillas,Doble Poder,Soja,9300.0,2022
2022-08-17,387599,690.0,2022-08-25,2871,2022-08-26,4,FA,2051,392,NN,Semillas,Doble Poder,Soja,9300.0,2022
2022-08-17,387600,690.0,2022-08-25,2870,2022-08-26,4,FA,2051,392,NN,Semillas,Doble Poder,Soja,9300.0,2022
2022-08-17,387601,690.0,2022-08-25,2869,2022-08-26,4,FA,2051,392,NN,Semillas,Doble Poder,Soja,9300.0,2022
2022-08-17,387602,690.0,2022-08-25,2868,2022-08-26,4,FA,2051,392,NN,Semillas,Doble Poder,Soja,9300.0,2022
2022-08-17,387603,690.0,2022-08-25,2867,2022-08-26,4,FA,2051,392,NN,Semillas,Doble Poder,Soja,9300.0,2022
2022-08-17,387604,690.0,2022-08-25,2866,2022-08-26,4,FA,2051,392,NN,Semillas,Doble Poder,Soja,9300.0,2022
2022-08-17,387605,689.0,2022-08-25,2864,2022-08-26,4,FA,2052,489,NN,Semillas,Soja,Soja,3800.0,2022
2022-08-17,387606,689.0,2022-08-25,2863,2022-08-26,4,FA,2052,489,NN,Semillas,Soja,Soja,3800.0,2022
2022-08-17,387607,690.0,2022-08-25,2865,2022-08-26,4,FA,2051,392,NN,Semillas,Doble Poder,Soja,9300.0,2022
2022-08-18,387613,691.0,2022-08-25,2853,2022-08-26,4,FA,2050,4763,NN,Semillas,Fuerza Total,Maíz,5100.0,2022
2022-08-18,387614,691.0,2022-08-25,2852,2022-08-26,4,FA,2050,4763,NN,Semillas,Fuerza Total,Maíz,5100.0,2022
2022-08-18,387615,691.0,2022-08-25,2851,2022-08-26,4,FA,2050,4763,NN,Semillas,Fuerza Total,Maíz,5100.0,2022
2022-08-18,387616,691.0,2022-08-25,2850,2022-08-26,4,FA,2050,4763,NN,Semillas,Fuerza Total,Maíz,5100.0,2022
2022-08-18,387617,691.0,2022-08-25,2849,2022-08-26,4,FA,2050,4763,NN,Semillas,Fuerza Total,Maíz,5100.0,2022
2022-08-18,387618,691.0,2022-08-25,2848,2022-08-26,4,FA,2050,4763,NN,Semillas,Fuerza Total,Maíz,5100.0,2022
2022-08-18,387619,691.0,2022-08-25,2847,2022-08-26,4,FA,2050,4763,NN,Semillas,Fuerza Total,Maíz,5100.0,2022
2022-08-18,387620,691.0,2022-08-25,2846,2022-08-26,4,FA,2050,4763,NN,Semillas,Fuerza Total,Maíz,5100.0,2022
2022-08-18,387621,691.0,2022-08-25,2845,2022-08-26,4,FA,2050,4763,NN,Semillas,Fuerza Total,Maíz,5100.0,2022
2022-08-18,387622,691.0,2022-08-25,2844,2022-08-26,4,FA,2050,4763,NN,Semillas,Fuerza Total,Maíz,5100.0,2022
2022-08-18,387623,691.0,2022-08-31,2895,2022-08-31,4,FA,2062,4763,NN,Semillas,Cold Test,Maíz,7000.0,2022
2022-08-18,387624,691.0,2022-08-31,2894,2022-08-31,4,FA,2062,4763,NN,Semillas,Cold Test,Maíz,7000.0,2022
2022-08-18,387625,691.0,2022-08-31,2893,2022-08-31,4,FA,2062,4763,NN,Semillas,Cold Test,Maíz,7000.0,2022
2022-08-18,387626,691.0,2022-08-31,2892,2022-08-31,4,FA,2062,4763,NN,Semillas,Cold Test,Maíz,7000.0,2022
2022-08-18,387627,691.0,2022-08-25,2843,2022-08-26,4,FA,2050,4763,NN,Semillas,Maíz,Maíz,3800.0,2022
2022-08-18,387628,691.0,2022-08-29,2877,2022-08-29,4,FA,2056,4763,NN,Semillas,Girasol,Girasol,3800.0,2022
2022-08-22,387695,692.0,2022-08-31,2900,2022-08-31,4,FA,2063,4914,NN,Semillas,Fuerza Total,Soja,5100.0,2022
2022-08-22,387696,692.0,2022-08-31,2899,2022-08-31,4,FA,2063,4914,NN,Semillas,Fuerza Total,Soja,5100.0,2022
2022-08-22,387697,692.0,2022-08-31,2898,2022-08-31,4,FA,2063,4914,NN,Semillas,Fuerza Total,Soja,5100.0,2022
2022-08-22,387698,692.0,2022-08-31,2897,2022-08-31,4,FA,2063,4914,NN,Semillas,Fuerza Total,Soja,5100.0,2022
2022-08-22,387699,692.0,2022-08-31,2896,2022-08-31,4,FA,2063,4914,NN,Semillas,Fuerza Total,Soja,5100.0,2022
2022-08-23,387712,693.0,2022-08-30,2891,2022-08-31,4,FA,2064,2795,NN,Semillas,Convenio Syngenta Soja Completo,Soja,5600.0,2022
2022-08-23,387713,693.0,2022-08-30,2890,2022-08-31,4,FA,2064,2795,NN,Semillas,Convenio Syngenta Soja Completo,Soja,5600.0,2022
2022-08-23,387714,693.0,2022-08-30,2889,2022-08-31,4,FA,2064,2795,NN,Semillas,Convenio Syngenta Soja Completo,Soja,5600.0,2022
2022-08-23,387715,693.0,2022-08-30,2888,2022-08-31,4,FA,2064,2795,NN,Semillas,Convenio Syngenta Soja Completo,Soja,5600.0,2022
2022-08-23,387716,693.0,2022-08-30,2887,2022-08-31,4,FA,2064,2795,NN,Semillas,Convenio Syngenta Soja Completo,Soja,5600.0,2022
2022-08-23,387717,693.0,2022-08-30,2886,2022-08-31,4,FA,2064,2795,NN,Semillas,Convenio Syngenta Soja Completo,Soja,5600.0,2022
2022-08-23,387718,693.0,2022-08-30,2885,2022-08-31,4,FA,2064,2795,NN,Semillas,Convenio Syngenta Soja Completo,Soja,5600.0,2022
2022-08-23,387719,693.0,2022-08-30,2884,2022-08-31,4,FA,2064,2795,NN,Semillas,Convenio Syngenta Soja Completo,Soja,5600.0,2022
2022-08-23,387720,693.0,2022-08-30,2883,2022-08-31,4,FA,2064,2795,NN,Semillas,Convenio Syngenta Soja Completo,Soja,5600.0,2022
2022-08-23,387721,693.0,2022-08-30,2882,2022-08-31,4,FA,2064,2795,NN,Semillas,Convenio Syngenta Soja Completo,Soja,5600.0,2022
2022-08-23,387722,693.0,2022-08-30,2881,2022-08-31,4,FA,2064,2795,NN,Semillas,Convenio Syngenta Soja Completo,Soja,5600.0,2022
2022-08-23,387723,693.0,2022-08-30,2880,2022-08-31,4,FA,2064,2795,NN,Semillas,Convenio Syngenta Soja Completo,Soja,5600.0,2022
2022-08-23,387724,693.0,2022-08-30,2879,2022-08-31,4,FA,2064,2795,NN,Semillas,Convenio Syngenta Soja Completo,Soja,5600.0,2022
2022-08-23,387725,693.0,2022-08-30,2878,2022-08-31,4,FA,2064,2795,NN,Semillas,Convenio Syngenta Soja Completo,Soja,5600.0,2022
2022-08-24,387784,694.0,2022-09-01,2902,2022-09-05,4,FA,2067,2375,NN,Semillas,Soja,Soja,3800.0,2022
2022-08-24,387785,694.0,2022-09-01,2901,2022-09-05,4,FA,2067,2375,NN,Semillas,Soja,Soja,3800.0,2022
2022-08-25,387788,695.0,2022-09-05,2911,2022-09-07,4,FA,2071,392,NN,Semillas,Doble Poder,Soja,11800.0,2022
2022-08-25,387789,695.0,2022-09-05,2910,2022-09-07,4,FA,2071,392,NN,Semillas,Doble Poder,Soja,11800.0,2022
2022-08-25,387790,695.0,2022-09-05,2909,2022-09-07,4,FA,2071,392,NN,Semillas,Doble Poder,Soja,11800.0,2022
2022-08-25,387791,695.0,2022-09-05,2908,2022-09-07,4,FA,2071,392,NN,Semillas,Doble Poder,Soja,11800.0,2022
2022-08-25,387796,696.0,2022-09-05,2904,2022-09-07,4,FA,2072,981,NN,Semillas,Fuerza Total,Soja,5100.0,2022
2022-08-25,387797,696.0,2022-09-05,2903,2022-09-07,4,FA,2072,981,NN,Semillas,Fuerza Total,Soja,5100.0,2022
2022-08-25,387798,697.0,2022-09-05,2912,2022-09-07,4,FA,2069,4557,NN,Semillas,Doble Poder,Soja,7000.0,2022
2022-09-08,387801,710.0,2022-09-08,2923,2022-09-12,4,FA,2080,4982,NN,Semillas,Fuerza Total,Soja,5100.0,2022
2022-08-26,387812,698.0,2022-09-05,2907,2022-09-07,4,FA,2070,3875,NN,Semillas,Poder + Peso,Soja,5100.0,2022
2022-08-26,387813,698.0,2022-09-05,2906,2022-09-07,4,FA,2070,3875,NN,Semillas,Poder + Peso,Soja,5100.0,2022
2022-08-26,387814,698.0,2022-09-05,2905,2022-09-07,4,FA,2070,3875,NN,Semillas,Poder + Peso,Soja,5100.0,2022
2022-08-29,387816,699.0,2022-09-06,2917,2022-09-08,4,FA,2074,1856,NN,Semillas,Soja,Soja,3800.0,2022
2022-08-29,387817,699.0,2022-09-06,2916,2022-09-08,4,FA,2074,1856,NN,Semillas,Soja,Soja,3800.0,2022
2022-08-29,387818,699.0,2022-09-06,2915,2022-09-08,4,FA,2074,1856,NN,Semillas,Soja,Soja,3800.0,2022
2022-08-29,387819,700.0,2022-09-06,2914,2022-09-08,4,FA,2075,1864,NN,Semillas,Soja,Soja,4900.0,2022
2022-08-29,387820,700.0,2022-09-06,2913,2022-09-08,4,FA,2075,1864,NN,Semillas,Soja,Soja,4900.0,2022
2022-08-31,387834,701.0,2022-09-07,2922,2022-09-29,4,FA,2122,2795,NN,Semillas,Convenio Syngenta Soja Completo,Soja,5600.0,2022
2022-08-31,387835,701.0,2022-09-07,2921,2022-09-29,4,FA,2122,2795,NN,Semillas,Convenio Syngenta Soja Completo,Soja,5600.0,2022
2022-08-31,387836,701.0,2022-09-07,2920,2022-09-29,4,FA,2122,2795,NN,Semillas,Convenio Syngenta Soja Completo,Soja,5600.0,2022
2022-08-31,387837,701.0,2022-09-07,2919,2022-09-29,4,FA,2122,2795,NN,Semillas,Convenio Syngenta Soja Completo,Soja,5600.0,2022
2022-08-31,387838,701.0,2022-09-07,2918,2022-09-29,4,FA,2122,2795,NN,Semillas,Convenio Syngenta Soja Completo,Soja,5600.0,2022
2022-09-01,387839,702.0,2022-09-09,2925,2022-09-12,4,FA,2078,1915,NN,Semillas,Fuerza Total Curado,Soja,5800.0,2022
2022-09-01,387840,702.0,2022-09-09,2924,2022-09-12,4,FA,2078,1915,NN,Semillas,Fuerza Total Curado,Soja,5800.0,2022
2022-09-06,387933,704.0,2022-09-14,2930,2022-09-15,4,FA,2085,981,NN,Semillas,Fuerza Total,Soja,5100.0,2022
2022-09-06,387934,704.0,2022-09-14,2929,2022-09-15,4,FA,2085,981,NN,Semillas,Fuerza Total,Soja,5100.0,2022
2022-09-06,387935,704.0,2022-09-14,2928,2022-09-15,4,FA,2085,981,NN,Semillas,Fuerza Total,Soja,5100.0,2022
2022-09-07,387938,706.0,2022-09-15,2934,2022-09-15,4,FA,2086,3277,NN,Semillas,Soja,Soja,3800.0,2022
2022-09-07,387939,706.0,2022-09-15,2933,2022-09-15,4,FA,2086,3277,NN,Semillas,Soja,Soja,3800.0,2022
2022-09-07,387940,706.0,2022-09-15,2932,2022-09-15,4,FA,2086,3277,NN,Semillas,Soja,Soja,3800.0,2022
2022-09-07,387941,707.0,2022-09-15,2938,2022-09-15,4,FA,2088,3276,NN,Semillas,Soja,Soja,3800.0,2022
2022-09-07,387942,707.0,2022-09-15,2937,2022-09-15,4,FA,2088,3276,NN,Semillas,Soja,Soja,3800.0,2022
2022-09-07,387943,706.0,2022-09-15,2936,2022-09-15,4,FA,2088,3276,NN,Semillas,Soja,Soja,3800.0,2022
2022-09-07,387944,707.0,2022-09-15,2935,2022-09-15,4,FA,2088,3276,NN,Semillas,Soja,Soja,3800.0,2022
2022-09-07,387946,708.0,2022-09-19,2962,2022-09-21,4,FA,2098,25,NN,Semillas,Maníí,Maníí,4900.0,2022
2022-09-07,387947,708.0,2022-09-19,2961,2022-09-21,4,FA,2098,25,NN,Semillas,Maníí,Maníí,4900.0,2022
2022-09-07,387948,708.0,2022-09-19,2960,2022-09-21,4,FA,2098,25,NN,Semillas,Maníí,Maníí,4900.0,2022
2022-09-07,387949,708.0,2022-09-19,2959,2022-09-21,4,FA,2098,25,NN,Semillas,Maníí,Maníí,4900.0,2022
2022-09-07,387950,708.0,2022-09-19,2958,2022-09-21,4,FA,2098,25,NN,Semillas,Maníí,Maníí,4900.0,2022
2022-09-07,387951,708.0,2022-09-19,2957,2022-09-21,4,FA,2098,25,NN,Semillas,Maníí,Maníí,4900.0,2022
2022-09-07,387952,708.0,2022-09-19,2956,2022-09-21,4,FA,2098,25,NN,Semillas,Maníí,Maníí,4900.0,2022
2022-09-08,387953,712.0,2022-09-15,2942,2022-09-29,4,FA,2121,2795,NN,Semillas,Convenio Syngenta Soja Completo,Soja,5600.0,2022
2022-09-08,387954,712.0,2022-09-15,2941,2022-09-29,4,FA,2121,2795,NN,Semillas,Convenio Syngenta Soja Completo,Soja,5600.0,2022
2022-09-08,387955,712.0,2022-09-15,2940,2022-09-29,4,FA,2121,2795,NN,Semillas,Convenio Syngenta Soja Completo,Soja,5600.0,2022
2022-09-08,387956,712.0,2022-09-15,2939,2022-09-29,4,FA,2121,2795,NN,Semillas,Convenio Syngenta Soja Completo,Soja,5600.0,2022
2022-09-07,387957,709.0,2022-10-12,3095,2022-10-17,4,FA,2148,4281,NN,Semillas,Semilla Vital,Gatton Panic,7700.0,2022
2022-09-08,387958,711.0,2022-09-16,2952,2022-09-19,4,FA,2092,967,NN,Semillas,Soja,Soja,3800.0,2022
2022-09-08,387959,711.0,2022-09-16,2951,2022-09-19,4,FA,2092,967,NN,Semillas,Soja,Soja,3800.0,2022
2022-09-08,387960,711.0,2022-09-16,2950,2022-09-19,4,FA,2092,967,NN,Semillas,Soja,Soja,3800.0,2022
2022-09-08,387961,711.0,2022-09-16,2949,2022-09-19,4,FA,2092,967,NN,Semillas,Soja,Soja,3800.0,2022
2022-09-08,387962,711.0,2022-09-16,2948,2022-09-19,4,FA,2092,967,NN,Semillas,Soja,Soja,3800.0,2022
2022-09-08,387963,711.0,2022-09-16,2947,2022-09-19,4,FA,2092,967,NN,Semillas,Soja,Soja,3800.0,2022
2022-09-08,387964,711.0,2022-09-16,2946,2022-09-19,4,FA,2092,967,NN,Semillas,Soja,Soja,3800.0,2022
2022-09-08,387965,711.0,2022-09-16,2945,2022-09-19,4,FA,2092,967,NN,Semillas,Soja,Soja,3800.0,2022
2022-09-08,387971,713.0,2022-09-16,2944,2022-09-19,4,FA,2091,4339,NN,Semillas,Poder + Peso,Soja,5100.0,2022
2022-09-08,387972,713.0,2022-09-16,2943,2022-09-19,4,FA,2091,4339,NN,Semillas,Poder + Peso,Soja,5100.0,2022
2022-09-12,388038,714.0,2022-09-19,2972,2022-09-21,4,FA,2096,392,NN,Semillas,Doble Poder,Soja,11800.0,2022
2022-09-12,388039,714.0,2022-09-19,2971,2022-09-21,4,FA,2096,392,NN,Semillas,Doble Poder,Soja,11800.0,2022
2022-09-12,388040,714.0,2022-09-19,2970,2022-09-21,4,FA,2096,392,NN,Semillas,Doble Poder,Soja,11800.0,2022
2022-09-12,388041,714.0,2022-09-19,2969,2022-09-21,4,FA,2096,392,NN,Semillas,Doble Poder,Soja,11800.0,2022
2022-09-12,388042,714.0,2022-09-19,2968,2022-09-21,4,FA,2096,392,NN,Semillas,Doble Poder,Soja,11800.0,2022
2022-09-12,388043,714.0,2022-09-19,2967,2022-09-21,4,FA,2096,392,NN,Semillas,Doble Poder,Soja,11800.0,2022
2022-09-12,388044,714.0,2022-09-19,2966,2022-09-21,4,FA,2096,392,NN,Semillas,Doble Poder,Soja,11800.0,2022
2022-09-12,388045,714.0,2022-09-19,2965,2022-09-21,4,FA,2096,392,NN,Semillas,Doble Poder,Soja,11800.0,2022
2022-09-12,388046,714.0,2022-09-19,2964,2022-09-21,4,FA,2096,392,NN,Semillas,Doble Poder,Soja,11800.0,2022
2022-09-12,388047,714.0,2022-09-19,2963,2022-09-21,4,FA,2096,392,NN,Semillas,Doble Poder,Soja,11800.0,2022
2022-09-13,388048,721.0,2022-10-13,3096,2022-10-17,4,FA,2153,2390,NN,Semillas,Semilla Vital Megatérmicas,Buffel Grass,7700.0,2022
2022-09-13,388049,721.0,2022-10-14,3099,2022-10-17,4,FA,2153,2390,NN,Semillas,Semilla Vital,Gatton Panic,7700.0,2022
2022-09-13,388051,715.0,2022-09-22,2978,2022-09-26,4,FA,2104,4715,NN,Semillas,Doble Poder,Soja,9300.0,2022
2022-09-13,388052,716.0,2022-09-22,2979,2022-09-26,4,FA,2101,798,NN,Semillas,Soja,Soja,4900.0,2022
2022-09-13,388053,717.0,2022-09-23,2992,2022-09-26,4,FA,2112,104,NN,Semillas,Sorgo,Sorgo,3800.0,2022
2022-09-13,388054,717.0,2022-09-23,2991,2022-09-26,4,FA,2112,104,NN,Semillas,Sorgo,Sorgo,3800.0,2022
2022-09-13,388055,717.0,2022-09-23,2990,2022-09-26,4,FA,2112,104,NN,Semillas,Sorgo,Sorgo,3800.0,2022
2022-09-13,388056,717.0,2022-09-23,2989,2022-09-26,4,FA,2112,104,NN,Semillas,Sorgo,Sorgo,3800.0,2022
2022-09-13,388057,717.0,2022-09-23,2988,2022-09-26,4,FA,2112,104,NN,Semillas,Sorgo,Sorgo,3800.0,2022
2022-09-13,388058,717.0,2022-09-23,2987,2022-09-26,4,FA,2112,104,NN,Semillas,Sorgo,Sorgo,3800.0,2022
2022-09-13,388059,717.0,2022-09-23,2986,2022-09-26,4,FA,2112,104,NN,Semillas,Sorgo,Sorgo,3800.0,2022
2022-09-13,388060,717.0,2022-09-23,2985,2022-09-26,4,FA,2112,104,NN,Semillas,Sorgo,Sorgo,3800.0,2022
2022-09-13,388061,717.0,2022-09-23,2984,2022-09-26,4,FA,2112,104,NN,Semillas,Sorgo,Sorgo,3800.0,2022
2022-09-13,388062,718.0,2022-09-23,2998,2022-09-26,4,FA,2112,104,NN,Semillas,Avena Strigosa,Avena Strigosa,3800.0,2022
2022-09-13,388063,718.0,2022-09-23,2997,2022-09-26,4,FA,2112,104,NN,Semillas,Avena Blanca / Amarilla/ Byzantina,Avena Blanca / Amarilla/ Byzantina,3800.0,2022
2022-09-13,388064,718.0,2022-09-23,2996,2022-09-26,4,FA,2112,104,NN,Semillas,Avena Strigosa,Avena Strigosa,3800.0,2022
2022-09-13,388065,718.0,2022-09-23,2995,2022-09-26,4,FA,2112,104,NN,Semillas,Avena Strigosa,Avena Strigosa,3800.0,2022
2022-09-13,388066,718.0,2022-09-23,2994,2022-09-26,4,FA,2112,104,NN,Semillas,Avena Strigosa,Avena Strigosa,3800.0,2022
2022-09-13,388067,718.0,2022-09-23,2993,2022-09-26,4,FA,2112,104,NN,Semillas,Avena Strigosa,Avena Strigosa,3800.0,2022
2022-09-13,388068,720.0,2022-09-22,2982,2022-09-26,4,FA,2103,659,NN,Semillas,Doble Poder,Soja,9300.0,2022
2022-09-13,388069,720.0,2022-09-22,2981,2022-09-26,4,FA,2103,659,NN,Semillas,Doble Poder,Soja,9300.0,2022
2022-09-13,388070,720.0,2022-09-22,2980,2022-09-26,4,FA,2103,659,NN,Semillas,Doble Poder,Soja,9300.0,2022
2022-09-13,388071,719.0,2022-09-21,2977,2022-09-21,4,FA,2097,4396,NN,Semillas,Fuerza Total,Maíz,5100.0,2022
2022-09-13,388072,719.0,2022-09-21,2976,2022-09-21,4,FA,2097,4396,NN,Semillas,Fuerza Total,Maíz,5100.0,2022
2022-09-13,388073,719.0,2022-09-21,2975,2022-09-21,4,FA,2097,4396,NN,Semillas,Fuerza Total,Maíz,5100.0,2022
2022-09-13,388074,719.0,2022-09-21,2974,2022-09-21,4,FA,2097,4396,NN,Semillas,Fuerza Total,Maíz,5100.0,2022
2022-09-13,388075,719.0,2022-09-21,2973,2022-09-21,4,FA,2097,4396,NN,Semillas,Fuerza Total,Maíz,5100.0,2022
2022-09-14,388079,722.0,2022-09-22,2983,2022-09-26,4,FA,2100,4251,NN,Semillas,Fuerza Total,Soja,5100.0,2022
2022-09-15,388080,723.0,2022-09-23,3000,2022-09-26,4,FA,2106,3723,NN,Semillas,Fuerza Total Curado,Soja,5800.0,2022
2022-09-15,388081,723.0,2022-09-23,2999,2022-09-26,4,FA,2106,3723,NN,Semillas,Fuerza Total Curado,Soja,5800.0,2022
2022-09-16,388082,724.0,2022-09-23,3004,2022-09-26,4,FA,2110,109,NN,Semillas,Doble Poder,Soja,9300.0,2022
2022-09-16,388083,724.0,2022-09-23,3003,2022-09-26,4,FA,2110,109,NN,Semillas,Doble Poder,Soja,9300.0,2022
2022-09-16,388084,724.0,2022-09-23,3002,2022-09-26,4,FA,2110,109,NN,Semillas,Doble Poder,Soja,9300.0,2022
2022-09-16,388085,724.0,2022-09-23,3001,2022-09-26,4,FA,2110,109,NN,Semillas,Doble Poder,Soja,9300.0,2022
2022-09-16,388086,725.0,2022-09-23,3009,2022-09-26,4,FA,2110,109,NN,Semillas,Maíz,Maíz,3800.0,2022
2022-09-16,388087,725.0,2022-09-23,3008,2022-09-26,4,FA,2110,109,NN,Semillas,Maíz,Maíz,3800.0,2022
2022-09-16,388088,725.0,2022-09-23,3007,2022-09-26,4,FA,2110,109,NN,Semillas,Maíz,Maíz,3800.0,2022
2022-09-16,388089,725.0,2022-09-23,3006,2022-09-26,4,FA,2110,109,NN,Semillas,Maíz,Maíz,3800.0,2022
2022-09-16,388090,725.0,2022-09-23,3005,2022-09-26,4,FA,2110,109,NN,Semillas,Maíz,Maíz,3800.0,2022
2022-09-16,388091,726.0,2022-09-23,3020,2022-09-26,4,FA,2107,392,NN,Semillas,Semilla Vital Para Soja,Soja,7000.0,2022
2022-09-16,388092,726.0,2022-09-23,3019,2022-09-26,4,FA,2107,392,NN,Semillas,Semilla Vital Para Soja,Soja,7000.0,2022
2022-09-16,388093,726.0,2022-09-23,3018,2022-09-26,4,FA,2107,392,NN,Semillas,Semilla Vital Para Soja,Soja,7000.0,2022
2022-09-16,388094,726.0,2022-09-23,3017,2022-09-26,4,FA,2107,392,NN,Semillas,Semilla Vital Para Soja,Soja,7000.0,2022
2022-09-16,388095,726.0,2022-09-23,3016,2022-09-26,4,FA,2107,392,NN,Semillas,Semilla Vital Para Soja,Soja,7000.0,2022
2022-09-16,388096,726.0,2022-09-23,3015,2022-09-26,4,FA,2107,392,NN,Semillas,Semilla Vital Para Soja,Soja,7000.0,2022
2022-09-16,388097,726.0,2022-09-23,3014,2022-09-26,4,FA,2107,392,NN,Semillas,Semilla Vital Para Soja,Soja,7000.0,2022
2022-09-16,388098,726.0,2022-09-23,3013,2022-09-26,4,FA,2107,392,NN,Semillas,Semilla Vital Para Soja,Soja,7000.0,2022
2022-09-16,388099,726.0,2022-09-23,3012,2022-09-26,4,FA,2107,392,NN,Semillas,Semilla Vital Para Soja,Soja,7000.0,2022
2022-09-16,388100,726.0,2022-09-23,3011,2022-09-26,4,FA,2107,392,NN,Semillas,Semilla Vital Para Soja,Soja,7000.0,2022
2022-09-16,388101,726.0,2022-09-23,3010,2022-09-26,4,FA,2107,392,NN,Semillas,Semilla Vital Para Soja,Soja,7000.0,2022
2022-09-16,388104,727.0,2022-09-23,3026,2022-09-26,4,FA,2108,798,NN,Semillas,Soja,Soja,4900.0,2022
2022-09-16,388105,728.0,2022-09-23,3025,2022-09-26,4,FA,2109,1777,NN,Semillas,Soja,Soja,3800.0,2022
2022-09-16,388106,728.0,2022-09-23,3024,2022-09-26,4,FA,2109,1777,NN,Semillas,Soja,Soja,3800.0,2022
2022-09-16,388107,728.0,2022-09-23,3023,2022-09-26,4,FA,2109,1777,NN,Semillas,Soja,Soja,3800.0,2022
2022-09-16,388108,728.0,2022-09-23,3022,2022-09-26,4,FA,2109,1777,NN,Semillas,Soja,Soja,3800.0,2022
2022-09-16,388109,728.0,2022-09-23,3021,2022-09-26,4,FA,2109,1777,NN,Semillas,Soja,Soja,3800.0,2022
2022-09-16,388110,729.0,2022-10-21,3150,2022-10-24,4,FA,2170,4281,NN,Semillas,Semilla Vital,Gatton Panic,7700.0,2022
2022-09-16,388111,729.0,2022-10-04,3069,2022-10-12,4,FA,2132,4281,NN,Semillas,Grama Rhodes,Grama Rhodes,4500.0,2022
2022-09-19,388179,730.0,2022-09-27,3027,2022-09-29,4,FA,2116,4396,NN,Semillas,Fuerza Total,Soja,5100.0,2022
2022-09-19,388200,731.0,2022-09-29,3050,2022-10-03,4,FA,2123,104,NN,Semillas,Fuerza Total,Sorgo,5100.0,2022
2022-09-19,388201,731.0,2022-09-29,3049,2022-10-03,4,FA,2123,104,NN,Semillas,Fuerza Total,Sorgo,5100.0,2022
2022-09-19,388202,731.0,2022-09-29,3048,2022-10-03,4,FA,2123,104,NN,Semillas,Fuerza Total,Sorgo,5100.0,2022
2022-09-19,388203,731.0,2022-09-29,3047,2022-10-03,4,FA,2123,104,NN,Semillas,Fuerza Total,Sorgo,5100.0,2022
2022-09-19,388204,731.0,2022-09-29,3046,2022-10-03,4,FA,2123,104,NN,Semillas,Fuerza Total,Sorgo,5100.0,2022
2022-09-19,388205,731.0,2022-09-29,3045,2022-10-03,4,FA,2123,104,NN,Semillas,Fuerza Total,Sorgo,5100.0,2022
2022-09-19,388206,731.0,2022-09-29,3044,2022-10-03,4,FA,2123,104,NN,Semillas,Fuerza Total,Sorgo,5100.0,2022
2022-09-19,388207,731.0,2022-09-29,3043,2022-10-03,4,FA,2123,104,NN,Semillas,Fuerza Total,Sorgo,5100.0,2022
2022-09-19,388208,731.0,2022-09-29,3042,2022-10-03,4,FA,2123,104,NN,Semillas,Fuerza Total,Sorgo,5100.0,2022
2022-09-19,388209,731.0,2022-09-29,3041,2022-10-03,4,FA,2123,104,NN,Semillas,Fuerza Total,Sorgo,5100.0,2022
2022-09-19,388210,731.0,2022-09-29,3040,2022-10-03,4,FA,2123,104,NN,Semillas,Fuerza Total,Sorgo,5100.0,2022
2022-09-19,388211,731.0,2022-09-29,3039,2022-10-03,4,FA,2123,104,NN,Semillas,Fuerza Total,Sorgo,5100.0,2022
2022-09-19,388212,731.0,2022-09-29,3038,2022-10-03,4,FA,2123,104,NN,Semillas,Fuerza Total,Sorgo,5100.0,2022
2022-09-19,388213,731.0,2022-09-29,3037,2022-10-03,4,FA,2123,104,NN,Semillas,Fuerza Total,Sorgo,5100.0,2022
2022-09-19,388214,731.0,2022-10-17,3101,2022-10-20,4,FA,2162,104,NN,Semillas,Fuerza Total Megatérmicas,Buffel Grass,5700.0,2022
2022-09-19,388215,731.0,2022-10-17,3100,2022-10-20,4,FA,2162,104,NN,Semillas,Fuerza Total Megatérmicas,Buffel Grass,5700.0,2022
2022-09-19,388217,732.0,2022-09-27,3032,2022-09-29,4,FA,2117,4281,NN,Semillas,Soja,Soja,3800.0,2022
2022-09-19,388218,732.0,2022-09-27,3031,2022-09-29,4,FA,2117,4281,NN,Semillas,Soja,Soja,3800.0,2022
2022-09-19,388219,732.0,2022-09-27,3030,2022-09-29,4,FA,2117,4281,NN,Semillas,Soja,Soja,3800.0,2022
2022-09-19,388220,732.0,2022-09-27,3029,2022-09-29,4,FA,2117,4281,NN,Semillas,Soja,Soja,3800.0,2022
2022-09-19,388221,732.0,2022-09-27,3028,2022-09-29,4,FA,2117,4281,NN,Semillas,Soja,Soja,3800.0,2022
2022-09-21,388222,733.0,2022-09-29,3058,2022-10-03,4,FA,2127,4922,NN,Semillas,Soja,Soja,3800.0,2022
2022-09-21,388223,733.0,2022-09-29,3057,2022-10-03,4,FA,2127,4922,NN,Semillas,Soja,Soja,3800.0,2022
2022-09-21,388224,733.0,2022-09-29,3056,2022-10-03,4,FA,2127,4922,NN,Semillas,Soja,Soja,3800.0,2022
2022-09-21,388225,733.0,2022-09-29,3055,2022-10-03,4,FA,2127,4922,NN,Semillas,Soja,Soja,3800.0,2022
2022-09-21,388226,733.0,2022-09-29,3054,2022-10-03,4,FA,2127,4922,NN,Semillas,Soja,Soja,3800.0,2022
2022-09-21,388227,734.0,2022-09-28,3036,2022-09-29,4,FA,2120,2795,NN,Semillas,Convenio Syngenta Soja Completo,Soja,5600.0,2022
2022-09-21,388228,734.0,2022-09-28,3035,2022-09-29,4,FA,2120,2795,NN,Semillas,Convenio Syngenta Soja Completo,Soja,5600.0,2022
2022-09-21,388229,734.0,2022-09-28,3034,2022-09-29,4,FA,2120,2795,NN,Semillas,Convenio Syngenta Soja Completo,Soja,5600.0,2022
2022-09-21,388230,734.0,2022-09-28,3033,2022-09-29,4,FA,2120,2795,NN,Semillas,Convenio Syngenta Soja Completo,Soja,5600.0,2022
2022-09-21,388233,735.0,2022-09-29,3053,2022-10-03,4,FA,2125,1453,NN,Semillas,Soja,Soja,4900.0,2022
2022-09-21,388234,736.0,2022-09-29,3065,2022-10-03,4,FA,2126,4557,NN,Semillas,Doble Poder,Soja,7000.0,2022
2022-09-21,388235,736.0,2022-09-29,3064,2022-10-03,4,FA,2126,4557,NN,Semillas,Doble Poder,Soja,7000.0,2022
2022-09-21,388236,736.0,2022-09-29,3063,2022-10-03,4,FA,2126,4557,NN,Semillas,Doble Poder,Soja,7000.0,2022
2022-09-21,388237,736.0,2022-09-29,3062,2022-10-03,4,FA,2126,4557,NN,Semillas,Doble Poder,Soja,7000.0,2022
2022-09-21,388238,736.0,2022-09-29,3061,2022-10-03,4,FA,2126,4557,NN,Semillas,Doble Poder,Soja,7000.0,2022
2022-09-21,388239,736.0,2022-09-29,3060,2022-10-03,4,FA,2126,4557,NN,Semillas,Doble Poder,Soja,7000.0,2022
2022-09-21,388240,736.0,2022-09-29,3059,2022-10-03,4,FA,2126,4557,NN,Semillas,Doble Poder,Soja,7000.0,2022
2022-09-22,388261,737.0,2022-09-29,3052,2022-10-03,4,FA,2124,1409,NN,Semillas,Soja,Soja,4900.0,2022
2022-09-22,388262,737.0,2022-09-29,3051,2022-10-03,4,FA,2124,1409,NN,Semillas,Soja,Soja,4900.0,2022
2022-09-23,388343,738.0,2022-10-25,3159,2022-10-26,4,FA,2176,1328,NN,Semillas,Semilla Vital Megatérmicas,Panicum Coloratum,10500.0,2022
2022-09-23,388344,738.0,2022-10-21,3151,2022-10-24,4,FA,2166,1328,NN,Semillas,Semilla Vital Megatérmicas,Panicum Coloratum,10500.0,2022
2022-09-23,388345,738.0,2022-10-26,3160,2022-10-27,4,FA,2180,1328,NN,Semillas,Semilla Vital,Gatton Panic,10500.0,2022
2022-09-26,388355,739.0,2022-10-04,3068,2022-10-12,4,FA,2133,1930,NN,Semillas,Soja,Soja,4900.0,2022
2022-09-26,388356,739.0,2022-10-04,3067,2022-10-12,4,FA,2133,1930,NN,Semillas,Soja,Soja,4900.0,2022
2022-09-26,388357,739.0,2022-10-04,3066,2022-10-12,4,FA,2133,1930,NN,Semillas,Soja,Soja,4900.0,2022
2022-09-28,388361,740.0,2022-10-06,3076,2022-10-12,4,FA,2135,2853,NN,Semillas,Doble Poder,Soja,7000.0,2022
2022-09-28,388362,740.0,2022-10-06,3075,2022-10-12,4,FA,2135,2853,NN,Semillas,Doble Poder,Soja,7000.0,2022
2022-09-28,388363,740.0,2022-10-06,3074,2022-10-12,4,FA,2135,2853,NN,Semillas,Doble Poder,Soja,7000.0,2022
2022-09-28,388364,741.0,2022-10-06,3078,2022-10-12,4,FA,2136,1371,NN,Semillas,Soja,Soja,4900.0,2022
2022-09-28,388365,741.0,2022-10-06,3077,2022-10-12,4,FA,2136,1371,NN,Semillas,Soja,Soja,4900.0,2022
2022-11-04,388470,794.0,2022-11-11,3243,2022-11-16,4,FA,2228,4740,NN,Semillas,Doble Poder,Soja,12000.0,2022
2022-09-29,388471,742.0,2022-10-11,3089,2022-10-17,4,FA,2151,104,NN,Semillas,Melilotus Albus,Melilotus Albus,3800.0,2022
2022-09-29,388472,742.0,2022-11-01,3203,2022-11-03,4,FA,2194,104,NN,Semillas,Buffel Grass,Buffel Grass,4500.0,2022
2022-09-29,388473,742.0,2022-10-27,3183,2022-10-31,4,FA,2181,104,NN,Semillas,Panicum Coloratum,Panicum Coloratum,4500.0,2022
2022-09-29,388474,742.0,2022-10-27,3182,2022-10-31,4,FA,2181,104,NN,Semillas,Panicum Coloratum,Panicum Coloratum,4500.0,2022
2022-09-29,388475,742.0,2022-10-25,3156,2022-10-26,4,FA,2174,104,NN,Semillas,Pasto Ovillo,Pasto Ovillo,3800.0,2022
2022-09-29,388476,743.0,2022-10-06,3084,2022-10-12,4,FA,2137,392,NN,Semillas,Fuerza Total,Soja,5100.0,2022
2022-09-29,388477,743.0,2022-10-06,3083,2022-10-12,4,FA,2137,392,NN,Semillas,Fuerza Total,Soja,5100.0,2022
2022-09-29,388478,743.0,2022-10-06,3082,2022-10-12,4,FA,2137,392,NN,Semillas,Fuerza Total,Soja,5100.0,2022
2022-09-29,388479,743.0,2022-10-06,3081,2022-10-12,4,FA,2137,392,NN,Semillas,Fuerza Total,Soja,5100.0,2022
2022-09-29,388480,743.0,2022-10-06,3080,2022-10-12,4,FA,2137,392,NN,Semillas,Fuerza Total,Soja,5100.0,2022
2022-09-29,388481,743.0,2022-10-06,3079,2022-10-12,4,FA,2137,392,NN,Semillas,Fuerza Total,Soja,5100.0,2022
2022-09-29,388482,744.0,2022-10-06,3085,2022-10-12,4,FA,2138,1398,NN,Semillas,Fuerza Total,Soja,5100.0,2022
2022-10-03,388483,745.0,2022-10-05,3070,2022-10-12,4,FA,2141,104,NN,Semillas,Urochloa Brizantha,Urochloa Brizantha,4800.0,2022
2022-10-03,388484,746.0,2022-10-11,3088,2022-10-17,4,FA,2145,4557,NN,Semillas,Doble Poder,Soja,7000.0,2022
2022-10-03,388485,746.0,2022-10-11,3087,2022-10-17,4,FA,2145,4557,NN,Semillas,Doble Poder,Soja,7000.0,2022
2022-10-03,388486,746.0,2022-10-11,3086,2022-10-17,4,FA,2145,4557,NN,Semillas,Doble Poder,Soja,7000.0,2022
2022-10-03,388489,747.0,2022-10-14,3098,2022-10-17,4,FA,2154,4673,NN,Semillas,Pack Integral,Moha,10100.0,2022
2022-10-04,388490,748.0,2022-10-12,3092,2022-10-17,4,FA,2150,2555,NN,Semillas,Fuerza Total,Soja,6600.0,2022
2022-10-04,388491,748.0,2022-10-12,3091,2022-10-17,4,FA,2150,2555,NN,Semillas,Fuerza Total,Soja,6600.0,2022
2022-10-04,388492,748.0,2022-10-12,3090,2022-10-17,4,FA,2150,2555,NN,Semillas,Fuerza Total,Soja,6600.0,2022
2022-10-04,388493,749.0,2022-10-12,3094,2022-10-17,4,FA,2147,4762,NN,Semillas,Soja,Soja,4900.0,2022
2022-10-04,388494,749.0,2022-10-12,3093,2022-10-17,4,FA,2147,4762,NN,Semillas,Soja,Soja,4900.0,2022
2022-10-05,388510,750.0,2022-10-05,3073,2022-10-12,4,FA,2140,1930,NN,Semillas,Soja,Soja,3000.0,2022
2022-10-05,388511,750.0,2022-10-05,3072,2022-10-12,4,FA,2140,1930,NN,Semillas,Soja,Soja,3000.0,2022
2022-10-05,388512,750.0,2022-10-05,3071,2022-10-12,4,FA,2140,1930,NN,Semillas,Soja,Soja,3000.0,2022
2022-10-06,388521,751.0,2022-10-14,3097,2022-10-17,4,FA,2152,354,NN,Semillas,Soja,Soja,4900.0,2022
2022-10-11,388523,752.0,2022-10-18,3105,2022-10-20,4,FA,2164,4237,NN,Semillas,Convenio Syngenta Soja Completo,Soja,5600.0,2022
2022-10-11,388524,752.0,2022-10-18,3104,2022-10-20,4,FA,2164,4237,NN,Semillas,Convenio Syngenta Soja Completo,Soja,5600.0,2022
2022-10-11,388525,752.0,2022-10-18,3103,2022-10-20,4,FA,2164,4237,NN,Semillas,Convenio Syngenta Soja Completo,Soja,5600.0,2022
2022-10-11,388526,752.0,2022-10-18,3102,2022-10-20,4,FA,2164,4237,NN,Semillas,Convenio Syngenta Soja Completo,Soja,5600.0,2022
2022-10-11,388527,753.0,2022-10-19,3106,2022-10-20,4,FA,2159,4938,NN,Semillas,Fuerza Total,Soja,6600.0,2022
2022-10-11,388531,754.0,2022-10-19,3107,2022-10-20,4,FA,2163,4910,NN,Semillas,Soja,Soja,4900.0,2022
2022-10-12,388532,755.0,2022-10-20,3109,2022-10-24,4,FA,2169,921,NN,Semillas,Soja,Soja,4900.0,2022
2022-10-12,388533,755.0,2022-10-20,3108,2022-10-24,4,FA,2169,921,NN,Semillas,Soja,Soja,4900.0,2022
2022-10-12,388534,757.0,2022-10-20,3114,2022-10-24,4,FA,2167,4557,NN,Semillas,Doble Poder,Soja,9000.0,2022
2022-10-12,388535,757.0,2022-10-20,3113,2022-10-24,4,FA,2167,4557,NN,Semillas,Doble Poder,Soja,9000.0,2022
2022-10-12,388536,757.0,2022-10-20,3112,2022-10-24,4,FA,2167,4557,NN,Semillas,Doble Poder,Soja,9000.0,2022
2022-10-12,388537,757.0,2022-10-20,3111,2022-10-24,4,FA,2167,4557,NN,Semillas,Doble Poder,Soja,9000.0,2022
2022-10-12,388538,757.0,2022-10-20,3110,2022-10-24,4,FA,2167,4557,NN,Semillas,Doble Poder,Soja,9000.0,2022
2022-10-13,388592,758.0,2022-10-21,3118,2022-10-24,4,FB,51,685,NN,Semillas,Soja,Soja,4900.0,2022
2022-10-13,388593,758.0,2022-10-21,3117,2022-10-24,4,FB,51,685,NN,Semillas,Soja,Soja,4900.0,2022
2022-10-12,388598,756.0,2022-10-20,3116,2022-10-24,4,FA,2173,3297,NN,Semillas,Soja,Soja,4900.0,2022
2022-10-12,388599,756.0,2022-10-20,3115,2022-10-24,4,FA,2173,3297,NN,Semillas,Soja,Soja,4900.0,2022
2022-10-13,388602,759.0,2022-10-21,3124,2022-10-24,4,FA,2171,1779,NN,Semillas,Soja,Soja,4900.0,2022
2022-10-13,388603,759.0,2022-10-21,3123,2022-10-24,4,FA,2171,1779,NN,Semillas,Soja,Soja,4900.0,2022
2022-10-13,388604,759.0,2022-10-21,3122,2022-10-24,4,FA,2171,1779,NN,Semillas,Soja,Soja,4900.0,2022
2022-10-13,388605,759.0,2022-10-21,3121,2022-10-24,4,FA,2171,1779,NN,Semillas,Soja,Soja,4900.0,2022
2022-10-13,388606,759.0,2022-10-21,3120,2022-10-24,4,FA,2171,1779,NN,Semillas,Soja,Soja,4900.0,2022
2022-10-13,388607,759.0,2022-10-21,3119,2022-10-24,4,FA,2171,1779,NN,Semillas,Soja,Soja,4900.0,2022
2022-10-18,388652,766.0,2022-10-21,3126,2022-10-24,4,FA,2172,1928,NN,Semillas,Soja,Soja,4900.0,2022
2022-10-18,388653,766.0,2022-10-21,3125,2022-10-24,4,FA,2172,1928,NN,Semillas,Soja,Soja,4900.0,2022
2022-10-18,388654,765.0,2022-10-21,3127,2022-10-24,4,FB,50,5007,NN,Semillas,Soja,Soja,4900.0,2022
2022-10-14,388655,760.0,2022-10-21,3129,2022-10-24,4,FA,2168,392,NN,Semillas,Semilla Vital Para Soja,Soja,12000.0,2022
2022-10-14,388656,760.0,2022-10-21,3128,2022-10-24,4,FA,2168,392,NN,Semillas,Semilla Vital Para Soja,Soja,12000.0,2022
2022-10-14,388657,761.0,2022-10-21,3149,2022-10-24,4,FA,2168,392,NN,Semillas,Fuerza Total,Soja,6600.0,2022
2022-10-14,388658,761.0,2022-10-21,3148,2022-10-24,4,FA,2168,392,NN,Semillas,Fuerza Total,Soja,6600.0,2022
2022-10-14,388659,761.0,2022-10-21,3147,2022-10-24,4,FA,2168,392,NN,Semillas,Fuerza Total,Soja,6600.0,2022
2022-10-14,388660,761.0,2022-10-21,3146,2022-10-24,4,FA,2168,392,NN,Semillas,Fuerza Total,Soja,6600.0,2022
2022-10-14,388661,761.0,2022-10-21,3145,2022-10-24,4,FA,2168,392,NN,Semillas,Fuerza Total,Soja,6600.0,2022
2022-10-14,388662,761.0,2022-10-21,3144,2022-10-24,4,FA,2168,392,NN,Semillas,Fuerza Total,Soja,6600.0,2022
2022-10-14,388663,761.0,2022-10-21,3143,2022-10-24,4,FA,2168,392,NN,Semillas,Fuerza Total,Soja,6600.0,2022
2022-10-14,388664,761.0,2022-10-21,3142,2022-10-24,4,FA,2168,392,NN,Semillas,Fuerza Total,Soja,6600.0,2022
2022-10-14,388665,761.0,2022-10-21,3141,2022-10-24,4,FA,2168,392,NN,Semillas,Fuerza Total,Soja,6600.0,2022
2022-10-14,388666,761.0,2022-10-21,3140,2022-10-24,4,FA,2168,392,NN,Semillas,Fuerza Total,Soja,6600.0,2022
2022-10-14,388667,761.0,2022-10-21,3139,2022-10-24,4,FA,2168,392,NN,Semillas,Fuerza Total,Soja,6600.0,2022
2022-10-14,388668,761.0,2022-10-21,3138,2022-10-24,4,FA,2168,392,NN,Semillas,Fuerza Total,Soja,6600.0,2022
2022-10-14,388669,761.0,2022-10-21,3137,2022-10-24,4,FA,2168,392,NN,Semillas,Fuerza Total,Soja,6600.0,2022
2022-10-14,388670,761.0,2022-10-21,3136,2022-10-24,4,FA,2168,392,NN,Semillas,Fuerza Total,Soja,6600.0,2022
2022-10-14,388671,761.0,2022-10-21,3135,2022-10-24,4,FA,2168,392,NN,Semillas,Fuerza Total,Soja,6600.0,2022
2022-10-14,388672,761.0,2022-10-21,3134,2022-10-24,4,FA,2168,392,NN,Semillas,Fuerza Total,Soja,6600.0,2022
2022-10-14,388673,761.0,2022-10-21,3133,2022-10-24,4,FA,2168,392,NN,Semillas,Fuerza Total,Soja,6600.0,2022
2022-10-14,388674,761.0,2022-10-21,3132,2022-10-24,4,FA,2168,392,NN,Semillas,Fuerza Total,Soja,6600.0,2022
2022-10-14,388675,761.0,2022-10-21,3131,2022-10-24,4,FA,2168,392,NN,Semillas,Fuerza Total,Soja,6600.0,2022
2022-10-14,388676,761.0,2022-10-21,3130,2022-10-24,4,FA,2168,392,NN,Semillas,Fuerza Total,Soja,6600.0,2022
2022-10-17,388677,762.0,2022-10-25,3155,2022-10-26,4,FB,52,4712,NN,Semillas,Soja,Soja,4900.0,2022
2022-10-17,388678,762.0,2022-10-25,3154,2022-10-26,4,FB,52,4712,NN,Semillas,Soja,Soja,4900.0,2022
2022-10-17,388679,762.0,2022-10-25,3153,2022-10-26,4,FB,52,4712,NN,Semillas,Soja,Soja,4900.0,2022
2022-10-17,388680,763.0,2022-10-24,3152,2022-10-26,4,FA,2175,772,NN,Semillas,Semilla Vital Para Soja,Soja,15000.0,2022
2022-10-18,388681,764.0,2022-10-26,3180,2022-10-27,4,FA,2178,392,NN,Semillas,Fuerza Total,Soja,6600.0,2022
2022-10-18,388682,764.0,2022-10-26,3179,2022-10-27,4,FA,2178,392,NN,Semillas,Fuerza Total,Soja,6600.0,2022
2022-10-18,388683,764.0,2022-10-26,3178,2022-10-27,4,FA,2178,392,NN,Semillas,Fuerza Total,Soja,6600.0,2022
2022-10-18,388684,764.0,2022-10-26,3177,2022-10-27,4,FA,2178,392,NN,Semillas,Fuerza Total,Soja,6600.0,2022
2022-10-18,388685,764.0,2022-10-26,3176,2022-10-27,4,FA,2178,392,NN,Semillas,Fuerza Total,Soja,6600.0,2022
2022-10-18,388686,764.0,2022-10-26,3175,2022-10-27,4,FA,2178,392,NN,Semillas,Fuerza Total,Soja,6600.0,2022
2022-10-18,388687,764.0,2022-10-26,3174,2022-10-27,4,FA,2178,392,NN,Semillas,Fuerza Total,Soja,6600.0,2022
2022-10-18,388688,764.0,2022-10-26,3173,2022-10-27,4,FA,2178,392,NN,Semillas,Fuerza Total,Soja,6600.0,2022
2022-10-18,388689,764.0,2022-10-26,3172,2022-10-27,4,FA,2178,392,NN,Semillas,Fuerza Total,Soja,6600.0,2022
2022-10-18,388690,764.0,2022-10-26,3171,2022-10-27,4,FA,2178,392,NN,Semillas,Fuerza Total,Soja,6600.0,2022
2022-10-18,388691,764.0,2022-10-26,3170,2022-10-27,4,FA,2178,392,NN,Semillas,Fuerza Total,Soja,6600.0,2022
2022-10-18,388692,764.0,2022-10-26,3169,2022-10-27,4,FA,2178,392,NN,Semillas,Fuerza Total,Soja,6600.0,2022
2022-10-18,388693,764.0,2022-10-26,3168,2022-10-27,4,FA,2178,392,NN,Semillas,Fuerza Total,Soja,6600.0,2022
2022-10-18,388694,764.0,2022-10-26,3167,2022-10-27,4,FA,2178,392,NN,Semillas,Fuerza Total,Soja,6600.0,2022
2022-10-18,388695,764.0,2022-10-26,3166,2022-10-27,4,FA,2178,392,NN,Semillas,Fuerza Total,Soja,6600.0,2022
2022-10-18,388696,764.0,2022-10-26,3165,2022-10-27,4,FA,2178,392,NN,Semillas,Fuerza Total,Soja,6600.0,2022
2022-10-18,388697,764.0,2022-10-26,3164,2022-10-27,4,FA,2178,392,NN,Semillas,Fuerza Total,Soja,6600.0,2022
2022-10-18,388698,764.0,2022-10-26,3163,2022-10-27,4,FA,2178,392,NN,Semillas,Fuerza Total,Soja,6600.0,2022
2022-10-18,388699,764.0,2022-10-26,3162,2022-10-27,4,FA,2178,392,NN,Semillas,Fuerza Total,Soja,6600.0,2022
2022-10-18,388700,764.0,2022-10-26,3161,2022-10-27,4,FA,2178,392,NN,Semillas,Fuerza Total,Soja,6600.0,2022
2022-10-18,388702,767.0,2022-10-26,3181,2022-10-27,4,FA,2179,981,NN,Semillas,Fuerza Total,Soja,6600.0,2022
2022-10-19,388703,768.0,2022-10-27,3185,2022-10-31,4,FA,2187,4557,NN,Semillas,Doble Poder,Soja,9000.0,2022
2022-10-19,388704,768.0,2022-10-27,3184,2022-10-31,4,FA,2187,4557,NN,Semillas,Doble Poder,Soja,9000.0,2022
2022-10-19,388705,769.0,2022-10-27,3186,2022-10-31,4,FA,2185,1425,NN,Semillas,Fuerza Total,Soja,6600.0,2022
2022-10-20,388708,772.0,2022-10-25,3158,2022-10-26,4,FA,2177,5008,NN,Semillas,Sesamo,Sesamo,4900.0,2022
2022-10-20,388709,772.0,2022-10-25,3157,2022-10-26,4,FA,2177,5008,NN,Semillas,Sesamo,Sesamo,4900.0,2022
2022-10-20,388710,770.0,2022-10-28,3188,2022-10-31,4,FA,2182,908,NN,Semillas,Doble Poder,Soja,9000.0,2022
2022-10-20,388711,770.0,2022-10-28,3187,2022-10-31,4,FA,2182,908,NN,Semillas,Doble Poder,Soja,9000.0,2022
2022-10-20,388712,771.0,2022-10-28,3192,2022-10-31,4,FA,2183,1311,NN,Semillas,Doble Poder,Soja,12000.0,2022
2022-10-20,388713,771.0,2022-10-28,3191,2022-10-31,4,FA,2183,1311,NN,Semillas,Doble Poder,Soja,12000.0,2022
2022-10-20,388714,771.0,2022-10-28,3190,2022-10-31,4,FA,2183,1311,NN,Semillas,Doble Poder,Soja,12000.0,2022
2022-10-21,388773,773.0,2022-11-04,3213,2022-11-10,4,FA,2216,104,NN,Semillas,Sorgo,Sorgo,4900.0,2022
2022-10-21,388774,773.0,2022-11-04,3212,2022-11-10,4,FA,2216,104,NN,Semillas,Sorgo,Sorgo,4900.0,2022
2022-10-21,388775,773.0,2022-11-15,3250,2022-11-17,4,FA,2236,104,NN,Semillas,Setaria,Setaria,4900.0,2022
2022-10-21,388776,773.0,2022-11-10,3241,2022-11-16,4,FA,2227,104,NN,Semillas,Grama Rhodes,Grama Rhodes,5800.0,2022
2022-10-21,388777,773.0,2022-11-10,3240,2022-11-16,4,FA,2227,104,NN,Semillas,Grama Rhodes,Grama Rhodes,5800.0,2022
2022-10-21,388778,773.0,2022-11-10,3239,2022-11-16,4,FA,2227,104,NN,Semillas,Grama Rhodes,Grama Rhodes,5800.0,2022
2022-10-21,388779,773.0,2022-11-10,3238,2022-11-16,4,FA,2227,104,NN,Semillas,Grama Rhodes,Grama Rhodes,5800.0,2022
2022-10-21,388780,774.0,2022-11-03,3207,2022-11-07,4,FA,2201,392,NN,Semillas,Doble Poder,Soja,9000.0,2022
2022-10-21,388781,774.0,2022-11-03,3206,2022-11-07,4,FA,2201,392,NN,Semillas,Doble Poder,Soja,9000.0,2022
2022-10-21,388782,775.0,2022-10-31,3202,2022-11-03,4,FA,2193,392,NN,Semillas,Soja,Soja,15300.0,2022
2022-10-21,388783,776.0,2022-10-28,3189,2022-10-31,4,FA,2183,1311,NN,Semillas,Doble Poder,Soja,12000.0,2022
2022-10-21,388784,777.0,2022-10-28,3194,2022-10-31,4,FA,2186,3920,NN,Semillas,Fuerza Total Curado,Soja,7500.0,2022
2022-10-21,388785,777.0,2022-10-28,3193,2022-10-31,4,FA,2186,3920,NN,Semillas,Fuerza Total Curado,Soja,7500.0,2022
2022-10-21,388786,778.0,2022-10-28,3198,2022-10-31,4,FA,2184,1416,NN,Semillas,Fuerza Total,Soja,6600.0,2022
2022-10-21,388787,778.0,2022-10-28,3197,2022-10-31,4,FA,2184,1416,NN,Semillas,Fuerza Total,Soja,6600.0,2022
2022-10-21,388788,778.0,2022-10-28,3196,2022-10-31,4,FA,2184,1416,NN,Semillas,Fuerza Total,Soja,6600.0,2022
2022-10-21,388789,778.0,2022-10-28,3195,2022-10-31,4,FA,2184,1416,NN,Semillas,Fuerza Total,Soja,6600.0,2022
2022-10-24,388790,781.0,2022-10-28,3200,2022-10-31,4,FA,2188,5009,NN,Semillas,Fuerza Total Curado,Soja,7500.0,2022
2022-10-24,388791,781.0,2022-10-28,3199,2022-10-31,4,FA,2188,5009,NN,Semillas,Fuerza Total Curado,Soja,7500.0,2022
2022-10-24,388792,779.0,2022-11-08,3225,2022-11-10,4,FA,2212,3660,NN,Semillas,Girasol,Girasol,9400.0,2022
2022-10-24,388793,779.0,2022-11-08,3224,2022-11-10,4,FA,2212,3660,NN,Semillas,Girasol,Girasol,9400.0,2022
2022-10-24,388794,779.0,2022-11-08,3223,2022-11-10,4,FA,2212,3660,NN,Semillas,Girasol,Girasol,9400.0,2022
2022-10-24,388795,779.0,2022-11-08,3222,2022-11-10,4,FA,2212,3660,NN,Semillas,Girasol,Girasol,9400.0,2022
2022-10-24,388796,780.0,2022-11-01,3205,2022-11-03,4,FA,2197,4038,NN,Semillas,Soja,Soja,4900.0,2022
2022-10-24,388797,780.0,2022-11-01,3204,2022-11-03,4,FA,2197,4038,NN,Semillas,Soja,Soja,4900.0,2022
2022-10-27,388804,782.0,2022-11-04,3211,2022-11-07,4,FA,2200,4557,NN,Semillas,Doble Poder,Soja,9000.0,2022
2022-10-27,388805,782.0,2022-11-04,3210,2022-11-07,4,FA,2200,4557,NN,Semillas,Doble Poder,Soja,9000.0,2022
2022-10-27,388806,783.0,2022-11-04,3209,2022-11-07,4,FA,2205,3276,NN,Semillas,Soja,Soja,4900.0,2022
2022-10-27,388807,783.0,2022-11-04,3208,2022-11-07,4,FA,2205,3276,NN,Semillas,Soja,Soja,4900.0,2022
2022-10-28,388816,784.0,2022-11-07,3217,2022-11-07,4,FA,2201,392,NN,Semillas,Doble Poder,Soja,15300.0,2022
2022-11-04,388817,792.0,2022-11-04,3215,2022-11-07,4,FA,2199,5011,NN,Semillas,Soja,Soja,6300.0,2022
2022-11-04,388818,792.0,2022-11-04,3214,2022-11-07,4,FA,2199,5011,NN,Semillas,Soja,Soja,6300.0,2022
2022-10-31,388819,785.0,2022-11-08,3221,2022-11-10,4,FA,2210,967,NN,Semillas,Soja,Soja,4900.0,2022
2022-10-31,388820,785.0,2022-11-08,3220,2022-11-10,4,FA,2210,967,NN,Semillas,Soja,Soja,4900.0,2022
2022-10-31,388821,785.0,2022-11-08,3219,2022-11-10,4,FA,2210,967,NN,Semillas,Soja,Soja,4900.0,2022
2022-10-31,388822,785.0,2022-11-08,3218,2022-11-10,4,FA,2210,967,NN,Semillas,Soja,Soja,4900.0,2022
2022-10-31,388823,786.0,2022-10-31,3201,2022-11-03,4,FA,2193,392,NN,Semillas,Soja,Soja,4900.0,2022
2022-11-01,388826,787.0,2022-11-09,3226,2022-11-10,4,FA,2209,9450,NN,Semillas,Doble Poder,Soja,9000.0,2022
2022-11-04,388875,793.0,2022-11-11,3242,2022-11-16,4,FA,2219,5012,NN,Semillas,Fuerza Total,Trigo,6600.0,2022
2022-11-01,388876,788.0,2022-11-09,3232,2022-11-10,4,FA,2208,4763,NN,Semillas,Soja,Soja,12000.0,2022
2022-11-01,388877,788.0,2022-11-09,3231,2022-11-10,4,FA,2208,4763,NN,Semillas,Soja,Soja,12000.0,2022
2022-11-01,388878,788.0,2022-11-09,3230,2022-11-10,4,FA,2208,4763,NN,Semillas,Soja,Soja,12000.0,2022
2022-11-01,388879,788.0,2022-11-09,3229,2022-11-10,4,FA,2208,4763,NN,Semillas,Soja,Soja,12000.0,2022
2022-11-01,388880,788.0,2022-11-09,3228,2022-11-10,4,FA,2208,4763,NN,Semillas,Soja,Soja,12000.0,2022
2022-11-01,388881,788.0,2022-11-09,3227,2022-11-10,4,FA,2208,4763,NN,Semillas,Soja,Soja,12000.0,2022
2022-11-02,388901,789.0,2022-11-10,3237,2022-11-16,4,FA,2221,4557,NN,Semillas,Doble Poder,Soja,9000.0,2022
2022-11-02,388902,789.0,2022-11-10,3236,2022-11-16,4,FA,2221,4557,NN,Semillas,Doble Poder,Soja,9000.0,2022
2022-11-02,388903,789.0,2022-11-09,3235,2022-11-10,4,FA,2213,4557,NN,Semillas,Trigo Sarraceno,Trigo Sarraceno,4900.0,2022
2022-11-02,388904,789.0,2022-11-09,3234,2022-11-10,4,FA,2213,4557,NN,Semillas,Trigo Sarraceno,Trigo Sarraceno,4900.0,2022
2022-11-02,388905,789.0,2022-11-09,3233,2022-11-10,4,FA,2213,4557,NN,Semillas,Trigo Sarraceno,Trigo Sarraceno,4900.0,2022
2022-11-02,388906,790.0,2022-11-23,3278,2022-11-28,4,FA,2259,104,NN,Semillas,Fuerza Total Megatérmicas,Urochloa Brizantha,7400.0,2022
2022-11-03,388908,791.0,2022-11-28,3286,2022-11-28,4,FA,2250,319,NN,Semillas,Gramon,Gramon,4900.0,2022
2022-11-04,388944,795.0,2022-11-11,3244,2022-11-16,4,FA,2223,392,NN,Semillas,Fuerza Total,Soja,6600.0,2022
2022-11-04,388945,796.0,2022-11-11,3245,2022-11-16,4,FA,2223,392,NN,Semillas,Soja,Soja,18300.0,2022
2022-11-04,388946,797.0,2022-11-04,3216,2022-11-07,4,FA,2201,392,NN,Semillas,Doble Poder,Soja,9000.0,2022
2022-11-04,388947,798.0,2022-11-11,3247,2022-11-16,4,FA,2225,2257,NN,Semillas,Soja,Soja,12000.0,2022
2022-11-04,388948,798.0,2022-11-11,3246,2022-11-16,4,FA,2225,2257,NN,Semillas,Soja,Soja,12000.0,2022
2022-11-04,388949,799.0,2022-11-14,3249,2022-11-16,4,FA,2227,104,NN,Semillas,Centeno,Centeno,4900.0,2022
2022-11-04,388950,799.0,2022-11-28,3289,2022-11-28,4,FA,2253,104,NN,Semillas,Fuerza Total,Dicantium,6600.0,2022
2022-11-04,388951,799.0,2022-11-28,3288,2022-11-28,4,FA,2253,104,NN,Semillas,Fuerza Total,Dicantium,6600.0,2022
2022-11-04,388952,799.0,2022-11-17,3260,2022-11-18,4,FA,2241,104,NN,Semillas,Avena Strigosa,Avena Strigosa,4900.0,2022
2022-11-04,388953,799.0,2022-11-17,3259,2022-11-18,4,FA,2241,104,NN,Semillas,Avena Strigosa,Avena Strigosa,4900.0,2022
2022-11-04,388954,799.0,2022-11-17,3258,2022-11-18,4,FA,2241,104,NN,Semillas,Avena Strigosa,Avena Strigosa,4900.0,2022
2022-11-04,388955,799.0,2022-11-17,3257,2022-11-18,4,FA,2241,104,NN,Semillas,Avena Strigosa,Avena Strigosa,4900.0,2022
2022-11-04,388956,799.0,2022-11-17,3256,2022-11-18,4,FA,2241,104,NN,Semillas,Avena Blanca / Amarilla/ Byzantina,Avena Blanca / Amarilla/ Byzantina,4900.0,2022
2022-11-04,388957,799.0,2022-11-18,3265,2022-11-24,4,FA,2247,104,NN,Semillas,Alfalfa,Alfalfa,4900.0,2022
2022-11-04,388958,799.0,2022-11-16,3252,2022-11-17,4,FA,2236,104,NN,Semillas,Melilotus Albus,Melilotus Albus,4900.0,2022
2022-11-04,388959,799.0,2022-11-14,3248,2022-11-16,4,FA,2227,104,NN,Semillas,Centeno,Centeno,4900.0,2022
2022-11-04,388960,799.0,2022-11-23,3272,2022-11-24,4,FA,2247,104,NN,Semillas,Vicia,Vicia,4900.0,2022
2022-11-04,388961,799.0,2022-11-17,3255,2022-11-18,4,FA,2241,104,NN,Semillas,Avena Strigosa,Avena Strigosa,4900.0,2022
2022-11-04,388962,799.0,2022-11-18,3264,2022-11-24,4,FA,2247,104,NN,Semillas,Trebol Blanco,Trebol Blanco,4900.0,2022
2022-11-08,389006,800.0,2022-11-16,3251,2022-11-17,4,FA,2235,421,NN,Semillas,Doble Poder,Soja,9000.0,2022
2022-11-16,389009,801.0,2022-11-17,3253,2022-11-17,4,FA,2237,4619,NN,Semillas,Fuerza Total,Soja,6600.0,2022
2022-11-09,389010,802.0,2022-11-17,3254,2022-11-17,4,FA,2233,2861,NN,Semillas,Soja,Soja,15000.0,2022
2022-11-10,389011,803.0,2022-11-18,3261,2022-11-18,4,FA,2240,1425,NN,Semillas,Fuerza Total,Soja,6600.0,2022
2022-11-11,389022,804.0,2022-11-18,3262,2022-11-18,4,FA,2239,3597,NN,Semillas,Doble Poder,Soja,9000.0,2022
2022-11-11,389023,805.0,2022-11-18,3263,2022-11-18,4,FA,2238,744,NN,Semillas,Fuerza Total,Soja,6600.0,2022
2022-11-14,389068,806.0,2022-11-22,3267,2022-11-24,4,FA,2242,4557,NN,Semillas,Doble Poder,Soja,9000.0,2022
2022-11-14,389069,806.0,2022-11-22,3266,2022-11-24,4,FA,2242,4557,NN,Semillas,Doble Poder,Soja,9000.0,2022
2022-11-14,389075,807.0,2022-11-22,3271,2022-11-24,4,FA,2243,700,NN,Semillas,Soja,Soja,4900.0,2022
2022-11-14,389076,807.0,2022-11-22,3270,2022-11-24,4,FA,2243,700,NN,Semillas,Soja,Soja,4900.0,2022
2022-11-14,389077,807.0,2022-11-22,3269,2022-11-24,4,FA,2243,700,NN,Semillas,Soja,Soja,4900.0,2022
2022-11-14,389078,807.0,2022-11-22,3268,2022-11-24,4,FA,2243,700,NN,Semillas,Soja,Soja,12000.0,2022
2022-11-15,389082,809.0,2022-11-23,3277,2022-11-24,4,FA,2244,4782,NN,Semillas,Fuerza Total,Soja,6600.0,2022
2022-11-15,389083,809.0,2022-11-23,3276,2022-11-24,4,FA,2244,4782,NN,Semillas,Fuerza Total,Soja,6600.0,2022
2022-11-15,389084,809.0,2022-11-23,3275,2022-11-24,4,FA,2244,4782,NN,Semillas,Fuerza Total,Soja,6600.0,2022
2022-11-15,389085,808.0,2022-11-23,3274,2022-11-24,4,FA,2245,1864,NN,Semillas,Fuerza Total Curado,Soja,7500.0,2022
2022-11-15,389086,808.0,2022-11-23,3273,2022-11-24,4,FA,2245,1864,NN,Semillas,Fuerza Total Curado,Soja,7500.0,2022
2022-11-15,389087,808.0,2022-11-28,3287,2022-11-28,4,FA,2252,1864,NN,Semillas,Fuerza Total Curado,Sorgo,7500.0,2022
2022-11-16,389092,810.0,2022-11-24,3279,2022-11-28,4,FA,2254,2406,NN,Semillas,Soja,Soja,4900.0,2022
2022-11-16,389093,811.0,2022-11-24,3280,2022-11-28,4,FA,2258,4765,NN,Semillas,Soja,Soja,12000.0,2022
2022-11-16,389094,813.0,2022-11-24,3281,2022-11-28,4,FA,2255,4557,NN,Semillas,Doble Poder,Soja,9000.0,2022
2022-11-16,389095,812.0,2022-11-24,3283,2022-11-28,4,FA,2257,392,NN,Semillas,Fuerza Total,Soja,6600.0,2022
2022-11-16,389096,812.0,2022-11-24,3282,2022-11-28,4,FA,2257,392,NN,Semillas,Fuerza Total,Soja,6600.0,2022
2022-11-16,389097,814.0,2022-11-24,3284,2022-11-28,4,FA,2256,4785,NN,Semillas,Fuerza Total,Soja,6600.0,2022
2022-11-22,389099,817.0,2022-12-16,3330,2022-12-21,4,FB,53,5022,NN,Semillas,Gatton Panic,Gatton Panic,5800.0,2022
2022-11-24,389137,814.0,2022-11-25,3285,2022-11-28,4,FA,2249,4785,NN,Semillas,Fuerza Total,Poroto Adzuki,6600.0,2022
2022-11-24,389138,821.0,2022-12-02,3301,2022-12-07,4,FA,2271,3944,NN,Semillas,Fuerza Total,Sorgo,6600.0,2022
2022-11-22,389166,815.0,2022-11-30,3296,2022-12-01,4,FA,2264,4557,NN,Semillas,Soja,Soja,15200.0,2022
2022-11-22,389167,815.0,2022-11-30,3295,2022-12-01,4,FA,2264,4557,NN,Semillas,Soja,Soja,15200.0,2022
2022-11-22,389168,815.0,2022-11-30,3294,2022-12-01,4,FA,2264,4557,NN,Semillas,Soja,Soja,15200.0,2022
2022-11-22,389169,815.0,2022-11-30,3293,2022-12-01,4,FA,2264,4557,NN,Semillas,Soja,Soja,15200.0,2022
2022-11-22,389170,815.0,2022-11-30,3292,2022-12-01,4,FA,2264,4557,NN,Semillas,Soja,Soja,9000.0,2022
2022-11-22,389171,815.0,2022-11-30,3291,2022-12-01,4,FA,2264,4557,NN,Semillas,Soja,Soja,9000.0,2022
2022-11-22,389172,815.0,2022-11-30,3290,2022-12-01,4,FA,2264,4557,NN,Semillas,Soja,Soja,9000.0,2022
2022-11-22,389174,816.0,2022-11-30,3297,2022-12-01,4,FA,2267,1897,NN,Semillas,Soja,Soja,4900.0,2022
2022-11-23,389175,818.0,2022-12-01,3299,2022-12-07,4,FA,2269,4396,NN,Semillas,Fuerza Total,Soja,6600.0,2022
2022-11-23,389176,819.0,2022-12-01,3298,2022-12-07,4,FA,2272,1915,NN,Semillas,Soja,Soja,6300.0,2022
2022-11-23,389177,820.0,2022-12-26,3342,2022-12-30,4,FA,2309,104,NN,Semillas,Gatton Panic,Gatton Panic,8000.0,2022
2022-11-23,389178,820.0,2022-12-26,3341,2022-12-30,4,FA,2309,104,NN,Semillas,Gatton Panic,Gatton Panic,8000.0,2022
2022-11-23,389179,820.0,2022-12-26,3340,2022-12-30,4,FA,2309,104,NN,Semillas,Gatton Panic,Gatton Panic,8000.0,2022
2022-11-23,389180,820.0,2022-12-26,3339,2022-12-30,4,FA,2309,104,NN,Semillas,Gatton Panic,Gatton Panic,8000.0,2022
2022-11-23,389181,820.0,2022-12-26,3338,2022-12-30,4,FA,2309,104,NN,Semillas,Gatton Panic,Gatton Panic,8000.0,2022
2022-11-24,389233,822.0,2022-12-02,3300,2022-12-07,4,FA,2277,4849,NN,Semillas,Soja,Soja,9600.0,2022
2022-11-28,389236,823.0,2022-12-06,3303,2022-12-07,4,FA,2274,2340,NN,Semillas,Soja,Soja,6300.0,2022
2022-11-28,389237,823.0,2022-12-06,3302,2022-12-07,4,FA,2274,2340,NN,Semillas,Soja,Soja,6300.0,2022
2022-11-28,389238,824.0,2022-12-06,3305,2022-12-07,4,FA,2273,700,NN,Semillas,Soja,Soja,12000.0,2022
2022-11-28,389239,824.0,2022-12-06,3304,2022-12-07,4,FA,2273,700,NN,Semillas,Soja,Soja,12000.0,2022
2022-11-29,389241,825.0,2022-12-13,3310,2022-12-14,4,FA,2285,760,NN,Semillas,Fuerza Total,Trigo,6600.0,2022
2022-11-29,389242,825.0,2022-12-13,3309,2022-12-14,4,FA,2285,760,NN,Semillas,Fuerza Total,Trigo,6600.0,2022
2022-11-29,389243,825.0,2022-12-13,3308,2022-12-14,4,FA,2285,760,NN,Semillas,Fuerza Total,Trigo,6600.0,2022
2022-11-30,389483,826.0,2022-12-07,3307,2022-12-14,4,FA,2279,1915,NN,Semillas,Fuerza Total Curado,Soja,7500.0,2022
2022-11-30,389484,826.0,2022-12-07,3306,2022-12-14,4,FA,2279,1915,NN,Semillas,Fuerza Total Curado,Soja,7500.0,2022
2022-12-02,389513,828.0,2022-12-13,3311,2022-12-14,4,FA,2288,1127,NN,Semillas,Fuerza Total,Soja,6600.0,2022
2022-12-02,389663,827.0,2022-12-13,3312,2022-12-14,4,FA,2284,2853,NN,Semillas,Poroto,Poroto,5800.0,2022
2022-12-07,389801,830.0,2022-12-15,3329,2022-12-16,4,FA,2293,392,NN,Semillas,Fuerza Total,Soja,7900.0,2022
2022-12-07,389802,830.0,2022-12-15,3328,2022-12-16,4,FA,2293,392,NN,Semillas,Fuerza Total,Soja,7900.0,2022
2022-12-07,389803,830.0,2022-12-15,3327,2022-12-16,4,FA,2293,392,NN,Semillas,Fuerza Total,Soja,7900.0,2022
2022-12-07,389804,830.0,2022-12-15,3326,2022-12-16,4,FA,2293,392,NN,Semillas,Fuerza Total,Soja,7900.0,2022
2022-12-07,389805,830.0,2022-12-15,3325,2022-12-16,4,FA,2293,392,NN,Semillas,Fuerza Total,Soja,7900.0,2022
2022-12-07,389806,830.0,2022-12-15,3324,2022-12-16,4,FA,2293,392,NN,Semillas,Fuerza Total,Soja,7900.0,2022
2022-12-07,389807,830.0,2022-12-15,3323,2022-12-16,4,FA,2293,392,NN,Semillas,Fuerza Total,Soja,7900.0,2022
2022-12-07,389808,830.0,2022-12-15,3322,2022-12-16,4,FA,2293,392,NN,Semillas,Fuerza Total,Soja,7900.0,2022
2022-12-07,389809,830.0,2022-12-15,3321,2022-12-16,4,FA,2293,392,NN,Semillas,Fuerza Total,Soja,7900.0,2022
2022-12-07,389810,830.0,2022-12-15,3320,2022-12-16,4,FA,2293,392,NN,Semillas,Fuerza Total,Soja,7900.0,2022
2022-12-07,389811,830.0,2022-12-15,3319,2022-12-16,4,FA,2293,392,NN,Semillas,Fuerza Total,Soja,7900.0,2022
2022-12-07,389812,830.0,2022-12-15,3318,2022-12-16,4,FA,2293,392,NN,Semillas,Fuerza Total,Soja,7900.0,2022
2022-12-07,389813,830.0,2022-12-15,3317,2022-12-16,4,FA,2293,392,NN,Semillas,Fuerza Total,Soja,7900.0,2022
2022-12-07,389814,830.0,2022-12-15,3316,2022-12-16,4,FA,2293,392,NN,Semillas,Fuerza Total,Soja,7900.0,2022
2022-12-13,389862,831.0,2022-12-13,3315,2022-12-14,4,FA,2289,350,NN,Semillas,Soja,Soja,7400.0,2022
2022-12-13,389863,831.0,2022-12-13,3314,2022-12-14,4,FA,2289,350,NN,Semillas,Soja,Soja,7400.0,2022
2022-12-13,389864,831.0,2022-12-13,3313,2022-12-14,4,FA,2289,350,NN,Semillas,Soja,Soja,7400.0,2022
2022-12-14,389927,833.0,2022-12-23,3337,2022-12-30,4,FA,2304,1328,NN,Semillas,Melilotus Albus,Melilotus Albus,18600.0,2022
2022-12-16,390127,834.0,2022-12-26,3344,2022-12-30,4,FA,2308,4329,NN,Semillas,Centeno,Centeno,5800.0,2022
2022-12-16,390128,834.0,2022-12-26,3343,2022-12-30,4,FA,2308,4329,NN,Semillas,Centeno,Centeno,5800.0,2022
2022-12-19,390129,835.0,2022-12-30,3357,2023-01-04,4,FA,2311,392,NN,Semillas,Fuerza Total,Trigo,7900.0,2022
2022-12-19,390130,835.0,2022-12-30,3356,2023-01-04,4,FA,2311,392,NN,Semillas,Fuerza Total,Trigo,7900.0,2022
2022-12-19,390131,835.0,2022-12-30,3355,2023-01-04,4,FA,2311,392,NN,Semillas,Fuerza Total,Trigo,7900.0,2022
2022-12-19,390132,835.0,2022-12-30,3354,2023-01-04,4,FA,2311,392,NN,Semillas,Fuerza Total,Trigo,7900.0,2022
2022-12-19,390133,835.0,2022-12-30,3353,2023-01-04,4,FA,2311,392,NN,Semillas,Fuerza Total,Trigo,7900.0,2022
2022-12-21,390237,836.0,2022-12-29,3351,2022-12-30,4,FA,2306,4557,NN,Semillas,Arveja,Arveja,5800.0,2022
2022-12-21,390238,836.0,2022-12-30,3360,2023-01-04,4,FA,2312,4557,NN,Semillas,Centeno,Centeno,5800.0,2022
2022-12-21,390240,836.0,2022-12-30,3359,2023-01-04,4,FA,2312,4557,NN,Semillas,Centeno,Centeno,5800.0,2022
2022-12-21,390241,836.0,2022-12-29,3352,2022-12-30,4,FA,2306,4557,NN,Semillas,Garbanzo,Garbanzo,5800.0,2022
2022-12-22,390242,838.0,2022-12-23,3336,2022-12-26,4,FA,2303,5023,NN,Semillas,Gatton Panic,Gatton Panic,7400.0,2022
2022-12-22,390244,836.0,2022-12-30,3358,2023-01-04,4,FA,2312,4557,NN,Semillas,Trigo,Trigo,5800.0,2022
2022-12-22,390245,839.0,2023-01-02,3368,2023-01-04,4,FA,2311,392,NN,Semillas,Convenio Syngenta Trigo,Trigo,5600.0,2022
2022-12-22,390246,839.0,2023-01-02,3367,2023-01-04,4,FA,2311,392,NN,Semillas,Convenio Syngenta Trigo,Trigo,5600.0,2022
2022-12-22,390247,837.0,2023-01-03,3369,2023-01-09,4,FA,2315,392,NN,Semillas,Semilla Vital Para Soja,Soja,10800.0,2022
2022-12-22,390248,839.0,2023-01-02,3366,2023-01-04,4,FA,2311,392,NN,Semillas,Convenio Syngenta Trigo,Trigo,5600.0,2022
2022-12-22,390254,839.0,2023-01-02,3365,2023-01-04,4,FA,2311,392,NN,Semillas,Convenio Syngenta Trigo,Trigo,5600.0,2022
2022-12-22,390255,839.0,2023-01-02,3364,2023-01-04,4,FA,2311,392,NN,Semillas,Convenio Syngenta Trigo,Trigo,5600.0,2022
2022-12-22,390256,839.0,2023-01-02,3363,2023-01-04,4,FA,2311,392,NN,Semillas,Convenio Syngenta Trigo,Trigo,5600.0,2022
2022-12-22,390257,839.0,2023-01-02,3362,2023-01-04,4,FA,2311,392,NN,Semillas,Convenio Syngenta Trigo,Trigo,5600.0,2022
2022-12-22,390258,839.0,2023-01-02,3361,2023-01-04,4,FA,2311,392,NN,Semillas,Convenio Syngenta Trigo,Trigo,5600.0,2022
2022-12-27,390486,840.0,2023-01-06,3373,2023-01-09,4,FA,2319,981,NN,Semillas,Trigo,Trigo,5800.0,2022
2022-12-27,390487,840.0,2023-01-06,3372,2023-01-09,4,FA,2319,981,NN,Semillas,Trigo,Trigo,5800.0,2022
2022-12-29,390488,841.0,2023-01-09,3379,2023-01-11,4,FA,2320,4557,NN,Semillas,Trigo,Trigo,5800.0,2022
2022-12-29,390489,841.0,2023-01-09,3378,2023-01-11,4,FA,2320,4557,NN,Semillas,Trigo,Trigo,5800.0,2022
2022-12-29,390490,841.0,2023-01-09,3377,2023-01-11,4,FA,2320,4557,NN,Semillas,Trigo,Trigo,5800.0,2022
2022-12-29,390491,841.0,2023-01-09,3376,2023-01-11,4,FA,2320,4557,NN,Semillas,Trigo,Trigo,5800.0,2022
2022-12-29,390492,841.0,2023-01-09,3375,2023-01-11,4,FA,2320,4557,NN,Semillas,Trigo,Trigo,5800.0,2022
2022-12-29,390493,842.0,2023-01-06,3371,2023-01-09,4,FA,2314,4557,NN,Semillas,Arveja,Arveja,5800.0,2022
2022-12-29,390794,843.0,2023-01-05,3370,2023-01-09,4,FA,2315,392,NN,Semillas,Fuerza Total,Maíz,7900.0,2022
2022-12-29,390795,844.0,2023-01-09,3388,2023-01-11,4,FA,2321,392,NN,Semillas,Convenio Syngenta Trigo,Trigo,8400.0,2022
2022-12-29,390796,844.0,2023-01-09,3387,2023-01-11,4,FA,2321,392,NN,Semillas,Convenio Syngenta Trigo,Trigo,8400.0,2022
2022-12-29,390797,844.0,2023-01-09,3386,2023-01-11,4,FA,2321,392,NN,Semillas,Convenio Syngenta Trigo,Trigo,8400.0,2022
2022-12-29,390798,844.0,2023-01-09,3385,2023-01-11,4,FA,2321,392,NN,Semillas,Convenio Syngenta Trigo,Trigo,8400.0,2022
2022-12-29,390799,844.0,2023-01-09,3384,2023-01-11,4,FA,2321,392,NN,Semillas,Convenio Syngenta Trigo,Trigo,8400.0,2022
2022-12-29,390800,844.0,2023-01-09,3383,2023-01-11,4,FA,2321,392,NN,Semillas,Convenio Syngenta Trigo,Trigo,8400.0,2022
2022-12-29,390801,844.0,2023-01-09,3382,2023-01-11,4,FA,2321,392,NN,Semillas,Convenio Syngenta Trigo,Trigo,8400.0,2022
2022-12-29,390802,844.0,2023-01-09,3381,2023-01-11,4,FA,2321,392,NN,Semillas,Convenio Syngenta Trigo,Trigo,8400.0,2022
2023-01-02,390808,845.0,2023-01-09,3380,2023-01-11,4,FA,2321,392,NN,Semillas,Convenio Syngenta Trigo,Trigo,8400.0,2023
2023-01-09,391001,848.0,2023-01-17,3390,2023-01-20,4,FA,2329,392,NN,Semillas,Fuerza Total,Soja,7900.0,2023
2023-01-10,391007,850.0,2023-01-18,3392,2023-01-20,4,FA,2328,4557,NN,Semillas,Arveja,Arveja,5800.0,2023
2023-01-10,391008,850.0,2023-01-18,3391,2023-01-20,4,FA,2328,4557,NN,Semillas,Arveja,Arveja,5800.0,2023
2023-01-12,391024,851.0,2023-01-23,3410,2023-01-24,4,FA,2331,714,NN,Semillas,Convenio Syngenta Trigo,Trigo,8400.0,2023
2023-01-12,391025,851.0,2023-01-23,3409,2023-01-24,4,FA,2331,714,NN,Semillas,Convenio Syngenta Trigo,Trigo,8400.0,2023
2023-01-12,391026,851.0,2023-01-23,3408,2023-01-24,4,FA,2331,714,NN,Semillas,Convenio Syngenta Trigo,Trigo,8400.0,2023
2023-01-12,391027,851.0,2023-01-23,3407,2023-01-24,4,FA,2331,714,NN,Semillas,Convenio Syngenta Trigo,Trigo,8400.0,2023
2023-01-12,391028,851.0,2023-01-23,3406,2023-01-24,4,FA,2331,714,NN,Semillas,Convenio Syngenta Trigo,Trigo,8400.0,2023
2023-01-12,391029,851.0,2023-01-23,3405,2023-01-24,4,FA,2331,714,NN,Semillas,Convenio Syngenta Trigo,Trigo,8400.0,2023
2023-01-12,391030,851.0,2023-01-23,3404,2023-01-24,4,FA,2331,714,NN,Semillas,Convenio Syngenta Trigo,Trigo,8400.0,2023
2023-01-12,391031,851.0,2023-01-23,3403,2023-01-24,4,FA,2331,714,NN,Semillas,Convenio Syngenta Trigo,Trigo,8400.0,2023
2023-01-12,391032,851.0,2023-01-23,3402,2023-01-24,4,FA,2331,714,NN,Semillas,Convenio Syngenta Trigo,Trigo,8400.0,2023
2023-01-12,391033,851.0,2023-01-23,3401,2023-01-24,4,FA,2331,714,NN,Semillas,Convenio Syngenta Trigo,Trigo,8400.0,2023
2023-01-12,391034,851.0,2023-01-23,3400,2023-01-24,4,FA,2331,714,NN,Semillas,Convenio Syngenta Trigo,Trigo,8400.0,2023
2023-01-12,391035,851.0,2023-01-23,3399,2023-01-24,4,FA,2331,714,NN,Semillas,Convenio Syngenta Trigo,Trigo,8400.0,2023
2023-01-12,391036,851.0,2023-01-23,3398,2023-01-24,4,FA,2331,714,NN,Semillas,Convenio Syngenta Trigo,Trigo,8400.0,2023
2023-01-12,391037,851.0,2023-01-23,3397,2023-01-24,4,FA,2331,714,NN,Semillas,Convenio Syngenta Trigo,Trigo,8400.0,2023
2023-01-12,391038,851.0,2023-01-23,3396,2023-01-24,4,FA,2331,714,NN,Semillas,Convenio Syngenta Trigo,Trigo,8400.0,2023
2023-01-12,391039,851.0,2023-01-23,3395,2023-01-24,4,FA,2331,714,NN,Semillas,Convenio Syngenta Trigo,Trigo,8400.0,2023
2023-01-12,391040,852.0,2023-01-23,3429,2023-01-24,4,FA,2332,392,NN,Semillas,Convenio Syngenta Trigo,Trigo,8400.0,2023
2023-01-12,391041,852.0,2023-01-23,3428,2023-01-24,4,FA,2332,392,NN,Semillas,Convenio Syngenta Trigo,Trigo,8400.0,2023
2023-01-12,391042,852.0,2023-01-23,3427,2023-01-24,4,FA,2332,392,NN,Semillas,Convenio Syngenta Trigo,Trigo,8400.0,2023
2023-01-12,391043,852.0,2023-01-23,3426,2023-01-24,4,FA,2332,392,NN,Semillas,Convenio Syngenta Trigo,Trigo,8400.0,2023
2023-01-12,391044,852.0,2023-01-23,3425,2023-01-24,4,FA,2332,392,NN,Semillas,Convenio Syngenta Trigo,Trigo,8400.0,2023
2023-01-12,391045,852.0,2023-01-23,3424,2023-01-24,4,FA,2332,392,NN,Semillas,Convenio Syngenta Trigo,Trigo,8400.0,2023
2023-01-12,391046,852.0,2023-01-23,3423,2023-01-24,4,FA,2332,392,NN,Semillas,Convenio Syngenta Trigo,Trigo,8400.0,2023
2023-01-12,391047,852.0,2023-01-23,3422,2023-01-24,4,FA,2332,392,NN,Semillas,Convenio Syngenta Trigo,Trigo,8400.0,2023
2023-01-12,391048,852.0,2023-01-23,3421,2023-01-24,4,FA,2332,392,NN,Semillas,Convenio Syngenta Trigo,Trigo,8400.0,2023
2023-01-12,391049,852.0,2023-01-23,3420,2023-01-24,4,FA,2332,392,NN,Semillas,Convenio Syngenta Trigo,Trigo,8400.0,2023
2023-01-12,391050,852.0,2023-01-23,3419,2023-01-24,4,FA,2332,392,NN,Semillas,Convenio Syngenta Trigo,Trigo,8400.0,2023
2023-01-12,391051,852.0,2023-01-23,3418,2023-01-24,4,FA,2332,392,NN,Semillas,Convenio Syngenta Trigo,Trigo,8400.0,2023
2023-01-12,391052,852.0,2023-01-23,3417,2023-01-24,4,FA,2332,392,NN,Semillas,Convenio Syngenta Trigo,Trigo,8400.0,2023
2023-01-12,391053,852.0,2023-01-23,3416,2023-01-24,4,FA,2332,392,NN,Semillas,Convenio Syngenta Trigo,Trigo,8400.0,2023
2023-01-12,391054,852.0,2023-01-23,3415,2023-01-24,4,FA,2332,392,NN,Semillas,Convenio Syngenta Trigo,Trigo,8400.0,2023
2023-01-12,391055,852.0,2023-01-23,3414,2023-01-24,4,FA,2332,392,NN,Semillas,Convenio Syngenta Trigo,Trigo,8400.0,2023
2023-01-12,391056,852.0,2023-01-23,3413,2023-01-24,4,FA,2332,392,NN,Semillas,Convenio Syngenta Trigo,Trigo,8400.0,2023
2023-01-12,391057,852.0,2023-01-23,3412,2023-01-24,4,FA,2332,392,NN,Semillas,Convenio Syngenta Trigo,Trigo,8400.0,2023
2023-01-12,391058,852.0,2023-01-23,3411,2023-01-24,4,FA,2332,392,NN,Semillas,Convenio Syngenta Trigo,Trigo,8400.0,2023
2023-01-17,391279,853.0,2023-01-18,3393,2023-01-20,4,FA,2330,104,NN,Semillas,Avena Strigosa,Avena Strigosa,5400.0,2023
2023-02-01,391529,858.0,2023-02-03,3433,2023-02-03,4,FA,2342,5029,NN,Semillas,Fuerza Total,Maíz,7900.0,2023
2023-01-31,391534,856.0,2023-02-02,3431,2023-02-02,4,FA,2341,1328,NN,Semillas,Gatton Panic,Gatton Panic,7400.0,2023
2023-02-01,391705,857.0,2023-02-22,3439,2023-02-24,4,FA,2357,104,NN,Semillas,Fuerza Total,Vicia,9500.0,2023
2023-02-01,391706,857.0,2023-02-22,3438,2023-02-24,4,FA,2357,104,NN,Semillas,Fuerza Total,Vicia,9500.0,2023
2023-02-01,391707,857.0,2023-02-22,3437,2023-02-24,4,FA,2357,104,NN,Semillas,Fuerza Total,Vicia,9500.0,2023
2023-02-01,391708,857.0,2023-02-02,3432,2023-02-03,4,FA,2343,104,NN,Semillas,Avena Blanca / Amarilla/ Byzantina,Avena Blanca / Amarilla/ Byzantina,6500.0,2023
2023-02-10,391867,859.0,2023-03-01,3442,2023-02-28,4,FA,2363,772,NN,Semillas,Semilla Vital,Alfalfa,13000.0,2023
2023-02-10,391868,860.0,2023-02-17,3435,2023-02-24,4,FA,2362,1136,NN,Semillas,Fuerza Total,Maíz,9500.0,2023
2023-02-14,391877,861.0,2023-02-27,3447,2023-03-01,4,FA,2368,4673,NN,Semillas,Fuerza Total,Alfalfa,9500.0,2023
2023-02-14,391878,861.0,2023-02-27,3446,2023-03-01,4,FA,2368,4673,NN,Semillas,Fuerza Total,Alfalfa,9500.0,2023
2023-02-14,391879,861.0,2023-02-27,3445,2023-03-01,4,FA,2368,4673,NN,Semillas,Fuerza Total,Alfalfa,9500.0,2023
2023-02-16,391984,863.0,2023-03-02,3451,2023-03-09,4,FA,2376,104,NN,Semillas,Melilotus Albus,Melilotus Albus,17300.0,2023
2023-02-16,391985,863.0,2023-03-02,3450,2023-03-09,4,FA,2376,104,NN,Semillas,Melilotus Albus,Melilotus Albus,17300.0,2023
2023-02-16,391986,863.0,2023-03-02,3449,2023-03-09,4,FA,2376,104,NN,Semillas,Melilotus Albus,Melilotus Albus,17300.0,2023
2023-02-16,391987,863.0,2023-03-02,3448,2023-03-09,4,FA,2376,104,NN,Semillas,Melilotus Albus,Melilotus Albus,17300.0,2023
2023-02-17,392060,864.0,2023-02-24,3441,2023-02-28,4,FA,2364,5031,NN,Semillas,Fuerza Total,Maíz,9500.0,2023
2023-02-17,392061,864.0,2023-02-24,3440,2023-02-28,4,FA,2364,5031,NN,Semillas,Fuerza Total,Maíz,9500.0,2023
2023-02-23,392232,865.0,2023-03-06,3465,2023-03-09,4,FA,2375,522,NN,Semillas,Convenio Syngenta Trigo,Trigo,8400.0,2023
2023-02-23,392233,865.0,2023-03-06,3464,2023-03-09,4,FA,2375,522,NN,Semillas,Convenio Syngenta Trigo,Trigo,8400.0,2023
2023-02-23,392234,865.0,2023-03-06,3463,2023-03-09,4,FA,2375,522,NN,Semillas,Convenio Syngenta Trigo,Trigo,8400.0,2023
2023-02-23,392235,865.0,2023-03-06,3462,2023-03-09,4,FA,2375,522,NN,Semillas,Convenio Syngenta Trigo,Trigo,8400.0,2023
2023-02-23,392236,865.0,2023-03-06,3461,2023-03-09,4,FA,2375,522,NN,Semillas,Convenio Syngenta Trigo,Trigo,8400.0,2023
2023-02-23,392237,865.0,2023-03-06,3460,2023-03-09,4,FA,2375,522,NN,Semillas,Convenio Syngenta Trigo,Trigo,8400.0,2023
2023-02-23,392238,865.0,2023-03-06,3459,2023-03-09,4,FA,2375,522,NN,Semillas,Convenio Syngenta Trigo,Trigo,8400.0,2023
2023-02-23,392239,865.0,2023-03-06,3458,2023-03-09,4,FA,2375,522,NN,Semillas,Convenio Syngenta Trigo,Trigo,8400.0,2023
2023-02-23,392240,865.0,2023-03-06,3457,2023-03-09,4,FA,2375,522,NN,Semillas,Convenio Syngenta Trigo,Trigo,8400.0,2023
2023-02-23,392241,865.0,2023-03-06,3456,2023-03-09,4,FA,2375,522,NN,Semillas,Convenio Syngenta Trigo,Trigo,8400.0,2023
2023-02-23,392242,865.0,2023-03-06,3455,2023-03-09,4,FA,2375,522,NN,Semillas,Convenio Syngenta Trigo,Trigo,8400.0,2023
2023-02-23,392243,865.0,2023-03-06,3454,2023-03-09,4,FA,2375,522,NN,Semillas,Convenio Syngenta Trigo,Trigo,8400.0,2023
2023-02-23,392244,865.0,2023-03-06,3453,2023-03-09,4,FA,2375,522,NN,Semillas,Convenio Syngenta Trigo,Trigo,8400.0,2023
2023-02-23,392245,865.0,2023-03-06,3452,2023-03-09,4,FA,2375,522,NN,Semillas,Convenio Syngenta Trigo,Trigo,8400.0,2023
2023-02-27,392249,867.0,2023-03-07,3468,2023-03-09,4,FA,2373,4557,NN,Semillas,Arveja,Arveja,7000.0,2023
2023-02-27,392250,867.0,2023-03-07,3467,2023-03-09,4,FA,2373,4557,NN,Semillas,Arveja,Arveja,7000.0,2023
2023-02-27,392261,868.0,2023-03-08,3473,2023-03-09,4,FA,2371,2853,NN,Semillas,Fuerza Total,Garbanzo,9500.0,2023
2023-02-27,392262,868.0,2023-03-08,3472,2023-03-09,4,FA,2371,2853,NN,Semillas,Fuerza Total Curado,Garbanzo,10800.0,2023
2023-02-27,392265,869.0,2023-03-14,3484,2023-03-14,4,FA,2380,1518,NN,Semillas,Alfalfa,Alfalfa,7000.0,2023
2023-02-28,392266,870.0,2023-03-09,3477,2023-03-14,4,FA,2378,4557,NN,Semillas,Centeno,Centeno,7000.0,2023
2023-02-28,392267,870.0,2023-03-09,3476,2023-03-14,4,FA,2378,4557,NN,Semillas,Centeno,Centeno,7000.0,2023
2023-02-28,392268,870.0,2023-03-09,3475,2023-03-14,4,FA,2378,4557,NN,Semillas,Centeno,Centeno,7000.0,2023
2023-02-28,392269,870.0,2023-03-09,3474,2023-03-14,4,FA,2378,4557,NN,Semillas,Centeno,Centeno,7000.0,2023
2023-03-01,392270,870.0,2023-03-13,3482,2023-03-14,4,FA,2382,4557,NN,Semillas,Centeno,Centeno,7000.0,2023
2023-02-28,392271,871.0,2023-03-08,3471,2023-03-09,4,FA,2373,4557,NN,Semillas,Doble Poder X2,Arveja,13000.0,2023
2023-02-28,392272,871.0,2023-03-08,3470,2023-03-09,4,FA,2373,4557,NN,Semillas,Doble Poder X2,Arveja,13000.0,2023
2023-02-28,392273,871.0,2023-03-08,3469,2023-03-09,4,FA,2373,4557,NN,Semillas,Doble Poder X2,Arveja,13000.0,2023
2023-02-28,392274,871.0,2023-03-17,3496,2023-03-20,4,FA,2387,4557,NN,Semillas,Vicia,Vicia,7000.0,2023
2023-02-28,392431,873.0,2023-03-13,3481,2023-03-14,4,FA,2379,104,NN,Semillas,Fuerza Total,Centeno,9500.0,2023
2023-02-28,392432,873.0,2023-03-13,3480,2023-03-14,4,FA,2379,104,NN,Semillas,Fuerza Total,Centeno,9500.0,2023
2023-02-28,392433,873.0,2023-03-13,3479,2023-03-14,4,FA,2379,104,NN,Semillas,Fuerza Total,Centeno,9500.0,2023
2023-02-28,392434,873.0,2023-03-13,3478,2023-03-14,4,FA,2379,104,NN,Semillas,Fuerza Total,Centeno,9500.0,2023
2023-03-01,392444,883.0,2023-03-28,3518,2023-03-30,4,FA,2407,354,NN,Semillas,Fuerza Total,Soja,9500.0,2023
2023-03-01,392445,875.0,2023-03-13,3483,2023-03-14,4,FA,2381,3337,NN,Semillas,Fuerza Total,Trigo,9500.0,2023
2023-03-01,392446,875.0,2023-03-16,3493,2023-03-20,4,FA,2388,3337,NN,Semillas,Fuerza Total,Avena Blanca / Amarilla/ Byzantina,9500.0,2023
2023-03-01,392447,874.0,2023-03-14,3486,2023-03-20,4,FA,2391,981,NN,Semillas,Fuerza Total,Trigo,9500.0,2023
2023-03-01,392448,874.0,2023-03-14,3485,2023-03-20,4,FA,2391,981,NN,Semillas,Fuerza Total,Trigo,9500.0,2023
2023-03-03,392688,876.0,2023-03-14,3492,2023-03-20,4,FA,2389,798,NN,Semillas,Trigo,Trigo,7000.0,2023
2023-03-03,392689,876.0,2023-03-14,3491,2023-03-20,4,FA,2389,798,NN,Semillas,Trigo,Trigo,7000.0,2023
2023-03-03,392690,876.0,2023-03-14,3490,2023-03-20,4,FA,2389,798,NN,Semillas,Trigo,Trigo,7000.0,2023
2023-03-03,392691,876.0,2023-03-14,3489,2023-03-20,4,FA,2389,798,NN,Semillas,Trigo,Trigo,7000.0,2023
2023-03-03,392692,876.0,2023-03-14,3488,2023-03-20,4,FA,2389,798,NN,Semillas,Trigo,Trigo,7000.0,2023
2023-03-03,392693,876.0,2023-03-14,3487,2023-03-20,4,FA,2389,798,NN,Semillas,Trigo,Trigo,7000.0,2023
2023-03-06,392699,877.0,2023-03-17,3495,2023-03-20,4,FA,2390,4738,NN,Semillas,Fuerza Total,Trigo,9500.0,2023
2023-03-06,392700,877.0,2023-03-17,3494,2023-03-20,4,FA,2390,4738,NN,Semillas,Fuerza Total,Trigo,9500.0,2023
2023-03-07,392701,878.0,2023-03-22,3514,2023-03-23,4,FA,2402,104,NN,Semillas,Sorgo,Sorgo,7000.0,2023
2023-03-07,392702,878.0,2023-03-22,3513,2023-03-23,4,FA,2402,104,NN,Semillas,Sorgo,Sorgo,7000.0,2023
2023-03-07,392703,878.0,2023-03-22,3512,2023-03-23,4,FA,2402,104,NN,Semillas,Sorgo,Sorgo,7000.0,2023
2023-03-07,392704,878.0,2023-03-22,3511,2023-03-23,4,FA,2402,104,NN,Semillas,Sorgo,Sorgo,7000.0,2023
2023-03-07,392705,878.0,2023-03-22,3510,2023-03-23,4,FA,2402,104,NN,Semillas,Sorgo,Sorgo,7000.0,2023
2023-03-07,392706,878.0,2023-03-22,3509,2023-03-23,4,FA,2402,104,NN,Semillas,Sorgo,Sorgo,7000.0,2023
2023-03-07,392707,878.0,2023-03-22,3508,2023-03-23,4,FA,2402,104,NN,Semillas,Sorgo,Sorgo,7000.0,2023
2023-03-07,392708,878.0,2023-03-22,3507,2023-03-23,4,FA,2402,104,NN,Semillas,Sorgo,Sorgo,7000.0,2023
2023-03-09,393450,879.0,2023-03-21,3506,2023-03-23,4,FA,2402,104,NN,Semillas,Fuerza Total,Centeno,9500.0,2023
2023-03-09,393451,879.0,2023-03-21,3505,2023-03-23,4,FA,2402,104,NN,Semillas,Fuerza Total,Centeno,9500.0,2023
2023-03-09,393452,879.0,2023-03-21,3504,2023-03-23,4,FA,2402,104,NN,Semillas,Fuerza Total,Centeno,9500.0,2023
2023-03-09,393453,879.0,2023-03-21,3503,2023-03-23,4,FA,2402,104,NN,Semillas,Fuerza Total,Centeno,9500.0,2023
2023-03-09,393454,879.0,2023-03-21,3502,2023-03-23,4,FA,2402,104,NN,Semillas,Fuerza Total,Centeno,9500.0,2023
2023-03-09,393455,879.0,2023-03-21,3501,2023-03-23,4,FA,2402,104,NN,Semillas,Fuerza Total,Centeno,9500.0,2023
2023-03-09,393456,879.0,2023-03-21,3500,2023-03-23,4,FA,2402,104,NN,Semillas,Fuerza Total,Centeno,9500.0,2023
2023-03-09,393457,879.0,2023-03-21,3499,2023-03-23,4,FA,2402,104,NN,Semillas,Fuerza Total,Centeno,9500.0,2023
2023-03-09,393458,879.0,2023-03-21,3498,2023-03-23,4,FA,2402,104,NN,Semillas,Fuerza Total,Centeno,9500.0,2023
2023-03-09,393459,879.0,2023-03-21,3497,2023-03-23,4,FA,2402,104,NN,Semillas,Fuerza Total,Centeno,9500.0,2023
2023-03-14,393803,881.0,2023-03-23,3515,2023-03-23,4,FA,2403,981,NN,Semillas,Fuerza Total,Trigo,9500.0,2023
2023-03-17,394312,882.0,2023-03-28,3520,2023-03-30,4,FA,2411,187,NN,Semillas,Fuerza Total,Trigo,9500.0,2023
2023-03-17,394313,882.0,2023-03-28,3519,2023-03-30,4,FA,2411,187,NN,Semillas,Fuerza Total Curado,Trigo,10800.0,2023
2023-03-22,394785,884.0,2023-04-05,3567,2023-04-05,4,FA,2420,104,NN,Semillas,Grama Rhodes,Grama Rhodes,8400.0,2023
2023-03-22,394786,884.0,2023-04-05,3566,2023-04-05,4,FA,2420,104,NN,Semillas,Grama Rhodes,Grama Rhodes,8400.0,2023
2023-03-22,394787,884.0,2023-04-05,3565,2023-04-05,4,FA,2420,104,NN,Semillas,Grama Rhodes,Grama Rhodes,8400.0,2023
2023-03-22,394788,884.0,2023-04-05,3564,2023-04-05,4,FA,2420,104,NN,Semillas,Grama Rhodes,Grama Rhodes,8400.0,2023
2023-03-22,394789,884.0,2023-04-05,3563,2023-04-05,4,FA,2420,104,NN,Semillas,Grama Rhodes,Grama Rhodes,8400.0,2023
2023-03-22,394790,884.0,2023-04-05,3562,2023-04-05,4,FA,2420,104,NN,Semillas,Grama Rhodes,Grama Rhodes,8400.0,2023
2023-03-22,394791,885.0,2023-04-05,3571,2023-04-05,4,FA,2420,104,NN,Semillas,Sorgo,Sorgo,7000.0,2023
2023-03-22,394792,885.0,2023-04-05,3570,2023-04-05,4,FA,2420,104,NN,Semillas,Sorgo,Sorgo,7000.0,2023
2023-03-22,394793,885.0,2023-04-05,3569,2023-04-05,4,FA,2420,104,NN,Semillas,Sorgo,Sorgo,7000.0,2023
2023-03-22,394794,885.0,2023-04-05,3568,2023-04-05,4,FA,2420,104,NN,Semillas,Sorgo,Sorgo,7000.0,2023
2023-03-22,394795,886.0,2023-04-03,3525,2023-04-05,4,FA,2421,187,NN,Semillas,Fuerza Total,Centeno,9500.0,2023
2023-03-23,394800,887.0,2023-03-27,3517,2023-03-30,4,FA,2406,664,NN,Semillas,Agropiro,Agropiro,6500.0,2023
2023-03-23,394801,888.0,2023-03-31,3523,2023-04-05,4,FA,2418,4557,NN,Semillas,Garbanzo,Garbanzo,7000.0,2023
2023-03-27,394888,889.0,2023-04-04,3532,2023-04-05,4,FA,2419,392,NN,Semillas,Trigo,Trigo,17300.0,2023
2023-03-27,394889,889.0,2023-04-04,3531,2023-04-05,4,FA,2419,392,NN,Semillas,Trigo,Trigo,17300.0,2023
2023-03-27,394890,889.0,2023-04-04,3530,2023-04-05,4,FA,2419,392,NN,Semillas,Trigo,Trigo,17300.0,2023
2023-03-27,394891,889.0,2023-04-04,3529,2023-04-05,4,FA,2419,392,NN,Semillas,Trigo,Trigo,17300.0,2023
2023-03-27,394892,889.0,2023-04-04,3528,2023-04-05,4,FA,2419,392,NN,Semillas,Trigo,Trigo,17300.0,2023
2023-03-27,394893,889.0,2023-04-04,3527,2023-04-05,4,FA,2419,392,NN,Semillas,Trigo,Trigo,17300.0,2023
2023-03-27,394894,889.0,2023-04-04,3526,2023-04-05,4,FA,2419,392,NN,Semillas,Trigo,Trigo,17300.0,2023
2023-03-28,394895,892.0,2023-03-28,3521,2023-03-30,4,FA,2412,5034,NN,Semillas,Trigo,Trigo,4300.0,2023
2023-03-28,394896,891.0,2023-04-05,3561,2023-04-05,4,FA,2423,2211,NN,Semillas,Fuerza Total,Trigo,9500.0,2023
2023-03-28,395305,890.0,2023-04-05,3560,2023-04-05,4,FA,2419,392,NN,Semillas,Convenio Syngenta Trigo,Trigo,12700.0,2023
2023-03-28,395306,890.0,2023-04-05,3559,2023-04-05,4,FA,2419,392,NN,Semillas,Convenio Syngenta Trigo,Trigo,12700.0,2023
2023-03-28,395307,890.0,2023-04-05,3558,2023-04-05,4,FA,2419,392,NN,Semillas,Convenio Syngenta Trigo,Trigo,12700.0,2023
2023-03-28,395308,890.0,2023-04-05,3557,2023-04-05,4,FA,2419,392,NN,Semillas,Convenio Syngenta Trigo,Trigo,12700.0,2023
2023-03-28,395309,890.0,2023-04-05,3556,2023-04-05,4,FA,2419,392,NN,Semillas,Convenio Syngenta Trigo,Trigo,12700.0,2023
2023-03-28,395457,890.0,2023-04-05,3555,2023-04-05,4,FA,2419,392,NN,Semillas,Convenio Syngenta Trigo,Trigo,12700.0,2023
2023-03-28,395458,890.0,2023-04-05,3554,2023-04-05,4,FA,2419,392,NN,Semillas,Convenio Syngenta Trigo,Trigo,12700.0,2023
2023-03-28,395459,890.0,2023-04-05,3553,2023-04-05,4,FA,2419,392,NN,Semillas,Convenio Syngenta Trigo,Trigo,12700.0,2023
2023-03-28,395460,890.0,2023-04-05,3552,2023-04-05,4,FA,2419,392,NN,Semillas,Convenio Syngenta Trigo,Trigo,12700.0,2023
2023-03-28,395461,890.0,2023-04-05,3551,2023-04-05,4,FA,2419,392,NN,Semillas,Convenio Syngenta Trigo,Trigo,12700.0,2023
2023-03-28,395462,890.0,2023-04-05,3550,2023-04-05,4,FA,2419,392,NN,Semillas,Convenio Syngenta Trigo,Trigo,12700.0,2023
2023-03-28,395463,890.0,2023-04-05,3549,2023-04-05,4,FA,2419,392,NN,Semillas,Convenio Syngenta Trigo,Trigo,12700.0,2023
2023-03-28,395464,890.0,2023-04-05,3548,2023-04-05,4,FA,2419,392,NN,Semillas,Convenio Syngenta Trigo,Trigo,12700.0,2023
2023-03-28,395465,890.0,2023-04-05,3547,2023-04-05,4,FA,2419,392,NN,Semillas,Convenio Syngenta Trigo,Trigo,12700.0,2023
2023-03-28,395466,890.0,2023-04-05,3546,2023-04-05,4,FA,2419,392,NN,Semillas,Convenio Syngenta Trigo,Trigo,12700.0,2023
2023-03-28,395467,890.0,2023-04-05,3545,2023-04-05,4,FA,2419,392,NN,Semillas,Convenio Syngenta Trigo,Trigo,12700.0,2023
2023-03-28,395468,890.0,2023-04-05,3544,2023-04-05,4,FA,2419,392,NN,Semillas,Convenio Syngenta Trigo,Trigo,12700.0,2023
2023-03-28,395469,890.0,2023-04-05,3543,2023-04-05,4,FA,2419,392,NN,Semillas,Convenio Syngenta Trigo,Trigo,12700.0,2023
2023-03-28,395470,890.0,2023-04-05,3542,2023-04-05,4,FA,2419,392,NN,Semillas,Convenio Syngenta Trigo,Trigo,12700.0,2023
2023-03-28,395471,890.0,2023-04-05,3541,2023-04-05,4,FA,2419,392,NN,Semillas,Convenio Syngenta Trigo,Trigo,12700.0,2023
2023-03-28,395472,890.0,2023-04-05,3540,2023-04-05,4,FA,2419,392,NN,Semillas,Convenio Syngenta Trigo,Trigo,12700.0,2023
2023-03-28,395473,890.0,2023-04-05,3539,2023-04-05,4,FA,2419,392,NN,Semillas,Convenio Syngenta Trigo,Trigo,12700.0,2023
2023-03-28,395474,890.0,2023-04-05,3538,2023-04-05,4,FA,2419,392,NN,Semillas,Convenio Syngenta Trigo,Trigo,12700.0,2023
2023-03-28,395475,890.0,2023-04-05,3537,2023-04-05,4,FA,2419,392,NN,Semillas,Convenio Syngenta Trigo,Trigo,12700.0,2023
2023-03-28,395476,890.0,2023-04-05,3536,2023-04-05,4,FA,2419,392,NN,Semillas,Convenio Syngenta Trigo,Trigo,12700.0,2023
2023-03-28,395477,890.0,2023-04-05,3535,2023-04-05,4,FA,2419,392,NN,Semillas,Convenio Syngenta Trigo,Trigo,12700.0,2023
2023-03-28,395478,890.0,2023-04-05,3534,2023-04-05,4,FA,2419,392,NN,Semillas,Convenio Syngenta Trigo,Trigo,12700.0,2023
2023-03-28,395479,890.0,2023-04-05,3533,2023-04-05,4,FA,2419,392,NN,Semillas,Convenio Syngenta Trigo,Trigo,12700.0,2023
2023-03-28,395480,894.0,2023-04-10,3575,2023-04-12,4,FA,2434,760,NN,Semillas,Convenio Syngenta Trigo,Trigo,8400.0,2023
2023-03-28,395481,894.0,2023-04-10,3574,2023-04-12,4,FA,2434,760,NN,Semillas,Convenio Syngenta Trigo,Trigo,8400.0,2023
2023-03-29,395482,895.0,2023-03-30,3522,2023-04-05,4,FA,2419,392,NN,Semillas,Soja,Soja,8900.0,2023
2023-03-29,395552,896.0,2023-04-10,3580,2023-04-12,4,FA,2429,104,NN,Semillas,Fuerza Total,Avena Blanca / Amarilla/ Byzantina,9500.0,2023
2023-03-29,395553,896.0,2023-04-13,3612,2023-04-17,4,FA,2443,104,NN,Semillas,Fuerza Total,Rye Grass Anual,9500.0,2023
2023-03-29,395554,896.0,2023-04-11,3581,2023-04-12,4,FA,2429,104,NN,Semillas,Fuerza Total,Melilotus Albus,9500.0,2023
2023-03-30,395556,898.0,2023-04-11,3584,2023-04-12,4,FA,2426,700,NN,Semillas,Trigo,Trigo,7000.0,2023
2023-03-30,395557,898.0,2023-04-11,3583,2023-04-12,4,FA,2426,700,NN,Semillas,Trigo,Trigo,7000.0,2023
2023-03-30,395558,898.0,2023-04-11,3582,2023-04-12,4,FA,2426,700,NN,Semillas,Trigo,Trigo,7000.0,2023
2023-03-30,395759,897.0,2023-04-05,3573,2023-04-12,4,FA,2424,354,NN,Semillas,Fuerza Total,Soja,9500.0,2023
2023-03-30,395901,898.0,2023-04-11,3586,2023-04-12,4,FA,2426,700,NN,Semillas,Trigo,Trigo,7000.0,2023
2023-03-30,395902,898.0,2023-04-11,3585,2023-04-12,4,FA,2426,700,NN,Semillas,Trigo,Trigo,7000.0,2023
2023-03-30,395903,899.0,2023-04-10,3576,2023-04-12,4,FA,2427,2888,NN,Semillas,Centeno,Centeno,7000.0,2023
2023-03-31,395941,900.0,2023-04-11,3588,2023-04-12,4,FA,2425,392,NN,Semillas,Fuerza Total,Trigo,9500.0,2023
2023-03-31,395942,900.0,2023-04-11,3587,2023-04-12,4,FA,2425,392,NN,Semillas,Fuerza Total,Trigo,9500.0,2023
2023-03-31,395943,901.0,2023-04-05,3572,2023-04-12,4,FA,2425,392,NN,Semillas,Soja,Soja,7000.0,2023
2023-03-31,395944,902.0,2023-04-11,3589,2023-04-12,4,FA,2434,760,NN,Semillas,Fuerza Total,Trigo,9500.0,2023
2023-03-31,395945,902.0,2023-04-10,3579,2023-04-12,4,FA,2434,760,NN,Semillas,Fuerza Total,Trigo,9500.0,2023
2023-03-31,395946,902.0,2023-04-10,3578,2023-04-12,4,FA,2434,760,NN,Semillas,Fuerza Total,Trigo,9500.0,2023
2023-03-31,395947,902.0,2023-04-10,3577,2023-04-12,4,FA,2434,760,NN,Semillas,Fuerza Total,Trigo,9500.0,2023
2023-03-31,395948,902.0,2023-04-11,3591,2023-04-12,4,FA,2434,760,NN,Semillas,Fuerza Total,Trigo,9500.0,2023
2023-03-31,395949,902.0,2023-04-11,3590,2023-04-12,4,FA,2434,760,NN,Semillas,Fuerza Total,Trigo,9500.0,2023
2023-03-31,395950,903.0,2023-04-11,3592,2023-04-12,4,FA,2428,1864,NN,Semillas,Fuerza Total,Trigo,9500.0,2023
2023-04-03,396094,904.0,2023-04-11,3594,2023-04-12,4,FA,2430,4943,NN,Semillas,Soja,Soja,7000.0,2023
2023-04-03,396095,904.0,2023-04-11,3593,2023-04-12,4,FA,2430,4943,NN,Semillas,Soja,Soja,7000.0,2023
2023-04-04,396096,905.0,2023-04-20,3625,2023-04-20,4,FA,2459,104,NN,Semillas,Fuerza Total,Rye Grass Anual,9500.0,2023
2023-04-04,396097,905.0,2023-04-20,3624,2023-04-20,4,FA,2459,104,NN,Semillas,Fuerza Total,Rye Grass Anual,9500.0,2023
2023-04-04,396098,906.0,2023-04-17,3615,2023-04-20,4,FA,2454,1779,NN,Semillas,Trigo,Trigo,7000.0,2023
2023-04-04,396099,906.0,2023-04-13,3614,2023-04-17,4,FA,2441,1779,NN,Semillas,Trigo,Trigo,7000.0,2023
2023-04-04,396100,907.0,2023-04-13,3613,2023-04-17,4,FA,2440,4762,NN,Semillas,Trigo,Trigo,7000.0,2023
2023-04-05,396267,908.0,2023-04-12,3607,2023-04-17,4,FA,2438,4557,NN,Semillas,Trigo,Trigo,7000.0,2023
2023-04-05,396268,908.0,2023-04-12,3606,2023-04-17,4,FA,2438,4557,NN,Semillas,Doble Poder X2,Trigo,13000.0,2023
2023-04-05,396269,908.0,2023-04-12,3605,2023-04-17,4,FA,2438,4557,NN,Semillas,Trigo,Trigo,7000.0,2023
2023-04-05,396270,908.0,2023-04-12,3604,2023-04-17,4,FA,2438,4557,NN,Semillas,Trigo,Trigo,7000.0,2023
2023-04-05,396271,908.0,2023-04-12,3603,2023-04-17,4,FA,2438,4557,NN,Semillas,Trigo,Trigo,7000.0,2023
2023-04-05,396272,908.0,2023-04-12,3602,2023-04-17,4,FA,2438,4557,NN,Semillas,Trigo,Trigo,7000.0,2023
2023-04-05,396273,908.0,2023-04-12,3601,2023-04-17,4,FA,2438,4557,NN,Semillas,Doble Poder X2,Trigo,13000.0,2023
2023-04-05,396274,908.0,2023-04-12,3600,2023-04-17,4,FA,2438,4557,NN,Semillas,Trigo,Trigo,7000.0,2023
2023-04-05,396275,908.0,2023-04-12,3599,2023-04-17,4,FA,2438,4557,NN,Semillas,Doble Poder X2,Trigo,13000.0,2023
2023-04-05,396276,908.0,2023-04-12,3598,2023-04-17,4,FA,2438,4557,NN,Semillas,Trigo,Trigo,7000.0,2023
2023-04-05,396277,908.0,2023-04-12,3597,2023-04-17,4,FA,2438,4557,NN,Semillas,Doble Poder X2,Trigo,13000.0,2023
2023-04-05,396278,908.0,2023-04-12,3596,2023-04-17,4,FA,2438,4557,NN,Semillas,Trigo,Trigo,7000.0,2023
2023-04-05,396279,908.0,2023-04-12,3595,2023-04-17,4,FA,2438,4557,NN,Semillas,Doble Poder X2,Trigo,13000.0,2023
2023-04-10,396284,909.0,2023-04-18,3622,2023-04-20,4,FA,2450,967,NN,Semillas,Fuerza Total,Soja,10800.0,2023
2023-04-10,396285,909.0,2023-04-18,3621,2023-04-20,4,FA,2450,967,NN,Semillas,Fuerza Total,Soja,10800.0,2023
2023-04-10,396286,909.0,2023-04-18,3620,2023-04-20,4,FA,2450,967,NN,Semillas,Fuerza Total,Soja,10800.0,2023
2023-04-10,396287,909.0,2023-04-18,3619,2023-04-20,4,FA,2450,967,NN,Semillas,Fuerza Total,Soja,10800.0,2023
2023-04-13,396288,910.0,2023-04-13,3608,2023-04-17,4,FA,2444,2892,NN,Semillas,Gatton Panic,Gatton Panic,8900.0,2023
2023-04-10,396290,911.0,2023-04-21,3630,2023-04-26,4,FA,2469,1453,NN,Semillas,Trigo,Trigo,4900.0,2023
2023-04-10,396320,913.0,2023-04-18,3618,2023-04-20,4,FA,2452,772,NN,Semillas,Fuerza Total,Soja,10500.0,2023
2023-04-11,396492,914.0,2023-04-19,3623,2023-04-20,4,FA,2452,772,NN,Semillas,Semilla Vital Para Soja,Soja,14300.0,2023
2023-04-11,396493,915.0,2023-04-13,3611,2023-04-17,4,FA,2436,1328,NN,Semillas,Gatton Panic,Gatton Panic,9800.0,2023
2023-04-11,396494,915.0,2023-04-13,3610,2023-04-17,4,FA,2436,1328,NN,Semillas,Gatton Panic,Gatton Panic,9800.0,2023
2023-04-11,396495,915.0,2023-04-13,3609,2023-04-17,4,FA,2436,1328,NN,Semillas,Gatton Panic,Gatton Panic,9800.0,2023
2023-04-12,396523,916.0,2023-04-20,3627,2023-04-20,4,FA,2460,1171,NN,Semillas,Soja,Soja,9900.0,2023
2023-04-12,396524,917.0,2023-04-20,3629,2023-04-20,4,FA,2455,9000,NN,Semillas,Soja,Soja,9900.0,2023
2023-04-12,396525,917.0,2023-04-20,3628,2023-04-20,4,FA,2455,9000,NN,Semillas,Soja,Soja,9900.0,2023
2023-04-12,396526,918.0,2023-04-20,3626,2023-04-20,4,FA,2456,2677,NN,Semillas,Soja,Soja,9900.0,2023
2023-04-12,396527,919.0,2023-04-21,3635,2023-04-26,4,FA,2470,9261,NN,Semillas,Convenio Syngenta Trigo,Trigo,8400.0,2023
2023-04-12,396528,919.0,2023-04-21,3634,2023-04-26,4,FA,2470,9261,NN,Semillas,Convenio Syngenta Trigo,Trigo,8400.0,2023
2023-04-12,396529,919.0,2023-04-21,3633,2023-04-26,4,FA,2470,9261,NN,Semillas,Convenio Syngenta Trigo,Trigo,8400.0,2023
2023-04-12,396530,919.0,2023-04-21,3632,2023-04-26,4,FA,2470,9261,NN,Semillas,Convenio Syngenta Trigo,Trigo,8400.0,2023
2023-04-12,396531,919.0,2023-04-21,3631,2023-04-26,4,FA,2470,9261,NN,Semillas,Convenio Syngenta Trigo,Trigo,8400.0,2023
2023-04-13,396652,920.0,2023-04-21,3639,2023-04-26,4,FA,2467,3659,NN,Semillas,Garbanzo,Garbanzo,7700.0,2023
2023-04-13,396653,920.0,2023-04-21,3638,2023-04-26,4,FA,2467,3659,NN,Semillas,Garbanzo,Garbanzo,7700.0,2023
2023-04-13,396654,920.0,2023-04-21,3637,2023-04-26,4,FA,2467,3659,NN,Semillas,Garbanzo,Garbanzo,7700.0,2023
2023-04-13,396655,920.0,2023-04-21,3636,2023-04-26,4,FA,2467,3659,NN,Semillas,Garbanzo,Garbanzo,7700.0,2023
2023-04-19,396687,921.0,2023-04-27,3652,2023-05-03,4,FA,2475,3875,NN,Semillas,Soja,Soja,7700.0,2023
2023-04-19,396688,921.0,2023-04-27,3651,2023-05-03,4,FA,2475,3875,NN,Semillas,Soja,Soja,7700.0,2023
2023-04-19,396689,922.0,2023-04-27,3654,2023-05-11,4,FA,2509,1856,NN,Semillas,Fuerza Total Curado,Garbanzo,11900.0,2023
2023-04-19,396690,922.0,2023-04-27,3653,2023-05-11,4,FA,2509,1856,NN,Semillas,Fuerza Total Curado,Garbanzo,11900.0,2023
2023-04-19,396691,922.0,2023-05-08,3707,2023-05-11,4,FA,2509,1856,NN,Semillas,Fuerza Total Curado,Garbanzo,11900.0,2023
2023-04-19,396692,922.0,2023-05-08,3706,2023-05-11,4,FA,2509,1856,NN,Semillas,Fuerza Total Curado,Garbanzo,11900.0,2023
2023-04-19,396693,923.0,2023-05-04,3685,2023-05-08,4,FA,2497,104,NN,Semillas,Fuerza Total,Rye Grass Anual,10500.0,2023
2023-04-19,396694,923.0,2023-05-04,3684,2023-05-08,4,FA,2497,104,NN,Semillas,Fuerza Total,Rye Grass Anual,10500.0,2023
2023-04-19,396695,923.0,2023-05-04,3686,2023-05-08,4,FA,2497,104,NN,Semillas,Fuerza Total,Sorgo,10500.0,2023
2023-04-20,396699,924.0,2023-05-03,3672,2023-05-04,4,FA,2483,392,NN,Semillas,Convenio Syngenta Trigo,Trigo,8400.0,2023
2023-04-20,396700,924.0,2023-05-03,3671,2023-05-04,4,FA,2483,392,NN,Semillas,Convenio Syngenta Trigo,Trigo,8400.0,2023
2023-04-20,396701,924.0,2023-05-03,3670,2023-05-04,4,FA,2483,392,NN,Semillas,Convenio Syngenta Trigo,Trigo,8400.0,2023
2023-04-20,396702,924.0,2023-05-03,3669,2023-05-04,4,FA,2483,392,NN,Semillas,Convenio Syngenta Trigo,Trigo,8400.0,2023
2023-04-20,396703,924.0,2023-05-03,3668,2023-05-04,4,FA,2483,392,NN,Semillas,Convenio Syngenta Trigo,Trigo,8400.0,2023
2023-04-20,396704,924.0,2023-05-03,3667,2023-05-04,4,FA,2483,392,NN,Semillas,Convenio Syngenta Trigo,Trigo,8400.0,2023
2023-04-20,396705,924.0,2023-05-03,3666,2023-05-04,4,FA,2483,392,NN,Semillas,Convenio Syngenta Trigo,Trigo,8400.0,2023
2023-04-20,396706,924.0,2023-05-03,3665,2023-05-04,4,FA,2483,392,NN,Semillas,Convenio Syngenta Trigo,Trigo,3500.0,2023
2023-04-20,396707,925.0,2023-04-28,3656,2023-05-03,4,FA,2476,392,NN,Semillas,Trigo,Trigo,19000.0,2023
2023-04-20,396708,926.0,2023-04-28,3658,2023-05-03,4,FA,2481,4329,NN,Semillas,Soja,Soja,7700.0,2023
2023-04-20,396709,927.0,2023-04-28,3657,2023-05-03,4,FA,2477,760,NN,Semillas,Fuerza Total,Soja,10500.0,2023
2023-04-24,396714,928.0,2023-04-26,3650,2023-04-26,4,FA,2465,1328,NN,Semillas,Gatton Panic,Gatton Panic,9800.0,2023
2023-04-24,396715,928.0,2023-04-26,3649,2023-04-26,4,FA,2465,1328,NN,Semillas,Gatton Panic,Gatton Panic,9800.0,2023
2023-04-24,396716,928.0,2023-04-26,3648,2023-04-26,4,FA,2465,1328,NN,Semillas,Gatton Panic,Gatton Panic,9800.0,2023
2023-04-24,396717,928.0,2023-04-26,3647,2023-04-26,4,FA,2465,1328,NN,Semillas,Gatton Panic,Gatton Panic,9800.0,2023
2023-04-24,396718,928.0,2023-04-26,3646,2023-04-26,4,FA,2465,1328,NN,Semillas,Gatton Panic,Gatton Panic,9800.0,2023
2023-04-24,396719,928.0,2023-04-26,3645,2023-04-26,4,FA,2465,1328,NN,Semillas,Gatton Panic,Gatton Panic,9800.0,2023
2023-04-24,396720,928.0,2023-04-26,3644,2023-04-26,4,FA,2465,1328,NN,Semillas,Gatton Panic,Gatton Panic,9800.0,2023
2023-04-24,396721,928.0,2023-04-26,3643,2023-04-26,4,FA,2465,1328,NN,Semillas,Gatton Panic,Gatton Panic,9800.0,2023
2023-04-24,396722,928.0,2023-04-26,3642,2023-04-26,4,FA,2465,1328,NN,Semillas,Gatton Panic,Gatton Panic,9800.0,2023
2023-04-24,396723,928.0,2023-04-26,3641,2023-04-26,4,FA,2465,1328,NN,Semillas,Gatton Panic,Gatton Panic,9800.0,2023
2023-04-24,396736,930.0,2023-05-02,3664,2023-05-04,4,FA,2482,1311,NN,Semillas,Doble Poder X2,Soja,14300.0,2023
2023-04-26,396737,933.0,2023-05-02,3660,2023-05-04,4,FB,59,2045,NN,Semillas,Fuerza Total Curado,Soja,11900.0,2023
2023-04-24,396738,929.0,2023-04-25,3640,2023-04-26,4,FA,2468,4610,NN,Semillas,Soja,Soja,9500.0,2023
2023-04-24,396852,930.0,2023-05-02,3663,2023-05-04,4,FA,2482,1311,NN,Semillas,Doble Poder X2,Soja,14300.0,2023
2023-04-24,396853,930.0,2023-05-02,3662,2023-05-04,4,FA,2482,1311,NN,Semillas,Doble Poder X2,Soja,14300.0,2023
2023-04-24,396854,930.0,2023-05-02,3661,2023-05-04,4,FA,2482,1311,NN,Semillas,Doble Poder X2,Soja,14300.0,2023
2023-04-25,396856,932.0,2023-05-03,3674,2023-05-04,4,FA,2489,328,NN,Semillas,Trigo,Trigo,7700.0,2023
2023-04-25,396857,932.0,2023-05-03,3673,2023-05-04,4,FA,2489,328,NN,Semillas,Trigo,Trigo,7700.0,2023
2023-04-26,396858,934.0,2023-04-27,3655,2023-05-03,4,FA,2474,4557,NN,Semillas,Soja,Soja,9800.0,2023
2023-04-26,396859,935.0,2023-05-03,3678,2023-05-04,4,FA,2488,981,NN,Semillas,Fuerza Total,Soja,10500.0,2023
2023-04-26,396860,935.0,2023-05-03,3677,2023-05-04,4,FA,2488,981,NN,Semillas,Fuerza Total,Soja,10500.0,2023
2023-04-26,396861,935.0,2023-05-03,3676,2023-05-04,4,FA,2488,981,NN,Semillas,Fuerza Total,Soja,10500.0,2023
2023-04-26,396862,935.0,2023-05-03,3675,2023-05-04,4,FA,2488,981,NN,Semillas,Fuerza Total,Soja,10500.0,2023
2023-04-26,396872,936.0,2023-05-03,3680,2023-05-04,4,FA,2484,2861,NN,Semillas,Soja,Soja,16000.0,2023
2023-04-26,396873,936.0,2023-05-03,3679,2023-05-04,4,FA,2484,2861,NN,Semillas,Soja,Soja,16000.0,2023
2023-04-27,396966,937.0,2023-05-05,3690,2023-05-08,4,FA,2502,981,NN,Semillas,Fuerza Total,Soja,10500.0,2023
2023-04-28,396976,942.0,2023-05-05,3689,2023-05-08,4,FA,2495,4329,NN,Semillas,Soja,Soja,17200.0,2023
2023-04-28,396977,942.0,2023-05-05,3688,2023-05-08,4,FA,2495,4329,NN,Semillas,Soja,Soja,17200.0,2023
2023-04-28,396978,942.0,2023-05-05,3687,2023-05-08,4,FA,2495,4329,NN,Semillas,Soja,Soja,17200.0,2023
2023-04-28,396979,942.0,2023-05-09,3708,2023-05-11,4,FA,2511,4329,NN,Semillas,Centeno,Centeno,7700.0,2023
2023-04-28,396980,938.0,2023-05-05,3692,2023-05-08,4,FA,2493,760,NN,Semillas,Fuerza Total,Soja,10500.0,2023
2023-04-28,396981,938.0,2023-05-05,3691,2023-05-08,4,FA,2493,760,NN,Semillas,Fuerza Total,Soja,10500.0,2023
2023-04-28,396982,939.0,2023-05-05,3699,2023-05-08,4,FA,2492,392,NN,Semillas,Soja,Soja,16000.0,2023
2023-04-28,396983,939.0,2023-05-05,3698,2023-05-08,4,FA,2492,392,NN,Semillas,Soja,Soja,16000.0,2023
2023-04-28,396984,939.0,2023-05-05,3697,2023-05-08,4,FA,2492,392,NN,Semillas,Soja,Soja,16000.0,2023
2023-04-28,396985,940.0,2023-05-05,3703,2023-05-08,4,FA,2492,392,NN,Semillas,Fuerza Total,Trigo,10500.0,2023
2023-04-28,396986,941.0,2023-05-05,3695,2023-05-08,4,FA,2492,392,NN,Semillas,Soja,Soja,7700.0,2023
2023-04-28,396987,941.0,2023-05-05,3694,2023-05-08,4,FA,2492,392,NN,Semillas,Soja,Soja,7700.0,2023
2023-04-28,396988,941.0,2023-05-05,3693,2023-05-08,4,FA,2492,392,NN,Semillas,Soja,Soja,7700.0,2023
2023-04-28,396990,943.0,2023-05-05,3702,2023-05-08,4,FA,2502,981,NN,Semillas,Fuerza Total,Trigo,10500.0,2023
2023-05-05,396991,954.0,2023-05-05,3701,2023-05-08,4,FA,2496,5057,NN,Semillas,Soja,Soja,7700.0,2023
2023-05-05,396992,954.0,2023-05-05,3700,2023-05-08,4,FA,2496,5057,NN,Semillas,Soja,Soja,7700.0,2023
2023-04-28,396995,944.0,2023-05-05,3696,2023-05-08,4,FA,2490,1161,NN,Semillas,Fuerza Total,Soja,10500.0,2023
2023-04-28,396996,945.0,2023-05-10,3709,2023-05-11,4,FA,2504,3920,NN,Semillas,Fuerza Total Curado,Soja,11900.0,2023
2023-05-05,396997,955.0,2023-05-10,3710,2023-05-11,4,FA,2507,5058,NN,Semillas,Fuerza Total,Soja,10500.0,2023
2023-05-02,396998,946.0,2023-05-10,3712,2023-05-11,4,FA,2512,1453,NN,Semillas,Soja,Soja,9900.0,2023
2023-05-02,396999,946.0,2023-05-10,3711,2023-05-11,4,FA,2512,1453,NN,Semillas,Soja,Soja,9900.0,2023
2023-05-03,397000,949.0,2023-05-11,3724,2023-05-11,4,FA,2506,392,NN,Semillas,Soja,Soja,7700.0,2023
2023-05-03,397002,947.0,2023-05-11,3725,2023-05-11,4,FA,2508,2296,NN,Semillas,Fuerza Total,Soja,10500.0,2023
2023-05-03,397003,948.0,2023-05-11,3727,2023-05-11,4,FA,2503,3225,NN,Semillas,Doble Poder X2,Soja,14300.0,2023
2023-05-03,397004,948.0,2023-05-11,3726,2023-05-11,4,FA,2503,3225,NN,Semillas,Doble Poder X2,Soja,14300.0,2023
2023-05-03,397005,949.0,2023-05-11,3723,2023-05-11,4,FA,2506,392,NN,Semillas,Soja,Soja,7700.0,2023
2023-05-03,397006,949.0,2023-05-11,3722,2023-05-11,4,FA,2506,392,NN,Semillas,Soja,Soja,7700.0,2023
2023-05-03,397007,949.0,2023-05-11,3721,2023-05-11,4,FA,2506,392,NN,Semillas,Soja,Soja,7700.0,2023
2023-05-03,397008,949.0,2023-05-11,3720,2023-05-11,4,FA,2506,392,NN,Semillas,Soja,Soja,7700.0,2023
2023-05-03,397009,949.0,2023-05-11,3719,2023-05-11,4,FA,2506,392,NN,Semillas,Soja,Soja,7700.0,2023
2023-05-03,397010,949.0,2023-05-11,3718,2023-05-11,4,FA,2506,392,NN,Semillas,Soja,Soja,7700.0,2023
2023-05-03,397011,949.0,2023-05-11,3717,2023-05-11,4,FA,2506,392,NN,Semillas,Soja,Soja,7700.0,2023
2023-05-03,397012,949.0,2023-05-11,3716,2023-05-11,4,FA,2506,392,NN,Semillas,Soja,Soja,7700.0,2023
2023-05-03,397013,949.0,2023-05-11,3715,2023-05-11,4,FA,2506,392,NN,Semillas,Soja,Soja,7700.0,2023
2023-05-03,397014,949.0,2023-05-11,3714,2023-05-11,4,FA,2506,392,NN,Semillas,Soja,Soja,7700.0,2023
2023-05-03,397015,950.0,2023-05-03,3683,2023-05-04,4,FA,2483,392,NN,Semillas,Soja,Soja,9500.0,2023
2023-05-03,397016,950.0,2023-05-03,3682,2023-05-04,4,FA,2483,392,NN,Semillas,Soja,Soja,9500.0,2023
2023-05-03,397017,950.0,2023-05-03,3681,2023-05-04,4,FA,2483,392,NN,Semillas,Soja,Soja,9500.0,2023
2023-05-04,397018,951.0,2023-05-22,3729,2023-05-15,4,FA,2517,4715,NN,Semillas,Soja,Soja,19000.0,2023
2023-05-04,397019,952.0,2023-05-12,3728,2023-05-15,4,FA,2515,4911,NN,Semillas,Fuerza Total Curado,Soja,11900.0,2023
2023-05-04,397078,953.0,2023-05-05,3705,2023-05-08,4,FA,2491,4557,NN,Semillas,Soja,Soja,9500.0,2023
2023-05-04,397079,953.0,2023-05-05,3704,2023-05-08,4,FA,2491,4557,NN,Semillas,Soja,Soja,9500.0,2023
2023-05-08,397091,956.0,2023-05-16,3747,2023-05-19,4,FA,2523,967,NN,Semillas,Soja,Soja,7700.0,2023
2023-05-08,397092,956.0,2023-05-16,3746,2023-05-19,4,FA,2523,967,NN,Semillas,Soja,Soja,7700.0,2023
2023-05-08,397093,956.0,2023-05-16,3745,2023-05-19,4,FA,2523,967,NN,Semillas,Soja,Soja,7700.0,2023
2023-05-08,397094,956.0,2023-05-16,3744,2023-05-19,4,FA,2523,967,NN,Semillas,Soja,Soja,7700.0,2023
2023-05-09,397099,958.0,2023-05-12,3735,2023-05-15,4,FA,2513,1328,NN,Semillas,Gatton Panic,Gatton Panic,9800.0,2023
2023-05-09,397100,958.0,2023-05-12,3734,2023-05-15,4,FA,2513,1328,NN,Semillas,Gatton Panic,Gatton Panic,9800.0,2023
2023-05-09,397101,958.0,2023-05-12,3733,2023-05-15,4,FA,2513,1328,NN,Semillas,Gatton Panic,Gatton Panic,9800.0,2023
2023-05-09,397102,958.0,2023-05-12,3732,2023-05-15,4,FA,2513,1328,NN,Semillas,Gatton Panic,Gatton Panic,9800.0,2023
2023-05-09,397103,958.0,2023-05-12,3731,2023-05-15,4,FA,2513,1328,NN,Semillas,Gatton Panic,Gatton Panic,9800.0,2023
2023-05-09,397104,958.0,2023-05-12,3730,2023-05-15,4,FA,2513,1328,NN,Semillas,Gatton Panic,Gatton Panic,9800.0,2023
2023-05-09,397105,959.0,2023-05-17,3748,2023-05-19,4,FA,2525,4738,NN,Semillas,Fuerza Total Curado,Soja,11900.0,2023
2023-05-09,397106,959.0,2023-05-10,3713,2023-05-11,4,FA,2510,4738,NN,Semillas,Soja,Soja,9500.0,2023
2023-05-11,397107,965.0,2023-05-17,3749,2023-05-19,4,FA,2526,2361,NN,Semillas,Soja,Soja,7700.0,2023
2023-05-10,397111,960.0,2023-05-12,3742,2023-05-15,4,FA,2514,1328,NN,Semillas,Gatton Panic,Gatton Panic,9800.0,2023
2023-05-10,397112,960.0,2023-05-12,3741,2023-05-15,4,FA,2514,1328,NN,Semillas,Gatton Panic,Gatton Panic,9800.0,2023
2023-05-10,397113,960.0,2023-05-12,3740,2023-05-15,4,FA,2514,1328,NN,Semillas,Gatton Panic,Gatton Panic,9800.0,2023
2023-05-10,397114,960.0,2023-05-12,3739,2023-05-15,4,FA,2514,1328,NN,Semillas,Gatton Panic,Gatton Panic,9800.0,2023
2023-05-10,397115,960.0,2023-05-12,3738,2023-05-15,4,FA,2514,1328,NN,Semillas,Gatton Panic,Gatton Panic,9800.0,2023
2023-05-10,397116,960.0,2023-05-12,3737,2023-05-15,4,FA,2514,1328,NN,Semillas,Gatton Panic,Gatton Panic,9800.0,2023
2023-05-10,397117,960.0,2023-05-12,3736,2023-05-15,4,FA,2514,1328,NN,Semillas,Gatton Panic,Gatton Panic,9800.0,2023
2023-05-10,397124,961.0,2023-05-18,3751,2023-05-19,4,FA,2524,38,NN,Semillas,Doble Poder X2,Trigo,14300.0,2023
2023-05-10,397125,961.0,2023-05-19,3763,2023-05-24,4,FA,2535,38,NN,Semillas,Doble Poder X2,Trigo,14300.0,2023
2023-05-11,397134,962.0,2023-05-19,3753,2023-05-24,4,FA,2531,2853,NN,Semillas,Soja,Soja,19000.0,2023
2023-05-11,397135,962.0,2023-05-19,3752,2023-05-24,4,FA,2531,2853,NN,Semillas,Soja,Soja,19000.0,2023
2023-05-11,397136,962.0,2023-05-19,3754,2023-05-24,4,FA,2531,2853,NN,Semillas,Soja,Soja,19000.0,2023
2023-05-11,397137,963.0,2023-05-19,3755,2023-05-24,4,FA,2536,4329,NN,Semillas,Soja,Soja,7700.0,2023
2023-05-11,397138,963.0,2023-05-19,3756,2023-05-24,4,FA,2536,4329,NN,Semillas,Soja,Soja,7700.0,2023
2023-05-11,397139,963.0,2023-06-14,3895,2023-06-22,4,FA,2596,4329,NN,Semillas,Gatton Panic,Gatton Panic,9200.0,2023
2023-05-11,397140,964.0,2023-05-19,3757,2023-05-24,4,FA,2534,489,NN,Semillas,Soja,Soja,7700.0,2023
2023-05-11,397231,966.0,2023-05-19,3759,2023-05-24,4,FA,2538,981,NN,Semillas,Fuerza Total,Soja,10500.0,2023
2023-05-11,397232,966.0,2023-05-19,3758,2023-05-24,4,FA,2538,981,NN,Semillas,Fuerza Total,Soja,10500.0,2023
2023-05-12,397233,967.0,2023-05-19,3760,2023-05-24,4,FA,2539,2308,NN,Semillas,Doble Poder X2,Trigo,19000.0,2023
2023-05-12,397234,968.0,2023-05-19,3762,2023-05-24,4,FA,2532,908,NN,Semillas,Fuerza Total Curado,Soja,11900.0,2023
2023-05-12,397235,968.0,2023-05-19,3761,2023-05-24,4,FA,2532,908,NN,Semillas,Fuerza Total Curado,Soja,11900.0,2023
2023-05-12,397236,968.0,2023-05-22,3764,2023-05-24,4,FA,2532,908,NN,Semillas,Fuerza Total Curado,Soja,11900.0,2023
2023-05-15,397240,969.0,2023-05-23,3766,2023-05-31,4,FA,2543,392,NN,Semillas,Soja,Soja,7700.0,2023
2023-05-15,397241,969.0,2023-05-23,3765,2023-05-31,4,FA,2543,392,NN,Semillas,Soja,Soja,7700.0,2023
2023-05-16,397244,971.0,2023-05-18,3750,2023-05-19,4,FA,2522,1328,NN,Semillas,Gatton Panic,Gatton Panic,9800.0,2023
2023-05-17,397246,972.0,2023-05-24,3771,2023-05-31,4,FA,2540,5081,NN,Semillas,Soja,Soja,7700.0,2023
2023-05-17,397247,972.0,2023-05-24,3770,2023-05-31,4,FA,2540,5081,NN,Semillas,Soja,Soja,7700.0,2023
2023-05-17,397248,972.0,2023-05-24,3769,2023-05-31,4,FA,2540,5081,NN,Semillas,Soja,Soja,7700.0,2023
2023-05-17,397252,973.0,2023-06-21,3768,2023-06-22,4,FA,2588,37,NN,Semillas,Agropiro,Agropiro,7700.0,2023
2023-05-17,397257,974.0,2023-05-24,3772,2023-05-31,4,FA,2551,3276,NN,Semillas,Soja,Soja,7700.0,2023
2023-05-18,397258,975.0,2023-05-29,3805,2023-05-31,4,FA,2549,4329,NN,Semillas,Semilla Vital,Centeno,14300.0,2023
2023-05-18,397259,975.0,2023-05-29,3804,2023-05-31,4,FA,2549,4329,NN,Semillas,Semilla Vital,Centeno,14300.0,2023
2023-05-19,397477,976.0,2023-05-29,3800,2023-05-31,4,FA,2553,4237,NN,Semillas,Convenio Syngenta Soja Completo,Soja,8400.0,2023
2023-05-19,397478,976.0,2023-05-29,3799,2023-05-31,4,FA,2553,4237,NN,Semillas,Convenio Syngenta Soja Completo,Soja,8400.0,2023
2023-05-19,397479,976.0,2023-05-29,3798,2023-05-31,4,FA,2553,4237,NN,Semillas,Convenio Syngenta Soja Completo,Soja,8400.0,2023
2023-05-22,397480,977.0,2023-05-29,3797,2023-05-31,4,FA,2543,392,NN,Semillas,Fuerza Total,Soja,10500.0,2023
2023-05-22,397481,977.0,2023-05-29,3796,2023-05-31,4,FA,2543,392,NN,Semillas,Fuerza Total,Soja,10500.0,2023
2023-05-22,397482,977.0,2023-05-29,3795,2023-05-31,4,FA,2543,392,NN,Semillas,Fuerza Total,Soja,10500.0,2023
2023-05-22,397483,977.0,2023-05-29,3794,2023-05-31,4,FA,2543,392,NN,Semillas,Fuerza Total,Soja,10500.0,2023
2023-05-22,397484,977.0,2023-05-29,3793,2023-05-31,4,FA,2543,392,NN,Semillas,Fuerza Total,Soja,10500.0,2023
2023-05-22,397485,977.0,2023-05-29,3792,2023-05-31,4,FA,2543,392,NN,Semillas,Fuerza Total,Soja,10500.0,2023
2023-05-22,397486,977.0,2023-05-29,3791,2023-05-31,4,FA,2543,392,NN,Semillas,Fuerza Total,Soja,10500.0,2023
2023-05-22,397487,977.0,2023-05-29,3790,2023-05-31,4,FA,2543,392,NN,Semillas,Fuerza Total,Soja,10500.0,2023
2023-05-22,397488,977.0,2023-05-29,3789,2023-05-31,4,FA,2543,392,NN,Semillas,Fuerza Total,Soja,10500.0,2023
2023-05-22,397489,977.0,2023-05-29,3788,2023-05-31,4,FA,2543,392,NN,Semillas,Fuerza Total,Soja,10500.0,2023
2023-05-22,397490,977.0,2023-05-29,3787,2023-05-31,4,FA,2543,392,NN,Semillas,Fuerza Total,Soja,10500.0,2023
2023-05-22,397491,977.0,2023-05-29,3786,2023-05-31,4,FA,2543,392,NN,Semillas,Fuerza Total,Soja,10500.0,2023
2023-05-22,397492,977.0,2023-05-29,3785,2023-05-31,4,FA,2543,392,NN,Semillas,Fuerza Total,Soja,10500.0,2023
2023-05-22,397493,977.0,2023-05-29,3784,2023-05-31,4,FA,2543,392,NN,Semillas,Fuerza Total,Soja,10500.0,2023
2023-05-22,397494,977.0,2023-05-29,3783,2023-05-31,4,FA,2543,392,NN,Semillas,Fuerza Total,Soja,10500.0,2023
2023-05-22,397495,977.0,2023-05-29,3782,2023-05-31,4,FA,2543,392,NN,Semillas,Fuerza Total,Soja,10500.0,2023
2023-05-22,397521,978.0,2023-05-24,3776,2023-05-31,4,FA,2550,2892,NN,Semillas,Gatton Panic,Gatton Panic,9800.0,2023
2023-05-22,397522,978.0,2023-05-24,3775,2023-05-31,4,FA,2550,2892,NN,Semillas,Gatton Panic,Gatton Panic,9800.0,2023
2023-05-22,397523,978.0,2023-05-24,3774,2023-05-31,4,FA,2550,2892,NN,Semillas,Gatton Panic,Gatton Panic,9800.0,2023
2023-05-22,397524,978.0,2023-05-24,3773,2023-05-31,4,FA,2550,2892,NN,Semillas,Gatton Panic,Gatton Panic,9800.0,2023
2023-05-22,397530,979.0,2023-05-29,3803,2023-05-31,4,FA,2541,1161,NN,Semillas,Semilla Vital,Trigo,14300.0,2023
2023-05-22,397531,979.0,2023-05-29,3802,2023-05-31,4,FA,2541,1161,NN,Semillas,Semilla Vital,Trigo,14300.0,2023
2023-05-22,397532,979.0,2023-05-29,3801,2023-05-31,4,FA,2541,1161,NN,Semillas,Semilla Vital,Trigo,14300.0,2023
2023-05-23,397534,984.0,2023-05-29,3780,2023-05-31,4,FA,2546,5082,NN,Semillas,Gatton Panic,Gatton Panic,9800.0,2023
2023-05-23,397535,984.0,2023-05-29,3779,2023-05-31,4,FA,2546,5082,NN,Semillas,Gatton Panic,Gatton Panic,9800.0,2023
2023-05-23,397536,984.0,2023-05-29,3778,2023-05-31,4,FA,2546,5082,NN,Semillas,Gatton Panic,Gatton Panic,9800.0,2023
2023-05-29,397537,984.0,2023-05-31,3812,2023-05-31,4,FA,2546,5082,NN,Semillas,Gatton Panic,Gatton Panic,9800.0,2023
2023-05-29,397538,984.0,2023-05-31,3811,2023-05-31,4,FA,2546,5082,NN,Semillas,Gatton Panic,Gatton Panic,9800.0,2023
2023-05-29,397539,984.0,2023-05-31,3810,2023-05-31,4,FA,2546,5082,NN,Semillas,Gatton Panic,Gatton Panic,9800.0,2023
2023-05-29,397540,984.0,2023-05-31,3809,2023-05-31,4,FA,2546,5082,NN,Semillas,Gatton Panic,Gatton Panic,9800.0,2023
2023-05-23,397541,981.0,2023-05-31,3808,2023-05-31,4,FA,2548,1974,NN,Semillas,Fuerza Total,Soja,10500.0,2023
2023-05-23,397542,981.0,2023-05-31,3807,2023-05-31,4,FA,2548,1974,NN,Semillas,Fuerza Total,Soja,10500.0,2023
2023-05-23,397543,982.0,2023-05-31,3806,2023-05-31,4,FA,2544,4396,NN,Semillas,Fuerza Total,Soja,10500.0,2023
2023-05-23,397544,983.0,2023-05-24,3777,2023-05-31,4,FA,2543,392,NN,Semillas,Soja,Soja,9800.0,2023
2023-05-23,397545,985.0,2023-06-01,3838,2023-06-06,4,FA,2558,392,NN,Semillas,Soja,Soja,7700.0,2023
2023-05-23,397546,985.0,2023-06-01,3837,2023-06-06,4,FA,2558,392,NN,Semillas,Soja,Soja,7700.0,2023
2023-05-23,397547,985.0,2023-06-01,3836,2023-06-06,4,FA,2558,392,NN,Semillas,Soja,Soja,7700.0,2023
2023-05-23,397548,985.0,2023-06-01,3835,2023-06-06,4,FA,2558,392,NN,Semillas,Soja,Soja,7700.0,2023
2023-05-23,397549,985.0,2023-06-01,3834,2023-06-06,4,FA,2558,392,NN,Semillas,Soja,Soja,7700.0,2023
2023-05-23,397550,985.0,2023-06-01,3833,2023-06-06,4,FA,2558,392,NN,Semillas,Soja,Soja,7700.0,2023
2023-05-23,397551,985.0,2023-06-01,3832,2023-06-06,4,FA,2558,392,NN,Semillas,Soja,Soja,7700.0,2023
2023-05-24,397552,986.0,2023-05-31,3825,2023-06-06,4,FA,2558,392,NN,Semillas,Convenio Syngenta Soja Completo,Soja,8400.0,2023
2023-05-24,397553,986.0,2023-05-31,3824,2023-06-06,4,FA,2558,392,NN,Semillas,Convenio Syngenta Soja Completo,Soja,8400.0,2023
2023-05-24,397554,986.0,2023-05-31,3823,2023-06-06,4,FA,2558,392,NN,Semillas,Convenio Syngenta Soja Completo,Soja,8400.0,2023
2023-05-24,397555,986.0,2023-05-31,3822,2023-06-06,4,FA,2558,392,NN,Semillas,Convenio Syngenta Soja Completo,Soja,8400.0,2023
2023-05-24,397556,986.0,2023-05-31,3821,2023-06-06,4,FA,2558,392,NN,Semillas,Convenio Syngenta Soja Completo,Soja,8400.0,2023
2023-05-24,397557,986.0,2023-05-31,3820,2023-06-06,4,FA,2558,392,NN,Semillas,Convenio Syngenta Soja Completo,Soja,8400.0,2023
2023-05-24,397558,986.0,2023-05-31,3819,2023-06-06,4,FA,2558,392,NN,Semillas,Convenio Syngenta Soja Completo,Soja,8400.0,2023
2023-05-24,397559,986.0,2023-05-31,3818,2023-06-06,4,FA,2558,392,NN,Semillas,Convenio Syngenta Soja Completo,Soja,8400.0,2023
2023-05-24,397560,986.0,2023-05-31,3817,2023-06-06,4,FA,2558,392,NN,Semillas,Convenio Syngenta Soja Completo,Soja,8400.0,2023
2023-05-24,397561,986.0,2023-05-31,3816,2023-06-06,4,FA,2558,392,NN,Semillas,Convenio Syngenta Soja Completo,Soja,8400.0,2023
2023-05-24,397562,986.0,2023-05-31,3815,2023-06-06,4,FA,2558,392,NN,Semillas,Convenio Syngenta Soja Completo,Soja,8400.0,2023
2023-05-24,397563,986.0,2023-05-31,3814,2023-06-06,4,FA,2558,392,NN,Semillas,Convenio Syngenta Soja Completo,Soja,8400.0,2023
2023-05-24,397564,986.0,2023-05-31,3813,2023-06-06,4,FA,2558,392,NN,Semillas,Convenio Syngenta Soja Completo,Soja,8400.0,2023
2023-05-24,397565,987.0,2023-06-01,3831,2023-06-06,4,FA,2558,392,NN,Semillas,Soja,Soja,7700.0,2023
2023-05-24,397566,987.0,2023-06-01,3830,2023-06-06,4,FA,2558,392,NN,Semillas,Soja,Soja,7700.0,2023
2023-05-24,397567,987.0,2023-06-01,3829,2023-06-06,4,FA,2558,392,NN,Semillas,Soja,Soja,7700.0,2023
2023-05-24,397568,987.0,2023-06-01,3828,2023-06-06,4,FA,2558,392,NN,Semillas,Soja,Soja,7700.0,2023
2023-05-24,397569,987.0,2023-06-01,3827,2023-06-06,4,FA,2558,392,NN,Semillas,Soja,Soja,7700.0,2023
2023-05-24,397570,986.0,2023-06-01,3826,2023-06-06,4,FA,2558,392,NN,Semillas,Soja,Soja,7700.0,2023
2023-05-30,397599,990.0,2023-06-07,3872,2023-06-07,4,FA,2564,5083,NN,Semillas,Soja,Soja,7700.0,2023
2023-05-30,397600,990.0,2023-06-07,3871,2023-06-07,4,FA,2564,5083,NN,Semillas,Soja,Soja,7700.0,2023
2023-05-30,397601,990.0,2023-06-07,3870,2023-06-07,4,FA,2564,5083,NN,Semillas,Soja,Soja,7700.0,2023
2023-05-30,397602,990.0,2023-06-07,3869,2023-06-07,4,FA,2564,5083,NN,Semillas,Soja,Soja,7700.0,2023
2023-05-30,397603,990.0,2023-06-07,3868,2023-06-07,4,FA,2564,5083,NN,Semillas,Soja,Soja,7700.0,2023
2023-05-30,397604,990.0,2023-06-07,3867,2023-06-07,4,FA,2564,5083,NN,Semillas,Soja,Soja,7700.0,2023
2023-05-29,397605,988.0,2023-06-09,3876,2023-06-12,4,FA,2568,392,NN,Semillas,Cold Test,Soja,14300.0,2023
2023-05-30,397606,989.0,2023-06-06,3858,2023-06-06,4,FA,2558,392,NN,Semillas,Convenio Syngenta Soja Completo,Soja,8400.0,2023
2023-05-30,397607,989.0,2023-06-06,3857,2023-06-06,4,FA,2558,392,NN,Semillas,Convenio Syngenta Soja Completo,Soja,8400.0,2023
2023-05-30,397608,989.0,2023-06-06,3856,2023-06-06,4,FA,2558,392,NN,Semillas,Convenio Syngenta Soja Completo,Soja,8400.0,2023
2023-05-30,397609,989.0,2023-06-06,3855,2023-06-06,4,FA,2558,392,NN,Semillas,Convenio Syngenta Soja Completo,Soja,8400.0,2023
2023-05-30,397610,989.0,2023-06-06,3854,2023-06-06,4,FA,2558,392,NN,Semillas,Convenio Syngenta Soja Completo,Soja,8400.0,2023
2023-05-30,397611,989.0,2023-06-06,3853,2023-06-06,4,FA,2558,392,NN,Semillas,Convenio Syngenta Soja Completo,Soja,8400.0,2023
2023-05-30,397612,989.0,2023-06-06,3852,2023-06-06,4,FA,2558,392,NN,Semillas,Convenio Syngenta Soja Completo,Soja,8400.0,2023
2023-05-30,397613,989.0,2023-06-06,3851,2023-06-06,4,FA,2558,392,NN,Semillas,Convenio Syngenta Soja Completo,Soja,8400.0,2023
2023-05-30,397614,989.0,2023-06-06,3850,2023-06-06,4,FA,2558,392,NN,Semillas,Convenio Syngenta Soja Completo,Soja,8400.0,2023
2023-05-30,397615,989.0,2023-06-06,3849,2023-06-06,4,FA,2558,392,NN,Semillas,Convenio Syngenta Soja Completo,Soja,8400.0,2023
2023-05-30,397616,989.0,2023-06-06,3848,2023-06-06,4,FA,2558,392,NN,Semillas,Convenio Syngenta Soja Completo,Soja,8400.0,2023
2023-05-30,397617,989.0,2023-06-06,3847,2023-06-06,4,FA,2558,392,NN,Semillas,Convenio Syngenta Soja Completo,Soja,8400.0,2023
2023-05-30,397618,989.0,2023-06-06,3846,2023-06-06,4,FA,2558,392,NN,Semillas,Convenio Syngenta Soja Completo,Soja,8400.0,2023
2023-05-30,397619,989.0,2023-06-06,3845,2023-06-06,4,FA,2558,392,NN,Semillas,Convenio Syngenta Soja Completo,Soja,8400.0,2023
2023-05-30,397620,991.0,2023-06-01,3840,2023-06-06,4,FA,2559,5082,NN,Semillas,Gatton Panic,Gatton Panic,9800.0,2023
2023-05-30,397621,991.0,2023-06-01,3839,2023-06-06,4,FA,2559,5082,NN,Semillas,Gatton Panic,Gatton Panic,9800.0,2023
2023-05-30,397622,989.0,2023-06-06,3844,2023-06-06,4,FA,2558,392,NN,Semillas,Convenio Syngenta Soja Completo,Soja,8400.0,2023
2023-05-31,397803,992.0,2023-06-02,3843,2023-06-07,4,FA,2563,1328,NN,Semillas,Gatton Panic,Gatton Panic,9800.0,2023
2023-05-31,397804,992.0,2023-06-02,3842,2023-06-07,4,FA,2563,1328,NN,Semillas,Gatton Panic,Gatton Panic,9800.0,2023
2023-05-31,397805,992.0,2023-06-02,3841,2023-06-07,4,FA,2563,1328,NN,Semillas,Gatton Panic,Gatton Panic,9800.0,2023
2023-05-31,397806,992.0,2023-06-07,3864,2023-06-07,4,FA,2563,1328,NN,Semillas,Gatton Panic,Gatton Panic,9800.0,2023
2023-05-31,397807,992.0,2023-06-07,3863,2023-06-07,4,FA,2563,1328,NN,Semillas,Gatton Panic,Gatton Panic,9800.0,2023
2023-05-31,397808,992.0,2023-06-07,3862,2023-06-07,4,FA,2563,1328,NN,Semillas,Gatton Panic,Gatton Panic,9800.0,2023
2023-05-31,397809,992.0,2023-06-07,3861,2023-06-07,4,FA,2563,1328,NN,Semillas,Gatton Panic,Gatton Panic,9800.0,2023
2023-05-31,397810,992.0,2023-06-07,3860,2023-06-07,4,FA,2563,1328,NN,Semillas,Gatton Panic,Gatton Panic,9800.0,2023
2023-05-31,397811,992.0,2023-06-07,3859,2023-06-07,4,FA,2563,1328,NN,Semillas,Gatton Panic,Gatton Panic,9800.0,2023
2023-05-31,397938,993.0,2023-06-07,3866,2023-06-07,4,FA,2565,4982,NN,Semillas,Soja,Soja,7700.0,2023
2023-05-31,397939,993.0,2023-06-07,3865,2023-06-07,4,FA,2565,4982,NN,Semillas,Soja,Soja,7700.0,2023
2023-06-02,397945,994.0,2023-06-09,3879,2023-06-12,4,FA,2571,328,NN,Semillas,Soja,Soja,9200.0,2023
2023-06-02,397946,994.0,2023-06-09,3878,2023-06-12,4,FA,2571,328,NN,Semillas,Soja,Soja,9200.0,2023
2023-06-02,397947,994.0,2023-06-09,3877,2023-06-12,4,FA,2571,328,NN,Semillas,Soja,Soja,9200.0,2023
2023-06-05,398072,995.0,2023-06-13,3888,2023-06-14,4,FA,2576,1864,NN,Semillas,Fuerza Total,Soja,12600.0,2023
2023-06-05,398073,995.0,2023-06-13,3887,2023-06-14,4,FA,2576,1864,NN,Semillas,Fuerza Total,Soja,12600.0,2023
2023-06-05,398074,995.0,2023-06-13,3886,2023-06-14,4,FA,2576,1864,NN,Semillas,Fuerza Total,Soja,12600.0,2023
2023-06-05,398075,995.0,2023-06-13,3885,2023-06-14,4,FA,2576,1864,NN,Semillas,Fuerza Total,Soja,12600.0,2023
2023-06-06,398077,997.0,2023-06-12,3884,2023-06-14,4,FA,2573,392,NN,Semillas,Convenio Syngenta Soja Completo,Soja,12600.0,2023
2023-06-06,398078,997.0,2023-06-12,3883,2023-06-14,4,FA,2573,392,NN,Semillas,Convenio Syngenta Soja Completo,Soja,12600.0,2023
2023-06-06,398079,997.0,2023-06-12,3882,2023-06-14,4,FA,2573,392,NN,Semillas,Convenio Syngenta Soja Completo,Soja,12600.0,2023
2023-06-06,398080,997.0,2023-06-12,3881,2023-06-14,4,FA,2573,392,NN,Semillas,Convenio Syngenta Soja Completo,Soja,12600.0,2023
2023-06-06,398081,997.0,2023-06-12,3880,2023-06-14,4,FA,2573,392,NN,Semillas,Convenio Syngenta Soja Completo,Soja,12600.0,2023
2023-06-06,398082,998.0,2023-06-14,3899,2023-06-22,4,FA,2591,392,NN,Semillas,Soja,Soja,9200.0,2023
2023-06-06,398083,998.0,2023-06-14,3898,2023-06-22,4,FA,2591,392,NN,Semillas,Soja,Soja,9200.0,2023
2023-06-06,398084,998.0,2023-06-14,3897,2023-06-22,4,FA,2591,392,NN,Semillas,Soja,Soja,9200.0,2023
2023-06-06,398085,998.0,2023-06-14,3896,2023-06-22,4,FA,2591,392,NN,Semillas,Soja,Soja,9200.0,2023
2023-06-06,398086,999.0,2023-06-16,3908,2023-06-22,4,FA,2591,392,NN,Semillas,Cold Test,Soja,17100.0,2023
2023-06-06,398087,999.0,2023-06-16,3907,2023-06-22,4,FA,2591,392,NN,Semillas,Cold Test,Soja,17100.0,2023
2023-06-06,398088,999.0,2023-06-16,3906,2023-06-22,4,FA,2591,392,NN,Semillas,Cold Test,Soja,17100.0,2023
2023-06-06,398089,999.0,2023-06-16,3905,2023-06-22,4,FA,2591,392,NN,Semillas,Cold Test,Soja,17100.0,2023
2023-06-06,398090,1000.0,2023-06-14,3893,2023-06-22,4,FA,2590,908,NN,Semillas,Soja,Soja,11900.0,2023
2023-06-06,398091,1000.0,2023-06-14,3892,2023-06-22,4,FA,2590,908,NN,Semillas,Soja,Soja,11900.0,2023
2023-06-06,398092,1000.0,2023-06-14,3891,2023-06-22,4,FA,2590,908,NN,Semillas,Soja,Soja,11900.0,2023
2023-06-06,398093,1000.0,2023-06-14,3890,2023-06-22,4,FA,2590,908,NN,Semillas,Soja,Soja,11900.0,2023
2023-06-06,398094,1001.0,2023-06-14,3900,2023-06-22,4,FA,2598,3276,NN,Semillas,Soja,Soja,9200.0,2023
2023-06-06,398095,1002.0,2023-06-14,3901,2023-06-22,4,FA,2589,5012,NN,Semillas,Fuerza Total,Soja,12600.0,2023
2023-06-06,398096,1003.0,2023-06-14,3902,2023-06-22,4,FA,2599,4038,NN,Semillas,Soja,Soja,9200.0,2023
2023-06-06,398097,1004.0,2023-06-08,3875,2023-06-12,4,FA,2569,5082,NN,Semillas,Gatton Panic,Gatton Panic,11700.0,2023
2023-06-06,398098,1004.0,2023-06-08,3874,2023-06-12,4,FA,2569,5082,NN,Semillas,Gatton Panic,Gatton Panic,11700.0,2023
2023-06-06,398099,1004.0,2023-06-08,3873,2023-06-12,4,FA,2569,5082,NN,Semillas,Gatton Panic,Gatton Panic,11700.0,2023
2023-06-09,398262,1005.0,2023-06-16,3904,2023-06-22,4,FA,2592,5087,NN,Semillas,Fuerza Total,Soja,12600.0,2023
2023-06-09,398263,1005.0,2023-06-16,3903,2023-06-22,4,FA,2592,5087,NN,Semillas,Fuerza Total,Soja,12600.0,2023
2023-06-12,398275,1006.0,2023-06-21,3921,2023-06-22,4,FA,2595,522,NN,Semillas,Convenio Syngenta Trigo,Trigo,12600.0,2023
2023-06-12,398276,1006.0,2023-06-21,3920,2023-06-22,4,FA,2595,522,NN,Semillas,Convenio Syngenta Trigo,Trigo,12600.0,2023
2023-06-12,398277,1006.0,2023-06-21,3919,2023-06-22,4,FA,2595,522,NN,Semillas,Convenio Syngenta Trigo,Trigo,12600.0,2023
2023-06-12,398278,1006.0,2023-06-21,3918,2023-06-22,4,FA,2595,522,NN,Semillas,Convenio Syngenta Trigo,Trigo,12600.0,2023
2023-06-12,398279,1006.0,2023-06-21,3917,2023-06-22,4,FA,2595,522,NN,Semillas,Convenio Syngenta Trigo,Trigo,12600.0,2023
2023-06-12,398280,1006.0,2023-06-21,3916,2023-06-22,4,FA,2595,522,NN,Semillas,Convenio Syngenta Trigo,Trigo,12600.0,2023
2023-06-12,398281,1006.0,2023-06-21,3915,2023-06-22,4,FA,2595,522,NN,Semillas,Convenio Syngenta Trigo,Trigo,12600.0,2023
2023-06-12,398282,1006.0,2023-06-21,3914,2023-06-22,4,FA,2595,522,NN,Semillas,Convenio Syngenta Trigo,Trigo,12600.0,2023
2023-06-12,398283,1006.0,2023-06-21,3913,2023-06-22,4,FA,2595,522,NN,Semillas,Convenio Syngenta Trigo,Trigo,12600.0,2023
2023-06-12,398285,1007.0,2023-06-14,3894,2023-06-22,4,FA,2597,5086,NN,Semillas,Gatton Panic,Gatton Panic,11700.0,2023
2023-06-12,398286,1008.0,2023-06-21,3911,2023-06-22,4,FA,2594,3227,NN,Semillas,Fuerza Total,Soja,12600.0,2023
2023-06-12,398287,1008.0,2023-06-21,3910,2023-06-22,4,FA,2594,3227,NN,Semillas,Fuerza Total,Soja,12600.0,2023
2023-06-12,398288,1008.0,2023-06-21,3909,2023-06-22,4,FA,2594,3227,NN,Semillas,Fuerza Total,Soja,12600.0,2023
2023-06-15,398473,1011.0,2023-06-23,3923,2023-06-28,4,FA,2603,25,NN,Semillas,Soja,Soja,11900.0,2023
2023-06-15,398474,1011.0,2023-06-23,3922,2023-06-28,4,FA,2603,25,NN,Semillas,Soja,Soja,11900.0,2023
2023-06-15,398476,1010.0,2023-06-23,3932,2023-06-28,4,FA,2602,4797,NN,Semillas,Fuerza Total,Soja,12600.0,2023
2023-06-15,398477,1010.0,2023-06-23,3931,2023-06-28,4,FA,2602,4797,NN,Semillas,Fuerza Total,Soja,12600.0,2023
2023-06-15,398478,1010.0,2023-06-23,3930,2023-06-28,4,FA,2602,4797,NN,Semillas,Fuerza Total,Soja,12600.0,2023
2023-06-15,398479,1010.0,2023-06-23,3929,2023-06-28,4,FA,2602,4797,NN,Semillas,Fuerza Total,Soja,12600.0,2023
2023-06-15,398480,1010.0,2023-06-23,3928,2023-06-28,4,FA,2602,4797,NN,Semillas,Fuerza Total,Soja,12600.0,2023
2023-06-15,398481,1010.0,2023-06-23,3927,2023-06-28,4,FA,2602,4797,NN,Semillas,Fuerza Total,Soja,12600.0,2023
2023-06-15,398482,1010.0,2023-06-23,3926,2023-06-28,4,FA,2602,4797,NN,Semillas,Fuerza Total,Soja,12600.0,2023
2023-06-15,398483,1010.0,2023-06-23,3925,2023-06-28,4,FA,2602,4797,NN,Semillas,Fuerza Total,Soja,12600.0,2023
2023-06-15,398484,1010.0,2023-06-23,3924,2023-06-28,4,FA,2602,4797,NN,Semillas,Fuerza Total,Soja,12600.0,2023
2023-06-15,398487,1012.0,2023-06-26,3942,2023-06-28,4,FA,2604,104,NN,Semillas,Garbanzo,Garbanzo,11900.0,2023
2023-06-15,398488,1012.0,2023-06-26,3941,2023-06-28,4,FA,2604,104,NN,Semillas,Garbanzo,Garbanzo,9200.0,2023
2023-06-15,398489,1012.0,2023-06-26,3940,2023-06-28,4,FA,2604,104,NN,Semillas,Garbanzo,Garbanzo,9200.0,2023
2023-06-15,398490,1012.0,2023-07-04,3969,2023-07-07,4,FA,2621,104,NN,Semillas,Vicia,Vicia,9200.0,2023
2023-07-05,398491,1029.0,2023-07-13,4025,2023-07-17,4,FA,2636,5092,NN,Semillas,Soja,Soja,9200.0,2023
2023-06-16,398492,1013.0,2023-07-05,3973,2023-07-07,4,FA,2621,104,NN,Semillas,Fuerza Total,Vicia,12600.0,2023
2023-06-16,398493,1013.0,2023-07-05,3972,2023-07-07,4,FA,2621,104,NN,Semillas,Fuerza Total,Vicia,12600.0,2023
2023-06-16,398494,1013.0,2023-07-05,3971,2023-07-07,4,FA,2621,104,NN,Semillas,Fuerza Total,Vicia,12600.0,2023
2023-06-16,398495,1013.0,2023-06-30,3959,2023-07-03,4,FA,2611,104,NN,Semillas,Fuerza Total,Vicia,12600.0,2023
2023-06-16,398496,1013.0,2023-06-30,3958,2023-07-03,4,FA,2611,104,NN,Semillas,Fuerza Total,Vicia,12600.0,2023
2023-06-16,398497,1013.0,2023-06-30,3957,2023-07-03,4,FA,2611,104,NN,Semillas,Fuerza Total,Vicia,12600.0,2023
2023-06-16,398498,1014.0,2023-06-23,3933,2023-06-28,4,FA,2605,3357,NN,Semillas,Fuerza Total,Soja,12600.0,2023
2023-06-16,398499,1015.0,2023-06-23,3934,2023-06-28,4,FA,2600,714,NN,Semillas,Soja,Soja,21100.0,2023
2023-06-21,398500,1016.0,2023-06-23,3939,2023-06-28,4,FA,2601,5082,NN,Semillas,Gatton Panic,Gatton Panic,11700.0,2023
2023-06-21,398501,1016.0,2023-06-23,3938,2023-06-28,4,FA,2601,5082,NN,Semillas,Gatton Panic,Gatton Panic,11700.0,2023
2023-06-21,398502,1016.0,2023-06-23,3937,2023-06-28,4,FA,2601,5082,NN,Semillas,Gatton Panic,Gatton Panic,11700.0,2023
2023-06-21,398503,1016.0,2023-06-23,3936,2023-06-28,4,FA,2601,5082,NN,Semillas,Gatton Panic,Gatton Panic,11700.0,2023
2023-06-21,398504,1016.0,2023-06-23,3935,2023-06-28,4,FA,2601,5082,NN,Semillas,Gatton Panic,Gatton Panic,11700.0,2023
2023-06-22,398508,1018.0,2023-06-29,3948,2023-07-03,4,FA,2613,2795,NN,Semillas,Convenio Syngenta Soja Completo,Soja,12600.0,2023
2023-06-22,398509,1018.0,2023-06-29,3947,2023-07-03,4,FA,2613,2795,NN,Semillas,Convenio Syngenta Soja Completo,Soja,12600.0,2023
2023-06-22,398510,1018.0,2023-06-29,3946,2023-07-03,4,FA,2613,2795,NN,Semillas,Convenio Syngenta Soja Completo,Soja,12600.0,2023
2023-06-22,398511,1018.0,2023-06-29,3945,2023-07-03,4,FA,2613,2795,NN,Semillas,Convenio Syngenta Soja Completo,Soja,12600.0,2023
2023-06-22,398512,1018.0,2023-06-29,3944,2023-07-03,4,FA,2613,2795,NN,Semillas,Convenio Syngenta Soja Completo,Soja,12600.0,2023
2023-06-22,398513,1019.0,2023-07-24,4051,2023-07-26,4,FA,2662,4947,NN,Semillas,Gatton Panic,Gatton Panic,11100.0,2023
2023-06-23,398520,1020.0,2023-07-06,3984,2023-07-07,4,FA,2621,104,NN,Semillas,Sorgo,Sorgo,25900.0,2023
2023-06-23,398521,1020.0,2023-07-06,3983,2023-07-07,4,FA,2621,104,NN,Semillas,Sorgo,Sorgo,25900.0,2023
2023-06-23,398522,1020.0,2023-07-06,3982,2023-07-07,4,FA,2621,104,NN,Semillas,Sorgo,Sorgo,25900.0,2023
2023-06-23,398523,1020.0,2023-07-06,3981,2023-07-07,4,FA,2621,104,NN,Semillas,Sorgo,Sorgo,25900.0,2023
2023-06-23,398524,1020.0,2023-07-06,3980,2023-07-07,4,FA,2621,104,NN,Semillas,Sorgo,Sorgo,25900.0,2023
2023-06-23,398525,1020.0,2023-07-06,3979,2023-07-07,4,FA,2621,104,NN,Semillas,Sorgo,Sorgo,25900.0,2023
2023-06-23,398526,1020.0,2023-07-06,3978,2023-07-07,4,FA,2621,104,NN,Semillas,Sorgo,Sorgo,25900.0,2023
2023-06-23,398527,1020.0,2023-07-06,3977,2023-07-07,4,FA,2621,104,NN,Semillas,Sorgo,Sorgo,25900.0,2023
2023-06-23,398528,1020.0,2023-07-06,3976,2023-07-07,4,FA,2621,104,NN,Semillas,Sorgo,Sorgo,25900.0,2023
2023-06-23,398529,1021.0,2023-07-03,3968,2023-07-07,4,FA,2621,104,NN,Semillas,Fuerza Total Curado,Sorgo,14200.0,2023
2023-06-23,398530,1021.0,2023-07-03,3967,2023-07-07,4,FA,2621,104,NN,Semillas,Fuerza Total Curado,Sorgo,14200.0,2023
2023-06-23,398531,1021.0,2023-07-03,3966,2023-07-07,4,FA,2621,104,NN,Semillas,Fuerza Total Curado,Sorgo,14200.0,2023
2023-06-23,398532,1021.0,2023-07-03,3965,2023-07-07,4,FA,2621,104,NN,Semillas,Fuerza Total Curado,Sorgo,14200.0,2023
2023-06-23,398533,1021.0,2023-07-03,3964,2023-07-07,4,FA,2621,104,NN,Semillas,Fuerza Total Curado,Sorgo,14200.0,2023
2023-06-23,398534,1021.0,2023-07-03,3963,2023-07-07,4,FA,2621,104,NN,Semillas,Fuerza Total Curado,Sorgo,14200.0,2023
2023-06-23,398535,1021.0,2023-07-03,3962,2023-07-07,4,FA,2621,104,NN,Semillas,Fuerza Total Curado,Sorgo,14200.0,2023
2023-06-23,398536,1021.0,2023-07-03,3961,2023-07-07,4,FA,2621,104,NN,Semillas,Fuerza Total Curado,Sorgo,14200.0,2023
2023-06-23,398537,1021.0,2023-07-03,3960,2023-07-07,4,FA,2621,104,NN,Semillas,Fuerza Total Curado,Sorgo,14200.0,2023
2023-06-23,398538,1022.0,2023-06-30,3956,2023-07-03,4,FA,2612,9261,NN,Semillas,Convenio Syngenta Soja Completo,Soja,12600.0,2023
2023-06-23,398539,1022.0,2023-06-30,3955,2023-07-03,4,FA,2612,9261,NN,Semillas,Convenio Syngenta Soja Completo,Soja,12600.0,2023
2023-06-23,398540,1022.0,2023-06-30,3954,2023-07-03,4,FA,2612,9261,NN,Semillas,Convenio Syngenta Soja Completo,Soja,12600.0,2023
2023-06-23,398541,1022.0,2023-06-30,3953,2023-07-03,4,FA,2612,9261,NN,Semillas,Convenio Syngenta Soja Completo,Soja,12600.0,2023
2023-06-23,398542,1022.0,2023-06-30,3952,2023-07-03,4,FA,2612,9261,NN,Semillas,Convenio Syngenta Soja Completo,Soja,12600.0,2023
2023-06-23,398543,1020.0,2023-06-30,3951,2023-07-03,4,FA,2608,2344,NN,Semillas,Fuerza Total,Soja,12600.0,2023
2023-06-27,398663,1021.0,2023-07-04,3970,2023-07-07,4,FA,2623,981,NN,Semillas,Fuerza Total,Maíz,12600.0,2023
2023-06-28,398668,1022.0,2023-07-13,4026,2023-07-17,4,FA,2639,2835,NN,Semillas,Sorgo,Sorgo,9200.0,2023
2023-06-28,398700,1023.0,2023-06-29,3950,2023-07-03,4,FA,2615,25,NN,Semillas,Soja,Soja,11700.0,2023
2023-06-28,398701,1023.0,2023-06-29,3949,2023-07-03,4,FA,2615,25,NN,Semillas,Soja,Soja,11700.0,2023
2023-06-28,398702,1023.0,2023-07-06,3975,2023-07-07,4,FA,2620,25,NN,Semillas,Soja,Soja,11900.0,2023
2023-06-28,398703,1023.0,2023-07-06,3974,2023-07-07,4,FA,2620,25,NN,Semillas,Soja,Soja,11900.0,2023
2023-06-29,398708,1024.0,2023-07-10,4005,2023-07-12,4,FA,2629,25,NN,Semillas,Fuerza Total Curado,Maníí,14200.0,2023
2023-06-29,398709,1024.0,2023-07-10,4004,2023-07-12,4,FA,2629,25,NN,Semillas,Fuerza Total Curado,Maníí,14200.0,2023
2023-06-29,398710,1024.0,2023-07-10,4003,2023-07-12,4,FA,2629,25,NN,Semillas,Fuerza Total Curado,Maníí,14200.0,2023
2023-06-29,398711,1024.0,2023-07-10,4002,2023-07-12,4,FA,2629,25,NN,Semillas,Fuerza Total Curado,Maníí,14200.0,2023
2023-06-29,398712,1024.0,2023-07-10,4001,2023-07-12,4,FA,2629,25,NN,Semillas,Fuerza Total Curado,Maníí,14200.0,2023
2023-06-29,398713,1024.0,2023-07-10,4000,2023-07-12,4,FA,2629,25,NN,Semillas,Fuerza Total Curado,Maníí,14200.0,2023
2023-06-29,398714,1024.0,2023-07-10,3999,2023-07-12,4,FA,2629,25,NN,Semillas,Fuerza Total Curado,Maníí,14200.0,2023
2023-06-29,398715,1024.0,2023-07-10,3998,2023-07-12,4,FA,2629,25,NN,Semillas,Fuerza Total Curado,Maníí,14200.0,2023
2023-06-29,398716,1024.0,2023-07-10,3997,2023-07-12,4,FA,2629,25,NN,Semillas,Fuerza Total Curado,Maníí,14200.0,2023
2023-06-29,398717,1024.0,2023-07-10,3996,2023-07-12,4,FA,2629,25,NN,Semillas,Fuerza Total Curado,Maníí,14200.0,2023
2023-06-29,398718,1024.0,2023-07-10,3995,2023-07-12,4,FA,2629,25,NN,Semillas,Fuerza Total Curado,Maníí,14200.0,2023
2023-06-29,398719,1024.0,2023-07-10,3994,2023-07-12,4,FA,2629,25,NN,Semillas,Fuerza Total Curado,Maníí,14200.0,2023
2023-06-29,398720,1024.0,2023-07-10,3993,2023-07-12,4,FA,2629,25,NN,Semillas,Fuerza Total Curado,Maníí,14200.0,2023
2023-06-29,398721,1024.0,2023-07-10,3992,2023-07-12,4,FA,2629,25,NN,Semillas,Fuerza Total Curado,Maníí,14200.0,2023
2023-06-29,398722,1024.0,2023-07-10,3991,2023-07-12,4,FA,2629,25,NN,Semillas,Fuerza Total Curado,Maníí,14200.0,2023
2023-06-29,398723,1024.0,2023-07-10,3990,2023-07-12,4,FA,2629,25,NN,Semillas,Fuerza Total Curado,Maníí,14200.0,2023
2023-06-29,398724,1024.0,2023-07-10,3989,2023-07-12,4,FA,2629,25,NN,Semillas,Maníí,Maníí,11900.0,2023
2023-06-29,398725,1024.0,2023-07-10,3988,2023-07-12,4,FA,2629,25,NN,Semillas,Fuerza Total Curado,Maníí,14200.0,2023
2023-06-29,398726,1024.0,2023-07-10,3987,2023-07-12,4,FA,2629,25,NN,Semillas,Fuerza Total Curado,Maníí,14200.0,2023
2023-06-30,398788,1025.0,2023-07-07,3985,2023-07-12,4,FA,2632,1160,NN,Semillas,Soja,Soja,9200.0,2023
2023-06-30,398789,1026.0,2023-07-07,3986,2023-07-12,4,FA,2631,4910,NN,Semillas,Soja,Soja,9200.0,2023
2023-07-03,398811,1027.0,2023-08-04,4091,2023-08-07,4,FA,2677,1856,NN,Semillas,Buffel Grass,Buffel Grass,15100.0,2023
2023-07-03,398812,1027.0,2023-08-04,4090,2023-08-07,4,FA,2677,1856,NN,Semillas,Buffel Grass,Buffel Grass,15100.0,2023
2023-07-03,398813,1027.0,2023-08-04,4089,2023-08-07,4,FA,2677,1856,NN,Semillas,Buffel Grass,Buffel Grass,15100.0,2023
2023-07-03,398814,1027.0,2023-08-04,4088,2023-08-07,4,FA,2677,1856,NN,Semillas,Buffel Grass,Buffel Grass,15100.0,2023
2023-07-03,398815,1027.0,2023-08-04,4087,2023-08-07,4,FA,2677,1856,NN,Semillas,Buffel Grass,Buffel Grass,15100.0,2023
2023-07-03,398816,1027.0,2023-08-04,4086,2023-08-07,4,FA,2677,1856,NN,Semillas,Buffel Grass,Buffel Grass,15100.0,2023
2023-07-05,398974,1030.0,2023-07-12,4022,2023-07-12,4,FA,2630,522,NN,Semillas,Convenio Syngenta Soja Completo,Soja,12600.0,2023
2023-07-05,398975,1030.0,2023-07-12,4021,2023-07-12,4,FA,2630,522,NN,Semillas,Convenio Syngenta Soja Completo,Soja,12600.0,2023
2023-07-05,398976,1030.0,2023-07-12,4020,2023-07-12,4,FA,2630,522,NN,Semillas,Convenio Syngenta Soja Completo,Soja,12600.0,2023
2023-07-05,398977,1030.0,2023-07-12,4019,2023-07-12,4,FA,2630,522,NN,Semillas,Convenio Syngenta Soja Completo,Soja,12600.0,2023
2023-07-05,398978,1030.0,2023-07-12,4018,2023-07-12,4,FA,2630,522,NN,Semillas,Convenio Syngenta Soja Completo,Soja,12600.0,2023
2023-07-05,398979,1030.0,2023-07-12,4017,2023-07-12,4,FA,2630,522,NN,Semillas,Convenio Syngenta Soja Completo,Soja,12600.0,2023
2023-07-05,398980,1030.0,2023-07-12,4016,2023-07-12,4,FA,2630,522,NN,Semillas,Convenio Syngenta Soja Completo,Soja,12600.0,2023
2023-07-05,398981,1030.0,2023-07-12,4015,2023-07-12,4,FA,2630,522,NN,Semillas,Convenio Syngenta Soja Completo,Soja,12600.0,2023
2023-07-05,398982,1030.0,2023-07-12,4014,2023-07-12,4,FA,2630,522,NN,Semillas,Convenio Syngenta Soja Completo,Soja,12600.0,2023
2023-07-05,398983,1030.0,2023-07-12,4013,2023-07-12,4,FA,2630,522,NN,Semillas,Convenio Syngenta Soja Completo,Soja,12600.0,2023
2023-07-05,398984,1030.0,2023-07-12,4012,2023-07-12,4,FA,2630,522,NN,Semillas,Convenio Syngenta Soja Completo,Soja,12600.0,2023
2023-07-05,398985,1030.0,2023-07-12,4011,2023-07-12,4,FA,2630,522,NN,Semillas,Convenio Syngenta Soja Completo,Soja,12600.0,2023
2023-07-05,398986,1030.0,2023-07-12,4010,2023-07-12,4,FA,2630,522,NN,Semillas,Convenio Syngenta Soja Completo,Soja,12600.0,2023
2023-07-05,398987,1030.0,2023-07-12,4009,2023-07-12,4,FA,2630,522,NN,Semillas,Convenio Syngenta Soja Completo,Soja,12600.0,2023
2023-07-05,398988,1030.0,2023-07-12,4008,2023-07-12,4,FA,2630,522,NN,Semillas,Convenio Syngenta Soja Completo,Soja,12600.0,2023
2023-07-05,398989,1030.0,2023-07-12,4007,2023-07-12,4,FA,2630,522,NN,Semillas,Convenio Syngenta Soja Completo,Soja,12600.0,2023
2023-07-05,398990,1031.0,2023-07-12,4023,2023-07-12,4,FA,2627,3687,NN,Semillas,Convenio Syngenta Soja Completo,Soja,12600.0,2023
2023-07-06,398992,1032.0,2023-07-17,4030,2023-07-19,4,FA,2649,392,NN,Semillas,Cold Test,Soja,17100.0,2023
2023-07-07,398994,1033.0,2023-07-14,4029,2023-07-17,4,FA,2635,4528,NN,Semillas,Fuerza Total,Maíz,12600.0,2023
2023-07-07,398995,1033.0,2023-07-14,4028,2023-07-17,4,FA,2635,4528,NN,Semillas,Maíz,Maíz,9200.0,2023
2023-07-07,398996,1034.0,2023-07-25,4055,2023-07-26,4,FA,2655,3687,NN,Semillas,Convenio Syngenta Soja Completo,Soja,12600.0,2023
2023-07-07,398997,1034.0,2023-07-25,4054,2023-07-26,4,FA,2655,3687,NN,Semillas,Convenio Syngenta Soja Completo,Soja,12600.0,2023
2023-07-12,399060,1040.0,2023-07-18,4032,2023-07-19,4,FA,2650,5093,NN,Semillas,Soja,Soja,11900.0,2023
2023-07-11,399063,1036.0,2023-07-19,4044,2023-07-19,4,FA,2653,2677,NN,Semillas,Soja,Soja,11900.0,2023
2023-07-11,399064,1036.0,2023-07-19,4043,2023-07-19,4,FA,2653,2677,NN,Semillas,Soja,Soja,11900.0,2023
2023-07-11,399065,1036.0,2023-07-19,4042,2023-07-19,4,FA,2653,2677,NN,Semillas,Soja,Soja,11900.0,2023
2023-07-11,399066,1036.0,2023-07-19,4041,2023-07-19,4,FA,2653,2677,NN,Semillas,Soja,Soja,11900.0,2023
2023-07-11,399067,1036.0,2023-07-19,4040,2023-07-19,4,FA,2653,2677,NN,Semillas,Soja,Soja,11900.0,2023
2023-07-11,399068,1037.0,2023-07-19,4046,2023-07-19,4,FA,2652,9000,NN,Semillas,Soja,Soja,11900.0,2023
2023-07-11,399069,1038.0,2023-07-19,4045,2023-07-19,4,FA,2651,4039,NN,Semillas,Soja,Soja,11900.0,2023
2023-07-11,399070,1039.0,2023-07-13,4024,2023-07-17,4,FA,2634,1328,NN,Semillas,Gatton Panic,Gatton Panic,11700.0,2023
2023-07-12,399076,1041.0,2023-07-13,4027,2023-07-17,4,FA,2634,1328,NN,Semillas,Gatton Panic,Gatton Panic,8500.0,2023
2023-07-12,399077,1042.0,2023-07-20,4048,2023-07-26,4,FA,2657,5094,NN,Semillas,Fuerza Total,Soja,12600.0,2023
2023-07-12,399078,1042.0,2023-07-20,4047,2023-07-26,4,FA,2657,5094,NN,Semillas,Fuerza Total,Soja,12600.0,2023
2023-07-17,399088,1043.0,2023-07-19,4039,2023-07-19,4,FA,2648,1328,NN,Semillas,Gatton Panic,Gatton Panic,11700.0,2023
2023-07-17,399089,1043.0,2023-07-19,4038,2023-07-19,4,FA,2648,1328,NN,Semillas,Gatton Panic,Gatton Panic,11700.0,2023
2023-07-17,399090,1043.0,2023-07-19,4037,2023-07-19,4,FA,2648,1328,NN,Semillas,Gatton Panic,Gatton Panic,11700.0,2023
2023-07-17,399091,1043.0,2023-07-19,4036,2023-07-19,4,FA,2648,1328,NN,Semillas,Gatton Panic,Gatton Panic,11700.0,2023
2023-07-17,399092,1043.0,2023-07-19,4035,2023-07-19,4,FA,2648,1328,NN,Semillas,Gatton Panic,Gatton Panic,11700.0,2023
2023-07-17,399093,1043.0,2023-07-19,4034,2023-07-19,4,FA,2648,1328,NN,Semillas,Gatton Panic,Gatton Panic,11700.0,2023
2023-07-17,399094,1043.0,2023-07-19,4033,2023-07-19,4,FA,2648,1328,NN,Semillas,Gatton Panic,Gatton Panic,11700.0,2023
2023-07-18,399219,1044.0,2023-07-20,4049,2023-07-26,4,FA,2659,4281,NN,Semillas,Panicum Coloratum,Panicum Coloratum,11700.0,2023
2023-07-18,399220,1044.0,2023-08-22,4136,2023-08-22,4,FA,2717,4281,NN,Semillas,Gatton Panic,Gatton Panic,18900.0,2023
2023-07-18,399222,1046.0,2023-07-25,4053,2023-07-26,4,FA,2655,3687,NN,Semillas,Convenio Syngenta Soja Completo,Soja,12600.0,2023
2023-07-14,399223,1039.0,2023-07-20,4050,2023-07-26,4,FA,2654,1328,NN,Semillas,Gatton Panic,Gatton Panic,11700.0,2023
2023-07-19,399266,1047.0,2023-07-27,4057,2023-08-01,4,FA,2666,1389,NN,Semillas,Soja,Soja,22700.0,2023
2023-07-25,399285,1051.0,2023-07-27,4056,2023-08-01,4,FA,2665,5095,NN,Semillas,Fuerza Total,Maíz,12600.0,2023
2023-07-24,399375,1048.0,2023-08-25,4164,2023-08-25,4,FA,2723,62,NN,Semillas,Gatton Panic,Gatton Panic,18900.0,2023
2023-07-24,399376,1049.0,2023-08-01,4063,2023-08-07,4,FA,2679,700,NN,Semillas,Doble Poder X2,Soja,20500.0,2023
2023-07-24,399377,1049.0,2023-08-01,4062,2023-08-07,4,FA,2679,700,NN,Semillas,Doble Poder X2,Soja,20500.0,2023
2023-07-25,399460,1052.0,2023-07-27,4060,2023-08-01,4,FA,2670,1328,NN,Semillas,Digitaria,Digitaria,14000.0,2023
2023-07-25,399461,1052.0,2023-07-27,4059,2023-08-01,4,FA,2670,1328,NN,Semillas,Digitaria,Digitaria,14000.0,2023
2023-07-25,399462,1052.0,2023-07-27,4058,2023-08-01,4,FA,2670,1328,NN,Semillas,Digitaria,Digitaria,14000.0,2023
2023-07-26,399465,1053.0,2023-08-03,4077,2023-08-07,4,FA,2674,4339,NN,Semillas,Fuerza Total,Soja,15100.0,2023
2023-07-26,399466,1053.0,2023-08-03,4076,2023-08-07,4,FA,2674,4339,NN,Semillas,Fuerza Total,Soja,15100.0,2023
2023-07-26,399490,1054.0,2023-08-02,4074,2023-08-07,4,FA,2676,714,NN,Semillas,Convenio Syngenta Soja Completo,Soja,12600.0,2023
2023-07-26,399491,1054.0,2023-08-02,4073,2023-08-07,4,FA,2676,714,NN,Semillas,Convenio Syngenta Soja Completo,Soja,12600.0,2023
2023-07-26,399492,1054.0,2023-08-02,4072,2023-08-07,4,FA,2676,714,NN,Semillas,Convenio Syngenta Soja Completo,Soja,12600.0,2023
2023-07-26,399493,1054.0,2023-08-02,4071,2023-08-07,4,FA,2676,714,NN,Semillas,Convenio Syngenta Soja Completo,Soja,12600.0,2023
2023-07-26,399494,1054.0,2023-08-02,4070,2023-08-07,4,FA,2676,714,NN,Semillas,Convenio Syngenta Soja Completo,Soja,12600.0,2023
2023-07-26,399495,1054.0,2023-08-02,4069,2023-08-07,4,FA,2676,714,NN,Semillas,Convenio Syngenta Soja Completo,Soja,12600.0,2023
2023-07-26,399496,1054.0,2023-08-02,4068,2023-08-07,4,FA,2676,714,NN,Semillas,Convenio Syngenta Soja Completo,Soja,12600.0,2023
2023-07-26,399497,1054.0,2023-08-02,4067,2023-08-07,4,FA,2676,714,NN,Semillas,Convenio Syngenta Soja Completo,Soja,12600.0,2023
2023-07-26,399498,1054.0,2023-08-02,4066,2023-08-07,4,FA,2676,714,NN,Semillas,Convenio Syngenta Soja Completo,Soja,12600.0,2023
2023-07-26,399499,1054.0,2023-08-02,4065,2023-08-07,4,FA,2676,714,NN,Semillas,Convenio Syngenta Soja Completo,Soja,12600.0,2023
2023-07-26,399501,1055.0,2023-08-04,4082,2023-08-07,4,FA,2681,3,NN,Semillas,Fuerza Total,Soja,15100.0,2023
2023-07-26,399502,1055.0,2023-08-04,4081,2023-08-07,4,FA,2681,3,NN,Semillas,Fuerza Total,Soja,15100.0,2023
2023-07-26,399503,1055.0,2023-08-04,4080,2023-08-07,4,FA,2681,3,NN,Semillas,Fuerza Total,Soja,15100.0,2023
2023-07-26,399504,1055.0,2023-08-04,4079,2023-08-07,4,FA,2681,3,NN,Semillas,Fuerza Total,Soja,15100.0,2023
2023-07-26,399505,1055.0,2023-08-04,4078,2023-08-07,4,FA,2681,3,NN,Semillas,Fuerza Total,Soja,15100.0,2023
2023-07-26,399506,1055.0,2023-08-03,4075,2023-08-07,4,FA,2681,3,NN,Semillas,Fuerza Total,Maíz,15100.0,2023
2023-07-27,399649,1056.0,2023-08-04,4085,2023-08-07,4,FA,2683,981,NN,Semillas,Fuerza Total,Soja,15100.0,2023
2023-07-31,399650,1058.0,2023-08-01,4061,2023-08-14,4,FA,2691,1328,NN,Semillas,Gatton Panic,Gatton Panic,14000.0,2023
2023-07-28,399655,1057.0,2023-08-04,4084,2023-08-07,4,FA,2682,2211,NN,Semillas,Soja,Soja,11000.0,2023
2023-07-28,399656,1057.0,2023-08-04,4083,2023-08-07,4,FA,2682,2211,NN,Semillas,Soja,Soja,11000.0,2023
2023-07-31,399667,1059.0,2023-08-07,4093,2023-08-10,4,FA,2686,3687,NN,Semillas,Convenio Syngenta Soja Completo,Soja,12600.0,2023
2023-08-01,399668,1060.0,2023-08-09,4094,2023-08-16,4,FA,2703,1878,NN,Semillas,Fuerza Total,Soja,15100.0,2023
2023-08-02,399689,1061.0,2023-08-04,4092,2023-08-14,4,FA,2692,1328,NN,Semillas,Gatton Panic,Gatton Panic,24200.0,2023
2023-08-02,399707,1062.0,2023-08-11,4114,2023-08-16,4,FA,2696,392,NN,Semillas,Fuerza Total,Soja,15100.0,2023
2023-08-02,399708,1062.0,2023-08-11,4113,2023-08-16,4,FA,2696,392,NN,Semillas,Fuerza Total,Soja,15100.0,2023
2023-08-02,399709,1062.0,2023-08-11,4112,2023-08-16,4,FA,2696,392,NN,Semillas,Fuerza Total,Soja,15100.0,2023
2023-08-02,399710,1062.0,2023-08-11,4111,2023-08-16,4,FA,2696,392,NN,Semillas,Fuerza Total,Soja,15100.0,2023
2023-08-02,399711,1063.0,2023-08-11,4110,2023-08-16,4,FA,2696,392,NN,Semillas,Semilla Vital Para Soja,Soja,20500.0,2023
2023-08-02,399712,1064.0,2023-08-11,4117,2023-08-16,4,FA,2704,4610,NN,Semillas,Soja,Soja,27200.0,2023
2023-08-02,399713,1064.0,2023-08-11,4116,2023-08-16,4,FA,2704,4610,NN,Semillas,Soja,Soja,27200.0,2023
2023-08-02,399714,1064.0,2023-08-11,4115,2023-08-16,4,FA,2704,4610,NN,Semillas,Soja,Soja,27200.0,2023
2023-08-03,399726,1065.0,2023-08-10,4098,2023-08-16,4,FA,2697,760,NN,Semillas,Convenio Syngenta Soja Completo,Soja,12600.0,2023
2023-08-03,399727,1065.0,2023-08-10,4097,2023-08-16,4,FA,2697,760,NN,Semillas,Convenio Syngenta Soja Completo,Soja,12600.0,2023
2023-08-03,399728,1065.0,2023-08-10,4096,2023-08-16,4,FA,2697,760,NN,Semillas,Convenio Syngenta Soja Completo,Soja,12600.0,2023
2023-08-03,399729,1065.0,2023-08-10,4095,2023-08-16,4,FA,2697,760,NN,Semillas,Convenio Syngenta Soja Completo,Soja,12600.0,2023
2023-08-03,399730,1066.0,2023-08-11,4119,2023-08-16,4,FA,2697,760,NN,Semillas,Fuerza Total,Soja,15100.0,2023
2023-08-03,399731,1066.0,2023-08-11,4118,2023-08-16,4,FA,2697,760,NN,Semillas,Fuerza Total,Soja,15100.0,2023
2023-08-07,399736,1070.0,2023-09-08,4231,2023-09-11,4,FA,2755,62,NN,Semillas,Gatton Panic,Gatton Panic,32800.0,2023
2023-08-04,399968,1067.0,2023-08-11,4120,2023-08-16,4,FA,2700,700,NN,Semillas,Soja,Soja,11000.0,2023
2023-08-04,399969,1068.0,2023-08-11,4107,2023-08-16,4,FA,2706,2795,NN,Semillas,Convenio Syngenta Soja Completo,Soja,12600.0,2023
2023-08-04,399970,1068.0,2023-08-11,4106,2023-08-16,4,FA,2706,2795,NN,Semillas,Convenio Syngenta Soja Completo,Soja,12600.0,2023
2023-08-04,399971,1068.0,2023-08-11,4105,2023-08-16,4,FA,2706,2795,NN,Semillas,Convenio Syngenta Soja Completo,Soja,12600.0,2023
2023-08-04,399972,1068.0,2023-08-11,4104,2023-08-16,4,FA,2706,2795,NN,Semillas,Convenio Syngenta Soja Completo,Soja,12600.0,2023
2023-08-04,399973,1068.0,2023-08-11,4103,2023-08-16,4,FA,2706,2795,NN,Semillas,Convenio Syngenta Soja Completo,Soja,12600.0,2023
2023-08-04,399974,1068.0,2023-08-11,4102,2023-08-16,4,FA,2706,2795,NN,Semillas,Convenio Syngenta Soja Completo,Soja,12600.0,2023
2023-08-04,399975,1068.0,2023-08-11,4101,2023-08-16,4,FA,2706,2795,NN,Semillas,Convenio Syngenta Soja Completo,Soja,12600.0,2023
2023-08-04,399976,1068.0,2023-08-11,4100,2023-08-16,4,FA,2706,2795,NN,Semillas,Convenio Syngenta Soja Completo,Soja,12600.0,2023
2023-08-04,399977,1068.0,2023-08-11,4099,2023-08-16,4,FA,2706,2795,NN,Semillas,Convenio Syngenta Soja Completo,Soja,12600.0,2023
2023-08-04,399978,1069.0,2023-08-11,4109,2023-08-16,4,FA,2696,392,NN,Semillas,Fuerza Total,Soja,15100.0,2023
2023-08-04,399979,1069.0,2023-08-11,4108,2023-08-16,4,FA,2696,392,NN,Semillas,Fuerza Total,Soja,15100.0,2023
2023-08-07,399984,1071.0,2023-09-01,4194,2023-09-04,4,FA,2739,37,NN,Semillas,Agropiro,Agropiro,11000.0,2023
2023-08-07,399985,1071.0,2023-08-18,4131,2023-08-22,4,FA,2713,37,NN,Semillas,Melilotus Albus,Melilotus Albus,11000.0,2023
2023-08-07,399986,1071.0,2023-08-25,4163,2023-08-25,4,FA,2730,37,NN,Semillas,Festuca,Festuca,11000.0,2023
2023-08-10,400000,1073.0,2023-08-22,4137,2023-08-22,4,FA,2714,5097,NN,Semillas,Maíz,Maíz,27200.0,2023
2023-08-09,400297,1072.0,2023-08-11,4125,2023-08-17,4,FA,2709,1328,NN,Semillas,Gatton Panic,Gatton Panic,14000.0,2023
2023-08-09,400298,1072.0,2023-08-11,4124,2023-08-17,4,FA,2709,1328,NN,Semillas,Gatton Panic,Gatton Panic,14000.0,2023
2023-08-09,400299,1072.0,2023-08-11,4123,2023-08-17,4,FA,2709,1328,NN,Semillas,Gatton Panic,Gatton Panic,14000.0,2023
2023-08-09,400300,1072.0,2023-08-11,4122,2023-08-17,4,FA,2709,1328,NN,Semillas,Gatton Panic,Gatton Panic,14000.0,2023
2023-08-09,400301,1072.0,2023-08-11,4121,2023-08-17,4,FA,2709,1328,NN,Semillas,Gatton Panic,Gatton Panic,14000.0,2023
2023-08-11,400307,1074.0,2023-08-18,4132,2023-08-22,4,FA,2716,2344,NN,Semillas,Soja,Soja,11000.0,2023
2023-08-14,400588,1075.0,2023-08-16,4130,2023-08-17,4,FA,2709,1328,NN,Semillas,Gatton Panic,Gatton Panic,14000.0,2023
2023-08-14,400589,1075.0,2023-08-16,4129,2023-08-17,4,FA,2709,1328,NN,Semillas,Gatton Panic,Gatton Panic,14000.0,2023
2023-08-14,400590,1075.0,2023-08-16,4128,2023-08-17,4,FA,2709,1328,NN,Semillas,Gatton Panic,Gatton Panic,14000.0,2023
2023-08-14,400591,1075.0,2023-08-16,4127,2023-08-17,4,FA,2709,1328,NN,Semillas,Gatton Panic,Gatton Panic,14000.0,2023
2023-08-14,400592,1075.0,2023-08-16,4126,2023-08-17,4,FA,2709,1328,NN,Semillas,Gatton Panic,Gatton Panic,14000.0,2023
2023-08-14,400593,1076.0,2023-08-22,4141,2023-08-22,4,FA,2718,5057,NN,Semillas,Fuerza Total,Soja,15100.0,2023
2023-08-14,400594,1076.0,2023-08-22,4140,2023-08-22,4,FA,2718,5057,NN,Semillas,Semilla Vital Para Soja,Soja,20500.0,2023
2023-08-14,400595,1077.0,2023-08-22,4142,2023-08-22,4,FA,2715,392,NN,Semillas,Fuerza Total,Soja,15100.0,2023
2023-08-14,400596,1078.0,2023-08-22,4139,2023-08-22,4,FA,2719,1171,NN,Semillas,Poroto Mung,Poroto Mung,11000.0,2023
2023-08-15,400599,1080.0,2023-08-23,4144,2023-08-24,4,FA,2720,1856,NN,Semillas,Fuerza Total Curado,Soja,17000.0,2023
2023-08-15,400600,1080.0,2023-08-23,4143,2023-08-24,4,FA,2720,1856,NN,Semillas,Fuerza Total Curado,Soja,17000.0,2023
2023-08-17,400892,1082.0,2023-08-18,4135,2023-08-22,4,FA,2711,1328,NN,Semillas,Gatton Panic,Gatton Panic,10200.0,2023
2023-08-17,400893,1082.0,2023-08-18,4134,2023-08-22,4,FA,2711,1328,NN,Semillas,Gatton Panic,Gatton Panic,10200.0,2023
2023-08-17,400894,1082.0,2023-08-18,4133,2023-08-22,4,FA,2711,1328,NN,Semillas,Gatton Panic,Gatton Panic,10200.0,2023
2023-08-17,400895,1083.0,2023-08-25,4162,2023-08-25,4,FA,2727,2878,NN,Semillas,Fuerza Total,Soja,15100.0,2023
2023-08-17,400896,1083.0,2023-08-25,4161,2023-08-25,4,FA,2727,2878,NN,Semillas,Fuerza Total,Soja,15100.0,2023
2023-08-17,400897,1083.0,2023-08-25,4160,2023-08-25,4,FA,2727,2878,NN,Semillas,Fuerza Total,Soja,15100.0,2023
2023-08-17,400898,1084.0,2023-08-25,4159,2023-08-25,4,FA,2728,3875,NN,Semillas,Soja,Soja,11000.0,2023
2023-08-17,400899,1084.0,2023-08-25,4158,2023-08-25,4,FA,2728,3875,NN,Semillas,Soja,Soja,11000.0,2023
2023-08-17,400900,1085.0,2023-08-25,4157,2023-08-25,4,FA,2729,4339,NN,Semillas,Doble Poder X2,Soja,20500.0,2023
2023-08-18,400910,1087.0,2023-08-25,4155,2023-08-25,4,FA,2724,392,NN,Semillas,Fuerza Total,Soja,15100.0,2023
2023-08-18,400911,1087.0,2023-08-25,4154,2023-08-25,4,FA,2724,392,NN,Semillas,Fuerza Total,Soja,15100.0,2023
2023-08-18,400912,1087.0,2023-08-25,4153,2023-08-25,4,FA,2724,392,NN,Semillas,Fuerza Total,Soja,15100.0,2023
2023-08-18,400913,1087.0,2023-08-25,4152,2023-08-25,4,FA,2724,392,NN,Semillas,Fuerza Total,Soja,15100.0,2023
2023-08-18,400914,1087.0,2023-08-25,4151,2023-08-25,4,FA,2724,392,NN,Semillas,Fuerza Total,Soja,15100.0,2023
2023-08-18,400915,1087.0,2023-08-25,4150,2023-08-25,4,FA,2724,392,NN,Semillas,Fuerza Total,Soja,15100.0,2023
2023-08-18,400916,1087.0,2023-08-25,4149,2023-08-25,4,FA,2724,392,NN,Semillas,Fuerza Total,Soja,15100.0,2023
2023-08-18,400917,1088.0,2023-08-25,4148,2023-08-25,4,FA,2725,981,NN,Semillas,Fuerza Total,Soja,15100.0,2023
2023-08-18,400918,1088.0,2023-08-25,4147,2023-08-25,4,FA,2725,981,NN,Semillas,Fuerza Total,Soja,15100.0,2023
2023-08-22,400919,1090.0,2023-08-25,4146,2023-08-25,4,FA,2726,1398,NN,Semillas,Fuerza Total,Soja,15100.0,2023
2023-08-22,400920,1089.0,2023-08-29,4166,2023-08-31,4,FA,2737,1160,NN,Semillas,Maíz,Maíz,11000.0,2023
2023-08-22,400921,1089.0,2023-08-29,4165,2023-08-31,4,FA,2737,1160,NN,Semillas,Maíz,Maíz,11000.0,2023
2023-08-23,400922,1091.0,2023-09-01,4198,2023-09-04,4,FA,2741,967,NN,Semillas,Soja,Soja,11000.0,2023
2023-08-23,400923,1091.0,2023-09-01,4197,2023-09-04,4,FA,2741,967,NN,Semillas,Soja,Soja,11000.0,2023
2023-08-23,400924,1091.0,2023-09-01,4196,2023-09-04,4,FA,2741,967,NN,Semillas,Soja,Soja,11000.0,2023
2023-08-23,400925,1091.0,2023-09-01,4195,2023-09-04,4,FA,2741,967,NN,Semillas,Soja,Soja,11000.0,2023
2023-08-23,400926,1092.0,2023-08-31,4193,2023-08-31,4,FA,2732,4557,NN,Semillas,Fuerza Total,Soja,15100.0,2023
2023-08-23,400927,1092.0,2023-08-31,4192,2023-08-31,4,FA,2732,4557,NN,Semillas,Fuerza Total,Soja,15100.0,2023
2023-08-23,400928,1092.0,2023-08-31,4191,2023-08-31,4,FA,2732,4557,NN,Semillas,Fuerza Total,Soja,15100.0,2023
2023-08-23,400929,1092.0,2023-08-31,4190,2023-08-31,4,FA,2732,4557,NN,Semillas,Fuerza Total,Soja,15100.0,2023
2023-08-23,400930,1092.0,2023-08-31,4189,2023-08-31,4,FA,2732,4557,NN,Semillas,Fuerza Total,Soja,15100.0,2023
2023-08-23,400931,1092.0,2023-08-31,4188,2023-08-31,4,FA,2732,4557,NN,Semillas,Fuerza Total,Soja,15100.0,2023
2023-08-23,400932,1092.0,2023-08-31,4187,2023-08-31,4,FA,2732,4557,NN,Semillas,Fuerza Total,Soja,15100.0,2023
2023-08-23,400933,1092.0,2023-08-31,4186,2023-08-31,4,FA,2732,4557,NN,Semillas,Fuerza Total,Soja,15100.0,2023
2023-08-23,400934,1092.0,2023-08-31,4185,2023-08-31,4,FA,2732,4557,NN,Semillas,Fuerza Total,Soja,15100.0,2023
2023-08-23,400935,1092.0,2023-08-31,4184,2023-08-31,4,FA,2732,4557,NN,Semillas,Fuerza Total,Soja,15100.0,2023
2023-08-23,400936,1092.0,2023-08-31,4183,2023-08-31,4,FA,2732,4557,NN,Semillas,Fuerza Total,Soja,15100.0,2023
2023-08-23,400937,1092.0,2023-08-31,4182,2023-08-31,4,FA,2732,4557,NN,Semillas,Fuerza Total,Soja,15100.0,2023
2023-08-23,400938,1092.0,2023-08-31,4181,2023-08-31,4,FA,2732,4557,NN,Semillas,Fuerza Total,Soja,15100.0,2023
2023-08-23,400939,1092.0,2023-08-31,4180,2023-08-31,4,FA,2732,4557,NN,Semillas,Fuerza Total,Soja,15100.0,2023
2023-08-23,400940,1092.0,2023-08-31,4179,2023-08-31,4,FA,2732,4557,NN,Semillas,Fuerza Total,Soja,15100.0,2023
2023-08-23,400941,1092.0,2023-08-31,4178,2023-08-31,4,FA,2732,4557,NN,Semillas,Fuerza Total,Soja,15100.0,2023
2023-08-23,400942,1092.0,2023-08-31,4177,2023-08-31,4,FA,2732,4557,NN,Semillas,Fuerza Total,Soja,15100.0,2023
2023-08-23,400943,1092.0,2023-08-31,4176,2023-08-31,4,FA,2732,4557,NN,Semillas,Fuerza Total,Soja,15100.0,2023
2023-08-23,400944,1092.0,2023-08-31,4175,2023-08-31,4,FA,2732,4557,NN,Semillas,Fuerza Total,Soja,15100.0,2023
2023-08-23,401127,1093.0,2023-08-31,4174,2023-08-31,4,FA,2736,328,NN,Semillas,Fuerza Total,Soja,15100.0,2023
2023-08-23,401128,1093.0,2023-08-31,4173,2023-08-31,4,FA,2736,328,NN,Semillas,Fuerza Total,Soja,15100.0,2023
2023-08-23,401129,1093.0,2023-08-31,4172,2023-08-31,4,FA,2736,328,NN,Semillas,Fuerza Total,Soja,15100.0,2023
2023-08-23,401130,1093.0,2023-08-31,4171,2023-08-31,4,FA,2736,328,NN,Semillas,Fuerza Total,Soja,15100.0,2023
2023-08-25,401132,1094.0,2023-09-05,4211,2023-09-07,4,FA,2747,187,NN,Semillas,Cold Test,Soja,20500.0,2023
2023-08-25,401133,1094.0,2023-09-05,4210,2023-09-07,4,FA,2747,187,NN,Semillas,Cold Test,Soja,20500.0,2023
2023-08-28,401134,1097.0,2023-08-29,4170,2023-08-31,4,FA,2735,187,NN,Semillas,Soja,Soja,14000.0,2023
2023-08-28,401135,1097.0,2023-08-29,4169,2023-08-31,4,FA,2735,187,NN,Semillas,Soja,Soja,14000.0,2023
2023-08-25,401136,1095.0,2023-09-01,4209,2023-09-04,4,FA,2740,38,NN,Semillas,Fuerza Total,Soja,15100.0,2023
2023-08-25,401137,1095.0,2023-09-01,4208,2023-09-04,4,FA,2740,38,NN,Semillas,Fuerza Total,Soja,15100.0,2023
2023-08-25,401138,1095.0,2023-09-01,4207,2023-09-04,4,FA,2740,38,NN,Semillas,Fuerza Total,Soja,15100.0,2023
2023-08-25,401139,1095.0,2023-09-01,4206,2023-09-04,4,FA,2740,38,NN,Semillas,Fuerza Total,Soja,15100.0,2023
2023-08-25,401140,1095.0,2023-09-01,4205,2023-09-04,4,FA,2740,38,NN,Semillas,Fuerza Total,Soja,15100.0,2023
2023-08-25,401141,1095.0,2023-09-01,4204,2023-09-04,4,FA,2740,38,NN,Semillas,Fuerza Total,Soja,15100.0,2023
2023-08-25,401142,1095.0,2023-09-01,4203,2023-09-04,4,FA,2740,38,NN,Semillas,Fuerza Total,Soja,15100.0,2023
2023-08-25,401143,1095.0,2023-09-01,4202,2023-09-04,4,FA,2740,38,NN,Semillas,Fuerza Total,Soja,15100.0,2023
2023-08-25,401144,1095.0,2023-09-01,4201,2023-09-04,4,FA,2740,38,NN,Semillas,Fuerza Total,Soja,15100.0,2023
2023-08-25,401145,1095.0,2023-09-01,4200,2023-09-04,4,FA,2740,38,NN,Semillas,Fuerza Total,Soja,15100.0,2023
2023-08-25,401146,1095.0,2023-09-01,4199,2023-09-04,4,FA,2740,38,NN,Semillas,Fuerza Total,Soja,15100.0,2023
2023-08-28,401153,1096.0,2023-09-05,4218,2023-09-07,4,FA,2745,1856,NN,Semillas,Fuerza Total,Soja,15100.0,2023
2023-08-28,401154,1096.0,2023-09-05,4217,2023-09-07,4,FA,2745,1856,NN,Semillas,Fuerza Total,Soja,15100.0,2023
2023-08-28,401155,1096.0,2023-09-05,4216,2023-09-07,4,FA,2745,1856,NN,Semillas,Fuerza Total,Soja,15100.0,2023
2023-08-28,401156,1096.0,2023-09-05,4215,2023-09-07,4,FA,2745,1856,NN,Semillas,Fuerza Total,Soja,15100.0,2023
2023-08-28,401157,1096.0,2023-09-05,4214,2023-09-07,4,FA,2745,1856,NN,Semillas,Fuerza Total,Soja,15100.0,2023
2023-08-28,401158,1096.0,2023-09-05,4213,2023-09-07,4,FA,2745,1856,NN,Semillas,Fuerza Total,Soja,15100.0,2023
2023-08-28,401159,1096.0,2023-09-05,4212,2023-09-07,4,FA,2745,1856,NN,Semillas,Fuerza Total,Soja,15100.0,2023
2023-08-28,401160,1098.0,2023-08-29,4168,2023-08-31,4,FA,2731,4339,NN,Semillas,Soja,Soja,6700.0,2023
2023-08-28,401161,1099.0,2023-09-05,4219,2023-09-07,4,FA,2744,3875,NN,Semillas,Poder Curado + Peso,Soja,17000.0,2023
2023-08-28,401162,1099.0,2023-08-29,4167,2023-08-31,4,FA,2733,3875,NN,Semillas,Soja,Soja,6700.0,2023
2023-08-28,401163,1100.0,2023-09-05,4222,2023-09-07,4,FA,2743,4557,NN,Semillas,Fuerza Total,Soja,15100.0,2023
2023-08-28,401164,1100.0,2023-09-05,4221,2023-09-07,4,FA,2743,4557,NN,Semillas,Fuerza Total,Soja,15100.0,2023
2023-08-28,401165,1100.0,2023-09-05,4220,2023-09-07,4,FA,2743,4557,NN,Semillas,Fuerza Total,Soja,15100.0,2023
2023-08-29,401166,1101.0,2023-09-08,4229,2023-09-11,4,FA,2757,104,NN,Semillas,Maíz,Maíz,15100.0,2023
2023-08-29,401167,1101.0,2023-09-08,4228,2023-09-11,4,FA,2757,104,NN,Semillas,Maíz,Maíz,15100.0,2023
2023-08-29,401168,1101.0,2023-09-18,4256,2023-09-20,4,FA,2769,104,NN,Semillas,Maíz,Maíz,27200.0,2023
2023-08-29,401169,1101.0,2023-09-18,4255,2023-09-20,4,FA,2769,104,NN,Semillas,Maíz,Maíz,27200.0,2023
2023-08-29,401170,1101.0,2023-09-18,4254,2023-09-20,4,FA,2769,104,NN,Semillas,Maíz,Maíz,27200.0,2023
2023-08-29,401171,1101.0,2023-09-18,4253,2023-09-20,4,FA,2769,104,NN,Semillas,Maíz,Maíz,27200.0,2023
2023-08-29,401193,1102.0,2023-09-06,4224,2023-09-07,4,FA,2747,187,NN,Semillas,Fuerza Total Curado,Soja,17000.0,2023
2023-08-29,401194,1102.0,2023-09-06,4223,2023-09-07,4,FA,2747,187,NN,Semillas,Fuerza Total Curado,Soja,17000.0,2023
2023-09-05,401366,1109.0,2023-09-07,4226,2023-09-07,4,FA,2749,5100,NN,Semillas,Soja,Soja,11000.0,2023
2023-09-05,401367,1109.0,2023-09-07,4225,2023-09-07,4,FA,2749,5100,NN,Semillas,Soja,Soja,11000.0,2023
2023-08-30,401368,1103.0,2023-09-08,4230,2023-09-11,4,FA,2756,2801,NN,Semillas,Poroto,Poroto,11000.0,2023
2023-08-30,401371,1105.0,2023-09-07,4227,2023-09-07,4,FA,2751,4365,NN,Semillas,Fuerza Total,Soja,15100.0,2023
2023-09-04,401417,1106.0,2023-09-12,4235,2023-09-14,4,FA,2761,4557,NN,Semillas,Fuerza Total,Soja,15100.0,2023
2023-09-04,401418,1106.0,2023-09-12,4234,2023-09-14,4,FA,2761,4557,NN,Semillas,Fuerza Total,Soja,15100.0,2023
2023-09-04,401419,1106.0,2023-09-12,4233,2023-09-14,4,FA,2761,4557,NN,Semillas,Fuerza Total,Soja,15100.0,2023
2023-09-05,401430,1107.0,2023-09-13,4241,2023-09-14,4,FA,2762,4329,NN,Semillas,Fuerza Total,Soja,15100.0,2023
2023-09-05,401431,1107.0,2023-09-13,4240,2023-09-14,4,FA,2762,4329,NN,Semillas,Fuerza Total,Soja,15100.0,2023
2023-09-05,401432,1107.0,2023-09-13,4239,2023-09-14,4,FA,2762,4329,NN,Semillas,Fuerza Total,Soja,15100.0,2023
2023-09-05,401433,1107.0,2023-09-13,4238,2023-09-14,4,FA,2762,4329,NN,Semillas,Fuerza Total,Soja,15100.0,2023
2023-09-05,401434,1108.0,2023-09-13,4237,2023-09-14,4,FA,2760,3723,NN,Semillas,Fuerza Total Curado,Soja,17000.0,2023
2023-09-05,401435,1108.0,2023-09-13,4236,2023-09-14,4,FA,2760,3723,NN,Semillas,Fuerza Total Curado,Soja,17000.0,2023
2023-09-06,401618,1110.0,2023-09-14,4242,2023-09-14,4,FA,2763,5103,NN,Semillas,Fuerza Total Curado,Soja,17000.0,2023
2023-09-07,401619,1111.0,2023-09-15,4247,2023-09-20,4,FA,2766,392,NN,Semillas,Fuerza Total,Soja,15100.0,2023
2023-09-07,401620,1111.0,2023-09-15,4246,2023-09-20,4,FA,2766,392,NN,Semillas,Fuerza Total,Soja,15100.0,2023
2023-09-07,401621,1111.0,2023-09-15,4245,2023-09-20,4,FA,2766,392,NN,Semillas,Fuerza Total,Soja,15100.0,2023
2023-09-07,401622,1111.0,2023-09-15,4244,2023-09-20,4,FA,2766,392,NN,Semillas,Fuerza Total,Soja,15100.0,2023
2023-09-07,401623,1111.0,2023-09-15,4243,2023-09-20,4,FA,2766,392,NN,Semillas,Fuerza Total,Soja,15100.0,2023
2023-09-08,401624,1112.0,2023-09-18,4249,2023-09-20,4,FA,2768,25,NN,Semillas,Fuerza Total Curado,Maníí,17000.0,2023
2023-09-08,401625,1112.0,2023-09-18,4248,2023-09-20,4,FA,2768,25,NN,Semillas,Maníí,Maníí,14200.0,2023
2023-09-08,401626,1113.0,2023-09-18,4252,2023-09-20,4,FA,2769,104,NN,Semillas,Cold Test,Maíz,20500.0,2023
2023-09-08,401627,1113.0,2023-09-18,4251,2023-09-20,4,FA,2769,104,NN,Semillas,Cold Test,Maíz,20500.0,2023
2023-09-11,401637,1114.0,2023-09-25,4291,2023-09-27,4,FA,2780,5081,NN,Semillas,Girasol,Girasol,11000.0,2023
2023-09-11,401640,1117.0,2023-09-19,4259,2023-09-25,4,FA,2776,1864,NN,Semillas,Fuerza Total,Soja,15100.0,2023
2023-09-11,401641,1117.0,2023-09-19,4258,2023-09-25,4,FA,2776,1864,NN,Semillas,Fuerza Total,Soja,15100.0,2023
2023-09-12,401642,1118.0,2023-09-19,4262,2023-09-25,4,FA,2773,392,NN,Semillas,Fuerza Total,Soja,15100.0,2023
2023-09-12,401643,1118.0,2023-09-19,4261,2023-09-25,4,FA,2773,392,NN,Semillas,Fuerza Total,Soja,15100.0,2023
2023-09-12,401644,1118.0,2023-09-19,4260,2023-09-25,4,FA,2773,392,NN,Semillas,Fuerza Total,Soja,15100.0,2023
2023-09-12,401645,1119.0,2023-09-19,4266,2023-09-25,4,FA,2778,981,NN,Semillas,Fuerza Total,Soja,15100.0,2023
2023-09-12,401646,1119.0,2023-09-19,4265,2023-09-25,4,FA,2778,981,NN,Semillas,Fuerza Total,Soja,15100.0,2023
2023-09-12,401647,1119.0,2023-09-19,4264,2023-09-25,4,FA,2778,981,NN,Semillas,Fuerza Total,Soja,15100.0,2023
2023-09-12,401648,1119.0,2023-09-19,4263,2023-09-25,4,FA,2778,981,NN,Semillas,Fuerza Total,Soja,15100.0,2023
2023-09-13,401649,1120.0,2023-09-28,4313,2023-10-02,4,FA,2795,772,NN,Semillas,Alfalfa,Alfalfa,27200.0,2023
2023-09-13,401650,1120.0,2023-09-21,4272,2023-09-25,4,FA,2772,772,NN,Semillas,Soja,Soja,27200.0,2023
2023-09-13,401651,1121.0,2023-09-21,4273,2023-09-25,4,FA,2771,4557,NN,Semillas,Fuerza Total,Soja,15100.0,2023
2023-09-13,401652,1122.0,2023-09-21,4271,2023-09-25,4,FA,2775,3227,NN,Semillas,Soja,Soja,21500.0,2023
2023-09-13,401653,1122.0,2023-09-21,4270,2023-09-25,4,FA,2775,3227,NN,Semillas,Soja,Soja,21500.0,2023
2023-09-13,401654,1122.0,2023-09-21,4269,2023-09-25,4,FA,2775,3227,NN,Semillas,Soja,Soja,21500.0,2023
2023-09-13,401655,1123.0,2023-09-22,4290,2023-09-27,4,FA,2781,3687,NN,Semillas,Convenio Syngenta Soja Completo,Soja,12600.0,2023
2023-09-13,401656,1123.0,2023-09-22,4289,2023-09-27,4,FA,2781,3687,NN,Semillas,Convenio Syngenta Soja Completo,Soja,12600.0,2023
2023-09-14,401657,1124.0,2023-09-22,4275,2023-09-25,4,FA,2774,921,NN,Semillas,Soja,Soja,11000.0,2023
2023-09-14,401658,1124.0,2023-09-22,4274,2023-09-25,4,FA,2774,921,NN,Semillas,Soja,Soja,11000.0,2023
2023-09-14,401662,1125.0,2023-09-22,4276,2023-09-25,4,FA,2777,2476,NN,Semillas,Soja,Soja,27200.0,2023
2023-09-15,401760,1126.0,2023-09-22,4280,2023-09-27,4,FA,2785,798,NN,Semillas,Soja,Soja,14200.0,2023
2023-09-15,401761,1126.0,2023-09-22,4279,2023-09-27,4,FA,2785,798,NN,Semillas,Soja,Soja,14200.0,2023
2023-09-15,401762,1126.0,2023-09-22,4278,2023-09-27,4,FA,2785,798,NN,Semillas,Soja,Soja,14200.0,2023
2023-09-15,401763,1127.0,2023-09-22,4285,2023-09-27,4,FB,60,4712,NN,Semillas,Soja,Soja,11000.0,2023
2023-09-15,401764,1127.0,2023-09-22,4284,2023-09-27,4,FB,60,4712,NN,Semillas,Soja,Soja,11000.0,2023
2023-09-15,401765,1127.0,2023-09-22,4283,2023-09-27,4,FB,60,4712,NN,Semillas,Soja,Soja,11000.0,2023
2023-09-15,401766,1127.0,2023-09-22,4282,2023-09-27,4,FB,60,4712,NN,Semillas,Soja,Soja,11000.0,2023
2023-09-15,401767,1127.0,2023-09-22,4281,2023-09-27,4,FB,60,4712,NN,Semillas,Soja,Soja,11000.0,2023
2023-09-15,401768,1129.0,2023-09-22,4286,2023-09-27,4,FA,2786,4582,NN,Semillas,Fuerza Total,Soja,15100.0,2023
2023-09-15,401769,1130.0,2023-09-22,4288,2023-09-27,4,FA,2779,3245,NN,Semillas,Soja,Soja,11000.0,2023
2023-09-15,401770,1130.0,2023-09-22,4287,2023-09-27,4,FA,2779,3245,NN,Semillas,Soja,Soja,11000.0,2023
2023-09-15,401771,1128.0,2023-09-22,4277,2023-09-27,4,FB,60,4712,NN,Semillas,Maíz,Maíz,11000.0,2023
2023-09-18,401780,1131.0,2023-09-21,4268,2023-09-27,4,FA,2789,1328,NN,Semillas,Gatton Panic,Gatton Panic,14000.0,2023
2023-09-18,401781,1131.0,2023-09-21,4267,2023-09-27,4,FA,2789,1328,NN,Semillas,Panicum Coloratum,Panicum Coloratum,14000.0,2023
2023-09-18,401783,1133.0,2023-09-27,4311,2023-10-02,4,FA,2802,350,NN,Semillas,Soja,Soja,20500.0,2023
2023-09-18,401784,1133.0,2023-09-27,4310,2023-10-02,4,FA,2802,350,NN,Semillas,Soja,Soja,20500.0,2023
2023-09-18,401785,1133.0,2023-09-27,4309,2023-10-02,4,FA,2802,350,NN,Semillas,Soja,Soja,20500.0,2023
2023-09-18,401786,1133.0,2023-09-27,4308,2023-10-02,4,FA,2802,350,NN,Semillas,Soja,Soja,20500.0,2023
2023-09-20,401787,1136.0,2023-09-27,4312,2023-10-02,4,FA,2796,1069,NN,Semillas,Soja,Soja,27200.0,2023
2023-09-19,401788,1134.0,2023-09-26,4307,2023-09-27,4,FA,2783,62,NN,Semillas,Fuerza Total,Maíz,15100.0,2023
2023-09-19,401789,1134.0,2023-09-26,4306,2023-09-27,4,FA,2783,62,NN,Semillas,Fuerza Total,Maíz,15100.0,2023
2023-09-19,401790,1134.0,2023-09-26,4305,2023-09-27,4,FA,2783,62,NN,Semillas,Fuerza Total,Maíz,15100.0,2023
2023-09-19,401791,1134.0,2023-09-26,4304,2023-09-27,4,FA,2783,62,NN,Semillas,Fuerza Total,Maíz,15100.0,2023
2023-09-19,401792,1134.0,2023-09-26,4303,2023-09-27,4,FA,2783,62,NN,Semillas,Fuerza Total,Maíz,15100.0,2023
2023-09-19,401793,1134.0,2023-09-26,4302,2023-09-27,4,FA,2783,62,NN,Semillas,Fuerza Total,Maíz,15100.0,2023
2023-09-19,401794,1134.0,2023-09-26,4301,2023-09-27,4,FA,2783,62,NN,Semillas,Fuerza Total,Maíz,15100.0,2023
2023-09-19,401795,1134.0,2023-09-26,4300,2023-09-27,4,FA,2783,62,NN,Semillas,Fuerza Total,Maíz,15100.0,2023
2023-09-19,401796,1134.0,2023-09-26,4299,2023-09-27,4,FA,2783,62,NN,Semillas,Fuerza Total,Maíz,15100.0,2023
2023-09-19,401797,1134.0,2023-09-26,4298,2023-09-27,4,FA,2783,62,NN,Semillas,Fuerza Total,Maíz,15100.0,2023
2023-09-19,401798,1134.0,2023-09-26,4297,2023-09-27,4,FA,2783,62,NN,Semillas,Fuerza Total,Maíz,15100.0,2023
2023-09-19,401799,1134.0,2023-09-26,4296,2023-09-27,4,FA,2783,62,NN,Semillas,Fuerza Total,Maíz,15100.0,2023
2023-09-19,401800,1134.0,2023-09-26,4295,2023-09-27,4,FA,2783,62,NN,Semillas,Fuerza Total,Maíz,15100.0,2023
2023-09-19,401801,1134.0,2023-09-26,4294,2023-09-27,4,FA,2783,62,NN,Semillas,Fuerza Total,Maíz,15100.0,2023
2023-09-19,401802,1134.0,2023-09-26,4293,2023-09-27,4,FA,2783,62,NN,Semillas,Fuerza Total,Maíz,15100.0,2023
2023-09-19,401803,1135.0,2023-10-04,4340,2023-10-09,4,FA,2808,62,NN,Semillas,Fuerza Total,Sorgo,15100.0,2023
2023-09-19,401804,1135.0,2023-10-04,4339,2023-10-09,4,FA,2808,62,NN,Semillas,Fuerza Total,Sorgo,15100.0,2023
2023-09-19,401805,1135.0,2023-10-04,4338,2023-10-09,4,FA,2808,62,NN,Semillas,Fuerza Total,Sorgo,15100.0,2023
2023-09-21,401806,1137.0,2023-09-29,4332,2023-10-02,4,FA,2797,5104,NN,Semillas,Fuerza Total,Soja,15100.0,2023
2023-09-21,401807,1138.0,2023-09-29,4331,2023-10-02,4,FA,2799,38,NN,Semillas,Fuerza Total,Soja,20000.0,2023
2023-09-21,401818,1139.0,2023-09-29,4330,2023-10-02,4,FA,2794,4557,NN,Semillas,Fuerza Total,Soja,20000.0,2023
2023-09-21,401819,1139.0,2023-09-29,4329,2023-10-02,4,FA,2794,4557,NN,Semillas,Fuerza Total,Soja,20000.0,2023
2023-09-21,401820,1139.0,2023-09-29,4328,2023-10-02,4,FA,2794,4557,NN,Semillas,Fuerza Total,Soja,20000.0,2023
2023-09-21,401821,1139.0,2023-09-29,4327,2023-10-02,4,FA,2794,4557,NN,Semillas,Fuerza Total,Soja,20000.0,2023
2023-09-21,401822,1139.0,2023-09-29,4326,2023-10-02,4,FA,2794,4557,NN,Semillas,Fuerza Total,Soja,20000.0,2023
2023-09-21,401823,1140.0,2023-09-29,4325,2023-10-02,4,FA,2805,1897,NN,Semillas,Soja,Soja,14600.0,2023
2023-09-21,401824,1141.0,2023-10-02,4333,2023-10-02,4,FA,2800,25,NN,Semillas,Fuerza Total Curado,Maníí,22600.0,2023
2023-09-21,401825,1142.0,2023-09-29,4324,2023-10-02,4,FA,2804,981,NN,Semillas,Fuerza Total,Soja,20000.0,2023
2023-09-21,401826,1142.0,2023-09-29,4323,2023-10-02,4,FA,2804,981,NN,Semillas,Fuerza Total,Soja,20000.0,2023
2023-09-21,401827,1143.0,2023-09-29,4322,2023-10-02,4,FA,2803,2211,NN,Semillas,Soja,Soja,14600.0,2023
2023-09-21,401828,1143.0,2023-09-29,4321,2023-10-02,4,FA,2803,2211,NN,Semillas,Soja,Soja,14600.0,2023
2023-09-22,401830,1144.0,2023-10-02,4336,2023-10-09,4,FA,2813,104,NN,Semillas,Fuerza Total,Sorgo,20000.0,2023
2023-09-22,401831,1144.0,2023-10-09,4349,2023-10-09,4,FA,2813,104,NN,Semillas,Fuerza Total,Sorgo,20000.0,2023
2023-09-22,401832,1144.0,2023-10-02,4335,2023-10-09,4,FA,2813,104,NN,Semillas,Fuerza Total,Sorgo,20000.0,2023
2023-09-22,401833,1144.0,2023-10-09,4348,2023-10-09,4,FA,2813,104,NN,Semillas,Fuerza Total,Sorgo,20000.0,2023
2023-09-22,401834,1145.0,2023-09-29,4320,2023-10-02,4,FA,2792,1311,NN,Semillas,Poder + Peso,Soja,19600.0,2023
2023-09-22,401835,1145.0,2023-09-29,4319,2023-10-02,4,FA,2792,1311,NN,Semillas,Poder + Peso,Soja,19600.0,2023
2023-09-22,401836,1145.0,2023-09-29,4318,2023-10-02,4,FA,2792,1311,NN,Semillas,Poder + Peso,Soja,19600.0,2023
2023-09-22,401837,1145.0,2023-09-29,4317,2023-10-02,4,FA,2792,1311,NN,Semillas,Poder + Peso,Soja,19600.0,2023
2023-09-22,401838,1145.0,2023-09-29,4316,2023-10-02,4,FA,2792,1311,NN,Semillas,Poder + Peso,Soja,19600.0,2023
2023-09-22,401841,1146.0,2023-09-29,4315,2023-10-02,4,FA,2801,2888,NN,Semillas,Soja,Soja,14600.0,2023
2023-09-22,401842,1146.0,2023-09-29,4314,2023-10-02,4,FA,2801,2888,NN,Semillas,Soja,Soja,14600.0,2023
2023-09-25,401892,1147.0,2023-10-03,4337,2023-10-09,4,FA,2816,489,NN,Semillas,Soja,Soja,14600.0,2023
2023-09-26,401909,1149.0,2023-10-04,4343,2023-10-09,4,FA,2807,2853,NN,Semillas,Doble Poder X2,Soja,27200.0,2023
2023-09-26,401910,1149.0,2023-10-04,4342,2023-10-09,4,FA,2807,2853,NN,Semillas,Doble Poder X2,Soja,27200.0,2023
2023-09-26,401911,1149.0,2023-10-04,4341,2023-10-09,4,FA,2807,2853,NN,Semillas,Doble Poder X2,Soja,27200.0,2023
2023-09-27,401912,1150.0,2023-10-05,4345,2023-10-09,4,FA,2814,4943,NN,Semillas,Poder + Peso,Soja,19600.0,2023
2023-09-27,401913,1150.0,2023-10-05,4344,2023-10-09,4,FA,2814,4943,NN,Semillas,Poder + Peso,Soja,19600.0,2023
2023-09-27,401914,1151.0,2023-10-09,4357,2023-10-09,4,FA,2812,25,NN,Semillas,Fuerza Total Curado,Maníí,22600.0,2023
2023-09-27,401918,1152.0,2023-10-05,4347,2023-10-09,4,FA,2806,4339,NN,Semillas,Poder + Peso,Soja,19600.0,2023
2023-09-27,401919,1152.0,2023-10-05,4346,2023-10-09,4,FA,2806,4339,NN,Semillas,Poder + Peso,Soja,19600.0,2023
2023-09-28,401920,1153.0,2023-10-06,4354,2023-10-09,4,FA,2809,392,NN,Semillas,Fuerza Total,Soja,20000.0,2023
2023-09-28,401921,1153.0,2023-10-06,4353,2023-10-09,4,FA,2809,392,NN,Semillas,Fuerza Total,Soja,20000.0,2023
2023-09-28,401922,1153.0,2023-10-06,4352,2023-10-09,4,FA,2809,392,NN,Semillas,Fuerza Total,Soja,20000.0,2023
2023-09-28,401923,1153.0,2023-10-06,4351,2023-10-09,4,FA,2809,392,NN,Semillas,Fuerza Total,Soja,20000.0,2023
2023-09-28,401924,1153.0,2023-10-06,4350,2023-10-09,4,FA,2809,392,NN,Semillas,Fuerza Total,Soja,20000.0,2023
2023-09-29,402037,1154.0,2023-10-06,4356,2023-10-09,4,FA,2811,853,NN,Semillas,Fuerza Total,Mijo,20000.0,2023
2023-09-29,402038,1154.0,2023-10-06,4355,2023-10-09,4,FA,2811,853,NN,Semillas,Fuerza Total,Mijo,20000.0,2023
2023-10-02,402039,1155.0,2023-10-10,4358,2023-10-12,4,FA,2820,1069,NN,Semillas,Soja,Soja,36100.0,2023
2023-10-09,402048,1166.0,2023-10-10,4359,2023-10-12,4,FA,2825,187,NN,Semillas,Soja,Soja,18600.0,2023
2023-10-03,402049,1156.0,2023-10-11,4360,2023-10-12,4,FA,2829,2308,NN,Semillas,Fuerza Total,Soja,20000.0,2023
2023-10-03,402050,1158.0,2023-10-11,4361,2023-10-12,4,FA,2818,5106,NN,Semillas,Fuerza Total,Soja,20000.0,2023
2023-10-03,402051,1157.0,2023-10-17,4399,2023-10-18,4,FA,2834,25,NN,Semillas,Fuerza Total Curado,Maníí,22600.0,2023
2023-10-03,402052,1157.0,2023-10-17,4398,2023-10-18,4,FA,2834,25,NN,Semillas,Fuerza Total Curado,Maníí,22600.0,2023
2023-10-04,402073,1159.0,2023-10-12,4364,2023-10-12,4,FA,2827,4922,NN,Semillas,Soja,Soja,18800.0,2023
2023-10-05,402074,1160.0,2023-10-12,4388,2023-10-12,4,FA,2819,392,NN,Semillas,Fuerza Total,Soja,20000.0,2023
2023-10-05,402075,1160.0,2023-10-12,4387,2023-10-12,4,FA,2819,392,NN,Semillas,Fuerza Total,Soja,20000.0,2023
2023-10-05,402076,1160.0,2023-10-12,4386,2023-10-12,4,FA,2819,392,NN,Semillas,Fuerza Total,Soja,20000.0,2023
2023-10-05,402077,1160.0,2023-10-12,4385,2023-10-12,4,FA,2819,392,NN,Semillas,Fuerza Total,Soja,20000.0,2023
2023-10-05,402078,1160.0,2023-10-12,4384,2023-10-12,4,FA,2819,392,NN,Semillas,Fuerza Total,Soja,20000.0,2023
2023-10-05,402079,1160.0,2023-10-12,4383,2023-10-12,4,FA,2819,392,NN,Semillas,Fuerza Total,Soja,20000.0,2023
2023-10-05,402080,1160.0,2023-10-12,4382,2023-10-12,4,FA,2819,392,NN,Semillas,Fuerza Total,Soja,20000.0,2023
2023-10-05,402081,1160.0,2023-10-12,4381,2023-10-12,4,FA,2819,392,NN,Semillas,Fuerza Total,Soja,20000.0,2023
2023-10-05,402082,1160.0,2023-10-12,4380,2023-10-12,4,FA,2819,392,NN,Semillas,Fuerza Total,Soja,20000.0,2023
2023-10-05,402083,1160.0,2023-10-12,4379,2023-10-12,4,FA,2819,392,NN,Semillas,Fuerza Total,Soja,20000.0,2023
2023-10-05,402084,1160.0,2023-10-12,4378,2023-10-12,4,FA,2819,392,NN,Semillas,Fuerza Total,Soja,20000.0,2023
2023-10-05,402085,1160.0,2023-10-12,4377,2023-10-12,4,FA,2819,392,NN,Semillas,Fuerza Total,Soja,20000.0,2023
2023-10-05,402086,1160.0,2023-10-12,4376,2023-10-12,4,FA,2819,392,NN,Semillas,Fuerza Total,Soja,20000.0,2023
2023-10-05,402087,1160.0,2023-10-12,4375,2023-10-12,4,FA,2819,392,NN,Semillas,Fuerza Total,Soja,20000.0,2023
2023-10-05,402088,1160.0,2023-10-12,4374,2023-10-12,4,FA,2819,392,NN,Semillas,Fuerza Total,Soja,20000.0,2023
2023-10-05,402089,1160.0,2023-10-12,4373,2023-10-12,4,FA,2819,392,NN,Semillas,Fuerza Total,Soja,20000.0,2023
2023-10-05,402090,1160.0,2023-10-12,4372,2023-10-12,4,FA,2819,392,NN,Semillas,Fuerza Total,Soja,20000.0,2023
2023-10-05,402091,1160.0,2023-10-12,4371,2023-10-12,4,FA,2819,392,NN,Semillas,Fuerza Total,Soja,20000.0,2023
2023-10-05,402092,1160.0,2023-10-12,4370,2023-10-12,4,FA,2819,392,NN,Semillas,Fuerza Total,Soja,20000.0,2023
2023-10-05,402093,1160.0,2023-10-12,4369,2023-10-12,4,FA,2819,392,NN,Semillas,Fuerza Total,Soja,20000.0,2023
2023-10-05,402094,1160.0,2023-10-12,4368,2023-10-12,4,FA,2819,392,NN,Semillas,Fuerza Total,Soja,20000.0,2023
2023-10-05,402095,1160.0,2023-10-12,4367,2023-10-12,4,FA,2819,392,NN,Semillas,Fuerza Total,Soja,20000.0,2023
2023-10-05,402096,1160.0,2023-10-12,4366,2023-10-12,4,FA,2819,392,NN,Semillas,Fuerza Total,Soja,20000.0,2023
2023-10-05,402097,1160.0,2023-10-12,4365,2023-10-12,4,FA,2819,392,NN,Semillas,Fuerza Total,Soja,20000.0,2023
2023-10-05,402098,1161.0,2023-10-17,4404,2023-10-18,4,FA,2832,33,NN,Semillas,Fuerza Total Curado,Maníí,22600.0,2023
2023-10-05,402099,1161.0,2023-10-17,4403,2023-10-18,4,FA,2832,33,NN,Semillas,Fuerza Total Curado,Maníí,22600.0,2023
2023-10-05,402100,1161.0,2023-10-17,4402,2023-10-18,4,FA,2832,33,NN,Semillas,Fuerza Total Curado,Maníí,22600.0,2023
2023-10-05,402101,1161.0,2023-10-17,4401,2023-10-18,4,FA,2832,33,NN,Semillas,Fuerza Total Curado,Maníí,22600.0,2023
2023-10-05,402102,1161.0,2023-10-17,4400,2023-10-18,4,FA,2832,33,NN,Semillas,Fuerza Total Curado,Maníí,22600.0,2023
2023-10-05,402196,1162.0,2023-10-12,4363,2023-10-12,4,FA,2826,3276,NN,Semillas,Soja,Soja,14600.0,2023
2023-10-05,402197,1162.0,2023-10-12,4362,2023-10-12,4,FA,2826,3276,NN,Semillas,Soja,Soja,14600.0,2023
2023-10-06,402244,1163.0,2023-10-12,4396,2023-10-12,4,FA,2822,4797,NN,Semillas,Fuerza Total,Soja,20000.0,2023
2023-10-06,402245,1163.0,2023-10-12,4395,2023-10-12,4,FA,2822,4797,NN,Semillas,Fuerza Total,Soja,20000.0,2023
2023-10-06,402246,1163.0,2023-10-12,4394,2023-10-12,4,FA,2822,4797,NN,Semillas,Fuerza Total,Soja,20000.0,2023
2023-10-06,402247,1163.0,2023-10-12,4393,2023-10-12,4,FA,2822,4797,NN,Semillas,Fuerza Total,Soja,20000.0,2023
2023-10-06,402248,1163.0,2023-10-12,4392,2023-10-12,4,FA,2822,4797,NN,Semillas,Fuerza Total,Soja,20000.0,2023
2023-10-06,402249,1164.0,2023-10-18,4409,2023-10-19,4,FA,2837,187,NN,Semillas,Cold Test,Soja,27200.0,2023
2023-10-06,402250,1164.0,2023-10-12,4397,2023-10-12,4,FA,2825,187,NN,Semillas,Fuerza Total Curado,Soja,22600.0,2023
2023-10-06,402253,1165.0,2023-10-12,4391,2023-10-12,4,FA,2828,981,NN,Semillas,Fuerza Total,Soja,20000.0,2023
2023-10-06,402254,1165.0,2023-10-12,4390,2023-10-12,4,FA,2828,981,NN,Semillas,Fuerza Total,Soja,20000.0,2023
2023-10-06,402255,1165.0,2023-10-12,4389,2023-10-12,4,FA,2828,981,NN,Semillas,Fuerza Total,Soja,20000.0,2023
2023-10-09,402262,1167.0,2023-10-17,4407,2023-10-18,4,FA,2835,3357,NN,Semillas,Soja,Soja,14600.0,2023
2023-10-09,402263,1167.0,2023-10-17,4406,2023-10-18,4,FA,2835,3357,NN,Semillas,Soja,Soja,14600.0,2023
2023-10-09,402264,1167.0,2023-10-17,4405,2023-10-18,4,FA,2835,3357,NN,Semillas,Soja,Soja,14600.0,2023
2023-10-10,402266,1168.0,2023-10-18,4426,2023-10-19,4,FA,2836,392,NN,Semillas,Fuerza Total,Soja,20000.0,2023
2023-10-10,402267,1168.0,2023-10-18,4425,2023-10-19,4,FA,2836,392,NN,Semillas,Fuerza Total,Soja,20000.0,2023
2023-10-10,402268,1168.0,2023-10-18,4424,2023-10-19,4,FA,2836,392,NN,Semillas,Fuerza Total,Soja,20000.0,2023
2023-10-10,402269,1168.0,2023-10-18,4423,2023-10-19,4,FA,2836,392,NN,Semillas,Fuerza Total,Soja,20000.0,2023
2023-10-10,402270,1168.0,2023-10-18,4422,2023-10-19,4,FA,2836,392,NN,Semillas,Fuerza Total,Soja,20000.0,2023
2023-10-10,402271,1168.0,2023-10-18,4421,2023-10-19,4,FA,2836,392,NN,Semillas,Fuerza Total,Soja,20000.0,2023
2023-10-10,402272,1168.0,2023-10-18,4420,2023-10-19,4,FA,2836,392,NN,Semillas,Fuerza Total,Soja,20000.0,2023
2023-10-10,402273,1168.0,2023-10-18,4419,2023-10-19,4,FA,2836,392,NN,Semillas,Fuerza Total,Soja,20000.0,2023
2023-10-10,402274,1168.0,2023-10-18,4418,2023-10-19,4,FA,2836,392,NN,Semillas,Fuerza Total,Soja,20000.0,2023
2023-10-10,402275,1168.0,2023-10-18,4417,2023-10-19,4,FA,2836,392,NN,Semillas,Fuerza Total,Soja,20000.0,2023
2023-10-10,402276,1168.0,2023-10-18,4416,2023-10-19,4,FA,2836,392,NN,Semillas,Fuerza Total,Soja,20000.0,2023
2023-10-10,402277,1168.0,2023-10-18,4415,2023-10-19,4,FA,2836,392,NN,Semillas,Fuerza Total,Soja,20000.0,2023
2023-10-10,402278,1168.0,2023-10-18,4414,2023-10-19,4,FA,2836,392,NN,Semillas,Fuerza Total,Soja,20000.0,2023
2023-10-10,402279,1168.0,2023-10-18,4413,2023-10-19,4,FA,2836,392,NN,Semillas,Fuerza Total,Soja,20000.0,2023
2023-10-10,402280,1168.0,2023-10-18,4412,2023-10-19,4,FA,2836,392,NN,Semillas,Fuerza Total,Soja,20000.0,2023
2023-10-10,402281,1168.0,2023-10-18,4411,2023-10-19,4,FA,2836,392,NN,Semillas,Fuerza Total,Soja,20000.0,2023
2023-10-10,402282,1168.0,2023-10-18,4410,2023-10-19,4,FA,2836,392,NN,Semillas,Fuerza Total,Soja,20000.0,2023
2023-10-10,402283,1169.0,2023-10-18,4428,2023-10-19,4,FA,2839,1425,NN,Semillas,Fuerza Total,Soja,20000.0,2023
2023-10-10,402284,1169.0,2023-10-18,4427,2023-10-19,4,FA,2839,1425,NN,Semillas,Fuerza Total,Soja,20000.0,2023
2023-10-10,402285,1170.0,2023-10-18,4430,2023-10-19,4,FA,2838,1069,NN,Semillas,Soja,Soja,36100.0,2023
2023-10-10,402286,1170.0,2023-10-18,4429,2023-10-19,4,FA,2838,1069,NN,Semillas,Soja,Soja,36100.0,2023
2023-10-11,402287,1172.0,2023-10-18,4431,2023-10-19,4,FA,2840,1473,NN,Semillas,Fuerza Total,Soja,20000.0,2023
2023-10-10,402288,1173.0,2023-10-18,4432,2023-10-19,4,FA,2844,3519,NN,Semillas,Fuerza Total,Soja,20000.0,2023
2023-10-11,402289,1174.0,2023-10-18,4436,2023-10-19,4,FA,2842,5108,NN,Semillas,Fuerza Total,Soja,20000.0,2023
2023-10-11,402290,1174.0,2023-10-18,4435,2023-10-19,4,FA,2842,5108,NN,Semillas,Fuerza Total,Soja,20000.0,2023
2023-10-11,402291,1174.0,2023-10-18,4434,2023-10-19,4,FA,2842,5108,NN,Semillas,Fuerza Total,Soja,20000.0,2023
2023-10-11,402292,1174.0,2023-10-18,4433,2023-10-19,4,FA,2842,5108,NN,Semillas,Fuerza Total,Soja,20000.0,2023
2023-10-10,402320,1175.0,2023-10-18,4437,2023-10-19,4,FA,2845,9350,NN,Semillas,Soja,Soja,14600.0,2023
2023-10-10,402321,1176.0,2023-10-18,4442,2023-10-19,4,FA,2841,2065,NN,Semillas,Soja,Soja,14600.0,2023
2023-10-10,402322,1176.0,2023-10-18,4441,2023-10-19,4,FA,2841,2065,NN,Semillas,Soja,Soja,14600.0,2023
2023-10-10,402323,1176.0,2023-10-18,4440,2023-10-19,4,FA,2841,2065,NN,Semillas,Soja,Soja,14600.0,2023
2023-10-10,402324,1176.0,2023-10-18,4439,2023-10-19,4,FA,2841,2065,NN,Semillas,Fuerza Total,Soja,20000.0,2023
2023-10-10,402325,1176.0,2023-10-18,4438,2023-10-19,4,FA,2841,2065,NN,Semillas,Fuerza Total,Soja,20000.0,2023
2023-10-11,402326,1177.0,2023-10-19,4446,2023-10-23,4,FA,2846,354,NN,Semillas,Fuerza Total,Soja,20000.0,2023
2023-10-11,402327,1178.0,2023-10-19,4449,2023-10-23,4,FA,2849,2677,NN,Semillas,Soja,Soja,18800.0,2023
2023-10-11,402328,1178.0,2023-10-19,4448,2023-10-23,4,FA,2849,2677,NN,Semillas,Soja,Soja,18800.0,2023
2023-10-11,402329,1178.0,2023-10-19,4447,2023-10-23,4,FA,2849,2677,NN,Semillas,Soja,Soja,18800.0,2023
2023-10-11,402330,1179.0,2023-10-19,4451,2023-10-23,4,FA,2850,25,NN,Semillas,Doble Poder X2,Soja,27200.0,2023
2023-10-11,402331,1179.0,2023-10-19,4450,2023-10-23,4,FA,2850,25,NN,Semillas,Doble Poder X2,Soja,27200.0,2023
2023-10-11,402332,1177.0,2023-10-18,4443,2023-10-19,4,FA,2843,2795,NN,Semillas,Convenio Syngenta Soja Completo,Soja,12600.0,2023
2023-10-11,402333,1180.0,2023-10-18,4445,2023-10-19,4,FA,2843,2795,NN,Semillas,Convenio Syngenta Soja Completo,Soja,12600.0,2023
2023-10-11,402334,1180.0,2023-10-18,4444,2023-10-19,4,FA,2843,2795,NN,Semillas,Convenio Syngenta Soja Completo,Soja,12600.0,2023
2023-10-12,402335,1181.0,2023-10-20,4457,2023-10-23,4,FA,2847,4557,NN,Semillas,Fuerza Total,Soja,20000.0,2023
2023-10-12,402336,1181.0,2023-10-20,4456,2023-10-23,4,FA,2847,4557,NN,Semillas,Fuerza Total,Soja,20000.0,2023
2023-10-12,402337,1181.0,2023-10-20,4455,2023-10-23,4,FA,2847,4557,NN,Semillas,Fuerza Total,Soja,20000.0,2023
2023-10-12,402338,1181.0,2023-10-20,4454,2023-10-23,4,FA,2847,4557,NN,Semillas,Fuerza Total,Soja,20000.0,2023
2023-10-12,402339,1181.0,2023-10-20,4453,2023-10-23,4,FA,2847,4557,NN,Semillas,Fuerza Total,Soja,20000.0,2023
2023-10-12,402340,1181.0,2023-10-20,4452,2023-10-23,4,FA,2847,4557,NN,Semillas,Fuerza Total,Soja,20000.0,2023
2023-10-17,402341,1182.0,2023-10-23,4458,2023-10-26,4,FA,2851,2137,NN,Semillas,Poroto,Poroto,14600.0,2023
2023-10-18,402371,1189.0,2023-10-25,4459,2023-10-30,4,FA,2859,5107,NN,Semillas,Fuerza Total,Soja,20000.0,2023
2023-10-17,402458,1183.0,2023-10-26,4475,2023-10-30,4,FA,2854,4339,NN,Semillas,Soja,Soja,14600.0,2023
2023-10-17,402459,1184.0,2023-10-26,4474,2023-10-30,4,FA,2855,3875,NN,Semillas,Soja,Soja,14600.0,2023
2023-10-17,402460,1184.0,2023-10-26,4473,2023-10-30,4,FA,2855,3875,NN,Semillas,Soja,Soja,14600.0,2023
2023-10-17,402461,1185.0,2023-10-26,4472,2023-10-30,4,FA,2856,392,NN,Semillas,Fuerza Total,Soja,20000.0,2023
2023-10-17,402462,1185.0,2023-10-26,4471,2023-10-30,4,FA,2856,392,NN,Semillas,Fuerza Total,Soja,20000.0,2023
2023-10-17,402463,1185.0,2023-10-26,4470,2023-10-30,4,FA,2856,392,NN,Semillas,Fuerza Total,Soja,20000.0,2023
2023-10-17,402464,1185.0,2023-10-26,4469,2023-10-30,4,FA,2856,392,NN,Semillas,Fuerza Total,Soja,20000.0,2023
2023-10-17,402465,1185.0,2023-10-26,4468,2023-10-30,4,FA,2856,392,NN,Semillas,Fuerza Total,Soja,20000.0,2023
2023-10-17,402466,1185.0,2023-10-26,4467,2023-10-30,4,FA,2856,392,NN,Semillas,Fuerza Total,Soja,20000.0,2023
2023-10-17,402467,1185.0,2023-10-26,4466,2023-10-30,4,FA,2856,392,NN,Semillas,Fuerza Total,Soja,20000.0,2023
2023-10-17,402468,1185.0,2023-10-26,4465,2023-10-30,4,FA,2856,392,NN,Semillas,Fuerza Total,Soja,20000.0,2023
2023-10-18,402469,1186.0,2023-10-27,4481,2023-10-30,4,FA,2861,25,NN,Semillas,Fuerza Total Curado,Maníí,22600.0,2023
2023-10-18,402470,1186.0,2023-10-27,4480,2023-10-30,4,FA,2861,25,NN,Semillas,Fuerza Total Curado,Maníí,22600.0,2023
2023-10-18,402471,1186.0,2023-10-27,4479,2023-10-30,4,FA,2861,25,NN,Semillas,Fuerza Total Curado,Maníí,22600.0,2023
2023-10-18,402472,1186.0,2023-10-27,4478,2023-10-30,4,FA,2861,25,NN,Semillas,Fuerza Total Curado,Maníí,22600.0,2023
2023-10-18,402473,1186.0,2023-10-27,4477,2023-10-30,4,FA,2861,25,NN,Semillas,Fuerza Total Curado,Maníí,22600.0,2023
2023-10-18,402474,1187.0,2023-10-26,4464,2023-10-30,4,FA,2862,4982,NN,Semillas,Soja,Soja,14600.0,2023
2023-10-18,402475,1188.0,2023-10-26,4463,2023-10-30,4,FA,2858,2296,NN,Semillas,Fuerza Total Curado,Soja,22600.0,2023
2023-10-18,402476,1188.0,2023-10-26,4462,2023-10-30,4,FA,2858,2296,NN,Semillas,Fuerza Total Curado,Soja,22600.0,2023
2023-10-18,402477,1188.0,2023-10-26,4461,2023-10-30,4,FA,2858,2296,NN,Semillas,Fuerza Total Curado,Soja,22600.0,2023
2023-10-18,402478,1188.0,2023-10-26,4460,2023-10-30,4,FA,2858,2296,NN,Semillas,Fuerza Total Curado,Soja,22600.0,2023
2023-10-19,402479,1190.0,2023-10-27,4493,2023-10-30,4,FA,2857,5058,NN,Semillas,Fuerza Total,Soja,20000.0,2023
2023-10-19,402480,1191.0,2023-10-30,4497,2023-11-01,4,FA,2873,104,NN,Semillas,Fuerza Total,Sorgo,20000.0,2023
2023-10-19,402481,1191.0,2023-10-30,4496,2023-11-01,4,FA,2873,104,NN,Semillas,Fuerza Total,Sorgo,20000.0,2023
2023-10-19,402482,1192.0,2023-10-27,4492,2023-10-30,4,FA,2864,908,NN,Semillas,Fuerza Total Curado,Soja,22600.0,2023
2023-10-19,402483,1192.0,2023-10-27,4491,2023-10-30,4,FA,2864,908,NN,Semillas,Fuerza Total Curado,Soja,22600.0,2023
2023-10-20,402517,1193.0,2023-10-27,4490,2023-10-30,4,FA,2865,981,NN,Semillas,Fuerza Total,Soja,20000.0,2023
2023-10-20,402518,1193.0,2023-10-27,4489,2023-10-30,4,FA,2865,981,NN,Semillas,Fuerza Total,Soja,20000.0,2023
2023-10-20,402519,1194.0,2023-10-27,4488,2023-10-30,4,FA,2856,392,NN,Semillas,Fuerza Total,Soja,20000.0,2023
2023-10-20,402520,1194.0,2023-10-27,4487,2023-10-30,4,FA,2856,392,NN,Semillas,Fuerza Total,Soja,20000.0,2023
2023-10-20,402521,1194.0,2023-10-27,4486,2023-10-30,4,FA,2856,392,NN,Semillas,Fuerza Total,Soja,20000.0,2023
2023-10-20,402522,1194.0,2023-10-27,4485,2023-10-30,4,FA,2856,392,NN,Semillas,Fuerza Total,Soja,20000.0,2023
2023-10-20,402523,1194.0,2023-10-27,4484,2023-10-30,4,FA,2856,392,NN,Semillas,Soja,Soja,18800.0,2023
2023-10-20,402524,1195.0,2023-10-27,4483,2023-10-30,4,FA,2860,5111,NN,Semillas,Fuerza Total,Soja,20000.0,2023
2023-10-20,402525,1195.0,2023-10-27,4482,2023-10-30,4,FA,2860,5111,NN,Semillas,Fuerza Total,Soja,20000.0,2023
2023-10-20,402526,1196.0,2023-11-29,4625,2023-11-29,4,FA,2940,5111,NN,Semillas,Soja,Soja,19000.0,2023
2023-10-20,402527,1244.0,2023-11-29,4624,2023-11-29,4,FA,2939,5012,NN,Semillas,Soja,Soja,19000.0,2023
2023-10-20,402528,1244.0,2023-11-29,4623,2023-11-29,4,FA,2939,5012,NN,Semillas,Soja,Soja,19000.0,2023
2023-10-23,402531,1197.0,2023-11-01,4504,2023-11-01,4,FA,2868,5081,NN,Semillas,Soja,Soja,14600.0,2023
2023-10-23,402532,1197.0,2023-11-01,4503,2023-11-01,4,FA,2868,5081,NN,Semillas,Soja,Soja,14600.0,2023
2023-10-23,402533,1200.0,2023-11-06,4531,2023-11-07,4,FA,2886,5110,NN,Semillas,Semilla Vital,Sorgo,27200.0,2023
2023-10-23,402534,1198.0,2023-11-01,4502,2023-11-01,4,FA,2867,4339,NN,Semillas,Soja,Soja,14600.0,2023
2023-10-24,402545,1201.0,2023-10-31,4501,2023-11-01,4,FA,2874,1171,NN,Semillas,Poroto Mung,Poroto Mung,14600.0,2023
2023-10-24,402546,1201.0,2023-10-31,4500,2023-11-01,4,FA,2874,1171,NN,Semillas,Poroto Mung,Poroto Mung,14600.0,2023
2023-10-24,402547,1201.0,2023-10-31,4499,2023-11-01,4,FA,2874,1171,NN,Semillas,Poroto Mung,Poroto Mung,14600.0,2023
2023-10-24,402548,1201.0,2023-10-31,4498,2023-11-01,4,FA,2874,1171,NN,Semillas,Poroto Mung,Poroto Mung,14600.0,2023
2023-10-24,402549,1202.0,2023-11-01,4511,2023-11-01,4,FA,2870,2406,NN,Semillas,Soja,Soja,14600.0,2023
2023-10-24,402550,1203.0,2023-11-01,4512,2023-11-01,4,FA,2872,1701,NN,Semillas,Fuerza Total,Soja,20000.0,2023
2023-10-24,402551,1204.0,2023-11-01,4510,2023-11-01,4,FA,2871,392,NN,Semillas,Fuerza Total,Soja,20000.0,2023
2023-10-24,402552,1204.0,2023-11-01,4509,2023-11-01,4,FA,2871,392,NN,Semillas,Fuerza Total,Soja,20000.0,2023
2023-10-24,402553,1204.0,2023-11-01,4508,2023-11-01,4,FA,2871,392,NN,Semillas,Fuerza Total,Soja,20000.0,2023
2023-10-24,402554,1204.0,2023-11-01,4507,2023-11-01,4,FA,2871,392,NN,Semillas,Fuerza Total,Soja,20000.0,2023
2023-10-24,402555,1204.0,2023-11-01,4506,2023-11-01,4,FA,2871,392,NN,Semillas,Fuerza Total,Soja,20000.0,2023
2023-10-24,402556,1204.0,2023-11-01,4505,2023-11-01,4,FA,2871,392,NN,Semillas,Fuerza Total,Soja,20000.0,2023
2023-10-25,402557,1205.0,2023-11-02,4521,2023-11-07,4,FA,2885,421,NN,Semillas,Fuerza Total Curado,Soja,22600.0,2023
2023-10-25,402560,1207.0,2023-11-02,4520,2023-11-07,4,FA,2880,5113,NN,Semillas,Soja,Soja,14600.0,2023
2023-10-25,402561,1207.0,2023-11-02,4519,2023-11-07,4,FA,2880,5113,NN,Semillas,Soja,Soja,14600.0,2023
2023-10-25,402562,1207.0,2023-11-02,4518,2023-11-07,4,FA,2880,5113,NN,Semillas,Soja,Soja,14600.0,2023
2023-10-25,402563,1208.0,2023-11-02,4517,2023-11-07,4,FA,2878,4557,NN,Semillas,Fuerza Total,Soja,20000.0,2023
2023-10-25,402564,1208.0,2023-11-02,4516,2023-11-07,4,FA,2878,4557,NN,Semillas,Fuerza Total,Soja,20000.0,2023
2023-10-25,402565,1208.0,2023-11-02,4515,2023-11-07,4,FA,2878,4557,NN,Semillas,Fuerza Total,Soja,20000.0,2023
2023-10-25,402566,1208.0,2023-11-02,4514,2023-11-07,4,FA,2878,4557,NN,Semillas,Fuerza Total,Soja,20000.0,2023
2023-10-25,402567,1208.0,2023-11-02,4513,2023-11-07,4,FA,2878,4557,NN,Semillas,Fuerza Total,Soja,20000.0,2023
2023-10-26,402568,1209.0,2023-11-03,4524,2023-11-07,4,FA,2882,3337,NN,Semillas,Fuerza Total,Soja,20000.0,2023
2023-10-26,402569,1209.0,2023-11-03,4523,2023-11-07,4,FA,2882,3337,NN,Semillas,Fuerza Total,Soja,20000.0,2023
2023-10-26,402570,1209.0,2023-11-03,4522,2023-11-07,4,FA,2882,3337,NN,Semillas,Fuerza Total,Soja,20000.0,2023
2023-10-26,402571,1210.0,2023-11-03,4526,2023-11-07,4,FA,2883,4251,NN,Semillas,Fuerza Total,Soja,20000.0,2023
2023-10-26,402572,1210.0,2023-11-03,4525,2023-11-07,4,FA,2883,4251,NN,Semillas,Fuerza Total,Soja,20000.0,2023
2023-10-26,402573,1211.0,2023-11-03,4527,2023-11-07,4,FA,2881,3196,NN,Semillas,Fuerza Total,Soja,20000.0,2023
2023-10-27,402608,1212.0,2023-11-03,4530,2023-11-07,4,FA,2877,4339,NN,Semillas,Maíz,Maíz,14600.0,2023
2023-10-27,402609,1212.0,2023-11-03,4529,2023-11-07,4,FA,2877,4339,NN,Semillas,Maíz,Maíz,14600.0,2023
2023-10-27,402610,1212.0,2023-11-03,4528,2023-11-07,4,FA,2877,4339,NN,Semillas,Maíz,Maíz,14600.0,2023
2023-10-31,402664,1213.0,2023-11-08,4533,2023-11-09,4,FA,2887,3920,NN,Semillas,Fuerza Total,Soja,20000.0,2023
2023-10-31,402665,1213.0,2023-11-08,4532,2023-11-09,4,FA,2887,3920,NN,Semillas,Fuerza Total,Soja,20000.0,2023
2023-10-31,402668,1214.0,2023-11-08,4535,2023-11-09,4,FA,2889,4763,NN,Semillas,Doble Poder X2,Soja,36100.0,2023
2023-10-31,402669,1214.0,2023-11-08,4534,2023-11-09,4,FA,2889,4763,NN,Semillas,Doble Poder X2,Soja,36100.0,2023
2023-11-01,402670,1215.0,2023-11-08,4539,2023-11-09,4,FA,2892,2795,NN,Semillas,Convenio Syngenta Soja Completo,Soja,12600.0,2023
2023-11-01,402671,1215.0,2023-11-08,4538,2023-11-09,4,FA,2892,2795,NN,Semillas,Convenio Syngenta Soja Completo,Soja,12600.0,2023
2023-11-01,402672,1215.0,2023-11-08,4537,2023-11-09,4,FA,2892,2795,NN,Semillas,Convenio Syngenta Soja Completo,Soja,12600.0,2023
2023-11-01,402673,1215.0,2023-11-08,4536,2023-11-09,4,FA,2892,2795,NN,Semillas,Convenio Syngenta Soja Completo,Soja,12600.0,2023
2023-11-01,402674,1216.0,2023-11-16,4559,2023-11-21,4,FA,2903,3025,NN,Semillas,Fuerza Total,Sorgo,26000.0,2023
2023-11-01,402675,1216.0,2023-11-16,4558,2023-11-21,4,FA,2903,3025,NN,Semillas,Fuerza Total,Sorgo,26000.0,2023
2023-11-01,402676,1216.0,2023-11-16,4557,2023-11-21,4,FA,2903,3025,NN,Semillas,Fuerza Total,Sorgo,26000.0,2023
2023-11-02,402677,1217.0,2023-11-09,4540,2023-11-09,4,FA,2891,4943,NN,Semillas,Maíz,Maíz,19000.0,2023
2023-11-02,402678,1218.0,2023-11-09,4541,2023-11-09,4,FA,2890,22,NN,Semillas,Maíz,Maíz,19000.0,2023
2023-11-02,402679,1219.0,2023-11-10,4544,2023-11-13,4,FA,2896,52,NN,Semillas,Doble Poder X2,Soja,35300.0,2023
2023-11-02,402680,1219.0,2023-11-10,4543,2023-11-13,4,FA,2896,52,NN,Semillas,Doble Poder X2,Soja,35300.0,2023
2023-11-02,402681,1219.0,2023-11-10,4542,2023-11-13,4,FA,2896,52,NN,Semillas,Doble Poder X2,Soja,35300.0,2023
2023-11-03,402683,1220.0,2023-12-06,4643,2023-12-07,4,FA,2952,62,NN,Semillas,Fuerza Total Megatérmicas,Buffel Grass,29000.0,2023
2023-11-06,402759,1221.0,2023-11-17,4601,2023-11-21,4,FA,2913,25,NN,Semillas,Fuerza Total Curado,Maníí,29300.0,2023
2023-11-06,402760,1221.0,2023-11-17,4600,2023-11-21,4,FA,2913,25,NN,Semillas,Maníí,Maníí,26000.0,2023
2023-11-06,402763,1225.0,2023-11-15,4552,2023-11-15,4,FA,2901,1864,NN,Semillas,Soja,Soja,40800.0,2023
2023-11-06,402764,1225.0,2023-11-15,4551,2023-11-15,4,FA,2901,1864,NN,Semillas,Soja,Soja,40800.0,2023
2023-11-06,402765,1225.0,2023-11-15,4550,2023-11-15,4,FA,2901,1864,NN,Semillas,Soja,Soja,40800.0,2023
2023-11-06,402766,1225.0,2023-11-15,4549,2023-11-15,4,FA,2901,1864,NN,Semillas,Soja,Soja,40800.0,2023
2023-11-06,402767,1225.0,2023-11-15,4548,2023-11-15,4,FA,2901,1864,NN,Semillas,Soja,Soja,40800.0,2023
2023-11-07,402769,1223.0,2023-11-14,4546,2023-11-23,4,FA,2927,3948,NN,Semillas,Maíz,Maíz,19000.0,2023
2023-11-08,402770,1224.0,2023-11-16,4556,2023-11-21,4,FA,2906,3875,NN,Semillas,Maíz,Maíz,19000.0,2023
2023-11-08,402771,1226.0,2023-11-17,4592,2023-11-21,4,FA,2904,4339,NN,Semillas,Poder + Peso,Soja,25500.0,2023
2023-11-08,402772,1227.0,2023-11-17,4591,2023-11-21,4,FA,2908,392,NN,Semillas,Fuerza Total,Soja,26000.0,2023
2023-11-08,402773,1227.0,2023-11-17,4590,2023-11-21,4,FA,2908,392,NN,Semillas,Fuerza Total,Soja,26000.0,2023
2023-11-08,402774,1227.0,2023-11-17,4589,2023-11-21,4,FA,2908,392,NN,Semillas,Fuerza Total,Soja,26000.0,2023
2023-11-08,402775,1227.0,2023-11-17,4588,2023-11-21,4,FA,2908,392,NN,Semillas,Fuerza Total,Soja,26000.0,2023
2023-11-08,402776,1227.0,2023-11-17,4587,2023-11-21,4,FA,2908,392,NN,Semillas,Fuerza Total,Soja,26000.0,2023
2023-11-08,402777,1227.0,2023-11-17,4586,2023-11-21,4,FA,2908,392,NN,Semillas,Fuerza Total,Soja,26000.0,2023
2023-11-08,402778,1227.0,2023-11-17,4585,2023-11-21,4,FA,2908,392,NN,Semillas,Fuerza Total,Soja,26000.0,2023
2023-11-08,402779,1227.0,2023-11-17,4584,2023-11-21,4,FA,2908,392,NN,Semillas,Fuerza Total,Soja,26000.0,2023
2023-11-08,402780,1227.0,2023-11-17,4583,2023-11-21,4,FA,2908,392,NN,Semillas,Fuerza Total,Soja,26000.0,2023
2023-11-08,402781,1227.0,2023-11-17,4582,2023-11-21,4,FA,2908,392,NN,Semillas,Fuerza Total,Soja,26000.0,2023
2023-11-08,402782,1227.0,2023-11-17,4581,2023-11-21,4,FA,2908,392,NN,Semillas,Fuerza Total,Soja,26000.0,2023
2023-11-08,402783,1227.0,2023-11-17,4580,2023-11-21,4,FA,2908,392,NN,Semillas,Fuerza Total,Soja,26000.0,2023
2023-11-08,402784,1227.0,2023-11-17,4579,2023-11-21,4,FA,2908,392,NN,Semillas,Fuerza Total,Soja,26000.0,2023
2023-11-08,402785,1227.0,2023-11-17,4578,2023-11-21,4,FA,2908,392,NN,Semillas,Fuerza Total,Soja,26000.0,2023
2023-11-08,402786,1227.0,2023-11-17,4577,2023-11-21,4,FA,2908,392,NN,Semillas,Fuerza Total,Soja,26000.0,2023
2023-11-08,402787,1227.0,2023-11-17,4576,2023-11-21,4,FA,2908,392,NN,Semillas,Fuerza Total,Soja,26000.0,2023
2023-11-08,402788,1227.0,2023-11-17,4575,2023-11-21,4,FA,2908,392,NN,Semillas,Fuerza Total,Soja,26000.0,2023
2023-11-08,402789,1228.0,2023-11-17,4574,2023-11-21,4,FA,2908,392,NN,Semillas,Fuerza Total,Soja,26000.0,2023
2023-11-08,402790,1228.0,2023-11-17,4573,2023-11-21,4,FA,2908,392,NN,Semillas,Fuerza Total,Soja,26000.0,2023
2023-11-08,402791,1228.0,2023-11-17,4572,2023-11-21,4,FA,2908,392,NN,Semillas,Fuerza Total,Soja,26000.0,2023
2023-11-08,402792,1229.0,2023-11-17,4571,2023-11-21,4,FA,2908,392,NN,Semillas,Fuerza Total,Soja,26000.0,2023
2023-11-08,402793,1224.0,2023-11-17,4570,2023-11-21,4,FA,2908,392,NN,Semillas,Fuerza Total,Soja,26000.0,2023
2023-11-08,402794,1229.0,2023-11-17,4569,2023-11-21,4,FA,2908,392,NN,Semillas,Fuerza Total,Soja,26000.0,2023
2023-11-08,402795,1229.0,2023-11-17,4568,2023-11-21,4,FA,2908,392,NN,Semillas,Fuerza Total,Soja,26000.0,2023
2023-11-08,402796,1229.0,2023-11-17,4567,2023-11-21,4,FA,2908,392,NN,Semillas,Fuerza Total,Soja,26000.0,2023
2023-11-08,402797,1229.0,2023-11-17,4566,2023-11-21,4,FA,2908,392,NN,Semillas,Fuerza Total,Soja,26000.0,2023
2023-11-08,402798,1229.0,2023-11-17,4565,2023-11-21,4,FA,2908,392,NN,Semillas,Fuerza Total,Soja,26000.0,2023
2023-11-08,402799,1229.0,2023-11-17,4564,2023-11-21,4,FA,2908,392,NN,Semillas,Fuerza Total,Soja,26000.0,2023
2023-11-08,402800,1229.0,2023-11-17,4563,2023-11-21,4,FA,2908,392,NN,Semillas,Fuerza Total,Soja,26000.0,2023
2023-11-08,402801,1229.0,2023-11-17,4562,2023-11-21,4,FA,2908,392,NN,Semillas,Fuerza Total,Soja,26000.0,2023
2023-11-08,402802,1229.0,2023-11-17,4561,2023-11-21,4,FA,2908,392,NN,Semillas,Fuerza Total,Soja,26000.0,2023
2023-11-08,402803,1229.0,2023-11-17,4560,2023-11-21,4,FA,2908,392,NN,Semillas,Fuerza Total,Soja,26000.0,2023
2023-11-08,402804,1230.0,2023-11-16,4555,2023-11-21,4,FA,2911,1856,NN,Semillas,Maíz,Maíz,19000.0,2023
2023-11-08,402805,1231.0,2023-11-16,4554,2023-11-21,4,FA,2916,5114,NN,Semillas,Maíz,Maíz,19000.0,2023
2023-11-08,402806,1231.0,2023-11-16,4553,2023-11-21,4,FA,2916,5114,NN,Semillas,Maíz,Maíz,19000.0,2023
2023-11-08,402807,1232.0,2023-11-17,4597,2023-11-21,4,FA,2907,2801,NN,Semillas,Poroto,Poroto,19000.0,2023
2023-11-09,402808,1233.0,2023-11-10,4545,2023-11-13,4,FA,2894,772,NN,Semillas,Soja,Soja,24100.0,2023
2023-11-09,402809,1233.0,2023-11-17,4596,2023-11-21,4,FA,2905,772,NN,Semillas,Poder + Peso,Soja,37000.0,2023
2023-11-09,402811,1234.0,2023-11-17,4595,2023-11-21,4,FA,2915,4329,NN,Semillas,Soja,Soja,19000.0,2023
2023-11-10,402905,1235.0,2023-11-17,4599,2023-11-21,4,FA,2912,700,NN,Semillas,Soja,Soja,24400.0,2023
2023-11-10,402906,1235.0,2023-11-17,4598,2023-11-21,4,FA,2912,700,NN,Semillas,Soja,Soja,24400.0,2023
2023-11-10,402907,1236.0,2023-11-17,4594,2023-11-21,4,FA,2904,4339,NN,Semillas,Poder + Peso,Soja,25500.0,2023
2023-11-10,402908,1236.0,2023-11-17,4593,2023-11-21,4,FA,2904,4339,NN,Semillas,Poder + Peso,Soja,25500.0,2023
2023-11-13,402909,1237.0,2023-11-22,4611,2023-11-23,4,FA,2921,2257,NN,Semillas,Fuerza Total,Soja,26000.0,2023
2023-11-13,402910,1238.0,2023-11-22,4610,2023-11-23,4,FA,2923,5115,NN,Semillas,Fuerza Total,Soja,26000.0,2023
2023-11-13,402911,1239.0,2023-11-22,4609,2023-11-23,4,FA,2920,350,NN,Semillas,Fuerza Total Curado,Soja,29300.0,2023
2023-11-13,402912,1239.0,2023-11-22,4608,2023-11-23,4,FA,2920,350,NN,Semillas,Fuerza Total Curado,Soja,29300.0,2023
2023-11-13,402913,1239.0,2023-11-22,4607,2023-11-23,4,FA,2920,350,NN,Semillas,Fuerza Total Curado,Soja,29300.0,2023
2023-11-13,402914,1239.0,2023-11-22,4606,2023-11-23,4,FA,2920,350,NN,Semillas,Fuerza Total Curado,Soja,29300.0,2023
2023-11-14,402915,1240.0,2023-11-22,4605,2023-11-23,4,FA,2922,4557,NN,Semillas,Fuerza Total,Soja,26000.0,2023
2023-11-14,402916,1240.0,2023-11-22,4604,2023-11-23,4,FA,2922,4557,NN,Semillas,Fuerza Total,Soja,26000.0,2023
2023-11-14,402917,1240.0,2023-11-22,4603,2023-11-23,4,FA,2922,4557,NN,Semillas,Fuerza Total,Soja,26000.0,2023
2023-11-14,402918,1240.0,2023-11-22,4602,2023-11-23,4,FA,2922,4557,NN,Semillas,Fuerza Total,Soja,26000.0,2023
2023-11-16,403210,1241.0,2023-11-24,4613,2023-11-28,4,FA,2932,4826,NN,Semillas,Soja,Soja,24400.0,2023
2023-11-16,403211,1241.0,2023-11-24,4612,2023-11-28,4,FA,2932,4826,NN,Semillas,Soja,Soja,24400.0,2023
2023-11-17,403273,1242.0,2023-11-29,4618,2023-11-28,4,FA,2929,1286,NN,Semillas,Fuerza Total,Trigo,26000.0,2023
2023-11-17,403274,1242.0,2023-11-29,4617,2023-11-28,4,FA,2929,1286,NN,Semillas,Fuerza Total,Trigo,26000.0,2023
2023-11-17,403275,1242.0,2023-11-29,4616,2023-11-28,4,FA,2929,1286,NN,Semillas,Fuerza Total,Trigo,26000.0,2023
2023-11-21,403309,1243.0,2023-12-01,4633,2023-12-04,4,FA,2948,5057,NN,Semillas,Trigo,Trigo,19000.0,2023
2023-11-21,403310,1243.0,2023-12-01,4632,2023-12-04,4,FA,2948,5057,NN,Semillas,Trigo,Trigo,19000.0,2023
2023-11-21,403311,1243.0,2023-12-01,4631,2023-12-04,4,FA,2948,5057,NN,Semillas,Centeno,Centeno,19000.0,2023
2023-11-21,403312,1244.0,2023-11-29,4622,2023-11-29,4,FA,2939,5012,NN,Semillas,Garbanzo,Garbanzo,19000.0,2023
2023-11-22,403313,1245.0,2023-11-30,4630,2023-12-04,4,FA,2946,4329,NN,Semillas,Fuerza Total,Soja,26000.0,2023
2023-11-22,403314,1245.0,2023-11-30,4629,2023-12-04,4,FA,2946,4329,NN,Semillas,Fuerza Total,Soja,19000.0,2023
2023-11-22,403315,1245.0,2023-11-30,4628,2023-12-04,4,FA,2946,4329,NN,Semillas,Fuerza Total,Soja,26000.0,2023
2023-11-23,403330,1247.0,2023-12-01,4635,2023-12-04,4,FA,2947,4878,NN,Semillas,Fuerza Total,Soja,26000.0,2023
2023-11-23,403331,1247.0,2023-12-01,4634,2023-12-04,4,FA,2947,4878,NN,Semillas,Fuerza Total,Soja,26000.0,2023
2023-11-24,403338,1247.0,2023-11-24,4615,2023-11-28,4,FA,2933,4878,NN,Semillas,Soja,Soja,24200.0,2023
2023-11-24,403339,1247.0,2023-11-24,4614,2023-11-28,4,FA,2933,4878,NN,Semillas,Soja,Soja,24200.0,2023
2023-11-24,403340,1248.0,2023-12-01,4638,2023-12-04,4,FA,2947,4878,NN,Semillas,Fuerza Total,Soja,26000.0,2023
2023-11-24,403341,1248.0,2023-12-01,4637,2023-12-04,4,FA,2947,4878,NN,Semillas,Fuerza Total,Soja,26000.0,2023
2023-11-24,403342,1248.0,2023-12-01,4636,2023-12-04,4,FA,2947,4878,NN,Semillas,Fuerza Total,Soja,26000.0,2023
2023-11-24,403343,1248.0,2023-11-28,4621,2023-11-29,4,FA,2938,4878,NN,Semillas,Soja,Soja,24200.0,2023
2023-11-24,403344,1248.0,2023-11-28,4620,2023-11-29,4,FA,2938,4878,NN,Semillas,Soja,Soja,24200.0,2023
2023-11-24,403345,1248.0,2023-11-28,4619,2023-11-29,4,FA,2938,4878,NN,Semillas,Soja,Soja,24200.0,2023
2023-11-28,403622,1249.0,2023-12-11,4654,2023-12-13,4,FA,2960,5117,NN,Semillas,Semilla Vital,Melilotus Albus,35300.0,2023
2023-11-28,403623,1249.0,2023-12-14,4658,2023-12-18,4,FA,2971,5117,NN,Semillas,Semilla Vital,Avena Blanca / Amarilla/ Byzantina,35300.0,2023
2023-11-28,403624,1249.0,2023-12-29,4667,2023-12-29,4,FA,2984,5117,NN,Semillas,Semilla Vital,Buffel Grass,39000.0,2023
2023-11-28,403625,1249.0,2023-12-29,4666,2023-12-29,4,FA,2984,5117,NN,Semillas,Gatton Panic,Gatton Panic,39000.0,2023
2023-11-29,403746,1250.0,2023-12-06,4642,2023-12-07,4,FA,2953,392,NN,Semillas,Fuerza Total,Soja,26000.0,2023
2023-11-29,403747,1250.0,2023-12-06,4641,2023-12-07,4,FA,2953,392,NN,Semillas,Fuerza Total,Soja,26000.0,2023
2023-11-30,403748,1251.0,2023-12-07,4645,2023-12-07,4,FA,2956,960,NN,Semillas,Soja,Soja,40800.0,2023
2023-11-30,403749,1251.0,2023-12-07,4644,2023-12-07,4,FA,2956,960,NN,Semillas,Soja,Soja,40800.0,2023
2023-11-30,403750,1251.0,2023-12-01,4640,2023-12-04,4,FA,2944,960,NN,Semillas,Soja,Soja,24100.0,2023
2023-11-30,403751,1251.0,2023-12-01,4639,2023-12-04,4,FA,2944,960,NN,Semillas,Soja,Soja,24100.0,2023
2023-12-01,403855,1252.0,2023-12-07,4647,2023-12-07,4,FA,2951,4557,NN,Semillas,Fuerza Total,Soja,26000.0,2023
2023-12-01,403856,1252.0,2023-12-07,4646,2023-12-07,4,FA,2951,4557,NN,Semillas,Fuerza Total,Soja,26000.0,2023
2023-12-04,403979,1253.0,2023-12-12,4655,2023-12-13,4,FA,2962,5114,NN,Semillas,Soja,Soja,19000.0,2023
2023-12-04,403983,1254.0,2023-12-12,4657,2023-12-13,4,FA,2965,1660,NN,Semillas,Fuerza Total,Soja,26000.0,2023
2023-12-04,403984,1254.0,2023-12-12,4656,2023-12-13,4,FA,2965,1660,NN,Semillas,Fuerza Total,Soja,26000.0,2023
2023-12-06,404094,1255.0,2023-12-07,4653,2023-12-13,4,FA,2958,1328,NN,Semillas,Avena Blanca / Amarilla/ Byzantina,Avena Blanca / Amarilla/ Byzantina,17500.0,2023
2023-12-06,404095,1255.0,2023-12-07,4652,2023-12-13,4,FA,2958,1328,NN,Semillas,Avena Blanca / Amarilla/ Byzantina,Avena Blanca / Amarilla/ Byzantina,17500.0,2023
2023-12-06,404096,1255.0,2023-12-07,4651,2023-12-13,4,FA,2958,1328,NN,Semillas,Avena Blanca / Amarilla/ Byzantina,Avena Blanca / Amarilla/ Byzantina,17500.0,2023
2023-12-06,404097,1255.0,2023-12-07,4650,2023-12-13,4,FA,2958,1328,NN,Semillas,Avena Blanca / Amarilla/ Byzantina,Avena Blanca / Amarilla/ Byzantina,17500.0,2023
2023-12-06,404098,1255.0,2023-12-07,4649,2023-12-13,4,FA,2958,1328,NN,Semillas,Avena Blanca / Amarilla/ Byzantina,Avena Blanca / Amarilla/ Byzantina,17500.0,2023
2023-12-06,404099,1255.0,2023-12-07,4648,2023-12-13,4,FA,2958,1328,NN,Semillas,Avena Blanca / Amarilla/ Byzantina,Avena Blanca / Amarilla/ Byzantina,17500.0,2023
2023-12-07,404189,1257.0,2023-12-14,4660,2023-12-18,4,FA,2972,981,NN,Semillas,Fuerza Total,Maíz,26000.0,2023
2023-12-07,404190,1257.0,2023-12-14,4659,2023-12-18,4,FA,2972,981,NN,Semillas,Fuerza Total,Maíz,26000.0,2023
2023-12-15,404410,1258.0,2023-12-26,4663,2023-12-28,4,FA,2982,835,NN,Semillas,Trigo,Trigo,19000.0,2023
2023-12-19,404412,1260.0,2023-12-27,4665,2023-12-28,4,FA,2981,5029,NN,Semillas,Soja,Soja,19000.0,2023
2023-12-28,404711,1262.0,2024-01-12,4676,2024-01-16,4,FA,2996,104,NN,Semillas,Fuerza Total,Avena Blanca / Amarilla/ Byzantina,26000.0,2023
2023-12-28,404712,1262.0,2024-01-12,4675,2024-01-16,4,FA,2996,104,NN,Semillas,Fuerza Total,Avena Blanca / Amarilla/ Byzantina,26000.0,2023
2023-12-28,404713,1263.0,2024-01-12,4674,2024-01-16,4,FA,2997,319,NN,Semillas,Sorgo,Sorgo,19000.0,2023
2023-12-28,404714,1264.0,2024-01-05,4669,2024-01-09,4,FA,2987,5083,NN,Semillas,Fuerza Total,Soja,26000.0,2023
2023-12-28,404715,1264.0,2024-01-05,4668,2024-01-09,4,FA,2987,5083,NN,Semillas,Fuerza Total,Soja,26000.0,2023
2024-01-10,404963,1265.0,2024-01-11,4673,2024-01-12,4,FA,2990,392,NN,Semillas,Maíz,Maíz,24100.0,2024
2024-01-17,405039,1271.0,2024-02-01,4696,2024-02-02,4,FA,3019,104,NN,Semillas,Avena Blanca / Amarilla/ Byzantina,Avena Blanca / Amarilla/ Byzantina,19000.0,2024
2024-01-16,405193,1266.0,2024-01-26,4684,2024-01-26,4,FA,3008,981,NN,Semillas,Fuerza Total,Trigo,26000.0,2024
2024-01-16,405194,1266.0,2024-01-26,4683,2024-01-26,4,FA,3008,981,NN,Semillas,Fuerza Total,Trigo,26000.0,2024
2024-01-16,405195,1267.0,2024-02-01,4700,2024-02-02,4,FA,3018,5089,NN,Semillas,Fuerza Total,Sorgo,26000.0,2024
2024-01-16,405196,1267.0,2024-02-01,4699,2024-02-02,4,FA,3018,5089,NN,Semillas,Fuerza Total,Sorgo,26000.0,2024
2024-01-16,405197,1267.0,2024-02-01,4698,2024-02-02,4,FA,3018,5089,NN,Semillas,Fuerza Total,Sorgo,26000.0,2024
2024-01-16,405198,1267.0,2024-02-01,4697,2024-02-02,4,FA,3018,5089,NN,Semillas,Fuerza Total,Sorgo,26000.0,2024
2024-01-16,405202,1268.0,2024-01-26,4682,2024-01-26,4,FA,3007,392,NN,Semillas,Convenio Syngenta Trigo,Trigo,22600.0,2024
2024-01-16,405203,1268.0,2024-01-26,4681,2024-01-26,4,FA,3007,392,NN,Semillas,Convenio Syngenta Trigo,Trigo,22600.0,2024
2024-01-16,405204,1268.0,2024-01-26,4680,2024-01-26,4,FA,3007,392,NN,Semillas,Convenio Syngenta Trigo,Trigo,22600.0,2024
2024-01-16,405205,1268.0,2024-01-26,4679,2024-01-26,4,FA,3007,392,NN,Semillas,Convenio Syngenta Trigo,Trigo,22600.0,2024
2024-01-16,405206,1268.0,2024-01-26,4678,2024-01-26,4,FA,3007,392,NN,Semillas,Convenio Syngenta Trigo,Trigo,22600.0,2024
2024-01-17,405207,1269.0,2024-01-26,4691,2024-01-26,4,FA,3007,392,NN,Semillas,Trigo,Trigo,46800.0,2024
2024-01-17,405208,1269.0,2024-01-26,4690,2024-01-26,4,FA,3007,392,NN,Semillas,Trigo,Trigo,46800.0,2024
2024-01-17,405209,1269.0,2024-01-26,4689,2024-01-26,4,FA,3007,392,NN,Semillas,Trigo,Trigo,46800.0,2024
2024-01-17,405210,1269.0,2024-01-26,4688,2024-01-26,4,FA,3007,392,NN,Semillas,Trigo,Trigo,46800.0,2024
2024-01-17,405211,1269.0,2024-01-26,4687,2024-01-26,4,FA,3007,392,NN,Semillas,Trigo,Trigo,46800.0,2024
2024-01-17,405212,1269.0,2024-01-26,4686,2024-01-26,4,FA,3007,392,NN,Semillas,Trigo,Trigo,46800.0,2024
2024-01-17,405213,1269.0,2024-01-26,4685,2024-01-26,4,FA,3007,392,NN,Semillas,Trigo,Trigo,46800.0,2024
2024-01-17,405214,1270.0,2024-01-26,4692,2024-01-26,4,FA,3009,5087,NN,Semillas,Trigo,Trigo,19000.0,2024
2024-01-17,405218,1271.0,2024-02-01,4695,2024-02-02,4,FA,3019,104,NN,Semillas,Avena Blanca / Amarilla/ Byzantina,Avena Blanca / Amarilla/ Byzantina,19000.0,2024
2024-01-22,405219,1272.0,2024-01-30,4693,2024-02-02,4,FA,3015,392,NN,Semillas,Semilla Vital Para Soja,Soja,35300.0,2024
2024-01-22,405494,1273.0,2024-02-01,4737,2024-02-02,4,FA,3015,392,NN,Semillas,Convenio Syngenta Trigo,Trigo,22600.0,2024
2024-01-22,405495,1273.0,2024-02-01,4736,2024-02-02,4,FA,3015,392,NN,Semillas,Convenio Syngenta Trigo,Trigo,22600.0,2024
2024-01-22,405496,1273.0,2024-02-01,4735,2024-02-02,4,FA,3015,392,NN,Semillas,Convenio Syngenta Trigo,Trigo,22600.0,2024
2024-01-22,405497,1273.0,2024-02-01,4734,2024-02-02,4,FA,3015,392,NN,Semillas,Convenio Syngenta Trigo,Trigo,22600.0,2024
2024-01-22,405498,1273.0,2024-02-01,4733,2024-02-02,4,FA,3015,392,NN,Semillas,Convenio Syngenta Trigo,Trigo,22600.0,2024
2024-01-22,405499,1273.0,2024-02-01,4732,2024-02-02,4,FA,3015,392,NN,Semillas,Convenio Syngenta Trigo,Trigo,22600.0,2024
2024-01-22,405500,1273.0,2024-02-01,4731,2024-02-02,4,FA,3015,392,NN,Semillas,Convenio Syngenta Trigo,Trigo,22600.0,2024
2024-01-22,405501,1273.0,2024-02-01,4730,2024-02-02,4,FA,3015,392,NN,Semillas,Convenio Syngenta Trigo,Trigo,22600.0,2024
2024-01-22,405502,1273.0,2024-02-01,4729,2024-02-02,4,FA,3015,392,NN,Semillas,Convenio Syngenta Trigo,Trigo,22600.0,2024
2024-01-22,405503,1273.0,2024-02-01,4728,2024-02-02,4,FA,3015,392,NN,Semillas,Convenio Syngenta Trigo,Trigo,22600.0,2024
2024-01-22,405504,1273.0,2024-02-01,4727,2024-02-02,4,FA,3015,392,NN,Semillas,Convenio Syngenta Trigo,Trigo,22600.0,2024
2024-01-22,405505,1273.0,2024-02-01,4726,2024-02-02,4,FA,3015,392,NN,Semillas,Convenio Syngenta Trigo,Trigo,22600.0,2024
2024-01-22,405506,1273.0,2024-02-01,4725,2024-02-02,4,FA,3015,392,NN,Semillas,Convenio Syngenta Trigo,Trigo,22600.0,2024
2024-01-22,405507,1273.0,2024-02-01,4724,2024-02-02,4,FA,3015,392,NN,Semillas,Convenio Syngenta Trigo,Trigo,22600.0,2024
2024-01-22,405508,1273.0,2024-02-01,4723,2024-02-02,4,FA,3015,392,NN,Semillas,Convenio Syngenta Trigo,Trigo,22600.0,2024
2024-01-22,405509,1273.0,2024-02-01,4722,2024-02-02,4,FA,3015,392,NN,Semillas,Convenio Syngenta Trigo,Trigo,22600.0,2024
2024-01-22,405510,1273.0,2024-02-01,4721,2024-02-02,4,FA,3015,392,NN,Semillas,Convenio Syngenta Trigo,Trigo,22600.0,2024
2024-01-22,405511,1273.0,2024-02-01,4720,2024-02-02,4,FA,3015,392,NN,Semillas,Convenio Syngenta Trigo,Trigo,22600.0,2024
2024-01-22,405512,1273.0,2024-02-01,4719,2024-02-02,4,FA,3015,392,NN,Semillas,Convenio Syngenta Trigo,Trigo,22600.0,2024
2024-01-22,405513,1273.0,2024-02-01,4718,2024-02-02,4,FA,3015,392,NN,Semillas,Convenio Syngenta Trigo,Trigo,22600.0,2024
2024-01-22,405514,1273.0,2024-02-01,4717,2024-02-02,4,FA,3015,392,NN,Semillas,Convenio Syngenta Trigo,Trigo,22600.0,2024
2024-01-22,405515,1273.0,2024-02-01,4716,2024-02-02,4,FA,3015,392,NN,Semillas,Convenio Syngenta Trigo,Trigo,22600.0,2024
2024-01-22,405516,1273.0,2024-02-01,4715,2024-02-02,4,FA,3015,392,NN,Semillas,Convenio Syngenta Trigo,Trigo,22600.0,2024
2024-01-22,405517,1273.0,2024-02-01,4714,2024-02-02,4,FA,3015,392,NN,Semillas,Convenio Syngenta Trigo,Trigo,22600.0,2024
2024-01-22,405518,1273.0,2024-02-01,4713,2024-02-02,4,FA,3015,392,NN,Semillas,Convenio Syngenta Trigo,Trigo,22600.0,2024
2024-01-22,405519,1273.0,2024-02-01,4712,2024-02-02,4,FA,3015,392,NN,Semillas,Convenio Syngenta Trigo,Trigo,22600.0,2024
2024-01-22,405520,1273.0,2024-02-01,4711,2024-02-02,4,FA,3015,392,NN,Semillas,Convenio Syngenta Trigo,Trigo,22600.0,2024
2024-01-22,405521,1273.0,2024-02-01,4710,2024-02-02,4,FA,3015,392,NN,Semillas,Convenio Syngenta Trigo,Trigo,22600.0,2024
2024-01-22,405526,1274.0,2024-02-01,4709,2024-02-02,4,FA,3012,714,NN,Semillas,Convenio Syngenta Trigo,Trigo,22600.0,2024
2024-01-22,405527,1274.0,2024-02-01,4708,2024-02-02,4,FA,3012,714,NN,Semillas,Convenio Syngenta Trigo,Trigo,22600.0,2024
2024-01-22,405528,1274.0,2024-02-01,4707,2024-02-02,4,FA,3012,714,NN,Semillas,Convenio Syngenta Trigo,Trigo,22600.0,2024
2024-01-22,405529,1274.0,2024-02-01,4706,2024-02-02,4,FA,3012,714,NN,Semillas,Convenio Syngenta Trigo,Trigo,22600.0,2024
2024-01-22,405530,1274.0,2024-02-01,4705,2024-02-02,4,FA,3012,714,NN,Semillas,Convenio Syngenta Trigo,Trigo,22600.0,2024
2024-01-22,405531,1274.0,2024-02-01,4704,2024-02-02,4,FA,3012,714,NN,Semillas,Convenio Syngenta Trigo,Trigo,22600.0,2024
2024-01-22,405532,1274.0,2024-02-01,4703,2024-02-02,4,FA,3012,714,NN,Semillas,Convenio Syngenta Trigo,Trigo,22600.0,2024
2024-01-22,405533,1274.0,2024-02-01,4702,2024-02-02,4,FA,3012,714,NN,Semillas,Convenio Syngenta Trigo,Trigo,22600.0,2024
2024-01-22,405534,1274.0,2024-02-01,4701,2024-02-02,4,FA,3012,714,NN,Semillas,Convenio Syngenta Trigo,Trigo,22600.0,2024
2024-01-23,405535,1275.0,2024-02-02,4742,2024-02-08,4,FA,3022,392,NN,Semillas,Convenio Syngenta Trigo,Trigo,22600.0,2024
2024-01-23,405536,1275.0,2024-02-02,4741,2024-02-08,4,FA,3022,392,NN,Semillas,Convenio Syngenta Trigo,Trigo,22600.0,2024
2024-01-23,405537,1275.0,2024-02-02,4740,2024-02-08,4,FA,3022,392,NN,Semillas,Convenio Syngenta Trigo,Trigo,22600.0,2024
2024-01-23,405538,1275.0,2024-02-02,4739,2024-02-08,4,FA,3022,392,NN,Semillas,Convenio Syngenta Trigo,Trigo,22600.0,2024
2024-01-23,405539,1275.0,2024-02-02,4738,2024-02-08,4,FA,3022,392,NN,Semillas,Convenio Syngenta Trigo,Trigo,22600.0,2024
2024-01-23,405540,1276.0,2024-01-25,4677,2024-01-26,4,FA,3006,4947,NN,Semillas,Buffel Grass,Buffel Grass,24100.0,2024
2024-01-24,405719,1277.0,2024-02-06,4751,2024-02-08,4,FA,3024,9261,NN,Semillas,Convenio Syngenta Trigo,Trigo,22600.0,2024
2024-01-24,405720,1277.0,2024-02-06,4750,2024-02-08,4,FA,3024,9261,NN,Semillas,Convenio Syngenta Trigo,Trigo,22600.0,2024
2024-01-24,405721,1277.0,2024-02-06,4749,2024-02-08,4,FA,3024,9261,NN,Semillas,Convenio Syngenta Trigo,Trigo,22600.0,2024
2024-01-24,405722,1277.0,2024-02-06,4748,2024-02-08,4,FA,3024,9261,NN,Semillas,Convenio Syngenta Trigo,Trigo,22600.0,2024
2024-01-24,405723,1277.0,2024-02-06,4747,2024-02-08,4,FA,3024,9261,NN,Semillas,Convenio Syngenta Trigo,Trigo,22600.0,2024
2024-01-24,405724,1277.0,2024-02-06,4746,2024-02-08,4,FA,3024,9261,NN,Semillas,Convenio Syngenta Trigo,Trigo,22600.0,2024
2024-01-24,405725,1277.0,2024-02-06,4745,2024-02-08,4,FA,3024,9261,NN,Semillas,Convenio Syngenta Trigo,Trigo,22600.0,2024
2024-01-24,405726,1277.0,2024-02-06,4744,2024-02-08,4,FA,3024,9261,NN,Semillas,Convenio Syngenta Trigo,Trigo,22600.0,2024
2024-01-24,405727,1277.0,2024-02-06,4743,2024-02-08,4,FA,3024,9261,NN,Semillas,Convenio Syngenta Trigo,Trigo,22600.0,2024
2024-01-25,405926,1278.0,2024-02-01,4694,2024-02-02,4,FA,3013,3344,NN,Semillas,Fuerza Total,Maíz,26000.0,2024
2024-01-29,406103,1279.0,2024-02-08,4756,2024-02-14,4,FA,3026,392,NN,Semillas,Convenio Syngenta Trigo,Trigo,22600.0,2024
2024-01-29,406104,1279.0,2024-02-08,4755,2024-02-14,4,FA,3026,392,NN,Semillas,Convenio Syngenta Trigo,Trigo,22600.0,2024
2024-01-29,406105,1279.0,2024-02-08,4754,2024-02-14,4,FA,3026,392,NN,Semillas,Convenio Syngenta Trigo,Trigo,22600.0,2024
2024-02-02,406304,1280.0,2024-02-26,4765,2024-02-29,4,FA,3046,104,NN,Semillas,Urochloa Brizantha,Urochloa Brizantha,31000.0,2024
2024-02-02,406305,1280.0,2024-02-19,4760,2024-02-22,4,FA,3038,104,NN,Semillas,Vicia,Vicia,31000.0,2024
2024-02-02,406306,1280.0,2024-02-15,4758,2024-02-16,4,FA,3030,104,NN,Semillas,Avena Blanca / Amarilla/ Byzantina,Avena Blanca / Amarilla/ Byzantina,31000.0,2024
2024-02-02,406307,1281.0,2024-02-14,4757,2024-02-16,4,FA,3029,392,NN,Semillas,Trigo,Trigo,19000.0,2024
2024-02-07,406381,1284.0,2024-02-07,4753,2024-02-08,4,FA,3023,5123,NN,Semillas,Gatton Panic,Gatton Panic,39000.0,2024
2024-02-07,406382,1284.0,2024-02-07,4752,2024-02-08,4,FA,3023,5123,NN,Semillas,Gatton Panic,Gatton Panic,39000.0,2024
2024-02-06,406451,1282.0,2024-02-27,4766,2024-02-29,4,FA,3046,104,NN,Semillas,Urochloa Brizantha,Urochloa Brizantha,57000.0,2024
2024-02-06,406452,1283.0,2024-02-16,4759,2024-02-22,4,FA,3037,4329,NN,Semillas,Centeno,Centeno,42000.0,2024
2024-02-09,406641,1285.0,2024-03-13,4778,2024-03-18,4,FA,3070,2892,NN,Semillas,Semilla Vital,Gatton Panic,57000.0,2024
2024-02-09,406642,1285.0,2024-03-13,4777,2024-03-18,4,FA,3070,2892,NN,Semillas,Semilla Vital,Gatton Panic,57000.0,2024
2024-02-09,406643,1285.0,2024-03-13,4776,2024-03-18,4,FA,3070,2892,NN,Semillas,Semilla Vital,Gatton Panic,57000.0,2024
2024-02-14,406681,1287.0,2024-02-26,4764,2024-02-29,4,FA,3047,5128,NN,Semillas,Moha,Moha,85000.0,2024
2024-02-14,406682,1286.0,2024-03-04,4768,2024-03-13,4,FA,3060,4528,NN,Semillas,Fuerza Total,Vicia,42000.0,2024
2024-02-21,406833,1288.0,2024-03-07,4770,2024-03-08,4,FA,3051,921,NN,Semillas,Alfalfa,Alfalfa,31000.0,2024
2024-02-28,407383,1291.0,2024-03-08,4773,2024-03-13,4,FA,3059,392,NN,Semillas,Convenio Syngenta Trigo,Trigo,22600.0,2024
2024-02-28,407384,1291.0,2024-03-08,4772,2024-03-13,4,FA,3059,392,NN,Semillas,Convenio Syngenta Trigo,Trigo,22600.0,2024
2024-02-28,407385,1291.0,2024-03-08,4771,2024-03-13,4,FA,3059,392,NN,Semillas,Convenio Syngenta Trigo,Trigo,22600.0,2024
2024-02-28,407392,1292.0,2024-03-08,4775,2024-03-13,4,FA,3062,4849,NN,Semillas,Centeno,Centeno,59000.0,2024
2024-02-28,407393,1292.0,2024-03-08,4774,2024-03-13,4,FA,3062,4849,NN,Semillas,Centeno,Centeno,59000.0,2024
2024-03-01,407398,1293.0,2024-03-14,4782,2024-03-18,4,FA,3069,25,NN,Semillas,Doble Poder X2,Avena Blanca / Amarilla/ Byzantina,25000.0,2024
2024-03-01,407399,1293.0,2024-03-14,4781,2024-03-18,4,FA,3069,25,NN,Semillas,Doble Poder X2,Avena Blanca / Amarilla/ Byzantina,25000.0,2024
2024-03-01,407400,1293.0,2024-03-14,4780,2024-03-18,4,FA,3069,25,NN,Semillas,Doble Poder X2,Avena Blanca / Amarilla/ Byzantina,25000.0,2024
2024-03-01,407401,1293.0,2024-03-14,4779,2024-03-18,4,FA,3069,25,NN,Semillas,Doble Poder X2,Avena Blanca / Amarilla/ Byzantina,25000.0,2024
2024-03-05,407606,1295.0,2024-03-15,4789,2024-03-18,4,FA,3066,392,NN,Semillas,Convenio Syngenta Trigo,Trigo,22600.0,2024
2024-03-08,407951,1296.0,2024-03-19,4810,2024-03-22,4,FA,3072,4039,NN,Semillas,Trigo,Trigo,31000.0,2024
2024-03-08,407952,1298.0,2024-03-19,4809,2024-03-22,4,FA,3073,9000,NN,Semillas,Trigo,Trigo,31000.0,2024
2024-03-08,407953,1299.0,2024-03-19,4808,2024-03-22,4,FA,3074,2677,NN,Semillas,Trigo,Trigo,31000.0,2024
2024-03-08,407954,1299.0,2024-03-19,4807,2024-03-22,4,FA,3074,2677,NN,Semillas,Trigo,Trigo,31000.0,2024
2024-03-08,407955,1296.0,2024-03-19,4812,2024-03-22,4,FA,3072,4039,NN,Semillas,Avena Blanca / Amarilla/ Byzantina,Avena Blanca / Amarilla/ Byzantina,31000.0,2024
2024-03-08,407956,1296.0,2024-03-19,4811,2024-03-22,4,FA,3072,4039,NN,Semillas,Avena Blanca / Amarilla/ Byzantina,Avena Blanca / Amarilla/ Byzantina,31000.0,2024
2024-03-08,408001,1297.0,2024-03-18,4806,2024-03-22,4,FA,3075,522,NN,Semillas,Convenio Syngenta Trigo,Trigo,22600.0,2024
2024-03-08,408002,1297.0,2024-03-18,4805,2024-03-22,4,FA,3075,522,NN,Semillas,Convenio Syngenta Trigo,Trigo,22600.0,2024
2024-03-08,408003,1297.0,2024-03-18,4804,2024-03-22,4,FA,3075,522,NN,Semillas,Convenio Syngenta Trigo,Trigo,22600.0,2024
2024-03-08,408004,1297.0,2024-03-18,4803,2024-03-22,4,FA,3075,522,NN,Semillas,Convenio Syngenta Trigo,Trigo,22600.0,2024
2024-03-08,408005,1297.0,2024-03-18,4802,2024-03-22,4,FA,3075,522,NN,Semillas,Convenio Syngenta Trigo,Trigo,22600.0,2024
2024-03-08,408006,1297.0,2024-03-18,4801,2024-03-22,4,FA,3075,522,NN,Semillas,Convenio Syngenta Trigo,Trigo,22600.0,2024
2024-03-08,408007,1297.0,2024-03-18,4800,2024-03-22,4,FA,3075,522,NN,Semillas,Convenio Syngenta Trigo,Trigo,30000.0,2024
2024-03-08,408008,1297.0,2024-03-18,4799,2024-03-22,4,FA,3075,522,NN,Semillas,Convenio Syngenta Trigo,Trigo,22600.0,2024
2024-03-08,408009,1297.0,2024-03-18,4798,2024-03-22,4,FA,3075,522,NN,Semillas,Convenio Syngenta Trigo,Trigo,22600.0,2024
2024-03-08,408010,1297.0,2024-03-18,4797,2024-03-22,4,FA,3075,522,NN,Semillas,Convenio Syngenta Trigo,Trigo,22600.0,2024
2024-03-08,408011,1297.0,2024-03-18,4796,2024-03-22,4,FA,3075,522,NN,Semillas,Convenio Syngenta Trigo,Trigo,22600.0,2024
2024-03-08,408012,1297.0,2024-03-18,4795,2024-03-22,4,FA,3075,522,NN,Semillas,Convenio Syngenta Trigo,Trigo,22600.0,2024
2024-03-08,408013,1297.0,2024-03-18,4794,2024-03-22,4,FA,3075,522,NN,Semillas,Convenio Syngenta Trigo,Trigo,22600.0,2024
2024-03-08,408014,1297.0,2024-03-18,4793,2024-03-22,4,FA,3075,522,NN,Semillas,Convenio Syngenta Trigo,Trigo,22300.0,2024
2024-03-08,408015,1297.0,2024-03-18,4792,2024-03-22,4,FA,3075,522,NN,Semillas,Convenio Syngenta Trigo,Trigo,22600.0,2024
2024-03-08,408016,1297.0,2024-03-18,4791,2024-03-22,4,FA,3075,522,NN,Semillas,Convenio Syngenta Trigo,Trigo,22600.0,2024
2024-03-08,408017,1297.0,2024-03-18,4790,2024-03-22,4,FA,3075,522,NN,Semillas,Convenio Syngenta Trigo,Trigo,22600.0,2024
2024-03-14,408473,1300.0,2024-03-26,4813,2024-03-27,4,FA,3079,2375,NN,Semillas,Calidad Trigo/Soja,Trigo,30000.0,2024
2024-03-14,408476,1301.0,2024-03-26,4815,2024-03-27,4,FA,3081,981,NN,Semillas,Fuerza Total,Trigo,42000.0,2024
2024-03-14,408477,1301.0,2024-03-26,4814,2024-03-27,4,FA,3081,981,NN,Semillas,Fuerza Total,Trigo,42000.0,2024
2024-03-15,408479,1302.0,2024-04-10,4828,2024-04-15,4,FA,3092,104,NN,Semillas,Semilla Vital,Pasto Ovillo,57000.0,2024
2024-03-15,408480,1302.0,2024-04-03,4817,2024-04-15,4,FA,3092,104,NN,Semillas,Vicia,Vicia,31000.0,2024
2024-03-21,408859,1303.0,2024-04-03,4816,2024-04-03,4,FA,3085,3659,NN,Semillas,Garbanzo,Garbanzo,31000.0,2024
2024-03-25,409277,1304.0,2024-04-03,4818,2024-04-15,4,FA,3093,4849,NN,Semillas,Centeno,Centeno,31000.0,2024
2024-03-26,409292,1305.0,2024-04-08,4827,2024-04-15,4,FA,3090,392,NN,Semillas,Calidad Trigo/Soja,Trigo,30000.0,2024
2024-03-26,409293,1305.0,2024-04-08,4826,2024-04-15,4,FA,3090,392,NN,Semillas,Calidad Trigo/Soja,Trigo,30000.0,2024
2024-03-26,409294,1305.0,2024-04-08,4825,2024-04-15,4,FA,3090,392,NN,Semillas,Calidad Trigo/Soja,Trigo,30000.0,2024
2024-03-26,409295,1305.0,2024-04-08,4824,2024-04-15,4,FA,3090,392,NN,Semillas,Calidad Trigo/Soja,Trigo,30000.0,2024
2024-03-26,409296,1305.0,2024-04-08,4823,2024-04-15,4,FA,3090,392,NN,Semillas,Calidad Trigo/Soja,Trigo,30000.0,2024
2024-03-26,409297,1305.0,2024-04-08,4822,2024-04-15,4,FA,3090,392,NN,Semillas,Calidad Trigo/Soja,Trigo,30000.0,2024
2024-03-26,409331,1306.0,2024-04-08,4820,2024-04-15,4,FA,3094,981,NN,Semillas,Fuerza Total,Trigo,42000.0,2024
2024-03-27,409337,1307.0,2024-04-05,4819,2024-04-15,4,FA,3092,104,NN,Semillas,Alfalfa,Alfalfa,57000.0,2024
2024-03-27,409338,1307.0,2024-04-12,4833,2024-04-17,4,FA,3112,104,NN,Semillas,Alfalfa,Alfalfa,31000.0,2024
2024-03-27,409386,1308.0,2024-04-08,4821,2024-04-15,4,FA,3091,1864,NN,Semillas,Fuerza Total,Trigo,42000.0,2024
2024-04-03,409542,1309.0,2024-04-26,4893,2024-04-30,4,FA,3131,62,NN,Semillas,Agropiro,Agropiro,45000.0,2024
2024-04-03,409543,1309.0,2024-04-26,4892,2024-04-30,4,FA,3131,62,NN,Semillas,Agropiro,Agropiro,45000.0,2024
2024-04-03,409544,1309.0,2024-04-22,4871,2024-04-24,4,FA,3123,62,NN,Semillas,Festuca,Festuca,45000.0,2024
2024-04-03,409545,1309.0,2024-04-22,4870,2024-04-24,4,FA,3123,62,NN,Semillas,Festuca,Festuca,45000.0,2024
2024-04-03,409546,1309.0,2024-04-22,4873,2024-04-24,4,FA,3123,62,NN,Semillas,Grama Rhodes,Grama Rhodes,45000.0,2024
2024-04-03,409547,1309.0,2024-04-22,4872,2024-04-24,4,FA,3123,62,NN,Semillas,Grama Rhodes,Grama Rhodes,45000.0,2024
2024-04-03,409548,1309.0,2024-04-18,4853,2024-04-19,4,FA,3115,62,NN,Semillas,Alfalfa,Alfalfa,45000.0,2024
2024-04-03,409549,1309.0,2024-04-18,4852,2024-04-19,4,FA,3115,62,NN,Semillas,Alfalfa,Alfalfa,45000.0,2024
2024-04-03,409550,1309.0,2024-04-18,4854,2024-04-19,4,FA,3115,62,NN,Semillas,Trebol Rojo,Trebol Rojo,45000.0,2024
2024-04-03,409551,1309.0,2024-04-15,4840,2024-04-17,4,FA,3109,62,NN,Semillas,Melilotus Albus,Melilotus Albus,45000.0,2024
2024-04-03,409552,1310.0,2024-04-17,4844,2024-04-19,4,FA,3115,62,NN,Semillas,Achicoria,Achicoria,31000.0,2024
2024-04-03,409553,1311.0,2024-04-15,4838,2024-04-17,4,FA,3109,62,NN,Semillas,Agropiro,Agropiro,28000.0,2024
2024-04-03,409554,1311.0,2024-04-15,4837,2024-04-17,4,FA,3109,62,NN,Semillas,Agropiro,Agropiro,28000.0,2024
2024-04-03,409555,1311.0,2024-04-15,4836,2024-04-17,4,FA,3109,62,NN,Semillas,Festuca,Festuca,28000.0,2024
2024-04-03,409556,1311.0,2024-04-15,4835,2024-04-17,4,FA,3109,62,NN,Semillas,Festuca,Festuca,28000.0,2024
2024-04-03,409557,1311.0,2024-04-26,4895,2024-04-30,4,FA,3131,62,NN,Semillas,Festuca,Festuca,93000.0,2024
2024-04-03,409558,1311.0,2024-04-26,4894,2024-04-30,4,FA,3131,62,NN,Semillas,Festuca,Festuca,93000.0,2024
2024-04-05,409562,1312.0,2024-04-18,4856,2024-04-19,4,FA,3115,62,NN,Semillas,Alfalfa,Alfalfa,31000.0,2024
2024-04-05,409568,1312.0,2024-04-18,4855,2024-04-19,4,FA,3115,62,NN,Semillas,Alfalfa,Alfalfa,31000.0,2024
2024-04-05,409571,1312.0,2024-04-22,4874,2024-04-24,4,FA,3123,62,NN,Semillas,Semilla Vital,Vicia,57000.0,2024
2024-04-08,409841,1313.0,2024-04-10,4830,2024-04-17,4,FA,3108,1328,NN,Semillas,Gatton Panic,Gatton Panic,39000.0,2024
2024-04-08,409842,1313.0,2024-04-10,4829,2024-04-17,4,FA,3108,1328,NN,Semillas,Gatton Panic,Gatton Panic,39000.0,2024
2024-04-08,409843,1314.0,2024-04-15,4839,2024-04-17,4,FA,3111,25,NN,Semillas,Mijo,Mijo,31000.0,2024
2024-04-08,409844,1314.0,2024-04-18,4851,2024-04-19,4,FA,3116,25,NN,Semillas,Moha,Moha,31000.0,2024
2024-04-08,409845,1315.0,2024-04-25,4888,2024-04-30,4,FA,3135,104,NN,Semillas,Semilla Vital,Vicia,57000.0,2024
2024-04-08,409846,1315.0,2024-04-22,4869,2024-04-24,4,FA,3127,104,NN,Semillas,Vicia,Vicia,31000.0,2024
2024-04-08,409876,1316.0,2024-04-26,4897,2024-04-30,4,FA,3131,62,NN,Semillas,Semilla Vital,Vicia,57000.0,2024
2024-04-08,409877,1316.0,2024-04-26,4896,2024-04-30,4,FA,3131,62,NN,Semillas,Semilla Vital,Vicia,57000.0,2024
2024-04-08,409878,1316.0,2024-05-02,4908,2024-05-07,4,FA,3149,62,NN,Semillas,Semilla Vital,Agropiro,57000.0,2024
2024-04-08,409879,1316.0,2024-04-15,4834,2024-04-17,4,FA,3109,62,NN,Semillas,Agropiro,Agropiro,28000.0,2024
2024-04-08,409880,1317.0,2024-04-11,4832,2024-04-17,4,FB,61,5135,NN,Semillas,Gatton Panic,Gatton Panic,39000.0,2024
2024-04-08,409881,1317.0,2024-04-11,4831,2024-04-17,4,FB,61,5135,NN,Semillas,Grama Rhodes,Grama Rhodes,39000.0,2024
2024-04-09,410105,1318.0,2024-04-17,4848,2024-04-19,4,FA,3113,392,NN,Semillas,Calidad Trigo/Soja,Trigo,30000.0,2024
2024-04-09,410106,1318.0,2024-04-17,4847,2024-04-19,4,FA,3113,392,NN,Semillas,Calidad Trigo/Soja,Trigo,30000.0,2024
2024-04-09,410107,1318.0,2024-04-17,4846,2024-04-19,4,FA,3113,392,NN,Semillas,Calidad Trigo/Soja,Trigo,30000.0,2024
2024-04-09,410108,1318.0,2024-04-17,4845,2024-04-19,4,FA,3113,392,NN,Semillas,Calidad Trigo/Soja,Trigo,30000.0,2024
2024-04-09,410109,1319.0,2024-04-19,4858,2024-04-24,4,FA,3124,392,NN,Semillas,Trigo,Trigo,40600.0,2024
2024-04-09,410110,1319.0,2024-04-19,4857,2024-04-24,4,FA,3124,392,NN,Semillas,Trigo,Trigo,40600.0,2024
2024-04-10,410324,1320.0,2024-04-18,4850,2024-04-19,4,FA,3114,4339,NN,Semillas,Soja,Soja,31000.0,2024
2024-04-10,410325,1320.0,2024-04-18,4849,2024-04-19,4,FA,3114,4339,NN,Semillas,Soja,Soja,3100.0,2024
2024-04-10,410326,1321.0,2024-04-23,4878,2024-04-24,4,FA,3125,1856,NN,Semillas,Fuerza Total,Trigo,42000.0,2024
2024-04-10,410327,1321.0,2024-04-23,4877,2024-04-24,4,FA,3125,1856,NN,Semillas,Fuerza Total,Trigo,42000.0,2024
2024-04-10,410328,1321.0,2024-04-23,4876,2024-04-24,4,FA,3125,1856,NN,Semillas,Fuerza Total,Trigo,42000.0,2024
2024-04-10,410329,1322.0,2024-04-15,4843,2024-04-17,4,FA,3110,1856,NN,Semillas,Trigo,Trigo,28000.0,2024
2024-04-10,410330,1322.0,2024-04-15,4842,2024-04-17,4,FA,3110,1856,NN,Semillas,Trigo,Trigo,28000.0,2024
2024-04-10,410331,1322.0,2024-04-15,4841,2024-04-17,4,FA,3110,1856,NN,Semillas,Trigo,Trigo,28000.0,2024
2024-04-12,410533,1323.0,2024-04-19,4868,2024-04-24,4,FA,3126,798,NN,Semillas,Trigo,Trigo,31000.0,2024
2024-04-12,410534,1323.0,2024-04-23,4875,2024-04-24,4,FA,3126,798,NN,Semillas,Trigo,Trigo,31000.0,2024
2024-04-12,410535,1323.0,2024-04-19,4867,2024-04-24,4,FA,3126,798,NN,Semillas,Trigo,Trigo,31000.0,2024
2024-04-12,410536,1323.0,2024-04-19,4866,2024-04-24,4,FA,3126,798,NN,Semillas,Trigo,Trigo,31000.0,2024
2024-04-12,410537,1323.0,2024-04-19,4865,2024-04-24,4,FA,3126,798,NN,Semillas,Trigo,Trigo,31000.0,2024
2024-04-12,410538,1323.0,2024-04-19,4864,2024-04-24,4,FA,3126,798,NN,Semillas,Trigo,Trigo,31000.0,2024
2024-04-12,410539,1323.0,2024-04-19,4863,2024-04-24,4,FA,3126,798,NN,Semillas,Trigo,Trigo,31000.0,2024
2024-04-12,410540,1323.0,2024-04-19,4862,2024-04-24,4,FA,3126,798,NN,Semillas,Trigo,Trigo,31000.0,2024
2024-04-12,410541,1323.0,2024-04-19,4861,2024-04-24,4,FA,3126,798,NN,Semillas,Trigo,Trigo,31000.0,2024
2024-04-12,410542,1323.0,2024-04-19,4860,2024-04-24,4,FA,3126,798,NN,Semillas,Trigo,Trigo,31000.0,2024
2024-04-12,410543,1323.0,2024-04-19,4859,2024-04-24,4,FA,3126,798,NN,Semillas,Trigo,Trigo,31000.0,2024
2024-04-12,410544,1324.0,2024-04-24,4884,2024-04-30,4,FA,3133,3659,NN,Semillas,Garbanzo,Garbanzo,31000.0,2024
2024-04-12,410545,1324.0,2024-04-24,4883,2024-04-30,4,FA,3133,3659,NN,Semillas,Garbanzo,Garbanzo,31000.0,2024
2024-04-12,410546,1324.0,2024-04-24,4882,2024-04-30,4,FA,3133,3659,NN,Semillas,Garbanzo,Garbanzo,31000.0,2024
2024-04-12,410547,1324.0,2024-04-24,4881,2024-04-30,4,FA,3133,3659,NN,Semillas,Garbanzo,Garbanzo,31000.0,2024
2024-04-12,410548,1324.0,2024-04-24,4880,2024-04-30,4,FA,3134,3659,NN,Semillas,Garbanzo,Garbanzo,31000.0,2024
2024-04-12,410549,1324.0,2024-04-24,4879,2024-04-30,4,FA,3134,3659,NN,Semillas,Garbanzo,Garbanzo,31000.0,2024
2024-04-15,410576,1325.0,2024-04-25,4887,2024-04-30,4,FA,3130,5081,NN,Semillas,Fuerza Total,Centeno,42000.0,2024
2024-04-22,410704,1326.0,2024-04-24,4886,2024-04-30,4,FA,3129,1328,NN,Semillas,Gatton Panic,Gatton Panic,39000.0,2024
2024-04-22,410705,1326.0,2024-04-24,4885,2024-04-30,4,FA,3129,1328,NN,Semillas,Gatton Panic,Gatton Panic,39000.0,2024
2024-04-22,410710,1327.0,2024-04-30,4899,2024-04-30,4,FA,3132,2801,NN,Semillas,Garbanzo,Garbanzo,31000.0,2024
2024-04-22,410711,1327.0,2024-04-30,4898,2024-04-30,4,FA,3132,2801,NN,Semillas,Garbanzo,Garbanzo,31000.0,2024
2024-04-23,410714,1328.0,2024-04-25,4891,2024-04-30,4,FA,3129,1328,NN,Semillas,Gatton Panic,Gatton Panic,39000.0,2024
2024-04-23,410715,1328.0,2024-04-25,4890,2024-04-30,4,FA,3129,1328,NN,Semillas,Gatton Panic,Gatton Panic,39000.0,2024
2024-04-23,410716,1328.0,2024-04-25,4889,2024-04-30,4,FA,3129,1328,NN,Semillas,Buffel Grass,Buffel Grass,39000.0,2024
2024-04-23,410717,1329.0,2024-04-30,4905,2024-05-07,4,FA,3147,967,NN,Semillas,Soja,Soja,31000.0,2024
2024-04-23,410718,1329.0,2024-04-30,4904,2024-05-07,4,FA,3148,967,NN,Semillas,Soja,Soja,31000.0,2024
2024-04-23,410719,1329.0,2024-04-30,4903,2024-05-07,4,FA,3148,967,NN,Semillas,Soja,Soja,31000.0,2024
2024-04-23,410720,1329.0,2024-04-30,4902,2024-05-07,4,FA,3148,967,NN,Semillas,Soja,Soja,31000.0,2024
2024-04-23,410721,1330.0,2024-04-30,4901,2024-04-30,4,FA,3136,981,NN,Semillas,Fuerza Total,Trigo,42000.0,2024
2024-04-23,410722,1330.0,2024-04-30,4900,2024-04-30,4,FA,3136,981,NN,Semillas,Fuerza Total,Trigo,42000.0,2024
2024-04-23,410723,1330.0,2024-04-30,4907,2024-05-07,4,FA,3154,981,NN,Semillas,Fuerza Total,Soja,42000.0,2024
2024-04-23,410724,1330.0,2024-04-30,4906,2024-05-07,4,FA,3154,981,NN,Semillas,Fuerza Total,Soja,42000.0,2024
2024-04-24,410725,1331.0,2024-05-02,4910,2024-05-07,4,FA,3152,392,NN,Semillas,Calidad Soja,Soja,33000.0,2024
2024-04-24,410726,1331.0,2024-05-02,4909,2024-05-07,4,FA,3152,392,NN,Semillas,Calidad Soja,Soja,33000.0,2024
2024-04-24,410727,1332.0,2024-05-02,4912,2024-05-07,4,FA,3153,4943,NN,Semillas,Doble Poder X2,Soja,25000.0,2024
2024-04-24,410728,1332.0,2024-05-02,4911,2024-05-07,4,FA,3153,4943,NN,Semillas,Doble Poder X2,Soja,25000.0,2024
2024-04-24,410735,1333.0,2024-05-02,4914,2024-05-07,4,FA,3150,3875,NN,Semillas,Doble Poder X2,Soja,25000.0,2024
2024-04-24,410736,1333.0,2024-05-02,4913,2024-05-07,4,FA,3151,3875,NN,Semillas,Doble Poder X2,Soja,25000.0,2024
2024-04-24,410737,1334.0,2024-05-06,4917,2024-05-09,4,FA,3158,2476,NN,Semillas,Fuerza Total,Cebada,42000.0,2024
2024-04-24,410738,1334.0,2024-05-06,4916,2024-05-09,4,FA,3158,2476,NN,Semillas,Fuerza Total,Centeno,42000.0,2024
2024-04-25,410739,1335.0,2024-05-07,4927,2024-05-09,4,FA,3156,714,NN,Semillas,Trigo,Trigo,31000.0,2024
2024-04-25,410740,1335.0,2024-05-07,4926,2024-05-09,4,FA,3156,714,NN,Semillas,Trigo,Trigo,31000.0,2024
2024-04-25,410741,1335.0,2024-05-07,4925,2024-05-09,4,FA,3156,714,NN,Semillas,Trigo,Trigo,31000.0,2024
2024-04-25,410742,1335.0,2024-05-07,4924,2024-05-09,4,FA,3156,714,NN,Semillas,Trigo,Trigo,31000.0,2024
2024-04-25,410743,1335.0,2024-05-07,4923,2024-05-09,4,FA,3156,714,NN,Semillas,Trigo,Trigo,31000.0,2024
2024-04-25,410744,1335.0,2024-05-07,4922,2024-05-09,4,FA,3156,714,NN,Semillas,Trigo,Trigo,31000.0,2024
2024-04-25,410745,1335.0,2024-05-07,4921,2024-05-09,4,FA,3156,714,NN,Semillas,Trigo,Trigo,31000.0,2024
2024-04-25,410746,1335.0,2024-05-03,4915,2024-05-07,4,FA,3146,714,NN,Semillas,Calidad Soja,Soja,33000.0,2024
2024-04-29,410878,1336.0,2024-05-07,4918,2024-05-09,4,FA,3157,2853,NN,Semillas,Doble Poder X2,Garbanzo,25000.0,2024
2024-04-29,410879,1337.0,2024-05-07,4920,2024-05-09,4,FA,3159,328,NN,Semillas,Calidad Trigo/Soja,Trigo,30000.0,2024
2024-04-29,410880,1337.0,2024-05-07,4919,2024-05-09,4,FA,3159,328,NN,Semillas,Calidad Trigo/Soja,Trigo,30000.0,2024
2024-04-30,410894,1338.0,2024-05-10,4936,2024-05-14,4,FA,3176,981,NN,Semillas,Fuerza Total,Trigo,42000.0,2024
2024-05-02,410900,1339.0,2024-05-10,4937,2024-05-14,4,FA,3175,2257,NN,Semillas,Fuerza Total,Trigo,42000.0,2024
2024-05-02,410901,1340.0,2024-05-20,4953,2024-05-22,4,FA,3192,5139,NN,Semillas,Grama Rhodes,Grama Rhodes,57000.0,2024
2024-05-06,410902,1341.0,2024-05-08,4930,2024-05-09,4,FA,3155,1328,NN,Semillas,Gatton Panic,Gatton Panic,39000.0,2024
2024-05-06,410903,1341.0,2024-05-08,4929,2024-05-09,4,FA,3155,1328,NN,Semillas,Gatton Panic,Gatton Panic,39000.0,2024
2024-05-06,410904,1341.0,2024-05-08,4928,2024-05-09,4,FA,3155,1328,NN,Semillas,Gatton Panic,Gatton Panic,39000.0,2024
2024-05-07,411038,1342.0,2024-05-15,4939,2024-05-20,4,FA,3191,1823,NN,Semillas,Trigo,Trigo,75000.0,2024
2024-05-07,411039,1342.0,2024-05-15,4938,2024-05-20,4,FA,3191,1823,NN,Semillas,Trigo,Trigo,75000.0,2024
2024-05-07,411040,1343.0,2024-05-09,4935,2024-05-14,4,FA,3174,1328,NN,Semillas,Gatton Panic,Gatton Panic,39000.0,2024
2024-05-07,411041,1343.0,2024-05-09,4934,2024-05-14,4,FA,3174,1328,NN,Semillas,Gatton Panic,Gatton Panic,39000.0,2024
2024-05-07,411042,1343.0,2024-05-09,4933,2024-05-14,4,FA,3174,1328,NN,Semillas,Gatton Panic,Gatton Panic,39000.0,2024
2024-05-07,411043,1343.0,2024-05-09,4932,2024-05-14,4,FA,3174,1328,NN,Semillas,Gatton Panic,Gatton Panic,39000.0,2024
2024-05-07,411044,1343.0,2024-05-09,4931,2024-05-14,4,FA,3174,1328,NN,Semillas,Gatton Panic,Gatton Panic,39000.0,2024
2024-05-09,411077,1344.0,2024-05-17,4945,2024-05-20,4,FA,3189,4396,NN,Semillas,Fuerza Total,Trigo,42000.0,2024
2024-05-10,411097,1345.0,2024-05-21,4954,2024-05-22,4,FA,3193,1453,NN,Semillas,Trigo,Trigo,31000.0,2024
2024-05-10,411098,1345.0,2024-05-17,4946,2024-05-20,4,FA,3190,1453,NN,Semillas,Soja,Soja,31000.0,2024
2024-05-13,411104,1346.0,2024-05-23,4955,2024-05-28,4,FA,3203,5140,NN,Semillas,Moha,Moha,31000.0,2024
2024-05-14,411210,1347.0,2024-05-16,4944,2024-05-20,4,FA,3188,1328,NN,Semillas,Digitaria,Digitaria,39000.0,2024
2024-05-14,411211,1347.0,2024-05-17,4951,2024-05-20,4,FA,3188,1328,NN,Semillas,Panicum Coloratum,Panicum Coloratum,39000.0,2024
2024-05-14,411212,1347.0,2024-05-17,4950,2024-05-20,4,FA,3188,1328,NN,Semillas,Buffel Grass,Buffel Grass,39000.0,2024
2024-05-14,411213,1347.0,2024-05-16,4943,2024-05-20,4,FA,3188,1328,NN,Semillas,Buffel Grass,Buffel Grass,39000.0,2024
2024-05-14,411214,1347.0,2024-05-16,4942,2024-05-20,4,FA,3188,1328,NN,Semillas,Gatton Panic,Gatton Panic,39000.0,2024
2024-05-14,411215,1347.0,2024-05-16,4941,2024-05-20,4,FA,3188,1328,NN,Semillas,Gatton Panic,Gatton Panic,39000.0,2024
2024-05-14,411216,1347.0,2024-05-16,4940,2024-05-20,4,FA,3188,1328,NN,Semillas,Gatton Panic,Gatton Panic,39000.0,2024
2024-05-14,411217,1347.0,2024-05-17,4949,2024-05-20,4,FA,3188,1328,NN,Semillas,Gatton Panic,Gatton Panic,39000.0,2024
2024-05-14,411218,1347.0,2024-05-17,4948,2024-05-20,4,FA,3188,1328,NN,Semillas,Gatton Panic,Gatton Panic,39000.0,2024
2024-05-14,411219,1347.0,2024-05-17,4947,2024-05-20,4,FA,3188,1328,NN,Semillas,Gatton Panic,Gatton Panic,39000.0,2024
2024-05-15,411226,1348.0,2024-05-27,4960,2024-05-28,4,FA,3200,3687,NN,Semillas,Convenio Syngenta Trigo,Trigo,52000.0,2024
2024-05-17,411234,1349.0,2024-05-17,4952,2024-05-20,4,FA,3188,1328,NN,Semillas,Centeno,Centeno,39000.0,2024
2024-05-17,411306,1351.0,2024-05-24,4958,2024-05-28,4,FA,3201,2308,NN,Semillas,Fuerza Total,Trigo,42000.0,2024
2024-05-21,411310,1352.0,2024-05-23,4957,2024-05-28,4,FA,3202,1328,NN,Semillas,Buffel Grass,Buffel Grass,39000.0,2024
2024-05-21,411311,1352.0,2024-05-23,4956,2024-05-28,4,FA,3202,1328,NN,Semillas,Buffel Grass,Buffel Grass,39000.0,2024
2024-05-22,411313,1353.0,2024-05-30,4968,2024-05-31,4,FA,3209,392,NN,Semillas,Calidad Soja,Soja,33000.0,2024
2024-05-22,411314,1353.0,2024-05-30,4967,2024-05-31,4,FA,3209,392,NN,Semillas,Calidad Soja,Soja,33000.0,2024
2024-05-22,411315,1353.0,2024-05-30,4966,2024-05-31,4,FA,3209,392,NN,Semillas,Calidad Soja,Soja,33000.0,2024
2024-05-22,411316,1353.0,2024-05-30,4965,2024-05-31,4,FA,3209,392,NN,Semillas,Calidad Soja,Soja,33000.0,2024
2024-05-22,411317,1353.0,2024-05-30,4964,2024-05-31,4,FA,3209,392,NN,Semillas,Calidad Soja,Soja,33000.0,2024
2024-05-22,411318,1353.0,2024-05-30,4963,2024-05-31,4,FA,3209,392,NN,Semillas,Calidad Soja,Soja,33000.0,2024
2024-05-23,411339,1354.0,2024-05-31,4969,2024-05-31,4,FA,3210,4911,NN,Semillas,Fuerza Total,Soja,42000.0,2024
2024-05-27,411424,1355.0,2024-06-06,4991,2024-06-10,4,FA,3228,522,NN,Semillas,Convenio Syngenta Trigo,Trigo,52000.0,2024
2024-05-27,411425,1355.0,2024-06-06,4990,2024-06-10,4,FA,3228,522,NN,Semillas,Convenio Syngenta Trigo,Trigo,52000.0,2024
2024-05-27,411426,1355.0,2024-06-06,4989,2024-06-10,4,FA,3228,522,NN,Semillas,Convenio Syngenta Trigo,Trigo,52000.0,2024
2024-05-27,411427,1355.0,2024-06-06,4988,2024-06-10,4,FA,3228,522,NN,Semillas,Convenio Syngenta Trigo,Trigo,52000.0,2024
2024-05-27,411428,1355.0,2024-06-06,4987,2024-06-10,4,FA,3228,522,NN,Semillas,Convenio Syngenta Trigo,Trigo,52000.0,2024
2024-05-27,411429,1355.0,2024-06-06,4986,2024-06-10,4,FA,3228,522,NN,Semillas,Convenio Syngenta Trigo,Trigo,52000.0,2024
2024-05-27,411430,1355.0,2024-06-06,4985,2024-06-10,4,FA,3228,522,NN,Semillas,Convenio Syngenta Trigo,Trigo,52000.0,2024
2024-05-27,411431,1355.0,2024-06-06,4984,2024-06-10,4,FA,3228,522,NN,Semillas,Convenio Syngenta Trigo,Trigo,52000.0,2024
2024-05-27,411432,1355.0,2024-06-06,4983,2024-06-10,4,FA,3228,522,NN,Semillas,Convenio Syngenta Trigo,Trigo,52000.0,2024
2024-05-27,411433,1355.0,2024-06-06,4982,2024-06-10,4,FA,3228,522,NN,Semillas,Convenio Syngenta Trigo,Trigo,52000.0,2024
2024-05-27,411434,1355.0,2024-06-06,4981,2024-06-10,4,FA,3228,522,NN,Semillas,Convenio Syngenta Trigo,Trigo,52000.0,2024
2024-05-27,411435,1355.0,2024-06-06,4980,2024-06-10,4,FA,3228,522,NN,Semillas,Convenio Syngenta Trigo,Trigo,52000.0,2024
2024-05-27,411436,1355.0,2024-06-06,4979,2024-06-10,4,FA,3228,522,NN,Semillas,Convenio Syngenta Trigo,Trigo,52000.0,2024
2024-05-27,411437,1356.0,2024-05-29,4961,2024-05-31,4,FA,3208,1328,NN,Semillas,Buffel Grass,Buffel Grass,39000.0,2024
2024-05-28,411443,1357.0,2024-05-29,4962,2024-05-31,4,FA,3208,1328,NN,Semillas,Centeno,Centeno,39000.0,2024
2024-05-29,411444,1358.0,2024-06-10,5031,2024-06-12,4,FA,3235,25,NN,Semillas,Fuerza Total Curado,Maníí,45000.0,2024
2024-05-29,411445,1358.0,2024-06-10,5030,2024-06-12,4,FA,3235,25,NN,Semillas,Fuerza Total Curado,Maníí,45000.0,2024
2024-05-29,411446,1358.0,2024-06-10,5029,2024-06-12,4,FA,3235,25,NN,Semillas,Fuerza Total Curado,Maníí,45000.0,2024
2024-05-29,411447,1358.0,2024-06-10,5028,2024-06-12,4,FA,3235,25,NN,Semillas,Fuerza Total Curado,Maníí,45000.0,2024
2024-05-29,411448,1358.0,2024-06-10,5027,2024-06-12,4,FA,3235,25,NN,Semillas,Fuerza Total Curado,Maníí,45000.0,2024
2024-05-29,411449,1358.0,2024-06-10,5026,2024-06-12,4,FA,3235,25,NN,Semillas,Fuerza Total Curado,Maníí,45000.0,2024
2024-05-29,411450,1358.0,2024-06-10,5025,2024-06-12,4,FA,3235,25,NN,Semillas,Fuerza Total Curado,Maníí,45000.0,2024
2024-05-29,411451,1358.0,2024-06-10,5024,2024-06-12,4,FA,3235,25,NN,Semillas,Fuerza Total Curado,Maníí,45000.0,2024
2024-05-29,411452,1358.0,2024-06-10,5023,2024-06-12,4,FA,3235,25,NN,Semillas,Fuerza Total Curado,Maníí,45000.0,2024
2024-05-29,411453,1358.0,2024-06-10,5022,2024-06-12,4,FA,3235,25,NN,Semillas,Fuerza Total Curado,Maníí,45000.0,2024
2024-05-30,411464,1359.0,2024-06-11,5034,2024-06-12,4,FA,3234,392,NN,Semillas,Calidad Trigo/Soja,Trigo,30000.0,2024
2024-05-30,411465,1359.0,2024-06-11,5033,2024-06-12,4,FA,3234,392,NN,Semillas,Calidad Trigo/Soja,Trigo,30000.0,2024
2024-05-30,411466,1360.0,2024-06-07,5021,2024-06-10,4,FA,3227,392,NN,Semillas,Calidad Soja,Soja,33000.0,2024
2024-05-30,411467,1360.0,2024-06-07,5020,2024-06-10,4,FA,3227,392,NN,Semillas,Calidad Soja,Soja,33000.0,2024
2024-05-30,411468,1360.0,2024-06-07,5019,2024-06-10,4,FA,3227,392,NN,Semillas,Calidad Soja,Soja,33000.0,2024
2024-05-30,411470,1360.0,2024-06-07,5018,2024-06-10,4,FA,3227,392,NN,Semillas,Calidad Soja,Soja,33000.0,2024
2024-05-30,411471,1360.0,2024-06-07,5017,2024-06-10,4,FA,3227,392,NN,Semillas,Calidad Soja,Soja,33000.0,2024
2024-05-30,411472,1360.0,2024-06-07,5016,2024-06-10,4,FA,3227,392,NN,Semillas,Calidad Soja,Soja,33000.0,2024
2024-05-30,411473,1360.0,2024-06-07,5015,2024-06-10,4,FA,3227,392,NN,Semillas,Calidad Soja,Soja,33000.0,2024
2024-05-30,411474,1360.0,2024-06-07,5014,2024-06-10,4,FA,3227,392,NN,Semillas,Calidad Soja,Soja,33000.0,2024
2024-05-30,411477,1360.0,2024-06-07,5013,2024-06-10,4,FA,3227,392,NN,Semillas,Calidad Soja,Soja,33000.0,2024
2024-05-30,411478,1360.0,2024-06-07,5012,2024-06-10,4,FA,3227,392,NN,Semillas,Calidad Soja,Soja,33000.0,2024
2024-05-30,411479,1360.0,2024-06-07,5011,2024-06-10,4,FA,3227,392,NN,Semillas,Calidad Soja,Soja,33000.0,2024
2024-05-30,411480,1360.0,2024-06-07,5010,2024-06-10,4,FA,3227,392,NN,Semillas,Calidad Soja,Soja,33000.0,2024
2024-05-30,411481,1360.0,2024-06-07,5009,2024-06-10,4,FA,3227,392,NN,Semillas,Calidad Soja,Soja,33000.0,2024
2024-05-30,411482,1360.0,2024-06-07,5008,2024-06-10,4,FA,3227,392,NN,Semillas,Calidad Soja,Soja,33000.0,2024
2024-05-30,411483,1360.0,2024-06-07,5007,2024-06-10,4,FA,3227,392,NN,Semillas,Calidad Soja,Soja,33000.0,2024
2024-05-30,411484,1360.0,2024-06-07,5006,2024-06-10,4,FA,3227,392,NN,Semillas,Calidad Soja,Soja,33000.0,2024
2024-05-30,411485,1360.0,2024-06-07,5005,2024-06-10,4,FA,3227,392,NN,Semillas,Calidad Soja,Soja,33000.0,2024
2024-05-30,411486,1360.0,2024-06-07,5004,2024-06-10,4,FA,3227,392,NN,Semillas,Calidad Soja,Soja,33000.0,2024
2024-05-30,411487,1360.0,2024-06-07,5003,2024-06-10,4,FA,3227,392,NN,Semillas,Calidad Soja,Soja,33000.0,2024
2024-05-30,411488,1360.0,2024-06-07,5002,2024-06-10,4,FA,3227,392,NN,Semillas,Calidad Soja,Soja,33000.0,2024
2024-05-30,411489,1360.0,2024-06-07,5001,2024-06-10,4,FA,3227,392,NN,Semillas,Calidad Soja,Soja,33000.0,2024
2024-05-30,411490,1360.0,2024-06-07,5000,2024-06-10,4,FA,3227,392,NN,Semillas,Calidad Soja,Soja,33000.0,2024
2024-05-30,411491,1360.0,2024-06-07,4999,2024-06-10,4,FA,3227,392,NN,Semillas,Calidad Soja,Soja,33000.0,2024
2024-05-30,411492,1360.0,2024-06-07,4998,2024-06-10,4,FA,3227,392,NN,Semillas,Calidad Soja,Soja,33000.0,2024
2024-05-30,411493,1360.0,2024-06-07,4997,2024-06-10,4,FA,3227,392,NN,Semillas,Calidad Soja,Soja,33000.0,2024
2024-05-30,411494,1360.0,2024-06-07,4996,2024-06-10,4,FA,3227,392,NN,Semillas,Calidad Soja,Soja,33000.0,2024
2024-05-30,411495,1360.0,2024-06-07,4995,2024-06-10,4,FA,3227,392,NN,Semillas,Calidad Soja,Soja,33000.0,2024
2024-05-30,411497,1361.0,2024-05-31,4978,2024-06-04,4,FA,3216,350,NN,Semillas,Trigo,Trigo,39000.0,2024
2024-05-30,411498,1361.0,2024-05-31,4977,2024-06-04,4,FA,3216,350,NN,Semillas,Trigo,Trigo,39000.0,2024
2024-05-30,411499,1361.0,2024-05-31,4976,2024-06-04,4,FA,3216,350,NN,Semillas,Trigo,Trigo,39000.0,2024
2024-05-30,411500,1361.0,2024-05-31,4975,2024-06-04,4,FA,3216,350,NN,Semillas,Trigo,Trigo,39000.0,2024
2024-05-30,411501,1361.0,2024-05-31,4974,2024-06-04,4,FA,3216,350,NN,Semillas,Trigo,Trigo,39000.0,2024
2024-05-30,411502,1361.0,2024-05-31,4973,2024-06-04,4,FA,3216,350,NN,Semillas,Trigo,Trigo,39000.0,2024
2024-05-30,411503,1361.0,2024-05-31,4972,2024-06-04,4,FA,3216,350,NN,Semillas,Trigo,Trigo,39000.0,2024
2024-05-30,411504,1361.0,2024-05-31,4971,2024-06-04,4,FA,3216,350,NN,Semillas,Trigo,Trigo,39000.0,2024
2024-05-30,411505,1361.0,2024-05-31,4970,2024-06-04,4,FA,3216,350,NN,Semillas,Trigo,Trigo,39000.0,2024
2024-05-31,411506,1362.0,2024-06-11,5032,2024-06-12,4,FA,3236,104,NN,Semillas,Melilotus Albus,Melilotus Albus,31000.0,2024
2024-05-31,411507,1362.0,2024-06-13,5037,2024-06-14,4,FA,3244,104,NN,Semillas,Fuerza Total,Sorgo,42000.0,2024
2024-05-31,411508,1362.0,2024-06-13,5036,2024-06-14,4,FA,3244,104,NN,Semillas,Fuerza Total,Sorgo,42000.0,2024
2024-05-31,411509,1362.0,2024-06-13,5035,2024-06-14,4,FA,3244,104,NN,Semillas,Fuerza Total,Sorgo,42000.0,2024
2024-06-03,411523,1360.0,2024-06-07,4994,2024-06-10,4,FA,3227,392,NN,Semillas,Calidad Soja,Soja,33000.0,2024
2024-06-03,411578,1360.0,2024-06-07,4993,2024-06-10,4,FA,3227,392,NN,Semillas,Calidad Soja,Soja,33000.0,2024
2024-06-06,411581,1363.0,2024-06-18,5046,2024-06-24,4,FA,3248,25,NN,Semillas,Maníí,Maníí,39000.0,2024
2024-06-06,411582,1363.0,2024-06-18,5045,2024-06-24,4,FA,3248,25,NN,Semillas,Maníí,Maníí,39000.0,2024
2024-06-06,411583,1363.0,2024-06-18,5044,2024-06-24,4,FA,3248,25,NN,Semillas,Maníí,Maníí,39000.0,2024
2024-06-06,411584,1363.0,2024-06-18,5043,2024-06-24,4,FA,3248,25,NN,Semillas,Maníí,Maníí,39000.0,2024
2024-06-06,411585,1363.0,2024-06-18,5042,2024-06-24,4,FA,3248,25,NN,Semillas,Maníí,Maníí,39000.0,2024
2024-06-06,411586,1363.0,2024-06-18,5041,2024-06-24,4,FA,3248,25,NN,Semillas,Maníí,Maníí,39000.0,2024
2024-06-06,411587,1360.0,2024-06-07,4992,2024-06-10,4,FA,3227,392,NN,Semillas,Calidad Soja,Soja,33000.0,2024
2024-06-07,411588,1364.0,2024-06-24,5082,2024-06-26,4,FA,3255,62,NN,Semillas,Vicia,Vicia,85000.0,2024
2024-06-07,411591,1365.0,2024-06-14,5040,2024-06-14,4,FA,3242,4396,NN,Semillas,Fuerza Total,Soja,42000.0,2024
2024-06-07,411592,1366.0,2024-06-14,5039,2024-06-14,4,FA,3243,853,NN,Semillas,Fuerza Total,Soja,42000.0,2024
2024-06-07,411593,1366.0,2024-06-14,5038,2024-06-14,4,FA,3243,853,NN,Semillas,Fuerza Total,Soja,42000.0,2024
2024-06-11,411639,1367.0,2024-06-19,5079,2024-06-24,4,FA,3247,392,NN,Semillas,Calidad Soja,Soja,33000.0,2024
2024-06-11,411640,1367.0,2024-06-19,5078,2024-06-24,4,FA,3247,392,NN,Semillas,Calidad Soja,Soja,33000.0,2024
2024-06-11,411641,1367.0,2024-06-19,5077,2024-06-24,4,FA,3247,392,NN,Semillas,Calidad Soja,Soja,33000.0,2024
2024-06-11,411642,1367.0,2024-06-19,5076,2024-06-24,4,FA,3247,392,NN,Semillas,Calidad Soja,Soja,33000.0,2024
2024-06-11,411643,1367.0,2024-06-19,5075,2024-06-24,4,FA,3247,392,NN,Semillas,Calidad Soja,Soja,33000.0,2024
2024-06-11,411644,1367.0,2024-06-19,5074,2024-06-24,4,FA,3247,392,NN,Semillas,Calidad Soja,Soja,33000.0,2024
2024-06-11,411645,1367.0,2024-06-19,5073,2024-06-24,4,FA,3247,392,NN,Semillas,Calidad Soja,Soja,33000.0,2024
2024-06-11,411646,1367.0,2024-06-19,5072,2024-06-24,4,FA,3247,392,NN,Semillas,Calidad Soja,Soja,33000.0,2024
2024-06-11,411647,1367.0,2024-06-19,5071,2024-06-24,4,FA,3247,392,NN,Semillas,Calidad Soja,Soja,33000.0,2024
2024-06-11,411648,1367.0,2024-06-19,5070,2024-06-24,4,FA,3247,392,NN,Semillas,Calidad Soja,Soja,33000.0,2024
2024-06-11,411649,1367.0,2024-06-19,5069,2024-06-24,4,FA,3247,392,NN,Semillas,Calidad Soja,Soja,33000.0,2024
2024-06-11,411650,1367.0,2024-06-19,5068,2024-06-24,4,FA,3247,392,NN,Semillas,Calidad Soja,Soja,33000.0,2024
2024-06-11,411651,1367.0,2024-06-19,5067,2024-06-24,4,FA,3247,392,NN,Semillas,Calidad Soja,Soja,33000.0,2024
2024-06-11,411652,1367.0,2024-06-19,5066,2024-06-24,4,FA,3247,392,NN,Semillas,Calidad Soja,Soja,33000.0,2024
2024-06-11,411653,1367.0,2024-06-19,5065,2024-06-24,4,FA,3247,392,NN,Semillas,Calidad Soja,Soja,33000.0,2024
2024-06-11,411654,1367.0,2024-06-19,5064,2024-06-24,4,FA,3247,392,NN,Semillas,Calidad Soja,Soja,33000.0,2024
2024-06-11,411655,1367.0,2024-06-19,5063,2024-06-24,4,FA,3247,392,NN,Semillas,Calidad Soja,Soja,33000.0,2024
2024-06-11,411656,1367.0,2024-06-19,5062,2024-06-24,4,FA,3247,392,NN,Semillas,Calidad Soja,Soja,33000.0,2024
2024-06-11,411657,1367.0,2024-06-19,5061,2024-06-24,4,FA,3247,392,NN,Semillas,Calidad Soja,Soja,33000.0,2024
2024-06-11,411658,1367.0,2024-06-19,5060,2024-06-24,4,FA,3247,392,NN,Semillas,Calidad Soja,Soja,33000.0,2024
2024-06-11,411659,1367.0,2024-06-19,5059,2024-06-24,4,FA,3247,392,NN,Semillas,Calidad Soja,Soja,33000.0,2024
2024-06-11,411660,1367.0,2024-06-19,5058,2024-06-24,4,FA,3247,392,NN,Semillas,Calidad Soja,Soja,33000.0,2024
2024-06-11,411661,1367.0,2024-06-19,5057,2024-06-24,4,FA,3247,392,NN,Semillas,Calidad Soja,Soja,33000.0,2024
2024-06-11,411662,1367.0,2024-06-19,5056,2024-06-24,4,FA,3247,392,NN,Semillas,Calidad Soja,Soja,33000.0,2024
2024-06-11,411663,1367.0,2024-06-19,5055,2024-06-24,4,FA,3247,392,NN,Semillas,Calidad Soja,Soja,33000.0,2024
2024-06-11,411664,1367.0,2024-06-19,5054,2024-06-24,4,FA,3247,392,NN,Semillas,Calidad Soja,Soja,33000.0,2024
2024-06-11,411665,1367.0,2024-06-19,5053,2024-06-24,4,FA,3247,392,NN,Semillas,Calidad Soja,Soja,33000.0,2024
2024-06-11,411666,1367.0,2024-06-19,5052,2024-06-24,4,FA,3247,392,NN,Semillas,Calidad Soja,Soja,33000.0,2024
2024-06-11,411667,1367.0,2024-06-19,5051,2024-06-24,4,FA,3247,392,NN,Semillas,Calidad Soja,Soja,33000.0,2024
2024-06-11,411668,1367.0,2024-06-19,5050,2024-06-24,4,FA,3247,392,NN,Semillas,Calidad Soja,Soja,33000.0,2024
2024-06-11,411669,1367.0,2024-06-19,5049,2024-06-24,4,FA,3247,392,NN,Semillas,Calidad Soja,Soja,33000.0,2024
2024-06-11,411670,1367.0,2024-06-19,5048,2024-06-24,4,FA,3247,392,NN,Semillas,Calidad Soja,Soja,33000.0,2024
2024-06-11,411671,1367.0,2024-06-19,5047,2024-06-24,4,FA,3247,392,NN,Semillas,Calidad Soja,Soja,33000.0,2024
2024-06-11,411699,1368.0,2024-06-24,5086,2024-06-26,4,FA,3258,187,NN,Semillas,Cold Test,Soja,57000.0,2024
2024-06-11,411700,1368.0,2024-06-24,5085,2024-06-26,4,FA,3258,187,NN,Semillas,Cold Test,Soja,57000.0,2024
2024-06-11,411701,1368.0,2024-06-24,5084,2024-06-26,4,FA,3258,187,NN,Semillas,Cold Test,Soja,57000.0,2024
2024-06-11,411702,1368.0,2024-06-24,5083,2024-06-26,4,FA,3258,187,NN,Semillas,Cold Test,Soja,57000.0,2024
2024-06-12,411707,1369.0,2024-06-24,5081,2024-06-26,4,FA,3256,3196,NN,Semillas,Trigo,Trigo,75000.0,2024
2024-06-13,411708,1370.0,2024-06-24,5093,2024-06-26,4,FA,3257,522,NN,Semillas,Convenio Syngenta Trigo,Trigo,52000.0,2024
2024-06-13,411709,1370.0,2024-06-24,5092,2024-06-26,4,FA,3257,522,NN,Semillas,Convenio Syngenta Trigo,Trigo,52000.0,2024
2024-06-13,411710,1370.0,2024-06-24,5091,2024-06-26,4,FA,3257,522,NN,Semillas,Convenio Syngenta Trigo,Trigo,52000.0,2024
2024-06-13,411711,1370.0,2024-06-24,5090,2024-06-26,4,FA,3257,522,NN,Semillas,Convenio Syngenta Trigo,Trigo,52000.0,2024
2024-06-13,411712,1370.0,2024-06-24,5089,2024-06-26,4,FA,3257,522,NN,Semillas,Convenio Syngenta Trigo,Trigo,52000.0,2024
2024-06-13,411713,1370.0,2024-06-24,5088,2024-06-26,4,FA,3257,522,NN,Semillas,Convenio Syngenta Trigo,Trigo,52000.0,2024
2024-06-13,411714,1370.0,2024-06-24,5087,2024-06-26,4,FA,3257,522,NN,Semillas,Convenio Syngenta Trigo,Trigo,52000.0,2024
2024-06-14,411724,1371.0,2024-06-25,5094,2024-06-26,4,FA,3253,1328,NN,Semillas,Centeno,Centeno,31000.0,2024
2024-06-18,411725,1372.0,2024-06-25,5100,2024-06-26,4,FA,3254,714,NN,Semillas,Convenio Syngenta Soja Completo,Soja,52000.0,2024
2024-06-18,411726,1372.0,2024-06-25,5099,2024-06-26,4,FA,3254,714,NN,Semillas,Convenio Syngenta Soja Completo,Soja,52000.0,2024
2024-06-18,411727,1372.0,2024-06-25,5098,2024-06-26,4,FA,3254,714,NN,Semillas,Convenio Syngenta Soja Completo,Soja,52000.0,2024
2024-06-18,411728,1372.0,2024-06-25,5097,2024-06-26,4,FA,3254,714,NN,Semillas,Convenio Syngenta Soja Completo,Soja,52000.0,2024
2024-06-19,411785,1373.0,2024-06-19,5080,2024-06-26,4,FA,3253,1328,NN,Semillas,Grama Rhodes,Grama Rhodes,39000.0,2024
2024-06-24,411786,1373.0,2024-06-25,5096,2024-06-26,4,FA,3253,1328,NN,Semillas,Buffel Grass,Buffel Grass,39000.0,2024
2024-06-24,411787,1373.0,2024-06-25,5095,2024-06-26,4,FA,3253,1328,NN,Semillas,Gatton Panic,Gatton Panic,39000.0,2024
2024-06-19,411816,1374.0,2024-06-27,5105,2024-07-01,4,FA,3269,4237,NN,Semillas,Convenio Syngenta Soja Completo,Soja,52000.0,2024
2024-06-19,411817,1374.0,2024-06-27,5104,2024-07-01,4,FA,3269,4237,NN,Semillas,Convenio Syngenta Soja Completo,Soja,52000.0,2024
2024-06-19,411818,1374.0,2024-06-27,5103,2024-07-01,4,FA,3269,4237,NN,Semillas,Convenio Syngenta Soja Completo,Soja,52000.0,2024
2024-06-19,411819,1374.0,2024-06-27,5102,2024-07-01,4,FA,3269,4237,NN,Semillas,Convenio Syngenta Soja Completo,Soja,52000.0,2024
2024-06-19,411820,1374.0,2024-06-27,5101,2024-07-01,4,FA,3269,4237,NN,Semillas,Convenio Syngenta Soja Completo,Soja,52000.0,2024
2024-06-19,411826,1375.0,2024-07-01,5113,2024-07-01,4,FA,3268,25,NN,Semillas,Maníí,Maníí,39000.0,2024
2024-06-19,411827,1375.0,2024-07-01,5112,2024-07-01,4,FA,3268,25,NN,Semillas,Maníí,Maníí,39000.0,2024
2024-06-19,411828,1375.0,2024-07-01,5111,2024-07-01,4,FA,3268,25,NN,Semillas,Maníí,Maníí,39000.0,2024
2024-06-19,411829,1376.0,2024-06-27,5110,2024-07-01,4,FA,3267,392,NN,Semillas,Calidad Soja,Soja,33000.0,2024
2024-06-19,411830,1376.0,2024-06-27,5109,2024-07-01,4,FA,3267,392,NN,Semillas,Calidad Soja,Soja,33000.0,2024
2024-06-19,411831,1376.0,2024-06-27,5108,2024-07-01,4,FA,3267,392,NN,Semillas,Calidad Soja,Soja,33000.0,2024
2024-06-19,411832,1376.0,2024-06-27,5107,2024-07-01,4,FA,3267,392,NN,Semillas,Calidad Soja,Soja,33000.0,2024
2024-06-19,411833,1376.0,2024-06-27,5106,2024-07-01,4,FA,3267,392,NN,Semillas,Calidad Soja,Soja,33000.0,2024
2024-07-04,412085,1377.0,2024-07-15,5122,2024-07-15,4,FA,3282,25,NN,Semillas,Maníí,Maníí,39000.0,2024
2024-07-04,412086,1377.0,2024-07-15,5121,2024-07-15,4,FA,3282,25,NN,Semillas,Maníí,Maníí,39000.0,2024
2024-07-04,412087,1377.0,2024-07-15,5120,2024-07-15,4,FA,3282,25,NN,Semillas,Maníí,Maníí,39000.0,2024
2024-07-04,412088,1377.0,2024-07-15,5119,2024-07-15,4,FA,3282,25,NN,Semillas,Maníí,Maníí,39000.0,2024
2024-07-08,412110,1380.0,2024-07-22,5158,2024-07-24,4,FA,3301,104,NN,Semillas,Fuerza Total,Sorgo,42000.0,2024
2024-07-08,412111,1380.0,2024-07-22,5157,2024-07-24,4,FA,3301,104,NN,Semillas,Fuerza Total,Sorgo,42000.0,2024
2024-07-08,412112,1380.0,2024-07-22,5156,2024-07-24,4,FA,3301,104,NN,Semillas,Fuerza Total,Sorgo,42000.0,2024
2024-07-10,412303,1381.0,2024-07-18,5126,2024-07-22,4,FA,3293,392,NN,Semillas,Doble Poder X2,Soja,25000.0,2024
2024-07-10,412304,1381.0,2024-07-18,5125,2024-07-22,4,FA,3293,392,NN,Semillas,Doble Poder X2,Soja,25000.0,2024
2024-07-10,412305,1381.0,2024-07-18,5124,2024-07-22,4,FA,3293,392,NN,Semillas,Doble Poder X2,Soja,25000.0,2024
2024-07-10,412306,1381.0,2024-07-18,5123,2024-07-22,4,FA,3293,392,NN,Semillas,Doble Poder X2,Soja,25000.0,2024
2024-07-10,412307,1382.0,2024-07-22,5196,2024-07-24,4,FA,3298,392,NN,Semillas,Convenio Syngenta Soja Completo,Soja,52000.0,2024
2024-07-10,412308,1382.0,2024-07-22,5195,2024-07-24,4,FA,3298,392,NN,Semillas,Convenio Syngenta Soja Completo,Soja,52000.0,2024
2024-07-10,412309,1382.0,2024-07-22,5194,2024-07-24,4,FA,3298,392,NN,Semillas,Convenio Syngenta Soja Completo,Soja,52000.0,2024
2024-07-10,412310,1382.0,2024-07-22,5193,2024-07-24,4,FA,3298,392,NN,Semillas,Convenio Syngenta Soja Completo,Soja,52000.0,2024
2024-07-10,412311,1382.0,2024-07-22,5192,2024-07-24,4,FA,3298,392,NN,Semillas,Convenio Syngenta Soja Completo,Soja,52000.0,2024
2024-07-10,412312,1382.0,2024-07-22,5191,2024-07-24,4,FA,3298,392,NN,Semillas,Convenio Syngenta Soja Completo,Soja,52000.0,2024
2024-07-10,412313,1382.0,2024-07-22,5190,2024-07-24,4,FA,3298,392,NN,Semillas,Convenio Syngenta Soja Completo,Soja,52000.0,2024
2024-07-10,412314,1382.0,2024-07-22,5189,2024-07-24,4,FA,3298,392,NN,Semillas,Convenio Syngenta Soja Completo,Soja,52000.0,2024
2024-07-10,412315,1382.0,2024-07-22,5188,2024-07-24,4,FA,3298,392,NN,Semillas,Convenio Syngenta Soja Completo,Soja,52000.0,2024
2024-07-10,412316,1382.0,2024-07-22,5187,2024-07-24,4,FA,3298,392,NN,Semillas,Convenio Syngenta Soja Completo,Soja,52000.0,2024
2024-07-10,412317,1382.0,2024-07-22,5186,2024-07-24,4,FA,3298,392,NN,Semillas,Convenio Syngenta Soja Completo,Soja,52000.0,2024
2024-07-10,412318,1382.0,2024-07-22,5185,2024-07-24,4,FA,3298,392,NN,Semillas,Convenio Syngenta Soja Completo,Soja,52000.0,2024
2024-07-10,412319,1382.0,2024-07-22,5184,2024-07-24,4,FA,3298,392,NN,Semillas,Convenio Syngenta Soja Completo,Soja,52000.0,2024
2024-07-10,412320,1382.0,2024-07-22,5183,2024-07-24,4,FA,3298,392,NN,Semillas,Convenio Syngenta Soja Completo,Soja,52000.0,2024
2024-07-10,412321,1382.0,2024-07-22,5182,2024-07-24,4,FA,3298,392,NN,Semillas,Convenio Syngenta Soja Completo,Soja,52000.0,2024
2024-07-10,412322,1382.0,2024-07-22,5181,2024-07-24,4,FA,3298,392,NN,Semillas,Convenio Syngenta Soja Completo,Soja,52000.0,2024
2024-07-10,412323,1382.0,2024-07-22,5180,2024-07-24,4,FA,3298,392,NN,Semillas,Convenio Syngenta Soja Completo,Soja,52000.0,2024
2024-07-10,412324,1382.0,2024-07-22,5179,2024-07-24,4,FA,3298,392,NN,Semillas,Convenio Syngenta Soja Completo,Soja,52000.0,2024
2024-07-10,412325,1382.0,2024-07-22,5178,2024-07-24,4,FA,3298,392,NN,Semillas,Convenio Syngenta Soja Completo,Soja,52000.0,2024
2024-07-10,412326,1382.0,2024-07-22,5177,2024-07-24,4,FA,3298,392,NN,Semillas,Convenio Syngenta Soja Completo,Soja,52000.0,2024
2024-07-10,412327,1382.0,2024-07-22,5176,2024-07-24,4,FA,3298,392,NN,Semillas,Convenio Syngenta Soja Completo,Soja,52000.0,2024
2024-07-10,412328,1382.0,2024-07-22,5175,2024-07-24,4,FA,3298,392,NN,Semillas,Convenio Syngenta Soja Completo,Soja,52000.0,2024
2024-07-10,412329,1382.0,2024-07-22,5174,2024-07-24,4,FA,3298,392,NN,Semillas,Convenio Syngenta Soja Completo,Soja,52000.0,2024
2024-07-10,412330,1382.0,2024-07-22,5173,2024-07-24,4,FA,3298,392,NN,Semillas,Convenio Syngenta Soja Completo,Soja,52000.0,2024
2024-07-10,412331,1382.0,2024-07-22,5172,2024-07-24,4,FA,3298,392,NN,Semillas,Convenio Syngenta Soja Completo,Soja,52000.0,2024
2024-07-10,412332,1382.0,2024-07-22,5171,2024-07-24,4,FA,3298,392,NN,Semillas,Convenio Syngenta Soja Completo,Soja,52000.0,2024
2024-07-10,412333,1382.0,2024-07-22,5170,2024-07-24,4,FA,3298,392,NN,Semillas,Convenio Syngenta Soja Completo,Soja,52000.0,2024
2024-07-10,412334,1382.0,2024-07-22,5169,2024-07-24,4,FA,3298,392,NN,Semillas,Convenio Syngenta Soja Completo,Soja,52000.0,2024
2024-07-10,412335,1382.0,2024-07-22,5168,2024-07-24,4,FA,3298,392,NN,Semillas,Convenio Syngenta Soja Completo,Soja,52000.0,2024
2024-07-10,412336,1382.0,2024-07-22,5167,2024-07-24,4,FA,3298,392,NN,Semillas,Convenio Syngenta Soja Completo,Soja,52000.0,2024
2024-07-10,412337,1382.0,2024-07-22,5166,2024-07-24,4,FA,3298,392,NN,Semillas,Convenio Syngenta Soja Completo,Soja,52000.0,2024
2024-07-10,412338,1382.0,2024-07-22,5165,2024-07-24,4,FA,3298,392,NN,Semillas,Convenio Syngenta Soja Completo,Soja,52000.0,2024
2024-07-10,412339,1382.0,2024-07-22,5164,2024-07-24,4,FA,3298,392,NN,Semillas,Convenio Syngenta Soja Completo,Soja,52000.0,2024
2024-07-10,412340,1382.0,2024-07-22,5163,2024-07-24,4,FA,3298,392,NN,Semillas,Convenio Syngenta Soja Completo,Soja,52000.0,2024
2024-07-10,412341,1382.0,2024-07-22,5162,2024-07-24,4,FA,3298,392,NN,Semillas,Convenio Syngenta Soja Completo,Soja,52000.0,2024
2024-07-10,412342,1382.0,2024-07-22,5161,2024-07-24,4,FA,3298,392,NN,Semillas,Convenio Syngenta Soja Completo,Soja,52000.0,2024
2024-07-10,412343,1382.0,2024-07-22,5160,2024-07-24,4,FA,3298,392,NN,Semillas,Convenio Syngenta Soja Completo,Soja,52000.0,2024
2024-07-10,412344,1382.0,2024-07-22,5159,2024-07-24,4,FA,3298,392,NN,Semillas,Convenio Syngenta Soja Completo,Soja,52000.0,2024
2024-07-11,412351,1383.0,2024-07-19,5153,2024-07-24,4,FA,3298,392,NN,Semillas,Doble Poder X2,Soja,25000.0,2024
2024-07-11,412352,1383.0,2024-07-19,5152,2024-07-24,4,FA,3298,392,NN,Semillas,Doble Poder X2,Soja,25000.0,2024
2024-07-11,412353,1383.0,2024-07-19,5151,2024-07-24,4,FA,3298,392,NN,Semillas,Doble Poder X2,Soja,25000.0,2024
2024-07-11,412354,1383.0,2024-07-19,5150,2024-07-24,4,FA,3298,392,NN,Semillas,Doble Poder X2,Soja,25000.0,2024
2024-07-11,412355,1383.0,2024-07-19,5149,2024-07-24,4,FA,3298,392,NN,Semillas,Doble Poder X2,Soja,25000.0,2024
2024-07-11,412356,1383.0,2024-07-19,5148,2024-07-24,4,FA,3298,392,NN,Semillas,Doble Poder X2,Soja,25000.0,2024
2024-07-11,412357,1383.0,2024-07-19,5147,2024-07-24,4,FA,3298,392,NN,Semillas,Doble Poder X2,Soja,25000.0,2024
2024-07-11,412358,1383.0,2024-07-19,5146,2024-07-24,4,FA,3298,392,NN,Semillas,Doble Poder X2,Soja,25000.0,2024
2024-07-11,412359,1383.0,2024-07-19,5145,2024-07-24,4,FA,3298,392,NN,Semillas,Doble Poder X2,Soja,25000.0,2024
2024-07-11,412360,1383.0,2024-07-19,5144,2024-07-24,4,FA,3298,392,NN,Semillas,Doble Poder X2,Soja,25000.0,2024
2024-07-11,412361,1383.0,2024-07-19,5143,2024-07-24,4,FA,3298,392,NN,Semillas,Doble Poder X2,Soja,25000.0,2024
2024-07-11,412362,1383.0,2024-07-19,5142,2024-07-24,4,FA,3298,392,NN,Semillas,Doble Poder X2,Soja,25000.0,2024
2024-07-11,412363,1383.0,2024-07-19,5141,2024-07-24,4,FA,3298,392,NN,Semillas,Doble Poder X2,Soja,25000.0,2024
2024-07-11,412364,1383.0,2024-07-19,5140,2024-07-24,4,FA,3298,392,NN,Semillas,Doble Poder X2,Soja,25000.0,2024
2024-07-11,412365,1383.0,2024-07-19,5139,2024-07-24,4,FA,3298,392,NN,Semillas,Doble Poder X2,Soja,25000.0,2024
2024-07-11,412366,1383.0,2024-07-19,5138,2024-07-24,4,FA,3298,392,NN,Semillas,Doble Poder X2,Soja,25000.0,2024
2024-07-11,412367,1383.0,2024-07-19,5137,2024-07-24,4,FA,3298,392,NN,Semillas,Doble Poder X2,Soja,25000.0,2024
2024-07-11,412368,1383.0,2024-07-19,5136,2024-07-24,4,FA,3298,392,NN,Semillas,Doble Poder X2,Soja,25000.0,2024
2024-07-11,412369,1383.0,2024-07-19,5135,2024-07-24,4,FA,3298,392,NN,Semillas,Doble Poder X2,Soja,25000.0,2024
2024-07-11,412370,1383.0,2024-07-19,5134,2024-07-24,4,FA,3298,392,NN,Semillas,Doble Poder X2,Soja,25000.0,2024
2024-07-11,412371,1383.0,2024-07-19,5133,2024-07-24,4,FA,3298,392,NN,Semillas,Doble Poder X2,Soja,25000.0,2024
2024-07-11,412372,1383.0,2024-07-19,5132,2024-07-24,4,FA,3298,392,NN,Semillas,Doble Poder X2,Soja,25000.0,2024
2024-07-11,412373,1383.0,2024-07-19,5131,2024-07-24,4,FA,3298,392,NN,Semillas,Doble Poder X2,Soja,25000.0,2024
2024-07-11,412374,1383.0,2024-07-19,5130,2024-07-24,4,FA,3298,392,NN,Semillas,Doble Poder X2,Soja,25000.0,2024
2024-07-11,412375,1383.0,2024-07-19,5129,2024-07-24,4,FA,3298,392,NN,Semillas,Doble Poder X2,Soja,25000.0,2024
2024-07-11,412376,1383.0,2024-07-19,5128,2024-07-24,4,FA,3298,392,NN,Semillas,Doble Poder X2,Soja,25000.0,2024
2024-07-11,412377,1383.0,2024-07-19,5127,2024-07-24,4,FA,3298,392,NN,Semillas,Doble Poder X2,Soja,25000.0,2024
2024-07-12,412523,1384.0,2024-07-19,5155,2024-07-24,4,FA,3299,25,NN,Semillas,Doble Poder X2,Soja,25000.0,2024
2024-07-12,412524,1384.0,2024-07-19,5154,2024-07-24,4,FA,3299,25,NN,Semillas,Doble Poder X2,Soja,25000.0,2024
2024-07-15,412529,1385.0,2024-07-23,5208,2024-07-24,4,FA,3300,522,NN,Semillas,Convenio Syngenta Soja Completo,Soja,52000.0,2024
2024-07-15,412530,1385.0,2024-07-23,5207,2024-07-24,4,FA,3300,522,NN,Semillas,Convenio Syngenta Soja Completo,Soja,52000.0,2024
2024-07-15,412531,1385.0,2024-07-23,5206,2024-07-24,4,FA,3300,522,NN,Semillas,Convenio Syngenta Soja Completo,Soja,52000.0,2024
2024-07-15,412532,1385.0,2024-07-23,5205,2024-07-24,4,FA,3300,522,NN,Semillas,Convenio Syngenta Soja Completo,Soja,52000.0,2024
2024-07-15,412533,1385.0,2024-07-23,5204,2024-07-24,4,FA,3300,522,NN,Semillas,Convenio Syngenta Soja Completo,Soja,52000.0,2024
2024-07-15,412534,1385.0,2024-07-23,5203,2024-07-24,4,FA,3300,522,NN,Semillas,Convenio Syngenta Soja Completo,Soja,52000.0,2024
2024-07-15,412535,1385.0,2024-07-23,5202,2024-07-24,4,FA,3300,522,NN,Semillas,Convenio Syngenta Soja Completo,Soja,52000.0,2024
2024-07-15,412536,1385.0,2024-07-23,5201,2024-07-24,4,FA,3300,522,NN,Semillas,Convenio Syngenta Soja Completo,Soja,52000.0,2024
2024-07-15,412537,1385.0,2024-07-23,5200,2024-07-24,4,FA,3300,522,NN,Semillas,Convenio Syngenta Soja Completo,Soja,52000.0,2024
2024-07-15,412538,1385.0,2024-07-23,5199,2024-07-24,4,FA,3300,522,NN,Semillas,Convenio Syngenta Soja Completo,Soja,52000.0,2024
2024-07-15,412539,1385.0,2024-07-23,5198,2024-07-24,4,FA,3300,522,NN,Semillas,Convenio Syngenta Soja Completo,Soja,52000.0,2024
2024-07-15,412540,1385.0,2024-07-23,5197,2024-07-24,4,FA,3300,522,NN,Semillas,Convenio Syngenta Soja Completo,Soja,52000.0,2024
2024-07-17,412590,1386.0,2024-07-25,5215,2024-07-26,4,FA,3306,392,NN,Semillas,Doble Poder X2,Soja,25000.0,2024
2024-07-17,412591,1386.0,2024-07-25,5214,2024-07-26,4,FA,3306,392,NN,Semillas,Doble Poder X2,Soja,25000.0,2024
2024-07-17,412592,1386.0,2024-07-25,5213,2024-07-26,4,FA,3306,392,NN,Semillas,Doble Poder X2,Soja,25000.0,2024
2024-07-17,412593,1386.0,2024-07-25,5212,2024-07-26,4,FA,3306,392,NN,Semillas,Doble Poder X2,Soja,25000.0,2024
2024-07-17,412594,1386.0,2024-07-25,5211,2024-07-26,4,FA,3306,392,NN,Semillas,Doble Poder X2,Soja,25000.0,2024
2024-07-17,412595,1386.0,2024-07-25,5210,2024-07-26,4,FA,3306,392,NN,Semillas,Doble Poder X2,Soja,25000.0,2024
2024-07-17,412596,1386.0,2024-07-25,5209,2024-07-26,4,FA,3306,392,NN,Semillas,Doble Poder X2,Soja,25000.0,2024
2024-07-17,412598,1387.0,2024-07-25,5237,2024-07-26,4,FA,3306,392,NN,Semillas,Convenio Syngenta Soja Completo,Soja,52000.0,2024
2024-07-17,412599,1387.0,2024-07-25,5236,2024-07-26,4,FA,3306,392,NN,Semillas,Convenio Syngenta Soja Completo,Soja,52000.0,2024
2024-07-17,412600,1387.0,2024-07-25,5235,2024-07-26,4,FA,3306,392,NN,Semillas,Convenio Syngenta Soja Completo,Soja,52000.0,2024
2024-07-17,412601,1387.0,2024-07-25,5234,2024-07-26,4,FA,3306,392,NN,Semillas,Convenio Syngenta Soja Completo,Soja,52000.0,2024
2024-07-17,412602,1387.0,2024-07-25,5233,2024-07-26,4,FA,3306,392,NN,Semillas,Convenio Syngenta Soja Completo,Soja,52000.0,2024
2024-07-17,412603,1387.0,2024-07-25,5232,2024-07-26,4,FA,3306,392,NN,Semillas,Convenio Syngenta Soja Completo,Soja,52000.0,2024
2024-07-17,412604,1387.0,2024-07-25,5231,2024-07-26,4,FA,3306,392,NN,Semillas,Convenio Syngenta Soja Completo,Soja,52000.0,2024
2024-07-17,412605,1387.0,2024-07-25,5230,2024-07-26,4,FA,3306,392,NN,Semillas,Convenio Syngenta Soja Completo,Soja,52000.0,2024
2024-07-17,412606,1387.0,2024-07-30,5251,2024-07-31,4,FA,3307,392,NN,Semillas,Convenio Syngenta Soja Completo,Soja,52000.0,2024
2024-07-17,412607,1387.0,2024-07-25,5229,2024-07-26,4,FA,3306,392,NN,Semillas,Convenio Syngenta Soja Completo,Soja,52000.0,2024
2024-07-17,412608,1387.0,2024-07-30,5250,2024-07-31,4,FA,3307,392,NN,Semillas,Convenio Syngenta Soja Completo,Soja,52000.0,2024
2024-07-17,412609,1387.0,2024-07-30,5249,2024-07-31,4,FA,3307,392,NN,Semillas,Convenio Syngenta Soja Completo,Soja,52000.0,2024
2024-07-17,412610,1387.0,2024-07-25,5228,2024-07-26,4,FA,3306,392,NN,Semillas,Convenio Syngenta Soja Completo,Soja,52000.0,2024
2024-07-17,412611,1387.0,2024-07-25,5227,2024-07-26,4,FA,3306,392,NN,Semillas,Convenio Syngenta Soja Completo,Soja,52000.0,2024
2024-07-17,412612,1387.0,2024-07-25,5226,2024-07-26,4,FA,3306,392,NN,Semillas,Convenio Syngenta Soja Completo,Soja,52000.0,2024
2024-07-17,412613,1387.0,2024-07-25,5225,2024-07-26,4,FA,3306,392,NN,Semillas,Convenio Syngenta Soja Completo,Soja,52000.0,2024
2024-07-17,412614,1387.0,2024-07-25,5224,2024-07-26,4,FA,3306,392,NN,Semillas,Convenio Syngenta Soja Completo,Soja,52000.0,2024
2024-07-17,412615,1387.0,2024-07-25,5223,2024-07-26,4,FA,3306,392,NN,Semillas,Convenio Syngenta Soja Completo,Soja,52000.0,2024
2024-07-17,412616,1387.0,2024-07-25,5222,2024-07-26,4,FA,3306,392,NN,Semillas,Convenio Syngenta Soja Completo,Soja,52000.0,2024
2024-07-17,412617,1387.0,2024-07-25,5221,2024-07-26,4,FA,3306,392,NN,Semillas,Convenio Syngenta Soja Completo,Soja,52000.0,2024
2024-07-17,412618,1387.0,2024-07-25,5220,2024-07-26,4,FA,3306,392,NN,Semillas,Convenio Syngenta Soja Completo,Soja,52000.0,2024
2024-07-17,412619,1387.0,2024-07-25,5219,2024-07-26,4,FA,3306,392,NN,Semillas,Convenio Syngenta Soja Completo,Soja,52000.0,2024
2024-07-17,412620,1387.0,2024-07-25,5218,2024-07-26,4,FA,3306,392,NN,Semillas,Convenio Syngenta Soja Completo,Soja,52000.0,2024
2024-07-17,412621,1387.0,2024-07-25,5217,2024-07-26,4,FA,3306,392,NN,Semillas,Convenio Syngenta Soja Completo,Soja,52000.0,2024
2024-07-17,412622,1387.0,2024-07-25,5216,2024-07-26,4,FA,3306,392,NN,Semillas,Convenio Syngenta Soja Completo,Soja,52000.0,2024
2024-07-22,412777,1388.0,2024-07-29,5247,2024-07-31,4,FA,3308,9261,NN,Semillas,Convenio Syngenta Soja Completo,Soja,52000.0,2024
2024-07-22,412778,1388.0,2024-07-29,5246,2024-07-31,4,FA,3308,9261,NN,Semillas,Convenio Syngenta Soja Completo,Soja,52000.0,2024
2024-07-22,412779,1388.0,2024-07-29,5245,2024-07-31,4,FA,3308,9261,NN,Semillas,Convenio Syngenta Soja Completo,Soja,52000.0,2024
2024-07-22,412780,1388.0,2024-07-29,5244,2024-07-31,4,FA,3308,9261,NN,Semillas,Convenio Syngenta Soja Completo,Soja,52000.0,2024
2024-07-22,412781,1388.0,2024-07-29,5243,2024-07-31,4,FA,3308,9261,NN,Semillas,Convenio Syngenta Soja Completo,Soja,52000.0,2024
2024-07-22,412782,1388.0,2024-07-29,5242,2024-07-31,4,FA,3308,9261,NN,Semillas,Convenio Syngenta Soja Completo,Soja,52000.0,2024
2024-07-22,412783,1388.0,2024-07-29,5241,2024-07-31,4,FA,3308,9261,NN,Semillas,Convenio Syngenta Soja Completo,Soja,52000.0,2024
2024-07-22,412784,1388.0,2024-07-29,5240,2024-07-31,4,FA,3308,9261,NN,Semillas,Convenio Syngenta Soja Completo,Soja,52000.0,2024
2024-07-22,412785,1388.0,2024-07-29,5239,2024-07-31,4,FA,3308,9261,NN,Semillas,Convenio Syngenta Soja Completo,Soja,52000.0,2024
2024-07-22,412786,1388.0,2024-07-29,5238,2024-07-31,4,FA,3308,9261,NN,Semillas,Convenio Syngenta Soja Completo,Soja,52000.0,2024
2024-07-24,412823,1387.0,2024-07-30,5248,2024-07-31,4,FA,3307,392,NN,Semillas,Convenio Syngenta Soja Completo,Soja,52000.0,2024
2024-07-26,412962,1389.0,2024-08-02,5290,2024-08-09,4,FA,3331,392,NN,Semillas,Soja,Soja,38000.0,2024
2024-07-26,412963,1389.0,2024-08-02,5289,2024-08-09,4,FA,3331,392,NN,Semillas,Soja,Soja,38000.0,2024
2024-07-26,412964,1389.0,2024-08-02,5288,2024-08-15,4,FA,3342,392,NN,Semillas,Soja,Soja,38000.0,2024
2024-07-26,412965,1389.0,2024-08-02,5287,2024-08-15,4,FA,3342,392,NN,Semillas,Soja,Soja,38000.0,2024
2024-07-26,412966,1389.0,2024-08-02,5286,2024-08-15,4,FA,3342,392,NN,Semillas,Soja,Soja,38000.0,2024
2024-07-26,412967,1389.0,2024-08-02,5285,2024-08-15,4,FA,3342,392,NN,Semillas,Soja,Soja,38000.0,2024
2024-07-26,412968,1389.0,2024-08-02,5284,2024-08-15,4,FA,3342,392,NN,Semillas,Soja,Soja,38000.0,2024
2024-07-26,412969,1389.0,2024-08-02,5283,2024-08-15,4,FA,3342,392,NN,Semillas,Soja,Soja,38000.0,2024
2024-07-26,412970,1389.0,2024-08-02,5282,2024-08-15,4,FA,3342,392,NN,Semillas,Soja,Soja,38000.0,2024
2024-07-26,412971,1389.0,2024-08-02,5281,2024-08-15,4,FA,3342,392,NN,Semillas,Soja,Soja,38000.0,2024
2024-07-26,412972,1389.0,2024-08-02,5280,2024-08-09,4,FA,3331,392,NN,Semillas,Soja,Soja,38000.0,2024
2024-07-26,412973,1389.0,2024-08-02,5279,2024-08-15,4,FA,3342,392,NN,Semillas,Soja,Soja,38000.0,2024
2024-07-26,412974,1389.0,2024-08-02,5278,2024-08-15,4,FA,3342,392,NN,Semillas,Soja,Soja,38000.0,2024
2024-07-26,412975,1389.0,2024-08-02,5277,2024-08-09,4,FA,3331,392,NN,Semillas,Soja,Soja,38000.0,2024
2024-07-26,412976,1389.0,2024-08-02,5276,2024-08-09,4,FA,3331,392,NN,Semillas,Soja,Soja,38000.0,2024
2024-07-26,412977,1389.0,2024-08-02,5275,2024-08-09,4,FA,3331,392,NN,Semillas,Soja,Soja,38000.0,2024
2024-07-26,412978,1389.0,2024-08-02,5274,2024-08-09,4,FA,3331,392,NN,Semillas,Soja,Soja,38000.0,2024
2024-07-26,412979,1389.0,2024-08-02,5273,2024-08-09,4,FA,3331,392,NN,Semillas,Soja,Soja,38000.0,2024
2024-07-26,412980,1389.0,2024-08-02,5272,2024-08-09,4,FA,3331,392,NN,Semillas,Soja,Soja,38000.0,2024
2024-07-26,412981,1389.0,2024-08-02,5271,2024-08-15,4,FA,3342,392,NN,Semillas,Soja,Soja,38000.0,2024
2024-07-26,412982,1389.0,2024-08-02,5270,2024-08-15,4,FA,3342,392,NN,Semillas,Soja,Soja,38000.0,2024
2024-07-26,412983,1389.0,2024-08-02,5269,2024-08-15,4,FA,3342,392,NN,Semillas,Soja,Soja,38000.0,2024
2024-07-26,412984,1389.0,2024-08-02,5268,2024-08-15,4,FA,3342,392,NN,Semillas,Soja,Soja,38000.0,2024
2024-07-26,412985,1389.0,2024-08-02,5267,2024-08-15,4,FA,3342,392,NN,Semillas,Soja,Soja,38000.0,2024
2024-07-26,412986,1389.0,2024-08-02,5266,2024-08-15,4,FA,3342,392,NN,Semillas,Soja,Soja,38000.0,2024
2024-07-26,412987,1389.0,2024-08-02,5265,2024-08-15,4,FA,3342,392,NN,Semillas,Soja,Soja,38000.0,2024
2024-07-26,412988,1389.0,2024-08-02,5264,2024-08-15,4,FA,3342,392,NN,Semillas,Soja,Soja,38000.0,2024
2024-07-26,412989,1389.0,2024-08-02,5263,2024-08-15,4,FA,3342,392,NN,Semillas,Soja,Soja,38000.0,2024
2024-07-26,412990,1389.0,2024-08-02,5262,2024-08-15,4,FA,3342,392,NN,Semillas,Soja,Soja,38000.0,2024
2024-07-26,412991,1389.0,2024-08-02,5261,2024-08-15,4,FA,3342,392,NN,Semillas,Soja,Soja,38000.0,2024
2024-07-26,412992,1389.0,2024-08-02,5260,2024-08-15,4,FA,3342,392,NN,Semillas,Soja,Soja,38000.0,2024
2024-07-26,412993,1389.0,2024-08-02,5259,2024-08-15,4,FA,3342,392,NN,Semillas,Soja,Soja,38000.0,2024
2024-07-26,412994,1389.0,2024-08-02,5258,2024-08-15,4,FA,3342,392,NN,Semillas,Soja,Soja,38000.0,2024
2024-07-26,412995,1389.0,2024-08-02,5257,2024-08-15,4,FA,3342,392,NN,Semillas,Soja,Soja,38000.0,2024
2024-07-26,412996,1389.0,2024-08-02,5256,2024-08-15,4,FA,3342,392,NN,Semillas,Soja,Soja,38000.0,2024
2024-07-26,412997,1389.0,2024-08-02,5255,2024-08-15,4,FA,3342,392,NN,Semillas,Soja,Soja,38000.0,2024
2024-07-26,412998,1389.0,2024-08-02,5254,2024-08-15,4,FA,3342,392,NN,Semillas,Soja,Soja,38000.0,2024
2024-07-26,412999,1389.0,2024-08-02,5253,2024-08-15,4,FA,3342,392,NN,Semillas,Soja,Soja,38000.0,2024
2024-07-29,413000,1390.0,2024-08-07,5291,2024-08-07,4,FA,3326,9000,NN,Semillas,Soja,Soja,39000.0,2024
2024-07-29,413001,1391.0,2024-08-07,5292,2024-08-07,4,FA,3327,2677,NN,Semillas,Soja,Soja,39000.0,2024
2024-07-29,413002,1392.0,2024-08-07,5294,2024-08-07,4,FA,3329,1171,NN,Semillas,Soja,Soja,39000.0,2024
2024-07-29,413003,1392.0,2024-08-07,5293,2024-08-07,4,FA,3329,1171,NN,Semillas,Soja,Soja,39000.0,2024
2024-07-29,413004,1393.0,2024-08-07,5296,2024-08-07,4,FA,3325,4039,NN,Semillas,Soja,Soja,39000.0,2024
2024-07-29,413005,1393.0,2024-08-07,5295,2024-08-07,4,FA,3325,4039,NN,Semillas,Soja,Soja,39000.0,2024
2024-08-01,413006,1403.0,2024-08-01,5252,2024-08-05,4,FA,3324,5150,NN,Semillas,Urocloa,Urocloa,39000.0,2024
2024-07-30,413007,1394.0,2024-08-07,5297,2024-08-07,4,FA,3328,5092,NN,Semillas,Soja,Soja,31000.0,2024
2024-07-30,413008,1395.0,2024-08-08,5305,2024-08-09,4,FA,3332,4664,NN,Semillas,Soja,Soja,43000.0,2024
2024-07-31,413009,1396.0,2024-08-07,5304,2024-08-09,4,FA,3336,9261,NN,Semillas,Convenio Syngenta Soja Completo,Soja,52000.0,2024
2024-07-31,413010,1396.0,2024-08-07,5303,2024-08-09,4,FA,3336,9261,NN,Semillas,Convenio Syngenta Soja Completo,Soja,52000.0,2024
2024-07-31,413011,1396.0,2024-08-07,5302,2024-08-09,4,FA,3336,9261,NN,Semillas,Convenio Syngenta Soja Completo,Soja,52000.0,2024
2024-07-31,413012,1396.0,2024-08-07,5301,2024-08-09,4,FA,3336,9261,NN,Semillas,Convenio Syngenta Soja Completo,Soja,52000.0,2024
2024-07-31,413013,1396.0,2024-08-07,5300,2024-08-09,4,FA,3336,9261,NN,Semillas,Convenio Syngenta Soja Completo,Soja,52000.0,2024
2024-07-31,413014,1396.0,2024-08-07,5299,2024-08-09,4,FA,3336,9261,NN,Semillas,Convenio Syngenta Soja Completo,Soja,52000.0,2024
2024-07-31,413015,1396.0,2024-08-07,5298,2024-08-09,4,FA,3336,9261,NN,Semillas,Convenio Syngenta Soja Completo,Soja,52000.0,2024
2024-07-31,413016,1397.0,2024-08-08,5307,2024-08-09,4,FA,3337,2211,NN,Semillas,Fuerza Total,Soja,42000.0,2024
2024-07-31,413017,1397.0,2024-08-08,5306,2024-08-09,4,FA,3337,2211,NN,Semillas,Fuerza Total,Soja,42000.0,2024
2024-07-31,413018,1398.0,2024-08-09,5310,2024-08-09,4,FA,3333,2432,NN,Semillas,Semilla Vital,Poroto,57000.0,2024
2024-07-31,413020,1399.0,2024-08-08,5309,2024-08-09,4,FA,3338,4038,NN,Semillas,Soja,Soja,31000.0,2024
2024-07-31,413021,1399.0,2024-08-08,5308,2024-08-09,4,FA,3338,4038,NN,Semillas,Soja,Soja,31000.0,2024
2024-08-01,413023,1400.0,2024-08-09,5314,2024-08-09,4,FA,3331,392,NN,Semillas,Soja,Soja,39000.0,2024
2024-08-01,413024,1400.0,2024-08-09,5313,2024-08-09,4,FA,3331,392,NN,Semillas,Soja,Soja,39000.0,2024
2024-08-01,413025,1400.0,2024-08-09,5312,2024-08-09,4,FA,3331,392,NN,Semillas,Soja,Soja,39000.0,2024
2024-08-01,413026,1400.0,2024-08-09,5311,2024-08-09,4,FA,3331,392,NN,Semillas,Soja,Soja,39000.0,2024
2024-08-01,413027,1401.0,2024-08-09,5319,2024-08-09,4,FA,3330,3660,NN,Semillas,Fuerza Total,Soja,42000.0,2024
2024-08-01,413028,1401.0,2024-08-09,5318,2024-08-09,4,FA,3330,3660,NN,Semillas,Fuerza Total,Soja,42000.0,2024
2024-08-01,413029,1401.0,2024-08-09,5317,2024-08-09,4,FA,3330,3660,NN,Semillas,Fuerza Total,Soja,42000.0,2024
2024-08-01,413030,1401.0,2024-08-09,5316,2024-08-09,4,FA,3330,3660,NN,Semillas,Fuerza Total,Soja,42000.0,2024
2024-08-01,413031,1401.0,2024-08-09,5315,2024-08-09,4,FA,3330,3660,NN,Semillas,Fuerza Total,Soja,42000.0,2024
2024-08-01,413032,1402.0,2024-08-09,5324,2024-08-09,4,FA,3334,522,NN,Semillas,Soja,Soja,39000.0,2024
2024-08-01,413033,1402.0,2024-08-09,5323,2024-08-09,4,FA,3334,522,NN,Semillas,Soja,Soja,39000.0,2024
2024-08-01,413034,1402.0,2024-08-09,5322,2024-08-09,4,FA,3334,522,NN,Semillas,Soja,Soja,39000.0,2024
2024-08-01,413035,1402.0,2024-08-09,5321,2024-08-09,4,FA,3334,522,NN,Semillas,Soja,Soja,39000.0,2024
2024-08-01,413036,1402.0,2024-08-09,5320,2024-08-09,4,FA,3334,522,NN,Semillas,Soja,Soja,39000.0,2024
2024-08-02,413160,1404.0,2024-08-09,5327,2024-08-09,4,FA,3335,3243,NN,Semillas,Fuerza Total,Soja,42000.0,2024
2024-08-02,413161,1404.0,2024-08-09,5326,2024-08-09,4,FA,3335,3243,NN,Semillas,Fuerza Total,Soja,42000.0,2024
2024-08-02,413162,1404.0,2024-08-09,5325,2024-08-09,4,FA,3335,3243,NN,Semillas,Fuerza Total,Soja,42000.0,2024
2024-08-02,413163,1405.0,2024-08-13,5357,2024-08-15,4,FA,3342,392,NN,Semillas,Soja,Soja,39000.0,2024
2024-08-02,413164,1405.0,2024-08-13,5356,2024-08-15,4,FA,3342,392,NN,Semillas,Soja,Soja,39000.0,2024
2024-08-02,413165,1405.0,2024-08-13,5355,2024-08-15,4,FA,3342,392,NN,Semillas,Soja,Soja,39000.0,2024
2024-08-02,413166,1405.0,2024-08-13,5354,2024-08-15,4,FA,3342,392,NN,Semillas,Soja,Soja,39000.0,2024
2024-08-02,413167,1405.0,2024-08-13,5353,2024-08-15,4,FA,3342,392,NN,Semillas,Soja,Soja,39000.0,2024
2024-08-02,413168,1405.0,2024-08-13,5352,2024-08-15,4,FA,3342,392,NN,Semillas,Soja,Soja,39000.0,2024
2024-08-02,413169,1405.0,2024-08-13,5351,2024-08-15,4,FA,3342,392,NN,Semillas,Soja,Soja,39000.0,2024
2024-08-02,413170,1405.0,2024-08-13,5350,2024-08-15,4,FA,3342,392,NN,Semillas,Soja,Soja,39000.0,2024
2024-08-02,413171,1405.0,2024-08-13,5349,2024-08-15,4,FA,3342,392,NN,Semillas,Soja,Soja,39000.0,2024
2024-08-02,413172,1405.0,2024-08-13,5348,2024-08-15,4,FA,3342,392,NN,Semillas,Soja,Soja,39000.0,2024
2024-08-02,413173,1405.0,2024-08-13,5347,2024-08-15,4,FA,3342,392,NN,Semillas,Soja,Soja,39000.0,2024
2024-08-02,413174,1405.0,2024-08-13,5346,2024-08-15,4,FA,3342,392,NN,Semillas,Soja,Soja,39000.0,2024
2024-08-02,413175,1405.0,2024-08-13,5345,2024-08-15,4,FA,3342,392,NN,Semillas,Soja,Soja,39000.0,2024
2024-08-02,413176,1405.0,2024-08-13,5344,2024-08-15,4,FA,3342,392,NN,Semillas,Soja,Soja,39000.0,2024
2024-08-02,413177,1405.0,2024-08-13,5343,2024-08-15,4,FA,3342,392,NN,Semillas,Soja,Soja,39000.0,2024
2024-08-02,413178,1405.0,2024-08-13,5342,2024-08-15,4,FA,3342,392,NN,Semillas,Soja,Soja,39000.0,2024
2024-08-02,413179,1405.0,2024-08-13,5341,2024-08-15,4,FA,3342,392,NN,Semillas,Soja,Soja,39000.0,2024
2024-08-02,413180,1405.0,2024-08-13,5340,2024-08-15,4,FA,3342,392,NN,Semillas,Soja,Soja,39000.0,2024
2024-08-02,413181,1405.0,2024-08-13,5339,2024-08-15,4,FA,3342,392,NN,Semillas,Soja,Soja,39000.0,2024
2024-08-02,413182,1405.0,2024-08-13,5338,2024-08-15,4,FA,3342,392,NN,Semillas,Soja,Soja,39000.0,2024
2024-08-05,413206,1406.0,2024-08-12,5332,2024-08-15,4,FA,3342,392,NN,Semillas,Soja,Soja,71000.0,2024
2024-08-05,413207,1406.0,2024-08-12,5331,2024-08-15,4,FA,3342,392,NN,Semillas,Soja,Soja,71000.0,2024
2024-08-05,413208,1406.0,2024-08-12,5330,2024-08-15,4,FA,3342,392,NN,Semillas,Soja,Soja,71000.0,2024
2024-08-05,413209,1406.0,2024-08-12,5329,2024-08-15,4,FA,3342,392,NN,Semillas,Soja,Soja,71000.0,2024
2024-08-05,413210,1406.0,2024-08-12,5328,2024-08-15,4,FA,3342,392,NN,Semillas,Soja,Soja,71000.0,2024
2024-08-05,413211,1407.0,2024-08-13,5337,2024-08-15,4,FA,3342,392,NN,Semillas,Fuerza Total,Maíz,42000.0,2024
2024-08-05,413212,1407.0,2024-08-13,5336,2024-08-15,4,FA,3342,392,NN,Semillas,Fuerza Total,Maíz,42000.0,2024
2024-08-05,413213,1407.0,2024-08-13,5335,2024-08-15,4,FA,3342,392,NN,Semillas,Fuerza Total,Maíz,42000.0,2024
2024-08-05,413214,1407.0,2024-08-13,5334,2024-08-15,4,FA,3342,392,NN,Semillas,Fuerza Total,Maíz,42000.0,2024
2024-08-05,413215,1407.0,2024-08-13,5333,2024-08-15,4,FA,3342,392,NN,Semillas,Fuerza Total,Maíz,42000.0,2024
2024-08-05,413216,1408.0,2024-08-13,5358,2024-08-15,4,FA,3343,798,NN,Semillas,Soja,Soja,31000.0,2024
2024-08-07,413217,1409.0,2024-08-15,5362,2024-08-15,4,FA,3344,700,NN,Semillas,Fuerza Total Curado,Soja,45000.0,2024
2024-08-07,413218,1409.0,2024-08-15,5361,2024-08-15,4,FA,3344,700,NN,Semillas,Fuerza Total Curado,Soja,45000.0,2024
2024-08-07,413219,1409.0,2024-08-15,5360,2024-08-15,4,FA,3344,700,NN,Semillas,Fuerza Total Curado,Soja,45000.0,2024
2024-08-07,413220,1409.0,2024-08-15,5359,2024-08-15,4,FA,3344,700,NN,Semillas,Fuerza Total Curado,Soja,45000.0,2024
2024-08-09,413305,1410.0,2024-08-16,5366,2024-08-21,4,FA,3354,4664,NN,Semillas,Fuerza Total Curado,Soja,45000.0,2024
2024-08-09,413306,1411.0,2024-08-16,5365,2024-08-21,4,FA,3356,187,NN,Semillas,Fuerza Total Curado,Soja,45000.0,2024
2024-08-09,413307,1411.0,2024-08-16,5364,2024-08-21,4,FA,3356,187,NN,Semillas,Fuerza Total Curado,Soja,45000.0,2024
2024-08-09,413308,1411.0,2024-08-16,5363,2024-08-21,4,FA,3356,187,NN,Semillas,Fuerza Total Curado,Soja,45000.0,2024
2024-08-09,413313,1411.0,2024-08-20,5371,2024-08-21,4,FA,3356,187,NN,Semillas,Soja,Soja,57000.0,2024
2024-08-09,413314,1411.0,2024-08-20,5370,2024-08-21,4,FA,3356,187,NN,Semillas,Soja,Soja,57000.0,2024
2024-08-09,413315,1411.0,2024-08-20,5369,2024-08-21,4,FA,3356,187,NN,Semillas,Soja,Soja,57000.0,2024
2024-08-12,413317,1412.0,2024-08-20,5379,2024-08-21,4,FA,3357,9261,NN,Semillas,Fuerza Total Curado,Soja,45000.0,2024
2024-08-12,413318,1412.0,2024-08-20,5378,2024-08-21,4,FA,3357,9261,NN,Semillas,Fuerza Total Curado,Soja,45000.0,2024
2024-08-12,413319,1412.0,2024-08-20,5377,2024-08-21,4,FA,3357,9261,NN,Semillas,Fuerza Total Curado,Soja,45000.0,2024
2024-08-12,413320,1412.0,2024-08-20,5376,2024-08-21,4,FA,3357,9261,NN,Semillas,Fuerza Total Curado,Soja,45000.0,2024
2024-08-12,413321,1412.0,2024-08-20,5375,2024-08-21,4,FA,3357,9261,NN,Semillas,Fuerza Total Curado,Soja,45000.0,2024
2024-08-12,413322,1412.0,2024-08-20,5374,2024-08-21,4,FA,3357,9261,NN,Semillas,Fuerza Total Curado,Soja,45000.0,2024
2024-08-12,413323,1412.0,2024-08-20,5373,2024-08-21,4,FA,3357,9261,NN,Semillas,Fuerza Total Curado,Soja,45000.0,2024
2024-08-12,413324,1412.0,2024-08-20,5372,2024-08-21,4,FA,3357,9261,NN,Semillas,Fuerza Total Curado,Soja,45000.0,2024
2024-08-12,413326,1413.0,2024-08-21,5387,2024-08-21,4,FA,3352,967,NN,Semillas,Soja,Soja,31000.0,2024
2024-08-12,413327,1413.0,2024-08-21,5386,2024-08-21,4,FA,3352,967,NN,Semillas,Soja,Soja,31000.0,2024
2024-08-12,413328,1413.0,2024-08-21,5385,2024-08-21,4,FA,3352,967,NN,Semillas,Soja,Soja,31000.0,2024
2024-08-12,413329,1413.0,2024-08-21,5384,2024-08-21,4,FA,3352,967,NN,Semillas,Soja,Soja,31000.0,2024
2024-08-12,413330,1413.0,2024-08-21,5383,2024-08-21,4,FA,3352,967,NN,Semillas,Soja,Soja,31000.0,2024
2024-08-12,413331,1413.0,2024-08-21,5382,2024-08-21,4,FA,3352,967,NN,Semillas,Soja,Soja,31000.0,2024
2024-08-12,413332,1413.0,2024-08-21,5381,2024-08-21,4,FA,3352,967,NN,Semillas,Soja,Soja,31000.0,2024
2024-08-12,413333,1413.0,2024-08-21,5380,2024-08-21,4,FA,3352,967,NN,Semillas,Soja,Soja,31000.0,2024
2024-08-13,413334,1414.0,2024-08-20,5368,2024-08-21,4,FA,3355,104,NN,Semillas,Maíz,Maíz,31000.0,2024
2024-08-13,413335,1414.0,2024-08-20,5367,2024-08-21,4,FA,3355,104,NN,Semillas,Maíz,Maíz,31000.0,2024
2024-08-13,413337,1415.0,2024-08-22,5396,2024-08-26,4,FA,3359,5087,NN,Semillas,Soja,Soja,39000.0,2024
2024-08-13,413338,1415.0,2024-08-22,5395,2024-08-26,4,FA,3359,5087,NN,Semillas,Soja,Soja,39000.0,2024
2024-08-14,413351,1416.0,2024-08-22,5397,2024-08-26,4,FA,3362,1878,NN,Semillas,Doble Poder X2,Soja,25000.0,2024
2024-08-14,413352,1417.0,2024-08-21,5394,2024-08-21,4,FA,3353,3687,NN,Semillas,Soja,Soja,71000.0,2024
2024-08-14,413353,1417.0,2024-08-21,5393,2024-08-21,4,FA,3353,3687,NN,Semillas,Soja,Soja,52000.0,2024
2024-08-14,413354,1417.0,2024-08-21,5392,2024-08-21,4,FA,3353,3687,NN,Semillas,Soja,Soja,52000.0,2024
2024-08-14,413355,1417.0,2024-08-21,5391,2024-08-21,4,FA,3353,3687,NN,Semillas,Soja,Soja,52000.0,2024
2024-08-14,413356,1417.0,2024-08-21,5390,2024-08-21,4,FA,3353,3687,NN,Semillas,Soja,Soja,52000.0,2024
2024-08-14,413357,1417.0,2024-08-21,5389,2024-08-21,4,FA,3353,3687,NN,Semillas,Soja,Soja,71000.0,2024
2024-08-14,413358,1417.0,2024-08-21,5388,2024-08-21,4,FA,3353,3687,NN,Semillas,Soja,Soja,71000.0,2024
2024-08-15,413359,1420.0,2024-08-23,5403,2024-08-26,4,FA,3363,4610,NN,Semillas,Soja,Soja,43000.0,2024
2024-08-15,413360,1420.0,2024-08-23,5402,2024-08-26,4,FA,3363,4610,NN,Semillas,Soja,Soja,43000.0,2024
2024-08-15,413361,1420.0,2024-08-23,5401,2024-08-26,4,FA,3363,4610,NN,Semillas,Soja,Soja,43000.0,2024
2024-08-14,413364,1418.0,2024-08-22,5400,2024-08-26,4,FA,3361,3243,NN,Semillas,Fuerza Total Curado,Soja,45000.0,2024
2024-08-14,413365,1418.0,2024-08-22,5399,2024-08-26,4,FA,3361,3243,NN,Semillas,Fuerza Total Curado,Soja,45000.0,2024
2024-08-14,413366,1418.0,2024-08-22,5398,2024-08-26,4,FA,3361,3243,NN,Semillas,Fuerza Total Curado,Soja,45000.0,2024
2024-08-15,413368,1419.0,2024-08-23,5412,2024-08-26,4,FA,3360,38,NN,Semillas,Fuerza Total,Soja,42000.0,2024
2024-08-15,413369,1419.0,2024-08-23,5411,2024-08-26,4,FA,3360,38,NN,Semillas,Fuerza Total,Soja,42000.0,2024
2024-08-15,413370,1419.0,2024-08-23,5410,2024-08-26,4,FA,3360,38,NN,Semillas,Fuerza Total,Soja,42000.0,2024
2024-08-15,413371,1419.0,2024-08-23,5409,2024-08-26,4,FA,3360,38,NN,Semillas,Fuerza Total,Soja,42000.0,2024
2024-08-15,413372,1419.0,2024-08-23,5408,2024-08-26,4,FA,3360,38,NN,Semillas,Fuerza Total,Soja,42000.0,2024
2024-08-15,413373,1419.0,2024-08-23,5407,2024-08-26,4,FA,3360,38,NN,Semillas,Fuerza Total,Soja,42000.0,2024
2024-08-15,413374,1419.0,2024-08-23,5406,2024-08-26,4,FA,3360,38,NN,Semillas,Fuerza Total,Soja,42000.0,2024
2024-08-15,413375,1419.0,2024-08-23,5405,2024-08-26,4,FA,3360,38,NN,Semillas,Fuerza Total,Soja,42000.0,2024
2024-08-15,413376,1419.0,2024-08-23,5404,2024-08-26,4,FA,3360,38,NN,Semillas,Fuerza Total,Soja,42000.0,2024
2024-08-15,413377,1421.0,2024-08-23,5418,2024-08-26,4,FA,3358,392,NN,Semillas,Doble Poder X2,Soja,25000.0,2024
2024-08-15,413378,1421.0,2024-08-23,5417,2024-08-26,4,FA,3358,392,NN,Semillas,Doble Poder X2,Soja,25000.0,2024
2024-08-15,413379,1421.0,2024-08-23,5416,2024-08-26,4,FA,3358,392,NN,Semillas,Doble Poder X2,Soja,25000.0,2024
2024-08-15,413380,1421.0,2024-08-23,5415,2024-08-26,4,FA,3358,392,NN,Semillas,Doble Poder X2,Soja,25000.0,2024
2024-08-15,413381,1421.0,2024-08-23,5414,2024-08-26,4,FA,3358,392,NN,Semillas,Doble Poder X2,Soja,25000.0,2024
2024-08-15,413382,1421.0,2024-08-23,5413,2024-08-26,4,FA,3358,392,NN,Semillas,Doble Poder X2,Soja,25000.0,2024
2024-08-16,413460,1422.0,2024-08-23,5425,2024-08-26,4,FA,3358,392,NN,Semillas,Soja,Soja,71000.0,2024
2024-08-16,413461,1422.0,2024-08-23,5424,2024-08-26,4,FA,3358,392,NN,Semillas,Soja,Soja,71000.0,2024
2024-08-16,413462,1422.0,2024-08-23,5423,2024-08-26,4,FA,3358,392,NN,Semillas,Soja,Soja,71000.0,2024
2024-08-16,413463,1422.0,2024-08-23,5422,2024-08-26,4,FA,3358,392,NN,Semillas,Soja,Soja,71000.0,2024
2024-08-16,413464,1422.0,2024-08-23,5421,2024-08-26,4,FA,3358,392,NN,Semillas,Soja,Soja,71000.0,2024
2024-08-16,413465,1422.0,2024-08-23,5420,2024-08-26,4,FA,3358,392,NN,Semillas,Soja,Soja,71000.0,2024
2024-08-16,413466,1422.0,2024-08-23,5419,2024-08-26,4,FA,3358,392,NN,Semillas,Soja,Soja,71000.0,2024
2024-08-19,413467,1423.0,2024-08-29,5428,2024-08-30,4,FB,64,5152,NN,Semillas,Fuerza Total,Moha,42000.0,2024
2024-08-20,413470,1424.0,2024-08-28,5427,2024-08-30,4,FA,3371,5057,NN,Semillas,Fuerza Total,Soja,42000.0,2024
2024-08-20,413471,1424.0,2024-08-28,5426,2024-08-30,4,FA,3371,5057,NN,Semillas,Fuerza Total,Soja,42000.0,2024
2024-08-20,413485,1425.0,2024-08-30,5431,2024-08-30,4,FA,3372,4849,NN,Semillas,Fuerza Total,Centeno,42000.0,2024
2024-08-20,413486,1425.0,2024-08-30,5430,2024-08-30,4,FA,3372,4849,NN,Semillas,Fuerza Total,Centeno,42000.0,2024
2024-08-20,413487,1425.0,2024-08-30,5429,2024-08-30,4,FA,3372,4849,NN,Semillas,Fuerza Total,Centeno,42000.0,2024
2024-08-23,413598,1426.0,2024-08-30,5434,2024-09-09,4,FA,3379,2853,NN,Semillas,Doble Poder X2,Soja,25000.0,2024
2024-08-23,413599,1426.0,2024-08-30,5433,2024-09-09,4,FA,3379,2853,NN,Semillas,Doble Poder X2,Soja,25000.0,2024
2024-08-23,413600,1426.0,2024-08-30,5432,2024-09-09,4,FA,3379,2853,NN,Semillas,Doble Poder X2,Soja,25000.0,2024
2024-08-26,413601,1427.0,2024-09-03,5436,2024-09-09,4,FA,3384,908,NN,Semillas,Fuerza Total,Soja,42000.0,2024
2024-08-26,413602,1427.0,2024-09-03,5435,2024-09-09,4,FA,3384,908,NN,Semillas,Fuerza Total,Soja,42000.0,2024
2024-08-26,413607,1428.0,2024-09-03,5441,2024-09-09,4,FA,3378,1311,NN,Semillas,Poder + Peso,Soja,41000.0,2024
2024-08-26,413608,1428.0,2024-09-03,5440,2024-09-09,4,FA,3378,1311,NN,Semillas,Poder + Peso,Soja,41000.0,2024
2024-08-26,413609,1428.0,2024-09-03,5439,2024-09-09,4,FA,3378,1311,NN,Semillas,Poder + Peso,Soja,41000.0,2024
2024-08-26,413610,1428.0,2024-09-03,5438,2024-09-09,4,FA,3378,1311,NN,Semillas,Poder + Peso,Soja,41000.0,2024
2024-08-26,413611,1428.0,2024-09-03,5437,2024-09-09,4,FA,3378,1311,NN,Semillas,Poder + Peso,Soja,41000.0,2024
2024-08-26,413612,1429.0,2024-09-05,5457,2024-09-09,4,FA,3382,25,NN,Semillas,Maníí,Maníí,39000.0,2024
2024-08-26,413613,1429.0,2024-09-05,5456,2024-09-09,4,FA,3382,25,NN,Semillas,Maníí,Maníí,39000.0,2024
2024-08-26,413614,1429.0,2024-09-05,5455,2024-09-09,4,FA,3382,25,NN,Semillas,Maníí,Maníí,39000.0,2024
2024-08-27,413617,1430.0,2024-09-04,5453,2024-09-09,4,FA,3383,1864,NN,Semillas,Fuerza Total Curado,Soja,45000.0,2024
2024-08-27,413618,1430.0,2024-09-04,5452,2024-09-09,4,FA,3383,1864,NN,Semillas,Fuerza Total Curado,Soja,45000.0,2024
2024-08-27,413619,1430.0,2024-09-04,5451,2024-09-09,4,FA,3383,1864,NN,Semillas,Fuerza Total Curado,Soja,45000.0,2024
2024-08-27,413620,1430.0,2024-09-04,5450,2024-09-09,4,FA,3383,1864,NN,Semillas,Fuerza Total Curado,Soja,45000.0,2024
2024-08-27,413621,1430.0,2024-09-04,5449,2024-09-09,4,FA,3383,1864,NN,Semillas,Fuerza Total Curado,Soja,45000.0,2024
2024-08-27,413622,1430.0,2024-09-04,5448,2024-09-09,4,FA,3383,1864,NN,Semillas,Fuerza Total Curado,Soja,45000.0,2024
2024-08-27,413656,1431.0,2024-09-04,5446,2024-09-09,4,FA,3381,392,NN,Semillas,Doble Poder X2,Soja,25000.0,2024
2024-08-27,413657,1431.0,2024-09-04,5445,2024-09-09,4,FA,3381,392,NN,Semillas,Doble Poder X2,Soja,25000.0,2024
2024-08-27,413658,1431.0,2024-09-04,5444,2024-09-09,4,FA,3381,392,NN,Semillas,Doble Poder X2,Soja,25000.0,2024
2024-08-27,413659,1431.0,2024-09-04,5443,2024-09-09,4,FA,3381,392,NN,Semillas,Doble Poder X2,Soja,25000.0,2024
2024-08-27,413660,1431.0,2024-09-04,5442,2024-09-09,4,FA,3381,392,NN,Semillas,Doble Poder X2,Soja,25000.0,2024
2024-08-27,413661,1432.0,2024-09-04,5447,2024-09-09,4,FA,3380,772,NN,Semillas,Soja,Soja,43000.0,2024
2024-08-28,413663,1433.0,2024-09-11,5454,2024-09-11,4,FA,3393,4715,NN,Semillas,Doble Poder X2,Soja,43000.0,2024
2024-08-29,413670,1434.0,2024-09-06,5467,2024-09-09,4,FA,3385,981,NN,Semillas,Fuerza Total,Soja,42000.0,2024
2024-08-29,413683,1435.0,2024-09-05,5466,2024-10-09,4,FA,3468,2795,NN,Semillas,Convenio Syngenta Soja Completo,Soja,52000.0,2024
2024-08-29,413684,1435.0,2024-09-05,5465,2024-10-09,4,FA,3468,2795,NN,Semillas,Convenio Syngenta Soja Completo,Soja,52000.0,2024
2024-08-29,413685,1435.0,2024-09-05,5464,2024-10-09,4,FA,3468,2795,NN,Semillas,Convenio Syngenta Soja Completo,Soja,52000.0,2024
2024-08-29,413686,1435.0,2024-09-05,5463,2024-10-09,4,FA,3468,2795,NN,Semillas,Convenio Syngenta Soja Completo,Soja,52000.0,2024
2024-08-29,413687,1435.0,2024-09-05,5462,2024-10-09,4,FA,3468,2795,NN,Semillas,Convenio Syngenta Soja Completo,Soja,52000.0,2024
2024-08-29,413688,1435.0,2024-09-05,5461,2024-10-09,4,FA,3468,2795,NN,Semillas,Convenio Syngenta Soja Completo,Soja,52000.0,2024
2024-08-29,413689,1435.0,2024-09-05,5460,2024-10-09,4,FA,3468,2795,NN,Semillas,Convenio Syngenta Soja Completo,Soja,52000.0,2024
2024-08-29,413690,1435.0,2024-09-05,5459,2024-10-09,4,FA,3468,2795,NN,Semillas,Convenio Syngenta Soja Completo,Soja,52000.0,2024
2024-08-29,413691,1435.0,2024-09-05,5458,2024-10-09,4,FA,3468,2795,NN,Semillas,Convenio Syngenta Soja Completo,Soja,52000.0,2024
2024-09-02,413735,1436.0,2024-09-10,5468,2024-09-11,4,FA,3394,489,NN,Semillas,Soja,Soja,31000.0,2024
2024-09-02,413736,1437.0,2024-09-10,5474,2024-09-11,4,FA,3391,1069,NN,Semillas,Soja,Soja,43000.0,2024
2024-09-02,413737,1437.0,2024-09-10,5473,2024-09-11,4,FA,3391,1069,NN,Semillas,Soja,Soja,43000.0,2024
2024-09-02,413738,1437.0,2024-09-10,5472,2024-09-11,4,FA,3391,1069,NN,Semillas,Soja,Soja,43000.0,2024
2024-09-02,413739,1437.0,2024-09-10,5471,2024-09-11,4,FA,3391,1069,NN,Semillas,Soja,Soja,43000.0,2024
2024-09-02,413740,1437.0,2024-09-10,5470,2024-09-11,4,FA,3391,1069,NN,Semillas,Soja,Soja,43000.0,2024
2024-09-02,413741,1437.0,2024-09-10,5469,2024-09-11,4,FA,3391,1069,NN,Semillas,Soja,Soja,43000.0,2024
2024-09-02,413742,1438.0,2024-09-10,5476,2024-09-11,4,FA,3392,1409,NN,Semillas,Fuerza Total Curado,Soja,45000.0,2024
2024-09-02,413743,1438.0,2024-09-10,5475,2024-09-11,4,FA,3392,1409,NN,Semillas,Fuerza Total Curado,Soja,45000.0,2024
2024-09-03,413744,1439.0,2024-10-03,5651,2024-10-09,4,FA,3455,62,NN,Semillas,Gatton Panic,Gatton Panic,57000.0,2024
2024-09-03,413745,1439.0,2024-09-16,5505,2024-09-19,4,FA,3410,62,NN,Semillas,Semilla Vital,Sorgo,57000.0,2024
2024-09-03,413746,1439.0,2024-10-01,5631,2024-10-02,4,FA,3435,62,NN,Semillas,Panicum Coloratum,Panicum Coloratum,57000.0,2024
2024-09-03,413747,1440.0,2024-09-16,5510,2024-09-19,4,FA,3410,62,NN,Semillas,Cold Test,Maíz,57000.0,2024
2024-09-03,413748,1440.0,2024-09-16,5509,2024-09-19,4,FA,3410,62,NN,Semillas,Cold Test,Maíz,57000.0,2024
2024-09-04,413760,1441.0,2024-09-16,5508,2024-09-19,4,FA,3416,4849,NN,Semillas,Fuerza Total,Centeno,42000.0,2024
2024-09-04,413761,1441.0,2024-09-16,5507,2024-09-19,4,FA,3416,4849,NN,Semillas,Fuerza Total,Centeno,42000.0,2024
2024-09-04,413762,1441.0,2024-09-16,5506,2024-09-19,4,FA,3416,4849,NN,Semillas,Fuerza Total,Centeno,42000.0,2024
2024-09-04,413763,1442.0,2024-09-19,5556,2024-09-26,4,FA,3428,104,NN,Semillas,Sorgo,Sorgo,31000.0,2024
2024-09-04,413764,1442.0,2024-09-19,5555,2024-09-26,4,FA,3428,104,NN,Semillas,Sorgo,Sorgo,31000.0,2024
2024-09-04,413765,1442.0,2024-09-19,5554,2024-09-26,4,FA,3428,104,NN,Semillas,Sorgo,Sorgo,31000.0,2024
2024-09-04,413766,1443.0,2024-09-12,5481,2024-09-17,4,FA,3403,3227,NN,Semillas,Fuerza Total,Soja,42000.0,2024
2024-09-04,413767,1443.0,2024-09-12,5480,2024-09-17,4,FA,3403,3227,NN,Semillas,Fuerza Total,Soja,42000.0,2024
2024-09-04,413768,1443.0,2024-09-12,5479,2024-09-17,4,FA,3403,3227,NN,Semillas,Fuerza Total,Soja,42000.0,2024
2024-09-04,413769,1443.0,2024-09-12,5478,2024-09-17,4,FA,3403,3227,NN,Semillas,Fuerza Total,Soja,42000.0,2024
2024-09-04,413770,1443.0,2024-09-12,5477,2024-09-17,4,FA,3403,3227,NN,Semillas,Fuerza Total,Soja,42000.0,2024
2024-09-04,413771,1444.0,2024-09-13,5490,2024-09-17,4,FA,3399,392,NN,Semillas,Doble Poder X2,Soja,25000.0,2024
2024-09-04,413772,1444.0,2024-09-13,5489,2024-09-17,4,FA,3399,392,NN,Semillas,Doble Poder X2,Soja,25000.0,2024
2024-09-04,413773,1444.0,2024-09-13,5488,2024-09-17,4,FA,3399,392,NN,Semillas,Doble Poder X2,Soja,25000.0,2024
2024-09-04,413774,1444.0,2024-09-13,5487,2024-09-17,4,FA,3399,392,NN,Semillas,Doble Poder X2,Soja,25000.0,2024
2024-09-04,413775,1444.0,2024-09-13,5486,2024-09-17,4,FA,3399,392,NN,Semillas,Doble Poder X2,Soja,25000.0,2024
2024-09-04,413776,1444.0,2024-09-13,5485,2024-09-17,4,FA,3399,392,NN,Semillas,Doble Poder X2,Soja,25000.0,2024
2024-09-05,413777,1445.0,2024-09-16,5519,2024-09-19,4,FA,3415,350,NN,Semillas,Doble Poder X2,Soja,43000.0,2024
2024-09-05,413778,1445.0,2024-09-16,5518,2024-09-19,4,FA,3415,350,NN,Semillas,Doble Poder X2,Soja,43000.0,2024
2024-09-05,413779,1445.0,2024-09-16,5517,2024-09-19,4,FA,3415,350,NN,Semillas,Doble Poder X2,Soja,43000.0,2024
2024-09-05,413780,1445.0,2024-09-16,5516,2024-09-19,4,FA,3415,350,NN,Semillas,Doble Poder X2,Soja,43000.0,2024
2024-09-05,413781,1445.0,2024-09-16,5515,2024-09-19,4,FA,3415,350,NN,Semillas,Doble Poder X2,Soja,43000.0,2024
2024-09-05,413782,1445.0,2024-09-16,5514,2024-09-19,4,FA,3415,350,NN,Semillas,Doble Poder X2,Soja,43000.0,2024
2024-09-05,413783,1445.0,2024-09-16,5513,2024-09-19,4,FA,3415,350,NN,Semillas,Doble Poder X2,Soja,43000.0,2024
2024-09-05,413784,1445.0,2024-09-16,5512,2024-09-19,4,FA,3415,350,NN,Semillas,Doble Poder X2,Soja,43000.0,2024
2024-09-05,413785,1445.0,2024-09-16,5511,2024-09-19,4,FA,3415,350,NN,Semillas,Doble Poder X2,Soja,43000.0,2024
2024-09-05,413786,1446.0,2024-09-13,5491,2024-09-17,4,FA,3405,2835,NN,Semillas,Soja,Soja,31000.0,2024
2024-09-06,413787,1447.0,2024-09-13,5494,2024-09-17,4,FA,3404,3243,NN,Semillas,Soja,Soja,43000.0,2024
2024-09-06,413788,1447.0,2024-09-13,5493,2024-09-17,4,FA,3404,3243,NN,Semillas,Soja,Soja,43000.0,2024
2024-09-06,413789,1447.0,2024-09-13,5492,2024-09-17,4,FA,3404,3243,NN,Semillas,Soja,Soja,43000.0,2024
2024-09-06,413825,1448.0,2024-09-18,5545,2024-09-19,4,FA,3409,392,NN,Semillas,Algodón,Algodón,31000.0,2024
2024-09-06,413826,1448.0,2024-09-18,5544,2024-09-19,4,FA,3409,392,NN,Semillas,Algodón,Algodón,31000.0,2024
2024-09-06,413827,1448.0,2024-09-18,5543,2024-09-19,4,FA,3409,392,NN,Semillas,Algodón,Algodón,31000.0,2024
2024-09-06,413828,1448.0,2024-09-18,5542,2024-09-19,4,FA,3409,392,NN,Semillas,Algodón,Algodón,31000.0,2024
2024-09-06,413829,1448.0,2024-09-18,5541,2024-09-19,4,FA,3409,392,NN,Semillas,Algodón,Algodón,31000.0,2024
2024-09-06,413830,1448.0,2024-09-18,5540,2024-09-19,4,FA,3409,392,NN,Semillas,Algodón,Algodón,31000.0,2024
2024-09-06,413831,1448.0,2024-09-18,5539,2024-09-19,4,FA,3409,392,NN,Semillas,Algodón,Algodón,31000.0,2024
2024-09-06,413832,1448.0,2024-09-18,5538,2024-09-19,4,FA,3409,392,NN,Semillas,Algodón,Algodón,39000.0,2024
2024-09-06,413833,1448.0,2024-09-18,5537,2024-09-19,4,FA,3409,392,NN,Semillas,Algodón,Algodón,39000.0,2024
2024-09-06,413834,1448.0,2024-09-18,5536,2024-09-19,4,FA,3409,392,NN,Semillas,Algodón,Algodón,39000.0,2024
2024-09-06,413835,1448.0,2024-09-18,5535,2024-09-19,4,FA,3409,392,NN,Semillas,Algodón,Algodón,39000.0,2024
2024-09-06,413836,1448.0,2024-09-18,5534,2024-09-19,4,FA,3409,392,NN,Semillas,Algodón,Algodón,39000.0,2024
2024-09-06,413837,1448.0,2024-09-18,5533,2024-09-19,4,FA,3409,392,NN,Semillas,Algodón,Algodón,39000.0,2024
2024-09-06,413838,1448.0,2024-09-18,5532,2024-09-19,4,FA,3409,392,NN,Semillas,Algodón,Algodón,39000.0,2024
2024-09-06,413839,1449.0,2024-09-13,5499,2024-09-17,4,FA,3402,9350,NN,Semillas,Doble Poder X2,Soja,25000.0,2024
2024-09-06,413840,1449.0,2024-09-13,5498,2024-09-17,4,FA,3402,9350,NN,Semillas,Doble Poder X2,Soja,25000.0,2024
2024-09-06,413841,1449.0,2024-09-13,5497,2024-09-17,4,FA,3402,9350,NN,Semillas,Doble Poder X2,Soja,25000.0,2024
2024-09-06,413842,1449.0,2024-09-13,5496,2024-09-17,4,FA,3402,9350,NN,Semillas,Doble Poder X2,Soja,25000.0,2024
2024-09-06,413843,1449.0,2024-09-13,5495,2024-09-17,4,FA,3402,9350,NN,Semillas,Doble Poder X2,Soja,25000.0,2024
2024-09-06,413844,1450.0,2024-09-13,5501,2024-09-17,4,FA,3401,5155,NN,Semillas,Fuerza Total Curado,Soja,45000.0,2024
2024-09-06,413845,1450.0,2024-09-13,5500,2024-09-17,4,FA,3401,5155,NN,Semillas,Fuerza Total Curado,Soja,45000.0,2024
2024-09-06,413846,1451.0,2024-09-19,5553,2024-09-26,4,FA,3427,5023,NN,Semillas,Fuerza Total,Sorgo,42000.0,2024
2024-09-06,413847,1451.0,2024-09-17,5520,2024-09-19,4,FA,3414,5023,NN,Semillas,Fuerza Total,Triticale,42000.0,2024
2024-09-06,413848,1452.0,2024-09-13,5504,2024-09-17,4,FA,3400,1069,NN,Semillas,Soja,Soja,43000.0,2024
2024-09-06,413849,1452.0,2024-09-13,5503,2024-09-17,4,FA,3400,1069,NN,Semillas,Soja,Soja,43000.0,2024
2024-09-06,413850,1452.0,2024-09-13,5502,2024-09-17,4,FA,3400,1069,NN,Semillas,Soja,Soja,43000.0,2024
2024-09-09,413979,1453.0,2024-09-17,5531,2024-09-19,4,FA,3409,392,NN,Semillas,Doble Poder X2,Soja,25000.0,2024
2024-09-09,413980,1453.0,2024-09-17,5530,2024-09-19,4,FA,3409,392,NN,Semillas,Doble Poder X2,Soja,25000.0,2024
2024-09-09,413981,1453.0,2024-09-17,5529,2024-09-19,4,FA,3409,392,NN,Semillas,Doble Poder X2,Soja,25000.0,2024
2024-09-09,413982,1453.0,2024-09-17,5528,2024-09-19,4,FA,3409,392,NN,Semillas,Doble Poder X2,Soja,25000.0,2024
2024-09-09,413983,1453.0,2024-09-17,5527,2024-09-19,4,FA,3409,392,NN,Semillas,Doble Poder X2,Soja,25000.0,2024
2024-09-09,413984,1453.0,2024-09-17,5526,2024-09-19,4,FA,3409,392,NN,Semillas,Doble Poder X2,Soja,25000.0,2024
2024-09-09,413985,1453.0,2024-09-17,5525,2024-09-19,4,FA,3409,392,NN,Semillas,Doble Poder X2,Soja,25000.0,2024
2024-09-09,413986,1453.0,2024-09-17,5524,2024-09-19,4,FA,3409,392,NN,Semillas,Doble Poder X2,Soja,25000.0,2024
2024-09-09,413987,1453.0,2024-09-17,5523,2024-09-19,4,FA,3409,392,NN,Semillas,Doble Poder X2,Soja,25000.0,2024
2024-09-09,413988,1453.0,2024-09-17,5522,2024-09-19,4,FA,3409,392,NN,Semillas,Doble Poder X2,Soja,25000.0,2024
2024-09-09,413989,1453.0,2024-09-17,5521,2024-09-19,4,FA,3409,392,NN,Semillas,Doble Poder X2,Soja,25000.0,2024
2024-09-10,413994,1454.0,2024-09-23,5562,2024-09-26,4,FA,3424,4396,NN,Semillas,Maníí,Maníí,39000.0,2024
2024-09-10,413995,1455.0,2024-09-23,5575,2024-09-26,4,FA,3422,62,NN,Semillas,Cold Test,Maíz,57000.0,2024
2024-09-10,413996,1455.0,2024-09-23,5574,2024-09-26,4,FA,3422,62,NN,Semillas,Cold Test,Maíz,57000.0,2024
2024-09-10,413997,1455.0,2024-09-23,5573,2024-09-26,4,FA,3422,62,NN,Semillas,Cold Test,Maíz,57000.0,2024
2024-09-10,413998,1455.0,2024-09-23,5572,2024-09-26,4,FA,3422,62,NN,Semillas,Cold Test,Maíz,57000.0,2024
2024-09-10,413999,1455.0,2024-09-23,5571,2024-09-26,4,FA,3422,62,NN,Semillas,Cold Test,Maíz,57000.0,2024
2024-09-10,414000,1455.0,2024-09-23,5570,2024-09-26,4,FA,3422,62,NN,Semillas,Cold Test,Maíz,57000.0,2024
2024-09-10,414001,1455.0,2024-09-23,5569,2024-09-26,4,FA,3422,62,NN,Semillas,Cold Test,Maíz,57000.0,2024
2024-09-10,414002,1455.0,2024-09-23,5568,2024-09-26,4,FA,3422,62,NN,Semillas,Cold Test,Maíz,57000.0,2024
2024-09-10,414003,1455.0,2024-09-23,5564,2024-09-26,4,FA,3422,62,NN,Semillas,Sorgo,Sorgo,31000.0,2024
2024-09-10,414005,1456.0,2024-09-12,5484,2024-09-17,4,FA,3398,5156,NN,Semillas,Grama Rhodes,Grama Rhodes,39000.0,2024
2024-09-10,414006,1456.0,2024-09-12,5483,2024-09-17,4,FA,3398,5156,NN,Semillas,Gatton Panic,Gatton Panic,39000.0,2024
2024-09-10,414007,1456.0,2024-09-12,5482,2024-09-17,4,FA,3398,5156,NN,Semillas,Gatton Panic,Gatton Panic,39000.0,2024
2024-09-12,414009,1457.0,2024-09-19,5561,2024-09-26,4,FA,3423,392,NN,Semillas,Doble Poder X2,Soja,43000.0,2024
2024-09-12,414010,1457.0,2024-09-19,5560,2024-09-26,4,FA,3423,392,NN,Semillas,Doble Poder X2,Soja,43000.0,2024
2024-09-12,414011,1457.0,2024-09-19,5559,2024-09-26,4,FA,3423,392,NN,Semillas,Doble Poder X2,Soja,43000.0,2024
2024-09-12,414012,1457.0,2024-09-19,5558,2024-09-26,4,FA,3423,392,NN,Semillas,Doble Poder X2,Soja,43000.0,2024
2024-09-12,414013,1457.0,2024-09-19,5557,2024-09-26,4,FA,3423,392,NN,Semillas,Doble Poder X2,Soja,43000.0,2024
2024-09-12,414014,1458.0,2024-09-23,5567,2024-09-26,4,FA,3428,104,NN,Semillas,Sorgo,Sorgo,31000.0,2024
2024-09-12,414015,1458.0,2024-09-23,5566,2024-09-26,4,FA,3428,104,NN,Semillas,Sorgo,Sorgo,31000.0,2024
2024-09-12,414016,1458.0,2024-09-23,5565,2024-09-26,4,FA,3428,104,NN,Semillas,Sorgo,Sorgo,31000.0,2024
2024-09-12,414017,1458.0,2024-09-26,5614,2024-10-02,4,FA,3441,104,NN,Semillas,Sorgo,Sorgo,31000.0,2024
2024-09-12,414018,1458.0,2024-09-26,5613,2024-10-02,4,FA,3441,104,NN,Semillas,Sorgo,Sorgo,31000.0,2024
2024-09-12,414019,1458.0,2024-09-26,5612,2024-10-02,4,FA,3441,104,NN,Semillas,Sorgo,Sorgo,31000.0,2024
2024-09-12,414020,1459.0,2024-09-19,5550,2024-10-09,4,FA,3468,2795,NN,Semillas,Convenio Syngenta Soja Completo,Soja,52000.0,2024
2024-09-12,414021,1459.0,2024-09-19,5549,2024-10-09,4,FA,3468,2795,NN,Semillas,Convenio Syngenta Soja Completo,Soja,52000.0,2024
2024-09-12,414022,1459.0,2024-09-19,5548,2024-10-09,4,FA,3468,2795,NN,Semillas,Convenio Syngenta Soja Completo,Soja,52000.0,2024
2024-09-12,414023,1459.0,2024-09-19,5547,2024-10-09,4,FA,3468,2795,NN,Semillas,Convenio Syngenta Soja Completo,Soja,52000.0,2024
2024-09-12,414024,1459.0,2024-09-19,5546,2024-10-09,4,FA,3468,2795,NN,Semillas,Convenio Syngenta Soja Completo,Soja,52000.0,2024
2024-09-12,414132,1460.0,2024-09-19,5552,2024-09-26,4,FA,3420,3687,NN,Semillas,Convenio Syngenta Soja Completo,Soja,52000.0,2024
2024-09-12,414133,1460.0,2024-09-19,5551,2024-09-26,4,FA,3420,3687,NN,Semillas,Convenio Syngenta Soja Completo,Soja,52000.0,2024
2024-09-13,414150,1461.0,2024-09-23,5563,2024-09-26,4,FA,3422,62,NN,Semillas,Moha,Moha,31000.0,2024
2024-09-16,414152,1462.0,2024-09-24,5576,2024-09-26,4,FA,3431,981,NN,Semillas,Fuerza Total,Soja,42000.0,2024
2024-09-16,414153,1463.0,2024-09-24,5578,2024-09-26,4,FA,3426,2861,NN,Semillas,Doble Poder X2,Soja,25000.0,2024
2024-09-16,414154,1463.0,2024-09-24,5577,2024-09-26,4,FA,3426,2861,NN,Semillas,Doble Poder X2,Soja,25000.0,2024
2024-09-16,414155,1464.0,2024-09-24,5580,2024-09-26,4,FA,3430,4849,NN,Semillas,Fuerza Total,Soja,42000.0,2024
2024-09-16,414156,1464.0,2024-09-24,5579,2024-09-26,4,FA,3430,4849,NN,Semillas,Fuerza Total,Soja,42000.0,2024
2024-09-16,414157,1465.0,2024-09-27,5623,2024-10-02,4,FA,3435,62,NN,Semillas,Cold Test,Maíz,57000.0,2024
2024-09-16,414158,1465.0,2024-09-27,5622,2024-10-02,4,FA,3435,62,NN,Semillas,Cold Test,Maíz,57000.0,2024
2024-09-16,414159,1465.0,2024-09-27,5621,2024-10-02,4,FA,3435,62,NN,Semillas,Cold Test,Maíz,57000.0,2024
2024-09-16,414160,1465.0,2024-09-27,5620,2024-10-02,4,FA,3435,62,NN,Semillas,Cold Test,Maíz,57000.0,2024
2024-09-16,414161,1465.0,2024-09-27,5619,2024-10-02,4,FA,3435,62,NN,Semillas,Cold Test,Maíz,57000.0,2024
2024-09-16,414162,1465.0,2024-09-27,5618,2024-10-02,4,FA,3435,62,NN,Semillas,Cold Test,Maíz,57000.0,2024
2024-09-17,414163,1466.0,2024-09-25,5582,2024-09-26,4,FA,3425,5158,NN,Semillas,Doble Poder X2,Soja,43000.0,2024
2024-09-17,414164,1466.0,2024-09-25,5581,2024-09-26,4,FA,3425,5158,NN,Semillas,Doble Poder X2,Soja,43000.0,2024
2024-09-17,414165,1467.0,2024-09-25,5588,2024-09-26,4,FA,3419,967,NN,Semillas,Soja,Soja,31000.0,2024
2024-09-17,414166,1467.0,2024-09-25,5587,2024-09-26,4,FA,3419,967,NN,Semillas,Soja,Soja,31000.0,2024
2024-09-17,414167,1467.0,2024-09-25,5586,2024-09-26,4,FA,3419,967,NN,Semillas,Soja,Soja,31000.0,2024
2024-09-17,414168,1467.0,2024-09-25,5585,2024-09-26,4,FA,3419,967,NN,Semillas,Soja,Soja,31000.0,2024
2024-09-17,414169,1468.0,2024-09-25,5584,2024-09-26,4,FA,3432,1160,NN,Semillas,Soja,Soja,31000.0,2024
2024-09-17,414170,1469.0,2024-09-25,5583,2024-09-26,4,FA,3429,4910,NN,Semillas,Soja,Soja,31000.0,2024
2024-09-17,414181,1470.0,2024-09-25,5591,2024-09-26,4,FA,3421,1139,NN,Semillas,Fuerza Total,Soja,42000.0,2024
2024-09-17,414182,1470.0,2024-09-25,5590,2024-09-26,4,FA,3421,1139,NN,Semillas,Fuerza Total,Soja,42000.0,2024
2024-09-17,414183,1470.0,2024-09-25,5589,2024-09-26,4,FA,3421,1139,NN,Semillas,Fuerza Total,Soja,42000.0,2024
2024-09-18,414184,1471.0,2024-09-25,5598,2024-09-26,4,FA,3423,392,NN,Semillas,Convenio Syngenta Soja Completo,Soja,52000.0,2024
2024-09-18,414185,1471.0,2024-09-25,5597,2024-09-26,4,FA,3423,392,NN,Semillas,Convenio Syngenta Soja Completo,Soja,52000.0,2024
2024-09-18,414186,1471.0,2024-09-25,5596,2024-09-26,4,FA,3423,392,NN,Semillas,Convenio Syngenta Soja Completo,Soja,52000.0,2024
2024-09-18,414187,1471.0,2024-09-25,5595,2024-09-26,4,FA,3423,392,NN,Semillas,Convenio Syngenta Soja Completo,Soja,52000.0,2024
2024-09-18,414188,1471.0,2024-09-25,5594,2024-09-26,4,FA,3423,392,NN,Semillas,Convenio Syngenta Soja Completo,Soja,52000.0,2024
2024-09-18,414189,1471.0,2024-09-25,5593,2024-09-26,4,FA,3423,392,NN,Semillas,Convenio Syngenta Soja Completo,Soja,52000.0,2024
2024-09-18,414190,1471.0,2024-09-25,5592,2024-09-26,4,FA,3423,392,NN,Semillas,Convenio Syngenta Soja Completo,Soja,52000.0,2024
2024-09-18,414191,1472.0,2024-09-26,5600,2024-09-26,4,FA,3431,981,NN,Semillas,Fuerza Total,Soja,42000.0,2024
2024-09-18,414192,1472.0,2024-09-26,5599,2024-09-26,4,FA,3431,981,NN,Semillas,Fuerza Total,Soja,42000.0,2024
2024-09-18,414193,1473.0,2024-09-26,5603,2024-10-02,4,FA,3436,392,NN,Semillas,Doble Poder X2,Soja,25000.0,2024
2024-09-18,414194,1473.0,2024-09-26,5602,2024-10-02,4,FA,3436,392,NN,Semillas,Doble Poder X2,Soja,25000.0,2024
2024-09-18,414195,1473.0,2024-09-26,5601,2024-10-02,4,FA,3436,392,NN,Semillas,Doble Poder X2,Soja,25000.0,2024
2024-09-19,414196,1474.0,2024-09-26,5611,2024-10-02,4,FA,3440,522,NN,Semillas,Convenio Syngenta Soja Completo,Soja,52000.0,2024
2024-09-19,414197,1474.0,2024-09-26,5610,2024-10-02,4,FA,3440,522,NN,Semillas,Convenio Syngenta Soja Completo,Soja,52000.0,2024
2024-09-19,414198,1474.0,2024-09-26,5609,2024-10-02,4,FA,3440,522,NN,Semillas,Convenio Syngenta Soja Completo,Soja,52000.0,2024
2024-09-19,414199,1474.0,2024-09-26,5608,2024-10-02,4,FA,3440,522,NN,Semillas,Convenio Syngenta Soja Completo,Soja,52000.0,2024
2024-09-19,414200,1474.0,2024-09-26,5607,2024-10-02,4,FA,3440,522,NN,Semillas,Convenio Syngenta Soja Completo,Soja,52000.0,2024
2024-09-19,414201,1474.0,2024-09-26,5606,2024-10-02,4,FA,3440,522,NN,Semillas,Convenio Syngenta Soja Completo,Soja,52000.0,2024
2024-09-19,414202,1474.0,2024-09-26,5605,2024-10-02,4,FA,3440,522,NN,Semillas,Convenio Syngenta Soja Completo,Soja,52000.0,2024
2024-09-19,414203,1474.0,2024-09-26,5604,2024-10-02,4,FA,3440,522,NN,Semillas,Convenio Syngenta Soja Completo,Soja,52000.0,2024
2024-09-19,414204,1475.0,2024-10-03,5650,2024-10-09,4,FA,3463,104,NN,Semillas,Sorgo,Sorgo,31000.0,2024
2024-09-19,414205,1475.0,2024-10-01,5640,2024-10-02,4,FA,3441,104,NN,Semillas,Sorgo,Sorgo,31000.0,2024
2024-09-19,414206,1476.0,2024-09-27,5617,2024-10-02,4,FA,3434,985,NN,Semillas,Fuerza Total Curado,Soja,45000.0,2024
2024-09-19,414207,1476.0,2024-09-27,5616,2024-10-02,4,FA,3434,985,NN,Semillas,Fuerza Total Curado,Soja,45000.0,2024
2024-09-19,414208,1476.0,2024-09-27,5615,2024-10-02,4,FA,3434,985,NN,Semillas,Fuerza Total Curado,Soja,45000.0,2024
2024-09-23,414209,1477.0,2024-10-01,5632,2024-10-02,4,FA,3437,5109,NN,Semillas,Soja,Soja,31000.0,2024
2024-09-23,414210,1478.0,2024-10-29,5854,2024-10-30,4,FA,3537,62,NN,Semillas,Gatton Panic,Gatton Panic,57000.0,2024
2024-09-23,414211,1479.0,2024-10-01,5635,2024-10-02,4,FA,3443,981,NN,Semillas,Fuerza Total,Soja,42000.0,2024
2024-09-23,414212,1479.0,2024-10-01,5634,2024-10-02,4,FA,3443,981,NN,Semillas,Fuerza Total,Soja,42000.0,2024
2024-09-23,414213,1479.0,2024-10-01,5633,2024-10-02,4,FA,3443,981,NN,Semillas,Fuerza Total,Soja,42000.0,2024
2024-09-23,414214,1480.0,2024-10-01,5636,2024-10-02,4,FA,3442,2476,NN,Semillas,Fuerza Total,Soja,42000.0,2024
2024-09-23,414215,1481.0,2024-10-15,5738,2024-10-16,4,FA,3483,25,NN,Semillas,Maníí,Maníí,39000.0,2024
2024-09-23,414216,1481.0,2024-10-15,5737,2024-10-16,4,FA,3483,25,NN,Semillas,Maníí,Maníí,39000.0,2024
2024-09-23,414217,1481.0,2024-10-15,5736,2024-10-16,4,FA,3483,25,NN,Semillas,Maníí,Maníí,39000.0,2024
2024-09-23,414218,1481.0,2024-10-15,5735,2024-10-16,4,FA,3483,25,NN,Semillas,Maníí,Maníí,39000.0,2024
2024-09-23,414219,1481.0,2024-10-15,5734,2024-10-16,4,FA,3483,25,NN,Semillas,Maníí,Maníí,39000.0,2024
2024-09-23,414220,1482.0,2024-10-01,5638,2024-10-02,4,FA,3436,392,NN,Semillas,Doble Poder X2,Soja,25000.0,2024
2024-09-23,414221,1482.0,2024-10-01,5637,2024-10-02,4,FA,3436,392,NN,Semillas,Doble Poder X2,Soja,25000.0,2024
2024-09-23,414222,1483.0,2024-10-01,5639,2024-10-02,4,FA,3438,960,NN,Semillas,Soja,Soja,82000.0,2024
2024-09-23,414223,1484.0,2024-10-10,5704,2024-10-10,4,FA,3471,3660,NN,Semillas,Fuerza Total,Girasol,42000.0,2024
2024-09-23,414224,1485.0,2024-10-02,5649,2024-10-09,4,FA,3464,1171,NN,Semillas,Fuerza Total Curado,Soja,45000.0,2024
2024-09-23,414225,1485.0,2024-10-02,5648,2024-10-09,4,FA,3464,1171,NN,Semillas,Fuerza Total Curado,Soja,45000.0,2024
2024-09-23,414226,1485.0,2024-10-02,5647,2024-10-09,4,FA,3464,1171,NN,Semillas,Fuerza Total Curado,Soja,45000.0,2024
2024-09-23,414227,1485.0,2024-10-02,5646,2024-10-09,4,FA,3464,1171,NN,Semillas,Fuerza Total Curado,Soja,45000.0,2024
2024-09-23,414228,1485.0,2024-10-02,5645,2024-10-09,4,FA,3464,1171,NN,Semillas,Fuerza Total Curado,Soja,45000.0,2024
2024-09-23,414229,1485.0,2024-10-02,5644,2024-10-09,4,FA,3464,1171,NN,Semillas,Fuerza Total Curado,Soja,45000.0,2024
2024-09-23,414230,1486.0,2024-10-04,5687,2024-10-09,4,FA,3463,104,NN,Semillas,Sorgo,Sorgo,31000.0,2024
2024-09-23,414231,1486.0,2024-10-04,5686,2024-10-09,4,FA,3463,104,NN,Semillas,Sorgo,Sorgo,31000.0,2024
2024-09-23,414232,1486.0,2024-10-04,5685,2024-10-09,4,FA,3463,104,NN,Semillas,Sorgo,Sorgo,31000.0,2024
2024-09-23,414321,1487.0,2024-10-02,5643,2024-10-09,4,FA,3454,1371,NN,Semillas,Fuerza Total Curado,Soja,45000.0,2024
2024-09-23,414322,1487.0,2024-10-02,5642,2024-10-09,4,FA,3454,1371,NN,Semillas,Fuerza Total Curado,Soja,45000.0,2024
2024-09-23,414323,1487.0,2024-10-02,5641,2024-10-09,4,FA,3454,1371,NN,Semillas,Fuerza Total Curado,Soja,45000.0,2024
2024-09-24,414325,1488.0,2024-10-01,5626,2024-10-02,4,FA,3439,25,NN,Semillas,Soja,Soja,71000.0,2024
2024-09-24,414326,1488.0,2024-10-01,5625,2024-10-02,4,FA,3439,25,NN,Semillas,Soja,Soja,71000.0,2024
2024-09-24,414327,1488.0,2024-10-01,5624,2024-10-02,4,FA,3439,25,NN,Semillas,Soja,Soja,71000.0,2024
2024-09-24,414328,1489.0,2024-10-03,5656,2024-10-09,4,FA,3466,5157,NN,Semillas,Doble Poder X2,Soja,25000.0,2024
2024-09-24,414329,1489.0,2024-10-03,5655,2024-10-09,4,FA,3466,5157,NN,Semillas,Doble Poder X2,Soja,25000.0,2024
2024-09-24,414330,1489.0,2024-10-03,5654,2024-10-09,4,FA,3466,5157,NN,Semillas,Doble Poder X2,Soja,25000.0,2024
2024-09-24,414331,1489.0,2024-10-03,5653,2024-10-09,4,FA,3466,5157,NN,Semillas,Doble Poder X2,Soja,25000.0,2024
2024-09-24,414332,1489.0,2024-10-03,5652,2024-10-09,4,FA,3466,5157,NN,Semillas,Doble Poder X2,Soja,25000.0,2024
2024-09-24,414333,1490.0,2024-10-01,5630,2024-10-09,4,FA,3468,2795,NN,Semillas,Soja,Soja,71000.0,2024
2024-09-24,414334,1490.0,2024-10-01,5629,2024-10-09,4,FA,3468,2795,NN,Semillas,Soja,Soja,71000.0,2024
2024-09-24,414335,1490.0,2024-10-01,5628,2024-10-09,4,FA,3468,2795,NN,Semillas,Soja,Soja,71000.0,2024
2024-09-24,414336,1490.0,2024-10-01,5627,2024-10-09,4,FA,3468,2795,NN,Semillas,Soja,Soja,71000.0,2024
2024-09-24,414337,1491.0,2024-10-04,5684,2024-10-09,4,FA,3463,104,NN,Semillas,Sorgo,Sorgo,31000.0,2024
2024-09-25,414353,1492.0,2024-10-04,5663,2024-10-09,4,FA,3467,4665,NN,Semillas,Soja,Soja,64000.0,2024
2024-09-25,414354,1492.0,2024-10-04,5662,2024-10-09,4,FA,3467,4665,NN,Semillas,Fuerza Total Curado,Soja,45000.0,2024
2024-09-25,414355,1493.0,2024-10-04,5665,2024-10-09,4,FA,3461,4921,NN,Semillas,Fuerza Total Curado,Soja,45000.0,2024
2024-09-25,414356,1493.0,2024-10-04,5664,2024-10-09,4,FA,3461,4921,NN,Semillas,Fuerza Total Curado,Soja,45000.0,2024
2024-09-25,414358,1494.0,2024-10-04,5668,2024-10-09,4,FA,3465,350,NN,Semillas,Fuerza Total Curado,Soja,45000.0,2024
2024-09-25,414359,1494.0,2024-10-04,5667,2024-10-09,4,FA,3465,350,NN,Semillas,Fuerza Total Curado,Soja,45000.0,2024
2024-09-25,414360,1494.0,2024-10-04,5666,2024-10-09,4,FA,3465,350,NN,Semillas,Fuerza Total Curado,Soja,45000.0,2024
2024-09-26,414435,1495.0,2024-10-04,5674,2024-10-09,4,FA,3456,392,NN,Semillas,Soja,Soja,31000.0,2024
2024-09-26,414436,1495.0,2024-10-04,5673,2024-10-09,4,FA,3456,392,NN,Semillas,Soja,Soja,31000.0,2024
2024-09-26,414437,1495.0,2024-10-04,5672,2024-10-09,4,FA,3456,392,NN,Semillas,Soja,Soja,31000.0,2024
2024-09-26,414438,1495.0,2024-10-04,5671,2024-10-09,4,FA,3456,392,NN,Semillas,Soja,Soja,31000.0,2024
2024-09-26,414439,1496.0,2024-10-04,5670,2024-10-09,4,FA,3457,921,NN,Semillas,Soja,Soja,31000.0,2024
2024-09-26,414440,1496.0,2024-10-04,5669,2024-10-09,4,FA,3457,921,NN,Semillas,Soja,Soja,31000.0,2024
2024-09-26,414441,1497.0,2024-10-04,5683,2024-10-09,4,FA,3456,392,NN,Semillas,Soja,Soja,19000.0,2024
2024-09-26,414442,1497.0,2024-10-04,5682,2024-10-09,4,FA,3456,392,NN,Semillas,Soja,Soja,19000.0,2024
2024-09-26,414443,1497.0,2024-10-04,5681,2024-10-09,4,FA,3456,392,NN,Semillas,Soja,Soja,19000.0,2024
2024-09-26,414444,1497.0,2024-10-04,5680,2024-10-09,4,FA,3456,392,NN,Semillas,Soja,Soja,19000.0,2024
2024-09-26,414445,1497.0,2024-10-04,5679,2024-10-09,4,FA,3456,392,NN,Semillas,Soja,Soja,19000.0,2024
2024-09-26,414446,1497.0,2024-10-04,5678,2024-10-09,4,FA,3456,392,NN,Semillas,Soja,Soja,19000.0,2024
2024-09-26,414447,1497.0,2024-10-04,5677,2024-10-09,4,FA,3456,392,NN,Semillas,Soja,Soja,19000.0,2024
2024-09-27,414450,1499.0,2024-10-04,5675,2024-10-09,4,FA,3453,967,NN,Semillas,Doble Poder X2,Soja,25000.0,2024
2024-09-27,414476,1498.0,2024-10-04,5676,2024-10-09,4,FA,3460,1409,NN,Semillas,Fuerza Total Curado,Soja,45000.0,2024
2024-09-27,414477,1500.0,2024-10-08,5693,2024-10-09,4,FA,3462,1453,NN,Semillas,Poder + Peso,Soja,59000.0,2024
2024-09-27,414478,1500.0,2024-10-08,5692,2024-10-09,4,FA,3462,1453,NN,Semillas,Poder + Peso,Soja,59000.0,2024
2024-09-27,414479,1500.0,2024-10-08,5691,2024-10-09,4,FA,3462,1453,NN,Semillas,Poder + Peso,Soja,59000.0,2024
2024-10-01,414480,1505.0,2024-10-08,5694,2024-10-09,4,FA,3459,4322,NN,Semillas,Doble Poder X2,Soja,25000.0,2024
2024-10-01,414481,1501.0,2024-10-09,5700,2024-10-10,4,FA,3480,2211,NN,Semillas,Fuerza Total Curado,Soja,45000.0,2024
2024-10-01,414482,1501.0,2024-10-09,5699,2024-10-10,4,FA,3480,2211,NN,Semillas,Fuerza Total Curado,Soja,45000.0,2024
2024-10-01,414483,1502.0,2024-10-09,5698,2024-10-10,4,FA,3476,4251,NN,Semillas,Fuerza Total,Soja,51000.0,2024
2024-10-01,414484,1503.0,2024-10-09,5697,2024-10-10,4,FA,3478,1453,NN,Semillas,Fuerza Total,Soja,51000.0,2024
2024-10-01,414485,1503.0,2024-10-09,5696,2024-10-10,4,FA,3478,1453,NN,Semillas,Fuerza Total,Soja,51000.0,2024
2024-10-01,414486,1504.0,2024-10-09,5702,2024-10-10,4,FA,3478,1453,NN,Semillas,Fuerza Total,Maíz,51000.0,2024
2024-10-01,414487,1504.0,2024-10-09,5701,2024-10-10,4,FA,3478,1453,NN,Semillas,Fuerza Total,Maíz,51000.0,2024
2024-10-01,414488,1506.0,2024-10-04,5661,2024-10-09,4,FA,3458,4281,NN,Semillas,Gatton Panic,Gatton Panic,45000.0,2024
2024-10-01,414489,1506.0,2024-10-04,5660,2024-10-09,4,FA,3458,4281,NN,Semillas,Gatton Panic,Gatton Panic,45000.0,2024
2024-10-01,414490,1506.0,2024-10-04,5659,2024-10-09,4,FA,3458,4281,NN,Semillas,Gatton Panic,Gatton Panic,45000.0,2024
2024-10-01,414491,1506.0,2024-10-04,5658,2024-10-09,4,FA,3458,4281,NN,Semillas,Gatton Panic,Gatton Panic,45000.0,2024
2024-10-01,414492,1506.0,2024-10-04,5657,2024-10-09,4,FA,3458,4281,NN,Semillas,Gatton Panic,Gatton Panic,45000.0,2024
2024-10-01,414493,1507.0,2024-10-09,5703,2024-10-10,4,FA,3474,4281,NN,Semillas,Soja,Soja,36000.0,2024
2024-10-02,414495,1508.0,2024-10-10,5708,2024-10-10,4,FA,3479,4943,NN,Semillas,Soja,Soja,60000.0,2024
2024-10-02,414496,1509.0,2024-10-10,5707,2024-10-10,4,FA,3472,3875,NN,Semillas,Soja,Soja,60000.0,2024
2024-10-02,414497,1509.0,2024-10-10,5706,2024-10-10,4,FA,3472,3875,NN,Semillas,Soja,Soja,60000.0,2024
2024-10-02,414498,1510.0,2024-10-10,5705,2024-10-10,4,FA,3470,4339,NN,Semillas,Soja,Soja,60000.0,2024
2024-10-02,414499,1511.0,2024-10-10,5710,2024-10-10,4,FA,3475,5161,NN,Semillas,Fuerza Total,Soja,51000.0,2024
2024-10-02,414500,1511.0,2024-10-10,5709,2024-10-10,4,FA,3475,5161,NN,Semillas,Fuerza Total,Soja,51000.0,2024
2024-10-02,414501,1512.0,2024-10-17,5755,2024-10-17,4,FA,3495,104,NN,Semillas,Sorgo,Sorgo,36000.0,2024
2024-10-02,414502,1512.0,2024-10-10,5713,2024-10-16,4,FA,3486,104,NN,Semillas,Sorgo,Sorgo,36000.0,2024
2024-10-02,414503,1513.0,2024-10-10,5711,2024-10-10,4,FA,3473,5058,NN,Semillas,Doble Poder X2,Soja,40000.0,2024
2024-10-02,414504,1514.0,2024-10-10,5712,2024-10-10,4,FA,3477,4938,NN,Semillas,Doble Poder X2,Soja,40000.0,2024
2024-10-03,414505,1517.0,2024-10-15,5719,2024-10-16,4,FA,3487,4158,NN,Semillas,Doble Poder X2,Soja,40000.0,2024
2024-10-03,414506,1517.0,2024-10-15,5718,2024-10-16,4,FA,3487,4158,NN,Semillas,Doble Poder X2,Soja,40000.0,2024
2024-10-03,414508,1515.0,2024-10-15,5717,2024-10-16,4,FA,3485,5162,NN,Semillas,Doble Poder X2,Soja,40000.0,2024
2024-10-03,414509,1516.0,2024-10-15,5733,2024-10-16,4,FA,3483,25,NN,Semillas,Maníí,Maníí,45000.0,2024
2024-10-03,414510,1516.0,2024-10-15,5732,2024-10-16,4,FA,3483,25,NN,Semillas,Maníí,Maníí,45000.0,2024
2024-10-03,414511,1516.0,2024-10-15,5731,2024-10-16,4,FA,3483,25,NN,Semillas,Maníí,Maníí,45000.0,2024
2024-10-03,414512,1518.0,2024-10-15,5716,2024-10-16,4,FA,3488,1473,NN,Semillas,Soja,Soja,60000.0,2024
2024-10-03,414513,1518.0,2024-10-15,5715,2024-10-16,4,FA,3488,1473,NN,Semillas,Soja,Soja,60000.0,2024
2024-10-03,414514,1518.0,2024-10-15,5714,2024-10-16,4,FA,3488,1473,NN,Semillas,Soja,Soja,60000.0,2024
2024-10-03,414515,1519.0,2024-11-01,5867,2024-11-04,4,FA,3548,1915,NN,Semillas,Panicum Coloratum,Panicum Coloratum,51000.0,2024
2024-10-03,414516,1519.0,2024-11-01,5866,2024-11-04,4,FA,3548,1915,NN,Semillas,Panicum Coloratum,Panicum Coloratum,51000.0,2024
2024-10-03,414523,1520.0,2024-10-07,5690,2024-10-09,4,FA,3465,350,NN,Semillas,Soja,Soja,22000.0,2024
2024-10-03,414524,1520.0,2024-10-07,5689,2024-10-09,4,FA,3465,350,NN,Semillas,Soja,Soja,22000.0,2024
2024-10-03,414525,1520.0,2024-10-07,5688,2024-10-09,4,FA,3465,350,NN,Semillas,Soja,Soja,22000.0,2024
2024-10-04,414630,1521.0,2024-10-17,5754,2024-10-17,4,FB,65,5160,NN,Semillas,Pack Integral,Rye Grass Anual,64000.0,2024
2024-10-04,414631,1522.0,2024-11-04,5880,2024-11-07,4,FA,3565,104,NN,Semillas,Semilla Vital,Buffel Grass,73000.0,2024
2024-10-04,414632,1523.0,2024-10-15,5723,2024-10-16,4,FA,3481,2853,NN,Semillas,Doble Poder X2,Soja,40000.0,2024
2024-10-04,414633,1523.0,2024-10-15,5722,2024-10-16,4,FA,3481,2853,NN,Semillas,Doble Poder X2,Soja,40000.0,2024
2024-10-04,414634,1523.0,2024-10-15,5721,2024-10-16,4,FA,3481,2853,NN,Semillas,Doble Poder X2,Soja,40000.0,2024
2024-10-04,414635,1523.0,2024-10-15,5720,2024-10-16,4,FA,3481,2853,NN,Semillas,Doble Poder X2,Soja,40000.0,2024
2024-10-04,414636,1524.0,2024-10-15,5725,2024-10-16,4,FA,3482,354,NN,Semillas,Fuerza Total Curado,Soja,59000.0,2024
2024-10-04,414637,1524.0,2024-10-15,5724,2024-10-16,4,FA,3482,354,NN,Semillas,Fuerza Total Curado,Soja,59000.0,2024
2024-10-04,414638,1525.0,2024-10-15,5728,2024-10-16,4,FA,3489,981,NN,Semillas,Fuerza Total,Soja,51000.0,2024
2024-10-04,414639,1525.0,2024-10-15,5727,2024-10-16,4,FA,3489,981,NN,Semillas,Fuerza Total,Soja,51000.0,2024
2024-10-04,414640,1525.0,2024-10-15,5726,2024-10-16,4,FA,3489,981,NN,Semillas,Fuerza Total,Soja,51000.0,2024
2024-10-04,414641,1526.0,2024-10-15,5730,2024-10-16,4,FA,3484,4982,NN,Semillas,Soja,Soja,36000.0,2024
2024-10-04,414642,1526.0,2024-10-15,5729,2024-10-16,4,FA,3484,4982,NN,Semillas,Soja,Soja,36000.0,2024
2024-10-04,414643,1527.0,2024-10-21,5802,2024-10-22,4,FA,3502,104,NN,Semillas,Sorgo,Sorgo,36000.0,2024
2024-10-04,414644,1527.0,2024-10-17,5756,2024-10-17,4,FA,3495,104,NN,Semillas,Sorgo,Sorgo,36000.0,2024
2024-10-07,414645,1529.0,2024-10-16,5751,2024-10-17,4,FA,3493,392,NN,Semillas,Doble Poder X2,Soja,40000.0,2024
2024-10-07,414646,1529.0,2024-10-16,5750,2024-10-17,4,FA,3493,392,NN,Semillas,Doble Poder X2,Soja,40000.0,2024
2024-10-07,414647,1529.0,2024-10-16,5749,2024-10-17,4,FA,3493,392,NN,Semillas,Soja,Soja,61000.0,2024
2024-10-07,414648,1529.0,2024-10-16,5748,2024-10-17,4,FA,3493,392,NN,Semillas,Doble Poder X2,Soja,40000.0,2024
2024-10-07,414649,1529.0,2024-10-16,5747,2024-10-17,4,FA,3493,392,NN,Semillas,Doble Poder X2,Soja,40000.0,2024
2024-10-07,414650,1529.0,2024-10-16,5746,2024-10-17,4,FA,3493,392,NN,Semillas,Soja,Soja,61000.0,2024
2024-10-07,414651,1529.0,2024-10-16,5745,2024-10-17,4,FA,3493,392,NN,Semillas,Doble Poder X2,Soja,40000.0,2024
2024-10-07,414652,1529.0,2024-10-16,5744,2024-10-17,4,FA,3493,392,NN,Semillas,Doble Poder X2,Soja,40000.0,2024
2024-10-07,414653,1529.0,2024-10-16,5743,2024-10-17,4,FA,3493,392,NN,Semillas,Doble Poder X2,Soja,40000.0,2024
2024-10-07,414654,1528.0,2024-10-21,5801,2024-10-22,4,FA,3499,3660,NN,Semillas,Fuerza Total,Algodón,51000.0,2024
2024-10-07,414655,1528.0,2024-10-21,5800,2024-10-22,4,FA,3499,3660,NN,Semillas,Fuerza Total,Algodón,51000.0,2024
2024-10-07,414656,1528.0,2024-10-21,5799,2024-10-22,4,FA,3499,3660,NN,Semillas,Fuerza Total,Algodón,51000.0,2024
2024-10-07,414657,1528.0,2024-10-21,5798,2024-10-22,4,FA,3499,3660,NN,Semillas,Fuerza Total,Algodón,51000.0,2024
2024-10-07,414658,1528.0,2024-10-21,5797,2024-10-22,4,FA,3499,3660,NN,Semillas,Fuerza Total,Algodón,51000.0,2024
2024-10-07,414659,1528.0,2024-10-21,5796,2024-10-22,4,FA,3499,3660,NN,Semillas,Fuerza Total,Algodón,51000.0,2024
2024-10-07,414660,1530.0,2024-10-24,5831,2024-10-24,4,FA,3514,4281,NN,Semillas,Grama Rhodes,Grama Rhodes,73000.0,2024
2024-10-07,414661,1530.0,2024-10-09,5695,2024-10-09,4,FA,3458,4281,NN,Semillas,Buffel Grass,Buffel Grass,45000.0,2024
2024-10-07,414662,1531.0,2024-10-16,5742,2024-10-17,4,FA,3493,392,NN,Semillas,Soja,Soja,26000.0,2024
2024-10-07,414663,1531.0,2024-10-16,5741,2024-10-17,4,FA,3493,392,NN,Semillas,Soja,Soja,26000.0,2024
2024-10-07,414664,1531.0,2024-10-16,5740,2024-10-17,4,FA,3493,392,NN,Semillas,Soja,Soja,26000.0,2024
2024-10-07,414665,1531.0,2024-10-16,5739,2024-10-17,4,FA,3493,392,NN,Semillas,Soja,Soja,26000.0,2024
2024-10-08,414666,1532.0,2024-10-17,5773,2024-10-17,4,FA,3493,392,NN,Semillas,Doble Poder X2,Soja,40000.0,2024
2024-10-08,414667,1532.0,2024-10-17,5772,2024-10-17,4,FA,3493,392,NN,Semillas,Doble Poder X2,Soja,40000.0,2024
2024-10-08,414668,1532.0,2024-10-17,5771,2024-10-17,4,FA,3493,392,NN,Semillas,Doble Poder X2,Soja,40000.0,2024
2024-10-08,414669,1532.0,2024-10-17,5770,2024-10-17,4,FA,3493,392,NN,Semillas,Doble Poder X2,Soja,40000.0,2024
2024-10-08,414670,1532.0,2024-10-17,5769,2024-10-17,4,FA,3493,392,NN,Semillas,Doble Poder X2,Soja,40000.0,2024
2024-10-08,414671,1532.0,2024-10-17,5768,2024-10-17,4,FA,3493,392,NN,Semillas,Doble Poder X2,Soja,40000.0,2024
2024-10-08,414672,1532.0,2024-10-17,5767,2024-10-17,4,FA,3493,392,NN,Semillas,Doble Poder X2,Soja,40000.0,2024
2024-10-08,414673,1532.0,2024-10-17,5766,2024-10-17,4,FA,3493,392,NN,Semillas,Doble Poder X2,Soja,40000.0,2024
2024-10-08,414674,1532.0,2024-10-17,5765,2024-10-17,4,FA,3493,392,NN,Semillas,Doble Poder X2,Soja,40000.0,2024
2024-10-08,414675,1532.0,2024-10-17,5764,2024-10-17,4,FA,3493,392,NN,Semillas,Doble Poder X2,Soja,40000.0,2024
2024-10-08,414676,1532.0,2024-10-17,5763,2024-10-17,4,FA,3493,392,NN,Semillas,Doble Poder X2,Soja,40000.0,2024
2024-10-08,414677,1532.0,2024-10-17,5762,2024-10-17,4,FA,3493,392,NN,Semillas,Doble Poder X2,Soja,40000.0,2024
2024-10-08,414678,1532.0,2024-10-17,5761,2024-10-17,4,FA,3493,392,NN,Semillas,Doble Poder X2,Soja,40000.0,2024
2024-10-08,414679,1532.0,2024-10-17,5760,2024-10-17,4,FA,3493,392,NN,Semillas,Doble Poder X2,Soja,40000.0,2024
2024-10-08,414680,1532.0,2024-10-17,5759,2024-10-17,4,FA,3493,392,NN,Semillas,Doble Poder X2,Soja,40000.0,2024
2024-10-08,414681,1532.0,2024-10-17,5758,2024-10-17,4,FA,3493,392,NN,Semillas,Doble Poder X2,Soja,40000.0,2024
2024-10-08,414682,1532.0,2024-10-17,5757,2024-10-17,4,FA,3493,392,NN,Semillas,Doble Poder X2,Soja,40000.0,2024
2024-10-08,414683,1532.0,2024-10-18,5789,2024-10-22,4,FA,3500,392,NN,Semillas,Doble Poder X2,Soja,40000.0,2024
2024-10-08,414684,1532.0,2024-10-18,5788,2024-10-22,4,FA,3500,392,NN,Semillas,Doble Poder X2,Soja,40000.0,2024
2024-10-08,414685,1532.0,2024-10-18,5787,2024-10-22,4,FA,3500,392,NN,Semillas,Doble Poder X2,Soja,40000.0,2024
2024-10-08,414686,1532.0,2024-10-18,5786,2024-10-22,4,FA,3500,392,NN,Semillas,Doble Poder X2,Soja,40000.0,2024
2024-10-08,414687,1532.0,2024-10-18,5785,2024-10-22,4,FA,3500,392,NN,Semillas,Doble Poder X2,Soja,40000.0,2024
2024-10-08,414688,1532.0,2024-10-18,5784,2024-10-22,4,FA,3500,392,NN,Semillas,Doble Poder X2,Soja,40000.0,2024
2024-10-08,414689,1532.0,2024-10-18,5783,2024-10-22,4,FA,3500,392,NN,Semillas,Doble Poder X2,Soja,40000.0,2024
2024-10-08,414690,1532.0,2024-10-18,5782,2024-10-22,4,FA,3500,392,NN,Semillas,Doble Poder X2,Soja,40000.0,2024
2024-10-08,414691,1532.0,2024-10-18,5781,2024-10-22,4,FA,3500,392,NN,Semillas,Doble Poder X2,Soja,40000.0,2024
2024-10-08,414692,1532.0,2024-10-18,5780,2024-10-22,4,FA,3500,392,NN,Semillas,Doble Poder X2,Soja,40000.0,2024
2024-10-08,414693,1532.0,2024-10-18,5779,2024-10-22,4,FA,3500,392,NN,Semillas,Doble Poder X2,Soja,40000.0,2024
2024-10-08,414694,1532.0,2024-10-18,5778,2024-10-22,4,FA,3500,392,NN,Semillas,Doble Poder X2,Soja,40000.0,2024
2024-10-08,414695,1532.0,2024-10-18,5777,2024-10-22,4,FA,3500,392,NN,Semillas,Doble Poder X2,Soja,40000.0,2024
2024-10-08,414696,1532.0,2024-10-18,5776,2024-10-22,4,FA,3500,392,NN,Semillas,Doble Poder X2,Soja,40000.0,2024
2024-10-08,414697,1532.0,2024-10-18,5775,2024-10-22,4,FA,3500,392,NN,Semillas,Doble Poder X2,Soja,40000.0,2024
2024-10-08,414698,1532.0,2024-10-18,5774,2024-10-22,4,FA,3500,392,NN,Semillas,Doble Poder X2,Soja,40000.0,2024
2024-10-08,414699,1533.0,2024-10-18,5790,2024-10-22,4,FA,3500,392,NN,Semillas,Soja,Soja,26000.0,2024
2024-10-08,414700,1534.0,2024-10-18,5792,2024-10-22,4,FA,3503,908,NN,Semillas,Fuerza Total Curado,Soja,59000.0,2024
2024-10-08,414701,1534.0,2024-10-18,5791,2024-10-22,4,FA,3503,908,NN,Semillas,Fuerza Total Curado,Soja,59000.0,2024
2024-10-08,414717,1535.0,2024-10-18,5794,2024-10-22,4,FA,3504,981,NN,Semillas,Fuerza Total,Soja,51000.0,2024
2024-10-08,414718,1535.0,2024-10-18,5793,2024-10-22,4,FA,3504,981,NN,Semillas,Fuerza Total,Soja,51000.0,2024
2024-10-08,414719,1536.0,2024-10-18,5795,2024-10-22,4,FA,3501,2296,NN,Semillas,Fuerza Total Curado,Soja,59000.0,2024
2024-10-09,414720,1537.0,2024-10-22,5804,2024-10-24,4,FA,3518,4582,NN,Semillas,Doble Poder X2,Soja,40000.0,2024
2024-10-09,414721,1538.0,2024-10-22,5806,2024-10-24,4,FA,3510,5106,NN,Semillas,Doble Poder X2,Soja,40000.0,2024
2024-10-09,414722,1538.0,2024-10-22,5805,2024-10-24,4,FA,3510,5106,NN,Semillas,Doble Poder X2,Soja,40000.0,2024
2024-10-10,414723,1539.0,2024-10-24,5837,2024-10-28,4,FA,3529,104,NN,Semillas,Sorgo,Sorgo,36000.0,2024
2024-10-10,414724,1539.0,2024-10-21,5803,2024-10-22,4,FA,3502,104,NN,Semillas,Sorgo,Sorgo,36000.0,2024
2024-10-10,414725,1540.0,2024-10-22,5808,2024-10-24,4,FA,3520,3297,NN,Semillas,Doble Poder X2,Soja,40000.0,2024
2024-10-10,414726,1540.0,2024-10-22,5807,2024-10-24,4,FA,3520,3297,NN,Semillas,Doble Poder X2,Soja,40000.0,2024
2024-10-10,414727,1541.0,2024-10-22,5809,2024-10-24,4,FA,3515,5161,NN,Semillas,Fuerza Total,Soja,51000.0,2024
2024-10-10,414728,1542.0,2024-10-22,5810,2024-10-24,4,FA,3512,4528,NN,Semillas,Fuerza Total,Soja,51000.0,2024
2024-10-10,414744,1543.0,2024-11-04,5879,2024-11-07,4,FA,3565,104,NN,Semillas,Semilla Vital,Urocloa,73000.0,2024
2024-10-10,414745,1543.0,2024-11-04,5878,2024-11-07,4,FA,3565,104,NN,Semillas,Semilla Vital,Urocloa,73000.0,2024
2024-10-10,414746,1543.0,2024-11-04,5877,2024-11-07,4,FA,3565,104,NN,Semillas,Semilla Vital,Urocloa,73000.0,2024
2024-10-14,414747,1545.0,2024-10-22,5814,2024-10-24,4,FA,3519,5159,NN,Semillas,Soja,Soja,26000.0,2024
2024-10-14,414748,1545.0,2024-10-22,5813,2024-10-24,4,FA,3519,5159,NN,Semillas,Soja,Soja,26000.0,2024
2024-10-14,414749,1544.0,2024-10-22,5811,2024-10-24,4,FA,3522,5103,NN,Semillas,Fuerza Total Curado,Soja,45000.0,2024
2024-10-14,414750,1546.0,2024-10-23,5816,2024-10-24,4,FA,3516,3659,NN,Semillas,Poroto,Poroto,36000.0,2024
2024-10-14,414751,1546.0,2024-10-23,5815,2024-10-24,4,FA,3516,3659,NN,Semillas,Poroto,Poroto,36000.0,2024
2024-10-14,414752,1547.0,2024-10-22,5812,2024-10-24,4,FA,3507,5165,NN,Semillas,Soja,Soja,36000.0,2024
2024-10-15,414753,1548.0,2024-10-23,5830,2024-10-24,4,FA,3513,4680,NN,Semillas,Doble Poder X2,Soja,40000.0,2024
2024-10-15,414754,1549.0,2024-10-23,5829,2024-10-24,4,FA,3508,3660,NN,Semillas,Fuerza Total,Soja,51000.0,2024
2024-10-15,414755,1550.0,2024-10-23,5828,2024-10-24,4,FA,3514,4281,NN,Semillas,Soja,Soja,36000.0,2024
2024-10-15,414756,1551.0,2024-11-04,5883,2024-11-07,4,FA,3562,4281,NN,Semillas,Grama Rhodes,Grama Rhodes,73000.0,2024
2024-10-15,414757,1552.0,2024-10-23,5827,2024-10-24,4,FA,3511,392,NN,Semillas,Soja,Soja,26000.0,2024
2024-10-15,414758,1553.0,2024-10-23,5826,2024-10-24,4,FA,3511,392,NN,Semillas,Doble Poder X2,Soja,40000.0,2024
2024-10-15,414759,1553.0,2024-10-23,5825,2024-10-24,4,FA,3511,392,NN,Semillas,Doble Poder X2,Soja,40000.0,2024
2024-10-15,414760,1553.0,2024-10-23,5824,2024-10-24,4,FA,3511,392,NN,Semillas,Doble Poder X2,Soja,25000.0,2024
2024-10-15,414761,1553.0,2024-10-23,5823,2024-10-24,4,FA,3511,392,NN,Semillas,Doble Poder X2,Soja,40000.0,2024
2024-10-15,414762,1553.0,2024-10-23,5822,2024-10-24,4,FA,3511,392,NN,Semillas,Doble Poder X2,Soja,40000.0,2024
2024-10-15,414763,1553.0,2024-10-23,5821,2024-10-24,4,FA,3511,392,NN,Semillas,Doble Poder X2,Soja,40000.0,2024
2024-10-15,414764,1553.0,2024-10-23,5820,2024-10-24,4,FA,3511,392,NN,Semillas,Doble Poder X2,Soja,40000.0,2024
2024-10-15,414765,1553.0,2024-10-23,5819,2024-10-24,4,FA,3511,392,NN,Semillas,Doble Poder X2,Soja,40000.0,2024
2024-10-15,414766,1553.0,2024-10-23,5818,2024-10-24,4,FA,3511,392,NN,Semillas,Doble Poder X2,Soja,40000.0,2024
2024-10-15,414767,1553.0,2024-10-23,5817,2024-10-24,4,FA,3511,392,NN,Semillas,Doble Poder X2,Soja,40000.0,2024
2024-10-15,414816,1554.0,2024-10-17,5753,2024-10-17,4,FA,3494,4281,NN,Semillas,Gatton Panic,Gatton Panic,45000.0,2024
2024-10-15,414817,1554.0,2024-10-17,5752,2024-10-17,4,FA,3494,4281,NN,Semillas,Gatton Panic,Gatton Panic,45000.0,2024
2024-10-15,414818,1555.0,2024-10-24,5833,2024-10-24,4,FA,3521,4786,NN,Semillas,Fuerza Total,Soja,47000.0,2024
2024-10-15,414819,1555.0,2024-10-24,5832,2024-10-24,4,FA,3521,4786,NN,Semillas,Fuerza Total,Soja,47000.0,2024
2024-10-15,414820,1556.0,2024-10-24,5835,2024-10-24,4,FA,3509,4557,NN,Semillas,Doble Poder X2,Soja,40000.0,2024
2024-10-15,414821,1556.0,2024-10-24,5834,2024-10-24,4,FA,3509,4557,NN,Semillas,Doble Poder X2,Soja,40000.0,2024
2024-10-15,414826,1557.0,2024-10-24,5836,2024-10-24,4,FA,3517,3815,NN,Semillas,Doble Poder X2,Soja,40000.0,2024
2024-10-17,414929,1558.0,2024-10-25,5838,2024-10-28,4,FA,3527,4557,NN,Semillas,Doble Poder X2,Soja,40000.0,2024
2024-10-17,414930,1559.0,2024-10-25,5842,2024-10-28,4,FA,3528,700,NN,Semillas,Fuerza Total Curado,Soja,59000.0,2024
2024-10-17,414931,1559.0,2024-10-25,5841,2024-10-28,4,FA,3528,700,NN,Semillas,Fuerza Total Curado,Soja,59000.0,2024
2024-10-17,414932,1559.0,2024-10-25,5840,2024-10-28,4,FA,3528,700,NN,Semillas,Fuerza Total Curado,Soja,59000.0,2024
2024-10-17,414933,1559.0,2024-10-25,5839,2024-10-28,4,FA,3528,700,NN,Semillas,Fuerza Total Curado,Soja,59000.0,2024
2024-10-17,414934,1560.0,2024-10-25,5843,2024-10-28,4,FA,3530,5114,NN,Semillas,Doble Poder X2,Soja,40000.0,2024
2024-10-21,414947,1561.0,2024-10-29,5846,2024-10-30,4,FA,3536,1161,NN,Semillas,Semilla Vital Para Soja,Soja,73000.0,2024
2024-10-21,414948,1561.0,2024-10-29,5845,2024-10-30,4,FA,3536,1161,NN,Semillas,Semilla Vital Para Soja,Soja,73000.0,2024
2024-10-21,414950,1561.0,2024-10-29,5847,2024-10-30,4,FA,3540,489,NN,Semillas,Doble Poder X2,Soja,40000.0,2024
2024-10-21,414952,1562.0,2024-10-29,5851,2024-10-30,4,FB,67,4712,NN,Semillas,Soja,Soja,36000.0,2024
2024-10-21,414953,1562.0,2024-10-29,5850,2024-10-30,4,FB,67,4712,NN,Semillas,Soja,Soja,36000.0,2024
2024-10-21,414954,1562.0,2024-10-29,5849,2024-10-30,4,FB,67,4712,NN,Semillas,Soja,Soja,36000.0,2024
2024-10-21,414955,1562.0,2024-10-29,5848,2024-10-30,4,FB,67,4712,NN,Semillas,Soja,Soja,36000.0,2024
2024-10-21,414956,1562.0,2024-10-28,5844,2024-10-28,4,FB,66,4712,NN,Semillas,Maíz,Maíz,36000.0,2024
2024-10-21,414957,1563.0,2024-10-29,5853,2024-10-30,4,FA,3539,5166,NN,Semillas,Doble Poder X2,Soja,40000.0,2024
2024-10-21,414958,1563.0,2024-10-29,5852,2024-10-30,4,FA,3539,5166,NN,Semillas,Doble Poder X2,Soja,40000.0,2024
2024-10-21,414959,1564.0,2024-11-04,5882,2024-11-07,4,FA,3559,62,NN,Semillas,Fuerza Total,Sorgo,51000.0,2024
2024-10-21,414960,1564.0,2024-11-04,5881,2024-11-07,4,FA,3559,62,NN,Semillas,Fuerza Total,Sorgo,51000.0,2024
2024-10-21,414961,1565.0,2024-10-30,5857,2024-11-04,4,FA,3550,2257,NN,Semillas,Fuerza Total,Soja,51000.0,2024
2024-10-23,414964,1567.0,2024-10-31,5865,2024-11-04,4,FA,3547,5161,NN,Semillas,Fuerza Total,Soja,51000.0,2024
2024-10-23,414965,1568.0,2024-10-30,5862,2024-11-04,4,FA,3545,392,NN,Semillas,Soja,Soja,84000.0,2024
2024-10-23,414966,1568.0,2024-10-30,5861,2024-11-04,4,FA,3545,392,NN,Semillas,Soja,Soja,84000.0,2024
2024-10-23,414967,1568.0,2024-10-30,5860,2024-11-04,4,FA,3545,392,NN,Semillas,Soja,Soja,84000.0,2024
2024-10-23,414968,1568.0,2024-10-30,5859,2024-11-04,4,FA,3545,392,NN,Semillas,Soja,Soja,84000.0,2024
2024-10-23,414969,1568.0,2024-10-30,5858,2024-11-04,4,FA,3545,392,NN,Semillas,Soja,Soja,84000.0,2024
2024-10-23,414970,1569.0,2024-11-01,5876,2024-11-07,4,FA,3563,22,NN,Semillas,Poroto,Poroto,36000.0,2024
2024-10-23,414971,1569.0,2024-11-01,5875,2024-11-07,4,FA,3563,22,NN,Semillas,Poroto,Poroto,36000.0,2024
2024-10-23,414972,1569.0,2024-11-01,5874,2024-11-07,4,FA,3563,22,NN,Semillas,Poroto,Poroto,36000.0,2024
2024-10-24,414984,1570.0,2024-11-05,5884,2024-11-07,4,FA,3558,3660,NN,Semillas,Fuerza Total,Algodón,51000.0,2024
2024-10-25,415009,1571.0,2024-11-01,5869,2024-11-04,4,FA,3546,4528,NN,Semillas,Fuerza Total,Soja,51000.0,2024
2024-10-25,415010,1571.0,2024-11-01,5868,2024-11-04,4,FA,3546,4528,NN,Semillas,Fuerza Total,Soja,51000.0,2024
2024-10-25,415011,1572.0,2024-11-01,5870,2024-11-04,4,FA,3544,772,NN,Semillas,Doble Poder X2,Soja,40000.0,2024
2024-10-25,415012,1573.0,2024-11-01,5873,2024-11-04,4,FA,3549,1864,NN,Semillas,Soja,Soja,60000.0,2024
2024-10-25,415013,1573.0,2024-11-01,5872,2024-11-04,4,FA,3549,1864,NN,Semillas,Soja,Soja,60000.0,2024
2024-10-25,415014,1573.0,2024-11-01,5871,2024-11-04,4,FA,3549,1864,NN,Semillas,Soja,Soja,60000.0,2024
2024-10-28,415015,1574.0,2024-11-05,5886,2024-11-07,4,FA,3568,2308,NN,Semillas,Soja,Soja,60000.0,2024
2024-10-28,415016,1575.0,2024-10-30,5856,2024-10-30,4,FA,3538,4281,NN,Semillas,Panicum Coloratum,Panicum Coloratum,45000.0,2024
2024-10-28,415017,1575.0,2024-10-30,5855,2024-10-30,4,FA,3538,4281,NN,Semillas,Panicum Coloratum,Panicum Coloratum,45000.0,2024
2024-10-28,415021,1576.0,2024-11-05,5887,2024-11-07,4,FA,3557,2406,NN,Semillas,Doble Poder X2,Soja,40000.0,2024
2024-10-29,415024,1577.0,2024-11-06,5889,2024-11-07,4,FA,3564,3243,NN,Semillas,Fuerza Total Curado,Soja,59000.0,2024
2024-10-29,415025,1578.0,2024-11-06,5894,2024-11-07,4,FA,3561,5167,NN,Semillas,Poder Germinativo X2,Soja,26000.0,2024
2024-10-29,415026,1578.0,2024-11-06,5893,2024-11-07,4,FA,3561,5167,NN,Semillas,Poder Germinativo X2,Soja,26000.0,2024
2024-10-29,415027,1578.0,2024-11-06,5892,2024-11-07,4,FA,3561,5167,NN,Semillas,Poder Germinativo X2,Soja,26000.0,2024
2024-10-29,415028,1578.0,2024-11-06,5891,2024-11-07,4,FA,3561,5167,NN,Semillas,Poder Germinativo X2,Soja,26000.0,2024
2024-10-29,415029,1578.0,2024-11-06,5890,2024-11-07,4,FA,3561,5167,NN,Semillas,Poder Germinativo X2,Soja,26000.0,2024
2024-10-29,415030,1579.0,2024-11-05,5885,2024-11-07,4,FA,3566,5168,NN,Semillas,Fuerza Total,Maíz,51000.0,2024
2024-10-30,415031,1580.0,2024-11-06,5888,2024-11-07,4,FA,3567,981,NN,Semillas,Fuerza Total,Maíz,51000.0,2024
2024-10-30,415032,1581.0,2024-11-07,5898,2024-11-07,4,FA,3560,392,NN,Semillas,Doble Poder X2,Soja,40000.0,2024
2024-10-30,415033,1581.0,2024-11-07,5897,2024-11-07,4,FA,3560,392,NN,Semillas,Doble Poder X2,Soja,40000.0,2024
2024-10-30,415034,1581.0,2024-11-07,5896,2024-11-07,4,FA,3560,392,NN,Semillas,Doble Poder X2,Soja,40000.0,2024
2024-10-30,415035,1581.0,2024-11-07,5895,2024-11-07,4,FA,3560,392,NN,Semillas,Doble Poder X2,Soja,40000.0,2024
2024-10-31,415129,1582.0,2024-11-08,5901,2024-11-12,4,FA,3573,4557,NN,Semillas,Soja,Soja,36000.0,2024
2024-10-31,415130,1582.0,2024-11-08,5900,2024-11-12,4,FA,3573,4557,NN,Semillas,Soja,Soja,36000.0,2024
2024-11-01,415250,1584.0,2024-11-08,5899,2024-11-12,4,FA,3572,3920,NN,Semillas,Fuerza Total Curado,Soja,59000.0,2024
2024-11-01,415251,1585.0,2024-11-11,5907,2024-11-12,4,FA,3574,3659,NN,Semillas,Poroto,Poroto,36000.0,2024
2024-11-01,415252,1585.0,2024-11-11,5906,2024-11-12,4,FA,3574,3659,NN,Semillas,Poroto,Poroto,36000.0,2024
2024-11-05,415253,1586.0,2024-11-12,5910,2024-11-12,4,FA,3575,522,NN,Semillas,Convenio Syngenta Soja Completo,Soja,52000.0,2024
2024-11-05,415254,1586.0,2024-11-12,5909,2024-11-12,4,FA,3575,522,NN,Semillas,Convenio Syngenta Soja Completo,Soja,52000.0,2024
2024-11-05,415255,1586.0,2024-11-12,5908,2024-11-12,4,FA,3575,522,NN,Semillas,Soja,Soja,84000.0,2024
2024-11-05,415256,1587.0,2024-11-13,5914,2024-11-14,4,FA,3583,4557,NN,Semillas,Soja,Soja,36000.0,2024
2024-11-05,415257,1587.0,2024-11-13,5913,2024-11-14,4,FA,3583,4557,NN,Semillas,Soja,Soja,36000.0,2024
2024-11-08,415351,1588.0,2024-11-15,5918,2024-11-21,4,FA,3592,392,NN,Semillas,Doble Poder X2,Soja,40000.0,2024
2024-11-08,415352,1588.0,2024-11-15,5917,2024-11-21,4,FA,3592,392,NN,Semillas,Doble Poder X2,Soja,40000.0,2024
2024-11-08,415353,1589.0,2024-11-15,5919,2024-11-21,4,FA,3592,392,NN,Semillas,Fuerza Total Curado,Soja,59000.0,2024
2024-11-08,415357,1591.0,2024-11-15,5920,2024-11-21,4,FA,3592,392,NN,Semillas,Fuerza Total,Soja,51000.0,2024
2024-11-11,415362,1592.0,2024-11-13,5912,2024-11-14,4,FA,3584,4281,NN,Semillas,Gatton Panic,Gatton Panic,45000.0,2024
2024-11-11,415363,1593.0,2024-11-19,5926,2024-11-21,4,FA,3596,2308,NN,Semillas,Calidad Trigo/Soja,Soja,60000.0,2024
2024-11-12,415365,1594.0,2024-11-12,5911,2024-11-14,4,FA,3585,4322,NN,Semillas,Soja,Soja,45000.0,2024
2024-11-12,415370,1595.0,2024-11-20,5930,2024-11-21,4,FA,3598,4557,NN,Semillas,Soja,Soja,36000.0,2024
2024-11-12,415371,1595.0,2024-11-20,5929,2024-11-21,4,FA,3598,4557,NN,Semillas,Soja,Soja,36000.0,2024
2024-11-12,415372,1595.0,2024-11-20,5928,2024-11-21,4,FA,3598,4557,NN,Semillas,Soja,Soja,36000.0,2024
2024-11-12,415373,1596.0,2024-11-22,5943,2024-11-25,4,FA,3615,62,NN,Semillas,Melilotus Albus,Melilotus Albus,36000.0,2024
2024-11-12,415374,1596.0,2024-11-22,5942,2024-11-25,4,FA,3615,62,NN,Semillas,Melilotus Albus,Melilotus Albus,36000.0,2024
2024-11-12,415375,1596.0,2024-11-22,5941,2024-11-25,4,FA,3615,62,NN,Semillas,Melilotus Albus,Melilotus Albus,36000.0,2024
2024-11-12,415376,1596.0,2024-11-25,5948,2024-11-26,4,FA,3618,62,NN,Semillas,Trebol Blanco,Trebol Blanco,36000.0,2024
2024-11-12,415377,1596.0,2024-11-25,5947,2024-11-26,4,FA,3618,62,NN,Semillas,Trebol Blanco,Trebol Blanco,36000.0,2024
2024-11-12,415378,1596.0,2024-11-29,5975,2024-12-13,4,FA,3657,62,NN,Semillas,Cebadilla Criolla,Cebadilla Criolla,36000.0,2024
2024-11-12,415379,1596.0,2024-11-26,5949,2024-11-26,4,FA,3618,62,NN,Semillas,Achicoria,Achicoria,36000.0,2024
2024-11-12,415380,1597.0,2024-12-12,6003,2024-12-13,4,FA,3646,62,NN,Semillas,Gatton Panic,Gatton Panic,73000.0,2024
2024-11-12,415381,1597.0,2024-12-03,5981,2024-12-13,4,FA,3646,62,NN,Semillas,Semilla Vital,Urochloa Brizantha,73000.0,2024
2024-11-12,415382,1597.0,2024-12-03,5980,2024-12-13,4,FA,3646,62,NN,Semillas,Semilla Vital,Urochloa Brizantha,73000.0,2024
2024-11-12,415383,1597.0,2024-12-03,5979,2024-12-13,4,FA,3646,62,NN,Semillas,Semilla Vital,Urochloa Brizantha,73000.0,2024
2024-11-12,415384,1597.0,2024-12-03,5978,2024-12-13,4,FA,3646,62,NN,Semillas,Semilla Vital,Urochloa Ruziziensis,73000.0,2024
2024-11-12,415402,1598.0,2024-11-20,5927,2024-11-26,4,FA,3620,2795,NN,Semillas,Soja,Soja,105000.0,2024
2024-11-13,415413,1600.0,2024-11-14,5916,2024-11-21,4,FA,3593,772,NN,Semillas,Maíz,Maíz,45000.0,2024
2024-11-13,415414,1600.0,2024-11-14,5915,2024-11-21,4,FA,3593,772,NN,Semillas,Maíz,Maíz,45000.0,2024
2024-11-13,415416,1601.0,2024-11-15,5925,2024-11-21,4,FA,3595,1328,NN,Semillas,Gatton Panic,Gatton Panic,45000.0,2024
2024-11-13,415417,1601.0,2024-11-15,5924,2024-11-21,4,FA,3595,1328,NN,Semillas,Gatton Panic,Gatton Panic,45000.0,2024
2024-11-13,415418,1601.0,2024-11-15,5923,2024-11-21,4,FA,3595,1328,NN,Semillas,Gatton Panic,Gatton Panic,45000.0,2024
2024-11-13,415419,1601.0,2024-11-15,5922,2024-11-21,4,FA,3595,1328,NN,Semillas,Gatton Panic,Gatton Panic,45000.0,2024
2024-11-13,415420,1601.0,2024-11-21,5938,2024-11-25,4,FA,3617,1328,NN,Semillas,Gatton Panic,Gatton Panic,45000.0,2024
2024-11-13,415421,1601.0,2024-11-21,5937,2024-11-25,4,FA,3617,1328,NN,Semillas,Gatton Panic,Gatton Panic,45000.0,2024
2024-11-13,415422,1601.0,2024-11-21,5936,2024-11-25,4,FA,3617,1328,NN,Semillas,Gatton Panic,Gatton Panic,45000.0,2024
2024-11-13,415423,1601.0,2024-11-22,5946,2024-11-25,4,FA,3617,1328,NN,Semillas,Gatton Panic,Gatton Panic,45000.0,2024
2024-11-13,415424,1601.0,2024-11-22,5945,2024-11-25,4,FA,3617,1328,NN,Semillas,Gatton Panic,Gatton Panic,45000.0,2024
2024-11-13,415425,1601.0,2024-11-22,5944,2024-11-25,4,FA,3617,1328,NN,Semillas,Gatton Panic,Gatton Panic,45000.0,2024
2024-11-13,415426,1602.0,2024-11-21,5935,2024-11-25,4,FA,3616,4557,NN,Semillas,Soja,Soja,36000.0,2024
2024-11-13,415427,1603.0,2024-12-16,6010,2024-12-19,4,FA,3667,4296,NN,Semillas,Gatton Panic,Gatton Panic,51000.0,2024
2024-11-13,415428,1603.0,2024-12-16,6009,2024-12-19,4,FA,3667,4296,NN,Semillas,Gatton Panic,Gatton Panic,51000.0,2024
2024-11-14,415433,1604.0,2024-11-15,5921,2024-11-21,4,FA,3597,3660,NN,Semillas,Girasol,Girasol,32000.0,2024
2024-11-14,415434,1605.0,2024-12-02,5977,2024-12-13,4,FA,3656,3660,NN,Semillas,Girasol,Girasol,36000.0,2024
2024-11-14,415443,1606.0,2024-11-22,5940,2024-11-25,4,FA,3616,4557,NN,Semillas,Soja,Soja,36000.0,2024
2024-11-14,415444,1606.0,2024-11-22,5939,2024-11-25,4,FA,3616,4557,NN,Semillas,Soja,Soja,36000.0,2024
2024-11-15,415449,1607.0,2024-12-05,5991,2024-12-13,4,FA,3646,62,NN,Semillas,Crotalaria,Crotalaria,36000.0,2024
2024-11-19,415450,1608.0,2024-11-26,5952,2024-11-26,4,FA,3619,2795,NN,Semillas,Convenio Syngenta Soja Completo,Soja,52000.0,2024
2024-11-19,415451,1608.0,2024-11-26,5951,2024-11-26,4,FA,3619,2795,NN,Semillas,Convenio Syngenta Soja Completo,Soja,52000.0,2024
2024-11-19,415452,1608.0,2024-11-26,5950,2024-11-26,4,FA,3619,2795,NN,Semillas,Convenio Syngenta Soja Completo,Soja,52000.0,2024
2024-11-20,415476,1609.0,2024-11-27,5974,2024-11-28,4,FA,3626,392,NN,Semillas,Doble Poder X2,Soja,61000.0,2024
2024-11-20,415477,1609.0,2024-11-27,5973,2024-11-28,4,FA,3626,392,NN,Semillas,Doble Poder X2,Soja,61000.0,2024
2024-11-20,415478,1609.0,2024-11-27,5972,2024-11-28,4,FA,3626,392,NN,Semillas,Doble Poder X2,Soja,61000.0,2024
2024-11-20,415479,1609.0,2024-11-27,5971,2024-11-28,4,FA,3626,392,NN,Semillas,Doble Poder X2,Soja,61000.0,2024
2024-11-20,415480,1609.0,2024-11-27,5970,2024-11-28,4,FA,3626,392,NN,Semillas,Doble Poder X2,Soja,61000.0,2024
2024-11-20,415481,1609.0,2024-11-27,5969,2024-11-28,4,FA,3626,392,NN,Semillas,Doble Poder X2,Soja,61000.0,2024
2024-11-20,415482,1609.0,2024-11-27,5968,2024-11-28,4,FA,3626,392,NN,Semillas,Doble Poder X2,Soja,61000.0,2024
2024-11-20,415483,1609.0,2024-11-27,5967,2024-11-28,4,FA,3626,392,NN,Semillas,Doble Poder X2,Soja,61000.0,2024
2024-11-20,415484,1610.0,2024-11-27,5966,2024-11-28,4,FA,3626,392,NN,Semillas,Soja,Soja,47000.0,2024
2024-11-20,415485,1610.0,2024-11-27,5965,2024-11-28,4,FA,3626,392,NN,Semillas,Soja,Soja,47000.0,2024
2024-11-20,415486,1610.0,2024-11-27,5964,2024-11-28,4,FA,3626,392,NN,Semillas,Soja,Soja,47000.0,2024
2024-11-20,415487,1611.0,2024-11-27,5963,2024-11-28,4,FA,3627,4557,NN,Semillas,Soja,Soja,36000.0,2024
2024-11-21,415547,1613.0,2024-12-04,5982,2024-12-13,4,FA,3650,670,NN,Semillas,Trigo,Trigo,36000.0,2024
2024-11-20,415548,1612.0,2024-12-19,6016,2024-12-26,4,FA,3671,1328,NN,Semillas,Panicum Coloratum,Panicum Coloratum,73000.0,2024
2024-11-20,415549,1612.0,2024-12-19,6015,2024-12-26,4,FA,3671,1328,NN,Semillas,Panicum Coloratum,Panicum Coloratum,73000.0,2024
2024-11-21,415550,1614.0,2024-12-06,5995,2024-12-13,4,FA,3646,62,NN,Semillas,Sorgo,Sorgo,36000.0,2024
2024-11-21,415551,1614.0,2024-12-06,5994,2024-12-13,4,FA,3646,62,NN,Semillas,Sorgo,Sorgo,36000.0,2024
2024-11-22,415645,1615.0,2024-12-02,5976,2024-12-13,4,FA,3658,3659,NN,Semillas,Poder + Peso,Poroto,52000.0,2024
2024-11-26,415777,1616.0,2024-12-04,5989,2024-12-13,4,FA,3651,350,NN,Semillas,Calidad Trigo/Soja,Soja,60000.0,2024
2024-11-26,415778,1616.0,2024-12-04,5988,2024-12-13,4,FA,3651,350,NN,Semillas,Calidad Trigo/Soja,Soja,60000.0,2024
2024-11-26,415779,1616.0,2024-12-04,5987,2024-12-13,4,FA,3651,350,NN,Semillas,Calidad Trigo/Soja,Soja,60000.0,2024
2024-11-26,415780,1616.0,2024-12-04,5986,2024-12-13,4,FA,3651,350,NN,Semillas,Calidad Trigo/Soja,Soja,60000.0,2024
2024-11-26,415781,1616.0,2024-12-04,5985,2024-12-13,4,FA,3651,350,NN,Semillas,Calidad Trigo/Soja,Soja,60000.0,2024
2024-11-26,415782,1616.0,2024-12-04,5984,2024-12-13,4,FA,3651,350,NN,Semillas,Calidad Trigo/Soja,Soja,60000.0,2024
2024-11-26,415783,1616.0,2024-12-04,5983,2024-12-13,4,FA,3651,350,NN,Semillas,Calidad Trigo/Soja,Soja,60000.0,2024
2024-11-26,415784,1617.0,2024-11-27,5959,2024-11-28,4,FA,3625,350,NN,Semillas,Soja,Soja,40000.0,2024
2024-11-26,415785,1617.0,2024-11-27,5958,2024-11-28,4,FA,3625,350,NN,Semillas,Soja,Soja,40000.0,2024
2024-11-26,415786,1617.0,2024-11-27,5957,2024-11-28,4,FA,3625,350,NN,Semillas,Soja,Soja,40000.0,2024
2024-11-26,415787,1617.0,2024-11-27,5956,2024-11-28,4,FA,3625,350,NN,Semillas,Soja,Soja,40000.0,2024
2024-11-26,415788,1617.0,2024-11-27,5955,2024-11-28,4,FA,3625,350,NN,Semillas,Soja,Soja,40000.0,2024
2024-11-26,415789,1617.0,2024-11-27,5954,2024-11-28,4,FA,3625,350,NN,Semillas,Soja,Soja,40000.0,2024
2024-11-26,415790,1617.0,2024-11-27,5953,2024-11-28,4,FA,3625,350,NN,Semillas,Soja,Soja,40000.0,2024
2024-11-26,415819,1618.0,2024-12-04,5990,2024-12-13,4,FA,3645,4557,NN,Semillas,Soja,Soja,36000.0,2024
2024-11-26,415823,1619.0,2024-12-06,5993,2024-12-13,4,FA,3649,3659,NN,Semillas,Poroto,Poroto,36000.0,2024
2024-11-29,416012,1620.0,2024-12-06,5992,2024-12-13,4,FA,3647,392,NN,Semillas,Doble Poder X2,Soja,61000.0,2024
2024-12-04,416077,1621.0,2024-12-11,5999,2024-12-13,4,FA,3652,981,NN,Semillas,Fuerza Total,Maíz,51000.0,2024
2024-12-04,416078,1622.0,2024-12-17,6013,2024-12-19,4,FA,3666,981,NN,Semillas,Fuerza Total,Trigo,51000.0,2024
2024-12-04,416079,1622.0,2024-12-17,6012,2024-12-19,4,FA,3666,981,NN,Semillas,Fuerza Total,Trigo,51000.0,2024
2024-12-05,416081,1623.0,2024-12-18,6014,2024-12-19,4,FA,3663,4943,NN,Semillas,Trigo,Trigo,36000.0,2024
2024-12-05,416082,1624.0,2024-12-13,6005,2024-12-19,4,FA,3665,350,NN,Semillas,Calidad Trigo/Soja,Soja,60000.0,2024
2024-12-05,416083,1624.0,2024-12-13,6004,2024-12-19,4,FA,3665,350,NN,Semillas,Calidad Trigo/Soja,Soja,60000.0,2024
2024-12-05,416084,1625.0,2024-12-06,5997,2024-12-13,4,FA,3651,350,NN,Semillas,Soja,Soja,45000.0,2024
2024-12-05,416085,1625.0,2024-12-06,5996,2024-12-13,4,FA,3651,350,NN,Semillas,Soja,Soja,45000.0,2024
2024-12-06,416089,1626.0,2024-12-13,6008,2024-12-19,4,FA,3664,2892,NN,Semillas,Fuerza Total Curado,Soja,59000.0,2024
2024-12-06,416090,1626.0,2024-12-13,6007,2024-12-19,4,FA,3664,2892,NN,Semillas,Fuerza Total Curado,Soja,59000.0,2024
2024-12-06,416091,1626.0,2024-12-13,6006,2024-12-19,4,FA,3664,2892,NN,Semillas,Fuerza Total Curado,Soja,59000.0,2024
2024-12-10,416433,1627.0,2024-12-12,6002,2024-12-13,4,FA,3648,5167,NN,Semillas,Maíz,Maíz,45000.0,2024
2024-12-10,416434,1627.0,2024-12-12,6001,2024-12-13,4,FA,3648,5167,NN,Semillas,Maíz,Maíz,45000.0,2024
2024-12-10,416435,1627.0,2024-12-12,6000,2024-12-13,4,FA,3648,5167,NN,Semillas,Maíz,Maíz,45000.0,2024
2024-12-17,416729,1629.0,2024-12-20,6020,2024-12-26,4,FA,3671,1328,NN,Semillas,Gatton Panic,Gatton Panic,45000.0,2024
2024-12-17,416730,1629.0,2024-12-20,6019,2024-12-26,4,FA,3671,1328,NN,Semillas,Gatton Panic,Gatton Panic,45000.0,2024
2024-12-17,416731,1629.0,2024-12-20,6018,2024-12-26,4,FA,3671,1328,NN,Semillas,Gatton Panic,Gatton Panic,45000.0,2024
2024-12-17,416732,1629.0,2024-12-20,6017,2024-12-26,4,FA,3671,1328,NN,Semillas,Gatton Panic,Gatton Panic,45000.0,2024
2024-12-18,416786,1630.0,2024-12-30,6027,2025-01-09,4,FA,3691,392,NN,Semillas,Trigo,Trigo,26000.0,2024
2024-12-18,416787,1630.0,2024-12-30,6026,2025-01-09,4,FA,3691,392,NN,Semillas,Trigo,Trigo,26000.0,2024
2024-12-18,416788,1630.0,2024-12-30,6025,2025-01-09,4,FA,3691,392,NN,Semillas,Trigo,Trigo,26000.0,2024
2024-12-18,416789,1630.0,2024-12-30,6024,2025-01-09,4,FA,3691,392,NN,Semillas,Trigo,Trigo,26000.0,2024
2024-12-18,416790,1630.0,2024-12-30,6023,2025-01-09,4,FA,3691,392,NN,Semillas,Trigo,Trigo,26000.0,2024
2024-12-18,416791,1631.0,2024-12-27,6021,2025-01-09,4,FA,3691,392,NN,Semillas,Soja,Soja,26000.0,2024
2024-12-27,417017,1633.0,2025-01-15,6046,2025-01-16,4,FA,3698,4947,NN,Semillas,Semilla Vital,Vicia,73000.0,2024
2024-12-30,417024,1634.0,2025-01-10,6037,2025-01-16,4,FA,3697,4329,NN,Semillas,Centeno,Centeno,36000.0,2024
2024-12-30,417025,1634.0,2025-01-10,6036,2025-01-16,4,FA,3697,4329,NN,Semillas,Cebada,Cebada,36000.0,2024
2024-12-30,417026,1635.0,2025-01-07,6031,2025-01-09,4,FA,3690,4557,NN,Semillas,Garbanzo,Garbanzo,81000.0,2024
2024-12-30,417027,1635.0,2025-01-07,6030,2025-01-09,4,FA,3690,4557,NN,Semillas,Garbanzo,Garbanzo,81000.0,2024
2025-01-02,417030,1636.0,2025-01-17,6052,2025-01-22,4,FA,3718,960,NN,Semillas,Centeno,Centeno,73000.0,2025
2025-01-03,417126,1637.0,2025-01-14,6042,2025-01-16,4,FA,3696,4396,NN,Semillas,Fuerza Total,Trigo,51000.0,2025
2025-01-03,417127,1638.0,2025-01-06,6028,2025-01-09,4,FA,3692,62,NN,Semillas,Gatton Panic,Gatton Panic,32000.0,2025
2025-01-03,417128,1639.0,2025-01-06,6029,2025-01-09,4,FA,3692,62,NN,Semillas,Gatton Panic,Gatton Panic,45000.0,2025
2025-01-06,417131,1642.0,2025-01-14,6045,2025-01-16,4,FA,3693,392,NN,Semillas,Garbanzo,Garbanzo,98300.0,2025
2025-01-07,417182,1643.0,2025-01-09,6033,2025-01-16,4,FA,3694,1328,NN,Semillas,Buffel Grass,Buffel Grass,51000.0,2025
2025-01-07,417183,1643.0,2025-01-09,6032,2025-01-16,4,FA,3694,1328,NN,Semillas,Buffel Grass,Buffel Grass,51000.0,2025
2025-01-07,417184,1644.0,2025-01-09,6035,2025-01-16,4,FA,3694,1328,NN,Semillas,Gatton Panic,Gatton Panic,51000.0,2025
2025-01-07,417185,1644.0,2025-01-09,6034,2025-01-16,4,FA,3694,1328,NN,Semillas,Gatton Panic,Gatton Panic,51000.0,2025
2025-01-07,417186,1644.0,2025-01-15,6049,2025-01-16,4,FA,3694,1328,NN,Semillas,Gatton Panic,Gatton Panic,51000.0,2025
2025-01-07,417187,1644.0,2025-01-15,6048,2025-01-16,4,FA,3694,1328,NN,Semillas,Gatton Panic,Gatton Panic,51000.0,2025
2025-01-07,417188,1644.0,2025-01-15,6047,2025-01-16,4,FA,3694,1328,NN,Semillas,Gatton Panic,Gatton Panic,51000.0,2025
2025-01-07,417189,1644.0,2025-01-10,6041,2025-01-16,4,FA,3694,1328,NN,Semillas,Gatton Panic,Gatton Panic,51000.0,2025
2025-01-07,417190,1644.0,2025-01-10,6040,2025-01-16,4,FA,3694,1328,NN,Semillas,Gatton Panic,Gatton Panic,51000.0,2025
2025-01-07,417191,1644.0,2025-01-10,6039,2025-01-16,4,FA,3694,1328,NN,Semillas,Gatton Panic,Gatton Panic,51000.0,2025
2025-01-07,417192,1644.0,2025-01-10,6038,2025-01-16,4,FA,3694,1328,NN,Semillas,Gatton Panic,Gatton Panic,51000.0,2025
2025-01-08,417250,1645.0,2025-01-21,6061,2025-01-22,4,FA,3717,1286,NN,Semillas,Fuerza Total,Trigo,57100.0,2025
2025-01-08,417251,1645.0,2025-01-21,6060,2025-01-22,4,FA,3717,1286,NN,Semillas,Fuerza Total,Trigo,57100.0,2025
2025-01-08,417252,1645.0,2025-01-21,6059,2025-01-22,4,FA,3717,1286,NN,Semillas,Fuerza Total,Trigo,57100.0,2025
2025-01-08,417253,1645.0,2025-01-21,6058,2025-01-22,4,FA,3717,1286,NN,Semillas,Fuerza Total,Trigo,57100.0,2025
2025-01-09,417286,1646.0,2025-01-20,6057,2025-01-22,4,FA,3716,2211,NN,Semillas,Centeno,Centeno,47900.0,2025
2025-01-09,417287,1646.0,2025-01-20,6056,2025-01-22,4,FA,3716,2211,NN,Semillas,Centeno,Centeno,47900.0,2025
2025-01-10,417301,1647.0,2025-01-17,6053,2025-01-22,4,FA,3715,3659,NN,Semillas,Poder + Peso,Poroto Mung,58200.0,2025
2025-01-10,417302,1647.0,2025-01-20,6054,2025-01-22,4,FA,3715,3659,NN,Semillas,Poder + Peso,Poroto,58200.0,2025
2025-01-10,417305,1648.0,2025-01-20,6055,2025-01-22,4,FA,3719,441,NN,Semillas,Semilla Vital,Poroto,82000.0,2025
2025-01-13,417306,1649.0,2025-01-27,6069,2025-01-29,4,FA,3726,62,NN,Semillas,Avena Blanca / Amarilla/ Byzantina,Avena Blanca / Amarilla/ Byzantina,47900.0,2025
2025-01-13,417307,1649.0,2025-01-27,6068,2025-01-29,4,FA,3726,62,NN,Semillas,Avena Blanca / Amarilla/ Byzantina,Avena Blanca / Amarilla/ Byzantina,47900.0,2025
2025-01-13,417308,1649.0,2025-01-27,6067,2025-01-29,4,FA,3726,62,NN,Semillas,Avena Strigosa,Avena Strigosa,47900.0,2025
2025-01-13,417309,1649.0,2025-01-27,6066,2025-01-29,4,FA,3726,62,NN,Semillas,Avena Blanca / Amarilla/ Byzantina,Avena Blanca / Amarilla/ Byzantina,47900.0,2025
2025-01-13,417310,1649.0,2025-01-27,6065,2025-01-29,4,FA,3726,62,NN,Semillas,Avena Blanca / Amarilla/ Byzantina,Avena Blanca / Amarilla/ Byzantina,47900.0,2025
2025-01-13,417311,1649.0,2025-01-27,6064,2025-01-29,4,FA,3726,62,NN,Semillas,Avena Blanca / Amarilla/ Byzantina,Avena Blanca / Amarilla/ Byzantina,47900.0,2025
2025-01-13,417312,1650.0,2025-01-15,6051,2025-01-16,4,FA,3695,62,NN,Semillas,Gatton Panic,Gatton Panic,50400.0,2025
2025-01-13,417313,1650.0,2025-01-15,6050,2025-01-16,4,FA,3695,62,NN,Semillas,Gatton Panic,Gatton Panic,50400.0,2025
2025-01-13,417316,1652.0,2025-01-14,6044,2025-01-16,4,FA,3695,62,NN,Semillas,Gatton Panic,Gatton Panic,35800.0,2025
2025-01-13,417317,1652.0,2025-01-14,6043,2025-01-16,4,FA,3695,62,NN,Semillas,Gatton Panic,Gatton Panic,35800.0,2025
2025-03-07,417318,1653.0,2025-03-07,6146,2025-03-10,4,FA,3763,1856,NN,Semillas,Semilla Vital,Buffel Grass,82000.0,2025
2025-03-07,417319,1653.0,2025-03-07,6145,2025-03-10,4,FA,3763,1856,NN,Semillas,Semilla Vital,Buffel Grass,82000.0,2025
2025-01-14,417323,1654.0,2025-01-28,6084,2025-01-29,4,FA,3729,3243,NN,Semillas,Calidad Trigo/Soja,Trigo,75000.0,2025
2025-01-14,417324,1654.0,2025-01-28,6083,2025-01-29,4,FA,3729,3243,NN,Semillas,Fuerza Total,Trigo,57100.0,2025
2025-01-15,417365,1655.0,2025-01-28,6085,2025-01-29,4,FB,68,3193,NN,Semillas,Pack Integral,Melilotus Albus,91000.0,2025
2025-01-16,417441,1656.0,2025-01-23,6063,2025-01-29,4,FA,3727,3659,NN,Semillas,Poroto Mung,Poroto Mung,47900.0,2025
2025-01-16,417442,1656.0,2025-01-23,6062,2025-01-29,4,FA,3727,3659,NN,Semillas,Poroto Mung,Poroto Mung,47900.0,2025
2025-01-17,417444,1657.0,2025-01-27,6082,2025-01-29,4,FA,3728,522,NN,Semillas,Convenio Syngenta Trigo,Trigo,68000.0,2025
2025-01-17,417445,1657.0,2025-01-27,6081,2025-01-29,4,FA,3728,522,NN,Semillas,Convenio Syngenta Trigo,Trigo,68000.0,2025
2025-01-17,417446,1657.0,2025-01-27,6080,2025-01-29,4,FA,3728,522,NN,Semillas,Convenio Syngenta Trigo,Trigo,68000.0,2025
2025-01-17,417447,1657.0,2025-01-27,6079,2025-01-29,4,FA,3728,522,NN,Semillas,Convenio Syngenta Trigo,Trigo,68000.0,2025
2025-01-17,417448,1657.0,2025-01-27,6078,2025-01-29,4,FA,3728,522,NN,Semillas,Convenio Syngenta Trigo,Trigo,68000.0,2025
2025-01-17,417449,1657.0,2025-01-27,6077,2025-01-29,4,FA,3728,522,NN,Semillas,Convenio Syngenta Trigo,Trigo,68000.0,2025
2025-01-17,417450,1657.0,2025-01-27,6076,2025-01-29,4,FA,3728,522,NN,Semillas,Convenio Syngenta Trigo,Trigo,68000.0,2025
2025-01-17,417451,1657.0,2025-01-27,6075,2025-01-29,4,FA,3728,522,NN,Semillas,Convenio Syngenta Trigo,Trigo,68000.0,2025
2025-01-17,417452,1657.0,2025-01-27,6074,2025-01-29,4,FA,3728,522,NN,Semillas,Convenio Syngenta Trigo,Trigo,68000.0,2025
2025-01-17,417453,1657.0,2025-01-27,6073,2025-01-29,4,FA,3728,522,NN,Semillas,Convenio Syngenta Trigo,Trigo,68000.0,2025
2025-01-17,417454,1657.0,2025-01-27,6072,2025-01-29,4,FA,3728,522,NN,Semillas,Convenio Syngenta Trigo,Trigo,68000.0,2025
2025-01-17,417455,1657.0,2025-01-27,6071,2025-01-29,4,FA,3728,522,NN,Semillas,Convenio Syngenta Trigo,Trigo,68000.0,2025
2025-01-17,417456,1657.0,2025-01-27,6070,2025-01-29,4,FA,3728,522,NN,Semillas,Convenio Syngenta Trigo,Trigo,68000.0,2025
2025-01-23,417661,1660.0,2025-01-29,6086,2025-01-30,4,FA,3733,5179,NN,Semillas,Fuerza Total,Sesamo,57100.0,2025
2025-01-27,417690,1664.0,2025-01-29,6089,2025-01-30,4,FA,3732,4281,NN,Semillas,Gatton Panic,Gatton Panic,51000.0,2025
2025-01-27,417691,1664.0,2025-01-29,6088,2025-01-30,4,FA,3732,4281,NN,Semillas,Gatton Panic,Gatton Panic,51000.0,2025
2025-01-27,417692,1664.0,2025-01-29,6087,2025-01-30,4,FA,3732,4281,NN,Semillas,Panicum Coloratum,Panicum Coloratum,51000.0,2025
2025-01-28,417728,1666.0,2025-01-30,6092,2025-01-30,4,FA,3731,1328,NN,Semillas,Buffel Grass,Buffel Grass,51000.0,2025
2025-01-28,417729,1666.0,2025-01-30,6091,2025-01-30,4,FA,3731,1328,NN,Semillas,Buffel Grass,Buffel Grass,51000.0,2025
2025-01-28,417730,1666.0,2025-01-30,6090,2025-01-30,4,FA,3731,1328,NN,Semillas,Buffel Grass,Buffel Grass,51000.0,2025
2025-03-07,417736,1667.0,2025-03-07,6142,2025-03-10,4,FA,3764,3221,NN,Semillas,Centeno,Centeno,47900.0,2025
2025-03-07,417741,1668.0,2025-03-10,6162,2025-03-10,4,FA,3762,392,NN,Semillas,Convenio Syngenta Trigo,Trigo,68000.0,2025
2025-03-07,417742,1668.0,2025-03-10,6161,2025-03-10,4,FA,3762,392,NN,Semillas,Convenio Syngenta Trigo,Trigo,68000.0,2025
2025-03-07,417743,1668.0,2025-03-10,6160,2025-03-10,4,FA,3762,392,NN,Semillas,Convenio Syngenta Trigo,Trigo,68000.0,2025
2025-03-07,417744,1668.0,2025-03-10,6159,2025-03-10,4,FA,3762,392,NN,Semillas,Convenio Syngenta Trigo,Trigo,68000.0,2025
2025-03-07,417745,1668.0,2025-03-10,6158,2025-03-10,4,FA,3762,392,NN,Semillas,Convenio Syngenta Trigo,Trigo,68000.0,2025
2025-03-07,417746,1668.0,2025-03-10,6157,2025-03-10,4,FA,3762,392,NN,Semillas,Convenio Syngenta Trigo,Trigo,68000.0,2025
2025-03-07,417747,1668.0,2025-03-10,6156,2025-03-10,4,FA,3762,392,NN,Semillas,Convenio Syngenta Trigo,Trigo,68000.0,2025
2025-03-07,417748,1668.0,2025-03-10,6155,2025-03-10,4,FA,3762,392,NN,Semillas,Convenio Syngenta Trigo,Trigo,68000.0,2025
2025-03-07,417749,1668.0,2025-03-10,6154,2025-03-10,4,FA,3762,392,NN,Semillas,Convenio Syngenta Trigo,Trigo,68000.0,2025
2025-03-07,417750,1668.0,2025-03-10,6153,2025-03-10,4,FA,3762,392,NN,Semillas,Convenio Syngenta Trigo,Trigo,68000.0,2025
2025-03-10,417751,1668.0,2025-03-10,6152,2025-03-10,4,FA,3762,392,NN,Semillas,Convenio Syngenta Trigo,Trigo,68000.0,2025
2025-03-10,417752,1668.0,2025-03-10,6151,2025-03-10,4,FA,3762,392,NN,Semillas,Convenio Syngenta Trigo,Trigo,68000.0,2025
2025-03-10,417753,1668.0,2025-03-10,6150,2025-03-10,4,FA,3762,392,NN,Semillas,Convenio Syngenta Trigo,Trigo,68000.0,2025
2025-03-07,417868,1669.0,2025-03-07,6144,2025-03-10,4,FA,3760,4721,NN,Semillas,Avena Blanca / Amarilla/ Byzantina,Avena Blanca / Amarilla/ Byzantina,47900.0,2025
2025-03-07,417869,1670.0,2025-03-07,6143,2025-03-10,4,FA,3759,714,NN,Semillas,Poder Curado + Peso,Trigo,67200.0,2025
2025-03-07,417870,1671.0,2025-03-11,6227,2025-03-13,4,FA,3771,714,NN,Semillas,Trigo,Trigo,92700.0,2025
2025-03-07,417871,1671.0,2025-03-11,6226,2025-03-13,4,FA,3771,714,NN,Semillas,Trigo,Trigo,92700.0,2025
2025-03-07,417872,1671.0,2025-03-11,6225,2025-03-13,4,FA,3771,714,NN,Semillas,Trigo,Trigo,92700.0,2025
2025-03-10,417873,1671.0,2025-03-11,6224,2025-03-13,4,FA,3771,714,NN,Semillas,Trigo,Trigo,92700.0,2025
2025-03-10,417874,1671.0,2025-03-11,6223,2025-03-13,4,FA,3771,714,NN,Semillas,Trigo,Trigo,92700.0,2025
2025-03-10,417875,1671.0,2025-03-11,6222,2025-03-13,4,FA,3771,714,NN,Semillas,Trigo,Trigo,92700.0,2025
2025-03-10,417876,1671.0,2025-03-11,6221,2025-03-13,4,FA,3771,714,NN,Semillas,Trigo,Trigo,92700.0,2025
2025-03-10,417877,1671.0,2025-03-11,6220,2025-03-13,4,FA,3771,714,NN,Semillas,Trigo,Trigo,92700.0,2025
2025-03-10,417878,1671.0,2025-03-11,6219,2025-03-13,4,FA,3771,714,NN,Semillas,Trigo,Trigo,92700.0,2025
2025-03-10,417879,1671.0,2025-03-11,6218,2025-03-13,4,FA,3771,714,NN,Semillas,Trigo,Trigo,92700.0,2025
2025-03-10,417880,1671.0,2025-03-11,6217,2025-03-13,4,FA,3771,714,NN,Semillas,Trigo,Trigo,92700.0,2025
2025-03-10,417881,1671.0,2025-03-11,6216,2025-03-13,4,FA,3771,714,NN,Semillas,Trigo,Trigo,92700.0,2025
2025-03-10,417882,1671.0,2025-03-11,6215,2025-03-13,4,FA,3771,714,NN,Semillas,Trigo,Trigo,92700.0,2025
2025-03-10,417883,1671.0,2025-03-11,6214,2025-03-13,4,FA,3771,714,NN,Semillas,Trigo,Trigo,92700.0,2025
2025-03-11,417884,1671.0,2025-03-11,6213,2025-03-13,4,FA,3771,714,NN,Semillas,Trigo,Trigo,92700.0,2025
2025-03-10,417885,1671.0,2025-03-11,6212,2025-03-13,4,FA,3771,714,NN,Semillas,Trigo,Trigo,92700.0,2025
2025-03-10,417886,1671.0,2025-03-11,6211,2025-03-13,4,FA,3771,714,NN,Semillas,Trigo,Trigo,92700.0,2025
2025-03-10,417887,1671.0,2025-03-11,6210,2025-03-13,4,FA,3771,714,NN,Semillas,Trigo,Trigo,92700.0,2025
2025-03-10,417888,1671.0,2025-03-11,6209,2025-03-13,4,FA,3771,714,NN,Semillas,Trigo,Trigo,92699.999,2025
2025-03-07,417895,1673.0,2025-03-10,6149,2025-03-10,4,FA,3761,2853,NN,Semillas,Garbanzo,Garbanzo,215000.0,2025
2025-03-07,417896,1673.0,2025-03-10,6148,2025-03-10,4,FA,3761,2853,NN,Semillas,Garbanzo,Garbanzo,215000.0,2025
2025-03-10,417992,1675.0,2025-03-10,6163,2025-03-13,4,FA,3776,981,NN,Semillas,Fuerza Total,Trigo,57100.0,2025
2025-03-07,417994,1672.0,2025-03-10,6147,2025-03-10,4,FA,3761,2853,NN,Semillas,Garbanzo,Garbanzo,215000.0,2025
2025-03-10,418045,1677.0,2025-03-10,6165,2025-03-13,4,FA,3772,4557,NN,Semillas,Trigo,Trigo,47900.0,2025
2025-03-10,418046,1677.0,2025-03-10,6164,2025-03-13,4,FA,3772,4557,NN,Semillas,Trigo,Trigo,47900.0,2025
2025-03-10,418047,1677.0,2025-03-10,6167,2025-03-13,4,FA,3772,4557,NN,Semillas,Centeno,Centeno,47900.0,2025
2025-03-10,418048,1677.0,2025-03-10,6166,2025-03-13,4,FA,3772,4557,NN,Semillas,Centeno,Centeno,47900.0,2025
2025-03-10,418049,1677.0,2025-03-10,6170,2025-03-13,4,FA,3772,4557,NN,Semillas,Arveja,Arveja,47900.0,2025
2025-03-10,418050,1674.0,2025-03-10,6169,2025-03-13,4,FA,3772,4557,NN,Semillas,Arveja,Arveja,47900.0,2025
2025-03-10,418051,1677.0,2025-03-10,6168,2025-03-13,4,FA,3772,4557,NN,Semillas,Arveja,Arveja,47900.0,2025
2025-03-10,418052,1677.0,2025-03-10,6171,2025-03-13,4,FA,3772,4557,NN,Semillas,Garbanzo,Garbanzo,47900.0,2025
2025-03-10,418053,1677.0,2025-03-10,6172,2025-03-13,4,FA,3772,4557,NN,Semillas,Vicia,Vicia,47900.0,2025
2025-03-10,418086,1678.0,2025-03-11,6173,2025-03-13,4,FA,3773,62,NN,Semillas,Vicia,Vicia,47900.0,2025
2025-03-10,418087,1678.0,2025-03-11,6176,2025-03-13,4,FA,3773,62,NN,Semillas,Rye Grass Anual,Rye Grass Anual,47900.0,2025
2025-03-10,418088,1678.0,2025-03-11,6175,2025-03-13,4,FA,3773,62,NN,Semillas,Rye Grass Anual,Rye Grass Anual,47900.0,2025
2025-03-10,418089,1678.0,2025-03-11,6174,2025-03-13,4,FA,3773,62,NN,Semillas,Rye Grass Anual,Rye Grass Anual,47900.0,2025
2025-03-10,418090,1678.0,2025-03-11,6178,2025-03-13,4,FA,3773,62,NN,Semillas,Alfalfa,Alfalfa,83700.0,2025
2025-03-10,418091,1678.0,2025-03-11,6177,2025-03-13,4,FA,3773,62,NN,Semillas,Alfalfa,Alfalfa,83700.0,2025
2025-03-10,418092,1678.0,2025-03-11,6179,2025-03-13,4,FA,3773,62,NN,Semillas,Avena Strigosa,Avena Strigosa,47899.999,2025
2025-03-10,418225,1679.0,2025-03-11,6181,2025-03-13,4,FA,3774,3659,NN,Semillas,Poder + Peso,Poroto Mung,58200.0,2025
2025-03-10,418226,1679.0,2025-03-11,6180,2025-03-13,4,FA,3774,3659,NN,Semillas,Poder + Peso,Poroto Mung,58200.0,2025
2025-03-10,418234,1684.0,2025-03-11,6187,2025-03-13,4,FA,3775,104,NN,Semillas,Fuerza Total,Centeno,57100.0,2025
2025-03-10,418235,1684.0,2025-03-11,6186,2025-03-13,4,FA,3775,104,NN,Semillas,Fuerza Total,Centeno,57100.0,2025
2025-03-10,418236,1684.0,2025-03-11,6185,2025-03-13,4,FA,3775,104,NN,Semillas,Fuerza Total,Centeno,57100.0,2025
2025-03-10,418237,1685.0,2025-03-11,6184,2025-03-13,4,FA,3775,104,NN,Semillas,Fuerza Total,Centeno,57100.0,2025
2025-03-10,418238,1685.0,2025-03-11,6183,2025-03-13,4,FA,3775,104,NN,Semillas,Fuerza Total,Centeno,57100.0,2025
2025-03-10,418239,1685.0,2025-03-11,6182,2025-03-13,4,FA,3775,104,NN,Semillas,Fuerza Total,Centeno,57099.999,2025
2025-03-10,418240,1685.0,2025-03-11,6193,2025-03-13,4,FA,3775,104,NN,Semillas,Fuerza Total,Centeno,57100.0,2025
2025-03-10,418241,1685.0,2025-03-11,6192,2025-03-13,4,FA,3775,104,NN,Semillas,Fuerza Total,Centeno,57100.0,2025
2025-03-10,418242,1685.0,2025-03-11,6191,2025-03-13,4,FA,3775,104,NN,Semillas,Fuerza Total,Centeno,57100.0,2025
2025-03-10,418243,1685.0,2025-03-11,6190,2025-03-13,4,FA,3775,104,NN,Semillas,Fuerza Total,Centeno,57100.0,2025
2025-03-10,418244,1685.0,2025-03-11,6189,2025-03-13,4,FA,3775,104,NN,Semillas,Fuerza Total,Centeno,57100.0,2025
2025-03-10,418245,1685.0,2025-03-11,6188,2025-03-13,4,FA,3775,104,NN,Semillas,Fuerza Total,Centeno,57100.0,2025
2025-03-10,418246,1686.0,2025-03-11,6199,2025-03-13,4,FA,3775,104,NN,Semillas,Centeno,Centeno,51000.0,2025
2025-03-10,418247,1686.0,2025-03-11,6198,2025-03-13,4,FA,3775,104,NN,Semillas,Centeno,Centeno,51000.0,2025
2025-03-10,418248,1686.0,2025-03-11,6197,2025-03-13,4,FA,3775,104,NN,Semillas,Centeno,Centeno,51000.0,2025
2025-03-10,418249,1686.0,2025-03-11,6196,2025-03-13,4,FA,3775,104,NN,Semillas,Centeno,Centeno,51000.0,2025
2025-03-10,418250,1686.0,2025-03-11,6195,2025-03-13,4,FA,3775,104,NN,Semillas,Centeno,Centeno,51000.0,2025
2025-03-10,418251,1686.0,2025-03-11,6194,2025-03-13,4,FA,3775,104,NN,Semillas,Centeno,Centeno,51000.0,2025
2025-03-10,418329,1680.0,2025-03-11,6200,2025-03-13,4,FA,3772,4557,NN,Semillas,Garbanzo,Garbanzo,50400.0,2025
2025-03-21,418498,1703.0,2025-03-21,6269,2025-03-26,4,FA,3800,62,NN,Semillas,Semilla Vital Megatérmicas,Urochloa Ruziziensis,82000.0,2025
2025-03-21,418499,1703.0,2025-03-21,6270,2025-03-26,4,FA,3800,62,NN,Semillas,Semilla Vital Megatérmicas,Urochloa Brizantha,82000.0,2025
2025-03-21,418500,1703.0,2025-03-21,6271,2025-03-26,4,FA,3800,62,NN,Semillas,Semilla Vital Megatérmicas,Urochloa Ruziziensis,82000.0,2025
2025-03-20,418501,1700.0,2025-03-20,6250,2025-03-26,4,FA,3799,6002,NN,Semillas,Garbanzo,Garbanzo,47900.0,2025
2025-03-20,418502,1700.0,2025-03-20,6249,2025-03-26,4,FA,3799,6002,NN,Semillas,Garbanzo,Garbanzo,47899.999,2025
2025-03-20,418503,1700.0,2025-03-20,6248,2025-03-26,4,FA,3799,6002,NN,Semillas,Garbanzo,Garbanzo,47900.0,2025
2025-03-20,418504,1700.0,2025-03-20,6247,2025-03-26,4,FA,3799,6002,NN,Semillas,Garbanzo,Garbanzo,50400.0,2025
2025-03-20,418505,1700.0,2025-03-20,6246,2025-03-26,4,FA,3799,6002,NN,Semillas,Garbanzo,Garbanzo,50400.0,2025
2025-03-20,418506,1700.0,2025-03-20,6245,2025-03-26,4,FA,3799,6002,NN,Semillas,Garbanzo,Garbanzo,50400.0,2025
2025-03-10,418507,1681.0,2025-03-11,6202,2025-03-13,4,FA,3776,981,NN,Semillas,Fuerza Total,Trigo,57100.0,2025
2025-03-10,418508,1681.0,2025-03-11,6201,2025-03-13,4,FA,3776,981,NN,Semillas,Fuerza Total,Trigo,57100.0,2025
2025-03-10,418509,1683.0,2025-03-11,6208,2025-03-13,4,FA,3770,1328,NN,Semillas,Gatton Panic,Gatton Panic,51000.0,2025
2025-03-10,418510,1683.0,2025-03-11,6207,2025-03-13,4,FA,3770,1328,NN,Semillas,Gatton Panic,Gatton Panic,51000.0,2025
2025-03-10,418511,1683.0,2025-03-11,6206,2025-03-13,4,FA,3770,1328,NN,Semillas,Gatton Panic,Gatton Panic,51000.0,2025
2025-03-10,418512,1683.0,2025-03-11,6205,2025-03-13,4,FA,3770,1328,NN,Semillas,Gatton Panic,Gatton Panic,51000.0,2025
2025-03-10,418513,1683.0,2025-03-11,6204,2025-03-13,4,FA,3770,1328,NN,Semillas,Gatton Panic,Gatton Panic,51000.0,2025
2025-03-10,418514,1683.0,2025-03-11,6203,2025-03-13,4,FA,3770,1328,NN,Semillas,Gatton Panic,Gatton Panic,51000.0,2025
2025-03-10,418517,1687.0,2025-03-12,6229,2025-03-13,4,FA,3772,4557,NN,Semillas,Trigo,Trigo,47900.0,2025
2025-03-10,418518,1687.0,2025-03-12,6228,2025-03-13,4,FA,3772,4557,NN,Semillas,Trigo,Trigo,47900.0,2025
2025-03-10,418760,1682.0,2025-03-13,6232,2025-03-26,4,FA,3805,3243,NN,Semillas,Calidad Trigo/Soja,Trigo,75000.0,2025
2025-03-10,418761,1682.0,2025-03-18,6237,2025-03-26,4,FA,3805,3243,NN,Semillas,Calidad Trigo/Soja,Trigo,75000.0,2025
2025-03-13,418795,1692.0,2025-03-13,6231,2025-03-13,4,FA,3770,1328,NN,Semillas,Urocloa,Urocloa,51000.0,2025
2025-03-13,418796,1692.0,2025-03-13,6230,2025-03-13,4,FA,3770,1328,NN,Semillas,Urocloa,Urocloa,51000.0,2025
2025-03-10,418800,1674.0,2025-03-18,6234,2025-03-26,4,FA,3798,2853,NN,Semillas,Fuerza Total,Garbanzo,57100.0,2025
2025-03-10,418801,1674.0,2025-03-18,6233,2025-03-26,4,FA,3798,2853,NN,Semillas,Fuerza Total,Garbanzo,57100.0,2025
2025-03-10,418802,1674.0,2025-03-18,6236,2025-03-26,4,FA,3798,2853,NN,Semillas,Garbanzo,Garbanzo,50400.0,2025
2025-03-10,418803,1674.0,2025-03-18,6235,2025-03-26,4,FA,3798,2853,NN,Semillas,Garbanzo,Garbanzo,50400.0,2025
2025-03-10,418804,1675.0,2025-03-20,6240,2025-03-26,4,FA,3801,772,NN,Semillas,Semilla Vital,Alfalfa,82000.0,2025
2025-03-12,418895,1690.0,2025-03-20,6244,2025-03-26,4,FA,3802,5167,NN,Semillas,Fuerza Total,Trigo,57100.0,2025
2025-03-12,418896,1690.0,2025-03-20,6242,2025-03-26,4,FA,3802,5167,NN,Semillas,Trigo,Trigo,37800.0,2025
2025-03-12,418897,1690.0,2025-03-20,6243,2025-03-26,4,FA,3802,5167,NN,Semillas,Fuerza Total,Trigo,57100.0,2025
2025-03-12,418898,1690.0,2025-03-20,6241,2025-03-26,4,FA,3802,5167,NN,Semillas,Trigo,Trigo,37800.0,2025
2025-03-11,418899,1688.0,2025-03-21,6258,2025-03-26,4,FA,3804,700,NN,Semillas,Trigo,Trigo,50400.0,2025
2025-03-11,418900,1688.0,2025-03-21,6257,2025-03-26,4,FA,3804,700,NN,Semillas,Trigo,Trigo,50400.0,2025
2025-03-11,418901,1688.0,2025-03-21,6256,2025-03-26,4,FA,3804,700,NN,Semillas,Trigo,Trigo,50400.0,2025
2025-03-11,418902,1688.0,2025-03-21,6255,2025-03-26,4,FA,3804,700,NN,Semillas,Trigo,Trigo,50400.0,2025
2025-03-11,418903,1688.0,2025-03-21,6254,2025-03-26,4,FA,3804,700,NN,Semillas,Trigo,Trigo,50400.0,2025
2025-03-11,418904,1688.0,2025-03-21,6253,2025-03-26,4,FA,3804,700,NN,Semillas,Trigo,Trigo,50400.0,2025
2025-03-11,418905,1688.0,2025-03-21,6252,2025-03-26,4,FA,3804,700,NN,Semillas,Trigo,Trigo,50400.0,2025
2025-03-11,418906,1688.0,2025-03-21,6251,2025-03-26,4,FA,3804,700,NN,Semillas,Trigo,Trigo,50400.0,2025
2025-03-11,418907,1688.0,2025-03-19,6239,2025-03-26,4,FA,3804,700,NN,Semillas,Garbanzo,Garbanzo,50400.0,2025
2025-03-11,418908,1688.0,2025-03-19,6238,2025-03-26,4,FA,3804,700,NN,Semillas,Garbanzo,Garbanzo,50400.0,2025
2025-03-12,418937,1689.0,2025-03-27,6275,2025-01-04,4,FA,3818,62,NN,Semillas,Semilla Vital,Avena Strigosa,82000.0,2025
2025-03-12,418938,1689.0,2025-03-27,6274,2025-01-04,4,FA,3818,62,NN,Semillas,Semilla Vital,Avena Strigosa,82000.0,2025
2025-03-13,418953,1691.0,2025-03-21,6260,2025-03-26,4,FA,3807,2211,NN,Semillas,Doble Poder,Trigo,50000.0,2025
2025-03-13,418954,1691.0,2025-03-21,6259,2025-03-26,4,FA,3807,2211,NN,Semillas,Doble Poder,Trigo,50000.0,2025
2025-03-14,419207,1693.0,2025-03-21,6266,2025-03-26,4,FA,3803,1286,NN,Semillas,Fuerza Total,Trigo,57100.0,2025
2025-03-14,419208,1693.0,2025-03-21,6265,2025-03-26,4,FA,3803,1286,NN,Semillas,Fuerza Total,Trigo,57100.0,2025
2025-03-14,419209,1693.0,2025-03-21,6264,2025-03-26,4,FA,3803,1286,NN,Semillas,Fuerza Total,Trigo,57100.0,2025
2025-03-14,419210,1693.0,2025-03-21,6263,2025-03-26,4,FA,3803,1286,NN,Semillas,Fuerza Total,Trigo,57100.0,2025
2025-03-14,419211,1693.0,2025-03-21,6262,2025-03-26,4,FA,3803,1286,NN,Semillas,Fuerza Total,Trigo,57100.0,2025
2025-03-14,419212,1693.0,2025-03-21,6261,2025-03-26,4,FA,3803,1286,NN,Semillas,Fuerza Total,Trigo,57100.0,2025
2025-03-14,419213,1694.0,2025-03-21,6268,2025-03-26,4,FA,3806,1171,NN,Semillas,Trigo,Trigo,47900.0,2025
2025-03-14,419214,1694.0,2025-03-21,6267,2025-03-26,4,FA,3806,1171,NN,Semillas,Trigo,Trigo,47900.0,2025
2025-03-14,419215,1694.0,2025-03-28,6276,2025-01-04,4,FA,3821,1171,NN,Semillas,Alfalfa,Alfalfa,50400.0,2025
2025-03-18,419269,1696.0,2025-03-28,6277,2025-01-04,4,FA,3820,4329,NN,Semillas,Cebada,Cebada,47900.0,2025
2025-03-18,419270,1696.0,2025-03-28,6278,2025-01-04,4,FA,3820,4329,NN,Semillas,Centeno,Centeno,47900.0,2025
2025-03-18,419271,1697.0,2025-03-31,6286,2025-01-04,4,FA,3818,62,NN,Semillas,Alfalfa,Alfalfa,83700.0,2025
2025-03-18,419272,1697.0,2025-03-31,6285,2025-01-04,4,FA,3818,62,NN,Semillas,Alfalfa,Alfalfa,83700.0,2025
2025-03-18,419273,1697.0,2025-03-31,6284,2025-01-04,4,FA,3818,62,NN,Semillas,Alfalfa,Alfalfa,83700.0,2025
2025-03-18,419274,1697.0,2025-03-31,6283,2025-01-04,4,FA,3818,62,NN,Semillas,Alfalfa,Alfalfa,47900.0,2025
2025-03-18,419275,1697.0,2025-03-31,6282,2025-01-04,4,FA,3818,62,NN,Semillas,Alfalfa,Alfalfa,83700.0,2025
2025-03-18,419276,1697.0,2025-04-01,6299,2025-04-04,4,FA,3830,62,NN,Semillas,Lotus Corniculatus,Lotus Corniculatus,47900.0,2025
2025-03-18,419277,1697.0,2025-04-11,6332,2025-04-14,4,FA,3848,62,NN,Semillas,Semilla Vital,Agropiro,82000.0,2025
2025-03-19,419526,1698.0,2025-03-27,6273,2025-01-04,4,FA,3819,1518,NN,Semillas,Garbanzo,Garbanzo,50400.0,2025
2025-03-19,419527,1698.0,2025-03-27,6272,2025-01-04,4,FA,3819,1518,NN,Semillas,Garbanzo,Garbanzo,50400.0,2025
2025-03-19,419528,1699.0,2025-03-31,6281,2025-01-04,4,FA,3818,62,NN,Semillas,Melilotus Albus,Melilotus Albus,117800.0,2025
2025-03-19,419529,1699.0,2025-03-31,6280,2025-01-04,4,FA,3818,62,NN,Semillas,Melilotus Albus,Melilotus Albus,117800.0,2025
2025-03-21,419605,1701.0,2025-04-01,6288,2025-04-04,4,FA,3835,4628,NN,Semillas,Poder + Peso,Trigo Candeal,58200.0,2025
2025-03-21,419606,1701.0,2025-04-01,6287,2025-04-04,4,FA,3835,4628,NN,Semillas,Poder + Peso,Trigo Candeal,58200.0,2025
2025-03-21,419607,1702.0,2025-04-04,6311,2025-04-04,4,FA,3830,62,NN,Semillas,Alfalfa,Alfalfa,47900.0,2025
2025-03-21,419608,1702.0,2025-04-04,6310,2025-04-04,4,FA,3830,62,NN,Semillas,Alfalfa,Alfalfa,47900.0,2025
2025-03-21,419620,1704.0,2025-03-31,6279,2025-01-04,4,FA,3822,981,NN,Semillas,Fuerza Total,Moha,57100.0,2025
2025-03-25,419737,1706.0,2025-04-01,6298,2025-04-04,4,FA,3831,392,NN,Semillas,Doble Poder,Trigo,50000.0,2025
2025-03-25,419738,1706.0,2025-04-01,6297,2025-04-04,4,FA,3831,392,NN,Semillas,Doble Poder,Trigo,50000.0,2025
2025-03-25,419739,1706.0,2025-04-01,6296,2025-04-04,4,FA,3831,392,NN,Semillas,Doble Poder,Trigo,50000.0,2025
2025-03-25,419740,1706.0,2025-04-01,6295,2025-04-04,4,FA,3831,392,NN,Semillas,Doble Poder,Trigo,50000.0,2025
2025-03-25,419741,1706.0,2025-04-01,6294,2025-04-04,4,FA,3831,392,NN,Semillas,Doble Poder,Trigo,50000.0,2025
2025-03-25,419742,1706.0,2025-04-01,6293,2025-04-04,4,FA,3831,392,NN,Semillas,Doble Poder,Trigo,50000.0,2025
2025-03-26,419847,1707.0,2025-04-10,6329,2025-04-14,4,FA,3848,62,NN,Semillas,Alfalfa,Alfalfa,83700.0,2025
2025-03-26,419848,1707.0,2025-04-10,6328,2025-04-14,4,FA,3848,62,NN,Semillas,Alfalfa,Alfalfa,83700.0,2025
2025-03-26,419849,1707.0,2025-04-10,6327,2025-04-14,4,FA,3848,62,NN,Semillas,Alfalfa,Alfalfa,83700.0,2025
2025-03-26,419850,1707.0,2025-04-10,6326,2025-04-14,4,FA,3848,62,NN,Semillas,Alfalfa,Alfalfa,83700.0,2025
2025-03-26,419851,1707.0,2025-04-07,6316,2025-04-14,4,FA,3848,62,NN,Semillas,Melilotus Albus,Melilotus Albus,47900.0,2025
2025-03-26,419852,1707.0,2025-04-10,6331,2025-04-14,4,FA,3848,62,NN,Semillas,Semilla Vital,Avena Blanca / Amarilla/ Byzantina,82000.0,2025
2025-03-26,419853,1707.0,2025-04-10,6330,2025-04-14,4,FA,3848,62,NN,Semillas,Semilla Vital,Avena Blanca / Amarilla/ Byzantina,82000.0,2025
2025-03-27,419889,1708.0,2025-04-04,6302,2025-04-04,4,FA,3829,25,NN,Semillas,Doble Poder,Trigo,50000.0,2025
2025-03-27,419894,1708.0,2025-04-04,6301,2025-04-04,4,FA,3829,25,NN,Semillas,Doble Poder,Trigo,50000.0,2025
2025-03-27,419914,1708.0,2025-04-04,6300,2025-04-04,4,FA,3829,25,NN,Semillas,Doble Poder,Trigo,50000.0,2025
2025-03-27,420313,1709.0,2025-04-04,6306,2025-04-04,4,FA,3833,1856,NN,Semillas,Calidad Trigo/Soja,Trigo,75000.0,2025
2025-03-27,420314,1709.0,2025-04-04,6305,2025-04-04,4,FA,3833,1856,NN,Semillas,Calidad Trigo/Soja,Trigo,75000.0,2025
2025-03-27,420315,1709.0,2025-04-04,6304,2025-04-04,4,FA,3833,1856,NN,Semillas,Calidad Trigo/Soja,Trigo,75000.0,2025
2025-03-27,420316,1709.0,2025-04-04,6303,2025-04-04,4,FA,3833,1856,NN,Semillas,Calidad Trigo/Soja,Trigo,75000.0,2025
2025-03-27,420317,1710.0,2025-04-04,6309,2025-04-04,4,FA,3836,5057,NN,Semillas,Doble Poder,Trigo,50000.0,2025
2025-03-27,420318,1710.0,2025-04-04,6308,2025-04-04,4,FA,3836,5057,NN,Semillas,Doble Poder,Trigo,50000.0,2025
2025-03-28,420346,1711.0,2025-04-04,6307,2025-04-04,4,FA,3837,5087,NN,Semillas,Doble Poder,Trigo,50000.0,2025
2025-03-28,420433,1712.0,2025-04-01,6289,2025-04-04,4,FA,3834,4281,NN,Semillas,Gatton Panic,Gatton Panic,51000.0,2025
2025-03-28,420434,1713.0,2025-04-01,6292,2025-04-04,4,FA,3832,1328,NN,Semillas,Gatton Panic,Gatton Panic,51000.0,2025
2025-03-28,420435,1713.0,2025-04-01,6291,2025-04-04,4,FA,3832,1328,NN,Semillas,Gatton Panic,Gatton Panic,51000.0,2025
2025-03-28,420436,1713.0,2025-04-01,6290,2025-04-04,4,FA,3832,1328,NN,Semillas,Gatton Panic,Gatton Panic,51000.0,2025
2025-03-28,420437,1713.0,2025-04-04,6315,2025-04-14,4,FA,3846,1328,NN,Semillas,Gatton Panic,Gatton Panic,51000.0,2025
2025-03-28,420438,1713.0,2025-04-04,6314,2025-04-14,4,FA,3846,1328,NN,Semillas,Gatton Panic,Gatton Panic,51000.0,2025
2025-03-28,420439,1713.0,2025-04-04,6313,2025-04-14,4,FA,3846,1328,NN,Semillas,Gatton Panic,Gatton Panic,51000.0,2025
2025-03-28,420440,1713.0,2025-04-04,6312,2025-04-14,4,FA,3846,1328,NN,Semillas,Gatton Panic,Gatton Panic,51000.0,2025
2025-03-28,420441,1713.0,2025-04-09,6320,2025-04-14,4,FA,3846,1328,NN,Semillas,Gatton Panic,Gatton Panic,51000.0,2025
2025-03-28,420442,1713.0,2025-04-09,6319,2025-04-14,4,FA,3846,1328,NN,Semillas,Gatton Panic,Gatton Panic,50999.999,2025
2025-03-28,420443,1713.0,2025-04-09,6318,2025-04-14,4,FA,3846,1328,NN,Semillas,Gatton Panic,Gatton Panic,51000.0,2025
2025-03-28,420444,1713.0,2025-04-09,6317,2025-04-14,4,FA,3846,1328,NN,Semillas,Gatton Panic,Gatton Panic,51000.0,2025
2025-03-28,420445,1713.0,2025-04-10,6325,2025-04-14,4,FA,3846,1328,NN,Semillas,Gatton Panic,Gatton Panic,51000.0,2025
2025-03-28,420446,1713.0,2025-04-10,6324,2025-04-14,4,FA,3846,1328,NN,Semillas,Gatton Panic,Gatton Panic,51000.0,2025
2025-03-28,420447,1713.0,2025-04-10,6323,2025-04-14,4,FA,3846,1328,NN,Semillas,Gatton Panic,Gatton Panic,51000.0,2025
2025-03-28,420448,1713.0,2025-04-10,6322,2025-04-14,4,FA,3846,1328,NN,Semillas,Gatton Panic,Gatton Panic,51000.0,2025
2025-03-28,420449,1713.0,2025-04-10,6321,2025-04-14,4,FA,3846,1328,NN,Semillas,Gatton Panic,Gatton Panic,51000.0,2025
2025-04-04,420489,1716.0,2025-04-11,6334,2025-04-14,4,FA,3847,985,NN,Semillas,Fuerza Total Curado,Trigo,66100.0,2025
2025-04-04,420490,1716.0,2025-04-11,6333,2025-04-14,4,FA,3847,985,NN,Semillas,Fuerza Total Curado,Trigo,66100.0,2025
2025-04-22,421636,1723.0,2025-05-09,6394,2025-05-09,4,FA,3902,62,NN,Semillas,Vicia,Vicia,47900.0,2025
2025-04-22,421637,1724.0,2025-05-05,6372,2025-05-09,4,FA,3903,2801,NN,Semillas,Fuerza Total,Centeno,57100.0,2025
2025-04-24,421687,1725.0,2025-05-26,6472,2025-05-30,4,FA,3951,2892,NN,Semillas,Gatton Panic,Gatton Panic,82000.0,2025
2025-04-24,421688,1725.0,2025-05-26,6471,2025-05-30,4,FA,3951,2892,NN,Semillas,Gatton Panic,Gatton Panic,82000.0,2025
2025-04-24,421689,1725.0,2025-05-26,6470,2025-05-30,4,FA,3951,2892,NN,Semillas,Gatton Panic,Gatton Panic,82000.0,2025
2025-04-24,421690,1725.0,2025-05-26,6469,2025-05-30,4,FA,3951,2892,NN,Semillas,Gatton Panic,Gatton Panic,82000.0,2025
2025-04-24,421786,1726.0,2025-05-05,6374,2025-05-09,4,FA,3904,392,NN,Semillas,Soja,Soja,75000.0,2025
2025-04-24,421787,1726.0,2025-05-05,6373,2025-05-09,4,FA,3904,392,NN,Semillas,Soja,Soja,75000.0,2025
2025-04-29,421811,1728.0,2025-05-07,6377,2025-05-09,4,FA,3906,981,NN,Semillas,Fuerza Total,Soja,57100.0,2025
2025-04-29,421812,1728.0,2025-05-07,6376,2025-05-09,4,FA,3906,981,NN,Semillas,Fuerza Total,Soja,57100.0,2025
2025-04-30,421846,1729.0,2025-05-08,6385,2025-05-09,4,FA,3901,714,NN,Semillas,Semilla Vital Para Soja,Soja,82000.0,2025
2025-04-30,421847,1729.0,2025-05-08,6384,2025-05-09,4,FA,3901,714,NN,Semillas,Semilla Vital Para Soja,Soja,82000.0,2025
2025-04-30,421848,1729.0,2025-05-08,6383,2025-05-09,4,FA,3901,714,NN,Semillas,Semilla Vital Para Soja,Soja,82000.0,2025
2025-04-30,421849,1729.0,2025-05-08,6382,2025-05-09,4,FA,3901,714,NN,Semillas,Semilla Vital Para Soja,Soja,82000.0,2025
2025-04-30,421850,1729.0,2025-05-08,6381,2025-05-09,4,FA,3901,714,NN,Semillas,Semilla Vital Para Soja,Soja,82000.0,2025
2025-04-30,421880,1730.0,2025-05-08,6393,2025-05-09,4,FA,3904,392,NN,Semillas,Soja,Soja,75000.0,2025
2025-04-30,421881,1730.0,2025-05-08,6392,2025-05-09,4,FA,3904,392,NN,Semillas,Soja,Soja,75000.0,2025
2025-04-30,421882,1730.0,2025-05-08,6391,2025-05-09,4,FA,3904,392,NN,Semillas,Soja,Soja,75000.0,2025
2025-04-30,421883,1730.0,2025-05-08,6390,2025-05-09,4,FA,3904,392,NN,Semillas,Soja,Soja,75000.0,2025
2025-04-30,421884,1730.0,2025-05-08,6389,2025-05-09,4,FA,3904,392,NN,Semillas,Soja,Soja,75000.0,2025
2025-04-30,421885,1730.0,2025-05-08,6388,2025-05-09,4,FA,3904,392,NN,Semillas,Soja,Soja,75000.0,2025
2025-04-30,421886,1730.0,2025-05-08,6387,2025-05-09,4,FA,3904,392,NN,Semillas,Soja,Soja,75000.0,2025
2025-04-30,421887,1730.0,2025-05-08,6386,2025-05-09,4,FA,3904,392,NN,Semillas,Soja,Soja,75000.0,2025
2025-04-30,421888,1731.0,2025-05-12,6419,2025-05-16,4,FA,3916,522,NN,Semillas,Trigo,Trigo,92700.0,2025
2025-04-30,421889,1731.0,2025-05-12,6418,2025-05-16,4,FA,3916,522,NN,Semillas,Trigo,Trigo,92700.0,2025
2025-04-30,421890,1731.0,2025-05-12,6417,2025-05-16,4,FA,3916,522,NN,Semillas,Trigo,Trigo,92700.0,2025
2025-04-30,421891,1731.0,2025-05-12,6416,2025-05-16,4,FA,3916,522,NN,Semillas,Trigo,Trigo,92700.0,2025
2025-04-30,421892,1731.0,2025-05-12,6415,2025-05-16,4,FA,3916,522,NN,Semillas,Trigo,Trigo,92700.0,2025
2025-04-30,421893,1731.0,2025-05-12,6414,2025-05-16,4,FA,3916,522,NN,Semillas,Trigo,Trigo,92700.0,2025
2025-04-30,421894,1731.0,2025-05-12,6413,2025-05-16,4,FA,3916,522,NN,Semillas,Trigo,Trigo,92700.0,2025
2025-04-30,421895,1731.0,2025-05-12,6412,2025-05-16,4,FA,3916,522,NN,Semillas,Trigo,Trigo,92700.0,2025
2025-04-30,421896,1731.0,2025-05-12,6411,2025-05-16,4,FA,3916,522,NN,Semillas,Trigo,Trigo,92700.0,2025
2025-04-30,421897,1731.0,2025-05-12,6410,2025-05-16,4,FA,3916,522,NN,Semillas,Trigo,Trigo,92700.0,2025
2025-05-02,421902,1732.0,2025-05-09,6408,2025-05-16,4,FA,3916,522,NN,Semillas,Trigo,Trigo,119400.0,2025
2025-05-02,421903,1732.0,2025-05-09,6407,2025-05-16,4,FA,3916,522,NN,Semillas,Trigo,Trigo,119400.0,2025
2025-05-02,421904,1732.0,2025-05-09,6406,2025-05-16,4,FA,3916,522,NN,Semillas,Trigo,Trigo,119400.0,2025
2025-05-02,421905,1732.0,2025-05-09,6405,2025-05-16,4,FA,3916,522,NN,Semillas,Trigo,Trigo,119400.0,2025
2025-05-02,421906,1732.0,2025-05-09,6404,2025-05-16,4,FA,3916,522,NN,Semillas,Trigo,Trigo,119400.0,2025
2025-05-02,421907,1732.0,2025-05-09,6403,2025-05-16,4,FA,3916,522,NN,Semillas,Trigo,Trigo,119400.0,2025
2025-05-02,421908,1732.0,2025-05-09,6402,2025-05-16,4,FA,3916,522,NN,Semillas,Trigo,Trigo,119400.0,2025
2025-05-02,421909,1732.0,2025-05-09,6401,2025-05-16,4,FA,3916,522,NN,Semillas,Trigo,Trigo,119399.999,2025
2025-05-02,421910,1732.0,2025-05-09,6400,2025-05-16,4,FA,3916,522,NN,Semillas,Trigo,Trigo,119400.0,2025
2025-05-02,421911,1732.0,2025-05-09,6399,2025-05-16,4,FA,3916,522,NN,Semillas,Trigo,Trigo,119400.0,2025
2025-05-02,421912,1732.0,2025-05-09,6398,2025-05-16,4,FA,3916,522,NN,Semillas,Trigo,Trigo,119400.0,2025
2025-05-02,421913,1732.0,2025-05-09,6397,2025-05-16,4,FA,3916,522,NN,Semillas,Trigo,Trigo,119400.0,2025
2025-05-02,421914,1732.0,2025-05-09,6396,2025-05-16,4,FA,3916,522,NN,Semillas,Trigo,Trigo,119400.0,2025
2025-05-02,421915,1732.0,2025-05-13,6420,2025-05-16,4,FA,3916,522,NN,Semillas,Trigo,Trigo,119400.0,2025
2025-05-02,421916,1733.0,2025-05-16,6431,2025-05-16,4,FA,3913,62,NN,Semillas,Alfalfa,Alfalfa,83700.0,2025
2025-05-02,421917,1733.0,2025-06-02,6476,2025-06-02,4,FA,3957,62,NN,Semillas,Cebadilla Criolla,Cebadilla Criolla,47900.0,2025
2025-05-02,421918,1733.0,2025-05-15,6425,2025-05-16,4,FA,3913,62,NN,Semillas,Avena Blanca / Amarilla/ Byzantina,Avena Blanca / Amarilla/ Byzantina,47900.0,2025
2025-05-02,421919,1733.0,2025-05-12,6409,2025-05-16,4,FA,3913,62,NN,Semillas,Centeno,Centeno,47900.0,2025
2025-05-02,421920,1732.0,2025-05-09,6395,2025-05-16,4,FA,3916,522,NN,Semillas,Trigo,Trigo,119400.0,2025
2025-05-05,421963,1734.0,2025-05-07,6375,2025-05-09,4,FA,3905,4281,NN,Semillas,Gatton Panic,Gatton Panic,51000.0,2025
2025-05-05,421964,1735.0,2025-05-13,6421,2025-05-16,4,FA,3911,4339,NN,Semillas,Soja,Soja,37800.0,2025
2025-05-06,422064,1736.0,2025-05-08,6380,2025-05-09,4,FA,3900,1328,NN,Semillas,Gatton Panic,Gatton Panic,51000.0,2025
2025-05-06,422065,1736.0,2025-05-08,6379,2025-05-09,4,FA,3900,1328,NN,Semillas,Gatton Panic,Gatton Panic,51000.0,2025
2025-05-06,422066,1736.0,2025-05-08,6378,2025-05-09,4,FA,3900,1328,NN,Semillas,Gatton Panic,Gatton Panic,51000.0,2025
2025-05-07,422069,1737.0,2025-05-15,6430,2025-05-16,4,FA,3914,4738,NN,Semillas,Trigo,Trigo,50000.0,2025
2025-05-07,422070,1738.0,2025-05-15,6426,2025-05-16,4,FA,3915,4664,NN,Semillas,Soja,Soja,75000.0,2025
2025-05-08,422074,1739.0,2025-05-16,6437,2025-05-20,4,FA,3933,392,NN,Semillas,Soja,Soja,75000.0,2025
2025-05-08,422075,1739.0,2025-05-16,6436,2025-05-20,4,FA,3933,392,NN,Semillas,Soja,Soja,75000.0,2025
2025-05-08,422076,1739.0,2025-05-16,6435,2025-05-20,4,FA,3933,392,NN,Semillas,Soja,Soja,75000.0,2025
2025-05-08,422077,1739.0,2025-05-20,6440,2025-05-20,4,FA,3934,392,NN,Semillas,Trigo,Trigo,50000.0,2025
2025-05-08,422100,1740.0,2025-05-16,6434,2025-05-20,4,FA,3936,981,NN,Semillas,Fuerza Total,Soja,57100.0,2025
2025-05-08,422101,1740.0,2025-05-16,6433,2025-05-20,4,FA,3936,981,NN,Semillas,Fuerza Total,Soja,57100.0,2025
2025-05-08,422211,1741.0,2025-05-16,6432,2025-05-20,4,FA,3935,4943,NN,Semillas,Soja,Soja,37800.0,2025
2025-05-12,422227,1742.0,2025-05-20,6439,2025-05-20,4,FA,3932,1161,NN,Semillas,Trigo,Trigo,75000.0,2025
2025-05-12,422228,1742.0,2025-05-20,6438,2025-05-20,4,FA,3932,1161,NN,Semillas,Trigo,Trigo,75000.0,2025
2025-05-12,422229,1743.0,2025-05-14,6424,2025-05-16,4,FA,3912,1328,NN,Semillas,Gatton Panic,Gatton Panic,51000.0,2025
2025-05-12,422230,1743.0,2025-05-14,6423,2025-05-16,4,FA,3912,1328,NN,Semillas,Gatton Panic,Gatton Panic,51000.0,2025
2025-05-12,422231,1743.0,2025-05-14,6422,2025-05-16,4,FA,3912,1328,NN,Semillas,Gatton Panic,Gatton Panic,51000.0,2025
2025-05-13,422294,1744.0,2025-05-15,6429,2025-05-16,4,FA,3912,1328,NN,Semillas,Gatton Panic,Gatton Panic,51000.0,2025
2025-05-13,422295,1744.0,2025-05-15,6428,2025-05-16,4,FA,3912,1328,NN,Semillas,Gatton Panic,Gatton Panic,51000.0,2025
2025-05-13,422296,1744.0,2025-05-15,6427,2025-05-16,4,FA,3912,1328,NN,Semillas,Gatton Panic,Gatton Panic,51000.0,2025
2025-05-14,422343,1745.0,2025-05-22,6458,2025-05-30,4,FA,3950,392,NN,Semillas,Doble Poder,Soja,50000.0,2025
2025-05-14,422344,1745.0,2025-05-22,6457,2025-05-30,4,FA,3950,392,NN,Semillas,Doble Poder,Soja,50000.0,2025
2025-05-14,422345,1745.0,2025-05-22,6456,2025-05-30,4,FA,3950,392,NN,Semillas,Doble Poder,Soja,50000.0,2025
2025-05-14,422346,1745.0,2025-05-22,6455,2025-05-30,4,FA,3950,392,NN,Semillas,Doble Poder,Soja,50000.0,2025
2025-05-14,422347,1745.0,2025-05-22,6454,2025-05-30,4,FA,3950,392,NN,Semillas,Doble Poder,Soja,50000.0,2025
2025-05-14,422348,1745.0,2025-05-22,6453,2025-05-30,4,FA,3950,392,NN,Semillas,Doble Poder,Soja,50000.0,2025
2025-05-14,422349,1745.0,2025-05-22,6452,2025-05-30,4,FA,3950,392,NN,Semillas,Doble Poder,Soja,50000.0,2025
2025-05-14,422350,1745.0,2025-05-22,6451,2025-05-30,4,FA,3950,392,NN,Semillas,Doble Poder,Soja,50000.0,2025
2025-05-14,422351,1745.0,2025-05-22,6450,2025-05-30,4,FA,3950,392,NN,Semillas,Doble Poder,Soja,50000.0,2025
2025-05-14,422352,1745.0,2025-05-22,6449,2025-05-30,4,FA,3950,392,NN,Semillas,Doble Poder,Soja,50000.0,2025
2025-05-14,422353,1745.0,2025-05-22,6448,2025-05-30,4,FA,3950,392,NN,Semillas,Doble Poder,Soja,50000.0,2025
2025-05-14,422354,1745.0,2025-05-22,6447,2025-05-30,4,FA,3950,392,NN,Semillas,Doble Poder,Soja,50000.0,2025
2025-05-14,422355,1745.0,2025-05-22,6446,2025-05-30,4,FA,3950,392,NN,Semillas,Doble Poder,Soja,50000.0,2025
2025-05-15,422396,1746.0,2025-05-23,6466,2025-05-30,4,FA,3949,967,NN,Semillas,Soja,Soja,47900.0,2025
2025-05-15,422397,1746.0,2025-05-23,6465,2025-05-30,4,FA,3949,967,NN,Semillas,Soja,Soja,47900.0,2025
2025-05-15,422398,1746.0,2025-05-23,6464,2025-05-30,4,FA,3949,967,NN,Semillas,Soja,Soja,47900.0,2025
2025-05-15,422399,1746.0,2025-05-23,6463,2025-05-30,4,FA,3949,967,NN,Semillas,Soja,Soja,47900.0,2025
2025-05-15,422400,1746.0,2025-05-23,6462,2025-05-30,4,FA,3949,967,NN,Semillas,Soja,Soja,47900.0,2025
2025-05-15,422401,1746.0,2025-05-23,6461,2025-05-30,4,FA,3949,967,NN,Semillas,Soja,Soja,47900.0,2025
2025-05-15,422404,1747.0,2025-05-23,6460,2025-05-30,4,FA,3952,9261,NN,Semillas,Trigo,Trigo,91000.0,2025
2025-05-15,422405,1747.0,2025-05-23,6459,2025-05-30,4,FA,3952,9261,NN,Semillas,Trigo,Trigo,91000.0,2025
2025-05-15,422406,1748.0,2025-05-23,6468,2025-05-30,4,FA,3952,9261,NN,Semillas,Trigo,Trigo,92700.0,2025
2025-05-15,422407,1748.0,2025-05-23,6467,2025-05-30,4,FA,3952,9261,NN,Semillas,Trigo,Trigo,92700.0,2025
2025-05-19,422410,1749.0,2025-05-21,6442,2025-05-30,4,FA,3948,1328,NN,Semillas,Gatton Panic,Gatton Panic,51000.0,2025
2025-05-19,422411,1749.0,2025-05-21,6441,2025-05-30,4,FA,3948,1328,NN,Semillas,Gatton Panic,Gatton Panic,51000.0,2025
2025-05-19,422412,1749.0,2025-05-21,6443,2025-05-30,4,FA,3948,1328,NN,Semillas,Urocloa,Urocloa,51000.0,2025
2025-05-20,422444,1750.0,2025-06-02,6481,2025-06-02,4,FA,3958,392,NN,Semillas,Doble Poder,Trigo,50000.0,2025
2025-05-20,422445,1750.0,2025-06-02,6480,2025-06-02,4,FA,3958,392,NN,Semillas,Doble Poder,Trigo,50000.0,2025
2025-05-20,422446,1750.0,2025-06-02,6479,2025-06-02,4,FA,3958,392,NN,Semillas,Doble Poder,Trigo,50000.0,2025
2025-05-20,422447,1750.0,2025-06-02,6478,2025-06-02,4,FA,3958,392,NN,Semillas,Doble Poder,Trigo,50000.0,2025
2025-05-20,422448,1750.0,2025-06-02,6477,2025-06-02,4,FA,3958,392,NN,Semillas,Doble Poder,Trigo,50000.0,2025
2025-05-20,422454,1751.0,2025-05-22,6445,2025-05-30,4,FA,3948,1328,NN,Semillas,Gatton Panic,Gatton Panic,51000.0,2025
2025-05-20,422455,1751.0,2025-05-22,6444,2025-05-30,4,FA,3948,1328,NN,Semillas,Gatton Panic,Gatton Panic,51000.0,2025
2025-05-26,422488,1752.0,2025-05-28,6475,2025-05-30,4,FA,3948,1328,NN,Semillas,Gatton Panic,Gatton Panic,51000.0,2025
2025-05-26,422489,1752.0,2025-05-28,6474,2025-05-30,4,FA,3948,1328,NN,Semillas,Gatton Panic,Gatton Panic,51000.0,2025
2025-05-26,422490,1753.0,2025-06-03,6487,2025-06-05,4,FA,3968,4557,NN,Semillas,Fuerza Total,Trigo,57100.0,2025
2025-05-26,422491,1753.0,2025-06-03,6486,2025-06-05,4,FA,3968,4557,NN,Semillas,Trigo,Trigo,37900.0,2025
2025-05-26,422492,1782.0,2025-07-03,6560,2025-07-16,4,FA,4022,1328,NN,Semillas,Gatton Panic,Gatton Panic,56100.0,2025
2025-05-26,422493,1782.0,2025-07-03,6559,2025-07-16,4,FA,4022,1328,NN,Semillas,Gatton Panic,Gatton Panic,56100.0,2025
2025-05-26,422494,1753.0,2025-06-03,6485,2025-06-05,4,FA,3968,4557,NN,Semillas,Fuerza Total,Trigo,57100.0,2025
2025-05-26,422495,1753.0,2025-06-03,6484,2025-06-05,4,FA,3968,4557,NN,Semillas,Trigo,Trigo,37800.0,2025
2025-05-26,422496,1754.0,2025-05-27,6473,2025-05-30,4,FA,3950,392,NN,Semillas,Soja,Soja,51000.0,2025
2025-05-26,422497,1753.0,2025-06-03,6483,2025-06-05,4,FA,3968,4557,NN,Semillas,Trigo,Trigo,37800.0,2025
2025-05-26,422498,1753.0,2025-06-03,6482,2025-06-05,4,FA,3968,4557,NN,Semillas,Trigo,Trigo,37800.0,2025
2025-05-26,422499,1755.0,2025-06-26,6535,2025-06-29,4,FA,3990,1856,NN,Semillas,Buffel Grass,Buffel Grass,117800.0,2025
2025-05-26,422500,1755.0,2025-06-26,6534,2025-06-29,4,FA,3990,1856,NN,Semillas,Buffel Grass,Buffel Grass,117800.0,2025
2025-05-26,422501,1755.0,2025-06-26,6533,2025-06-29,4,FA,3990,1856,NN,Semillas,Buffel Grass,Buffel Grass,117800.0,2025
2025-05-26,422502,1755.0,2025-06-26,6532,2025-06-29,4,FA,3990,1856,NN,Semillas,Buffel Grass,Buffel Grass,117800.0,2025
2025-05-26,422564,1756.0,2025-06-04,6496,2025-06-05,4,FA,3969,522,NN,Semillas,Trigo,Trigo,119400.0,2025
2025-05-26,422565,1756.0,2025-06-04,6495,2025-06-05,4,FA,3969,522,NN,Semillas,Trigo,Trigo,119400.0,2025
2025-05-26,422566,1756.0,2025-06-04,6494,2025-06-05,4,FA,3969,522,NN,Semillas,Trigo,Trigo,119400.0,2025
2025-05-26,422567,1756.0,2025-06-04,6493,2025-06-05,4,FA,3969,522,NN,Semillas,Trigo,Trigo,119400.0,2025
2025-05-26,422568,1756.0,2025-06-04,6492,2025-06-05,4,FA,3969,522,NN,Semillas,Trigo,Trigo,119400.0,2025
2025-05-26,422569,1756.0,2025-06-04,6491,2025-06-05,4,FA,3969,522,NN,Semillas,Trigo,Trigo,119400.0,2025
2025-05-26,422570,1756.0,2025-06-04,6490,2025-06-05,4,FA,3969,522,NN,Semillas,Trigo,Trigo,119400.0,2025
2025-05-26,422571,1756.0,2025-06-04,6489,2025-06-05,4,FA,3969,522,NN,Semillas,Trigo,Trigo,119400.0,2025
2025-05-30,422692,1758.0,2025-06-09,6501,2025-06-18,4,FA,3984,9261,NN,Semillas,Convenio Syngenta Trigo,Trigo,68000.0,2025
2025-06-02,422695,1759.0,2025-06-05,6500,2025-06-05,4,FA,3967,1328,NN,Semillas,Digitaria,Digitaria,51000.0,2025
2025-06-02,422696,1759.0,2025-06-05,6499,2025-06-05,4,FA,3967,1328,NN,Semillas,Digitaria,Digitaria,51000.0,2025
2025-06-02,422697,1759.0,2025-06-05,6498,2025-06-05,4,FA,3967,1328,NN,Semillas,Digitaria,Digitaria,51000.0,2025
2025-06-02,422698,1759.0,2025-06-05,6497,2025-06-05,4,FA,3967,1328,NN,Semillas,Digitaria,Digitaria,51000.0,2025
2025-06-05,422707,1760.0,2025-06-13,6503,2025-06-18,4,FA,3985,4557,NN,Semillas,Trigo,Trigo,55000.0,2025
2025-06-05,422708,1760.0,2025-06-13,6502,2025-06-18,4,FA,3985,4557,NN,Semillas,Trigo,Trigo,55000.0,2025
2025-06-05,422714,1762.0,2025-06-13,6514,2025-06-18,4,FA,3986,4329,NN,Semillas,Soja,Soja,55000.0,2025
2025-06-05,422719,1761.0,2025-06-13,6513,2025-06-18,4,FA,3987,392,NN,Semillas,Soja,Soja,55000.0,2025
2025-06-05,422720,1761.0,2025-06-13,6512,2025-06-18,4,FA,3987,392,NN,Semillas,Soja,Soja,55000.0,2025
2025-06-06,422726,1763.0,2025-06-13,6511,2025-06-18,4,FA,3987,392,NN,Semillas,Soja,Soja,55000.0,2025
2025-06-06,422727,1763.0,2025-06-13,6510,2025-06-18,4,FA,3987,392,NN,Semillas,Soja,Soja,55000.0,2025
2025-06-06,422728,1763.0,2025-06-13,6509,2025-06-18,4,FA,3987,392,NN,Semillas,Soja,Soja,55000.0,2025
2025-06-06,422729,1763.0,2025-06-13,6508,2025-06-18,4,FA,3987,392,NN,Semillas,Soja,Soja,55000.0,2025
2025-06-06,422730,1763.0,2025-06-13,6507,2025-06-18,4,FA,3987,392,NN,Semillas,Soja,Soja,55000.0,2025
2025-06-06,422731,1763.0,2025-06-13,6506,2025-06-18,4,FA,3987,392,NN,Semillas,Soja,Soja,55000.0,2025
2025-06-06,422732,1763.0,2025-06-13,6505,2025-06-18,4,FA,3987,392,NN,Semillas,Soja,Soja,55000.0,2025
2025-06-06,422733,1763.0,2025-06-13,6504,2025-06-18,4,FA,3987,392,NN,Semillas,Soja,Soja,55000.0,2025
2025-06-09,422791,1764.0,2025-06-18,6525,2025-06-29,4,FA,3988,1328,NN,Semillas,Digitaria,Digitaria,56100.0,2025
2025-06-09,422792,1764.0,2025-06-18,6524,2025-06-29,4,FA,3988,1328,NN,Semillas,Digitaria,Digitaria,56100.0,2025
2025-06-09,422793,1764.0,2025-06-18,6523,2025-06-29,4,FA,3988,1328,NN,Semillas,Digitaria,Digitaria,56100.0,2025
2025-06-10,422794,1765.0,2025-06-18,6522,2025-06-29,4,FA,3988,1328,NN,Semillas,Digitaria,Digitaria,56100.0,2025
2025-06-10,422795,1765.0,2025-06-18,6521,2025-06-29,4,FA,3988,1328,NN,Semillas,Digitaria,Digitaria,56100.0,2025
2025-06-10,422796,1765.0,2025-06-18,6520,2025-06-29,4,FA,3988,1328,NN,Semillas,Digitaria,Digitaria,56100.0,2025
2025-06-11,422825,1766.0,2025-06-18,6519,2025-06-29,4,FA,3988,1328,NN,Semillas,Digitaria,Digitaria,56100.0,2025
2025-06-11,422826,1766.0,2025-06-18,6518,2025-06-29,4,FA,3988,1328,NN,Semillas,Digitaria,Digitaria,56100.0,2025
2025-06-11,422827,1766.0,2025-06-18,6517,2025-06-29,4,FA,3988,1328,NN,Semillas,Digitaria,Digitaria,56100.0,2025
2025-06-11,422828,1767.0,2025-07-15,6628,2025-07-16,4,FA,4026,1856,NN,Semillas,Semilla Vital Megatérmicas,Buffel Grass,90200.0,2025
2025-06-11,422829,1767.0,2025-07-15,6627,2025-07-16,4,FA,4026,1856,NN,Semillas,Semilla Vital Megatérmicas,Buffel Grass,90200.0,2025
2025-06-11,422830,1767.0,2025-07-15,6626,2025-07-16,4,FA,4026,1856,NN,Semillas,Buffel Grass,Buffel Grass,39300.0,2025
2025-06-11,422831,1767.0,2025-07-15,6625,2025-07-16,4,FA,4026,1856,NN,Semillas,Buffel Grass,Buffel Grass,39300.0,2025
2025-06-11,422832,1768.0,2025-06-23,6530,2025-06-29,4,FA,3991,104,NN,Semillas,Fuerza Total,Alfalfa,62800.0,2025
2025-06-11,422833,1768.0,2025-06-23,6529,2025-06-29,4,FA,3991,104,NN,Semillas,Fuerza Total Curado,Sorgo,72700.0,2025
2025-06-12,422868,1769.0,2025-06-18,6516,2025-06-29,4,FA,3988,1328,NN,Semillas,Digitaria,Digitaria,56100.0,2025
2025-06-12,422869,1769.0,2025-06-18,6515,2025-06-29,4,FA,3988,1328,NN,Semillas,Digitaria,Digitaria,56100.0,2025
2025-06-12,422870,1770.0,2025-06-27,6545,2025-06-29,4,FA,3991,104,NN,Semillas,Fuerza Total Curado,Sorgo,72700.0,2025
2025-06-12,422871,1770.0,2025-06-27,6544,2025-06-29,4,FA,3991,104,NN,Semillas,Fuerza Total Curado,Sorgo,72700.0,2025
2025-06-12,422872,1770.0,2025-06-27,6543,2025-06-29,4,FA,3991,104,NN,Semillas,Fuerza Total Curado,Sorgo,72700.0,2025
2025-06-12,422873,1770.0,2025-06-23,6528,2025-06-29,4,FA,3991,104,NN,Semillas,Fuerza Total Curado,Sorgo,72700.0,2025
2025-06-12,422874,1770.0,2025-06-23,6527,2025-06-29,4,FA,3991,104,NN,Semillas,Fuerza Total Curado,Sorgo,72700.0,2025
2025-06-12,422875,1770.0,2025-06-23,6526,2025-06-29,4,FA,3991,104,NN,Semillas,Fuerza Total Curado,Sorgo,72700.0,2025
2025-06-13,422884,1771.0,2025-06-24,6531,2025-06-29,4,FA,3992,4943,NN,Semillas,Moha,Moha,158100.0,2025
2025-06-18,422896,1772.0,2025-07-03,6563,2025-07-16,4,FA,4028,104,NN,Semillas,Fuerza Total Curado,Sorgo,72700.0,2025
2025-06-18,422897,1772.0,2025-06-27,6542,2025-06-29,4,FA,3991,104,NN,Semillas,Fuerza Total Curado,Sorgo,72700.0,2025
2025-06-18,422898,1772.0,2025-07-03,6562,2025-07-16,4,FA,4028,104,NN,Semillas,Fuerza Total Curado,Sorgo,72700.0,2025
2025-06-18,422899,1772.0,2025-06-27,6541,2025-06-29,4,FA,3991,104,NN,Semillas,Fuerza Total Curado,Sorgo,72700.0,2025
2025-06-18,422900,1773.0,2025-06-26,6540,2025-06-29,4,FA,3989,4676,NN,Semillas,Fuerza Total,Soja,188400.0,2025
2025-06-18,422901,1773.0,2025-06-26,6539,2025-06-29,4,FA,3989,4676,NN,Semillas,Fuerza Total,Soja,188400.0,2025
2025-06-18,422902,1773.0,2025-06-26,6538,2025-06-29,4,FA,3989,4676,NN,Semillas,Fuerza Total,Soja,188400.0,2025
2025-06-18,422903,1773.0,2025-06-26,6537,2025-06-29,4,FA,3989,4676,NN,Semillas,Fuerza Total,Soja,188400.0,2025
2025-06-18,422904,1773.0,2025-06-26,6536,2025-06-29,4,FA,3989,4676,NN,Semillas,Fuerza Total,Soja,188400.0,2025
2025-06-19,422905,1774.0,2025-07-21,6707,2025-07-24,4,FA,4032,4281,NN,Semillas,Gatton Panic,Gatton Panic,90200.0,2025
2025-06-19,422906,1774.0,2025-07-21,6706,2025-07-24,4,FA,4032,4281,NN,Semillas,Gatton Panic,Gatton Panic,90200.0,2025
2025-06-19,422907,1774.0,2025-07-21,6705,2025-07-24,4,FA,4032,4281,NN,Semillas,Gatton Panic,Gatton Panic,90200.0,2025
2025-06-19,422917,1775.0,2025-07-03,6561,2025-07-16,4,FA,4028,104,NN,Semillas,Fuerza Total Curado,Sorgo,72700.0,2025
2025-06-19,422918,1782.0,2025-07-03,6558,2025-07-16,4,FA,4022,1328,NN,Semillas,Gatton Panic,Gatton Panic,56100.0,2025
2025-06-19,422919,1775.0,2025-06-30,6546,2025-07-16,4,FA,4028,104,NN,Semillas,Fuerza Total Curado,Sorgo,72700.0,2025
2025-06-24,422969,1776.0,2025-07-01,6557,2025-07-16,4,FA,4025,392,NN,Semillas,Convenio Syngenta Soja Completo,Soja,75000.0,2025
2025-06-24,422970,1776.0,2025-07-01,6556,2025-07-16,4,FA,4025,392,NN,Semillas,Convenio Syngenta Soja Completo,Soja,75000.0,2025
2025-06-24,422971,1776.0,2025-07-01,6555,2025-07-16,4,FA,4025,392,NN,Semillas,Convenio Syngenta Soja Completo,Soja,75000.0,2025
2025-06-24,422972,1776.0,2025-07-01,6554,2025-07-16,4,FA,4025,392,NN,Semillas,Convenio Syngenta Soja Completo,Soja,75000.0,2025
2025-06-24,422973,1776.0,2025-07-01,6553,2025-07-16,4,FA,4025,392,NN,Semillas,Convenio Syngenta Soja Completo,Soja,75000.0,2025
2025-06-24,422974,1776.0,2025-07-01,6552,2025-07-16,4,FA,4025,392,NN,Semillas,Convenio Syngenta Soja Completo,Soja,75000.0,2025
2025-06-24,422975,1776.0,2025-07-01,6551,2025-07-16,4,FA,4025,392,NN,Semillas,Convenio Syngenta Soja Completo,Soja,75000.0,2025
2025-06-24,422976,1776.0,2025-07-01,6550,2025-07-16,4,FA,4025,392,NN,Semillas,Convenio Syngenta Soja Completo,Soja,75000.0,2025
2025-06-24,422977,1776.0,2025-07-01,6549,2025-07-16,4,FA,4025,392,NN,Semillas,Convenio Syngenta Soja Completo,Soja,75000.0,2025
2025-06-24,422978,1776.0,2025-07-01,6548,2025-07-16,4,FA,4025,392,NN,Semillas,Convenio Syngenta Soja Completo,Soja,75000.0,2025
2025-06-24,422979,1776.0,2025-07-01,6547,2025-07-16,4,FA,4025,392,NN,Semillas,Convenio Syngenta Soja Completo,Soja,75000.0,2025
2025-06-26,423049,1778.0,2025-07-10,6607,2025-07-16,4,FA,4027,3611,NN,Semillas,Sorgo,Sorgo,55000.0,2025
2025-06-26,423050,1778.0,2025-07-10,6606,2025-07-16,4,FA,4027,3611,NN,Semillas,Sorgo,Sorgo,55000.0,2025
2025-06-26,423051,1778.0,2025-07-10,6605,2025-07-16,4,FA,4027,3611,NN,Semillas,Sorgo,Sorgo,55000.0,2025
2025-06-26,423052,1778.0,2025-07-10,6604,2025-07-16,4,FA,4027,3611,NN,Semillas,Sorgo,Sorgo,55000.0,2025
2025-06-26,423053,1778.0,2025-07-10,6603,2025-07-16,4,FA,4027,3611,NN,Semillas,Sorgo,Sorgo,55000.0,2025
2025-06-26,423054,1778.0,2025-07-10,6602,2025-07-16,4,FA,4027,3611,NN,Semillas,Sorgo,Sorgo,55000.0,2025
2025-06-26,423055,1777.0,2025-07-03,6575,2025-07-16,4,FA,4025,392,NN,Semillas,Convenio Syngenta Soja Completo,Soja,75000.0,2025
2025-06-26,423056,1777.0,2025-07-03,6574,2025-07-16,4,FA,4025,392,NN,Semillas,Convenio Syngenta Soja Completo,Soja,75000.0,2025
2025-06-26,423057,1777.0,2025-07-03,6573,2025-07-16,4,FA,4025,392,NN,Semillas,Convenio Syngenta Soja Completo,Soja,75000.0,2025
2025-06-26,423058,1777.0,2025-07-03,6572,2025-07-16,4,FA,4025,392,NN,Semillas,Convenio Syngenta Soja Completo,Soja,75000.0,2025
2025-06-26,423059,1777.0,2025-07-03,6571,2025-07-16,4,FA,4025,392,NN,Semillas,Convenio Syngenta Soja Completo,Soja,75000.0,2025
2025-06-26,423060,1777.0,2025-07-03,6570,2025-07-16,4,FA,4025,392,NN,Semillas,Convenio Syngenta Soja Completo,Soja,75000.0,2025
2025-06-26,423061,1777.0,2025-07-03,6569,2025-07-16,4,FA,4025,392,NN,Semillas,Convenio Syngenta Soja Completo,Soja,75000.0,2025
2025-06-26,423062,1777.0,2025-07-03,6568,2025-07-16,4,FA,4025,392,NN,Semillas,Convenio Syngenta Soja Completo,Soja,75000.0,2025
2025-06-26,423063,1777.0,2025-07-03,6567,2025-07-16,4,FA,4025,392,NN,Semillas,Convenio Syngenta Soja Completo,Soja,75000.0,2025
2025-06-26,423064,1777.0,2025-07-03,6566,2025-07-16,4,FA,4025,392,NN,Semillas,Convenio Syngenta Soja Completo,Soja,75000.0,2025
2025-06-26,423065,1777.0,2025-07-03,6565,2025-07-16,4,FA,4025,392,NN,Semillas,Convenio Syngenta Soja Completo,Soja,75000.0,2025
2025-06-26,423066,1777.0,2025-07-03,6564,2025-07-16,4,FA,4025,392,NN,Semillas,Convenio Syngenta Soja Completo,Soja,75000.0,2025
2025-06-26,423067,1779.0,2025-07-10,6601,2025-07-16,4,FA,4028,104,NN,Semillas,Fuerza Total Curado,Sorgo,72700.0,2025
2025-06-26,423068,1779.0,2025-07-07,6592,2025-07-16,4,FA,4028,104,NN,Semillas,Fuerza Total Curado,Sorgo,72700.0,2025
2025-06-27,423069,1780.0,2025-07-04,6591,2025-07-16,4,FA,4025,392,NN,Semillas,Soja,Soja,82500.0,2025
2025-06-27,423070,1780.0,2025-07-04,6590,2025-07-16,4,FA,4025,392,NN,Semillas,Soja,Soja,82500.0,2025
2025-06-27,423071,1780.0,2025-07-04,6589,2025-07-16,4,FA,4025,392,NN,Semillas,Soja,Soja,82500.0,2025
2025-06-27,423072,1780.0,2025-07-04,6588,2025-07-16,4,FA,4025,392,NN,Semillas,Soja,Soja,82500.0,2025
2025-06-27,423073,1780.0,2025-07-04,6587,2025-07-16,4,FA,4025,392,NN,Semillas,Soja,Soja,82500.0,2025
2025-06-27,423074,1780.0,2025-07-04,6586,2025-07-16,4,FA,4025,392,NN,Semillas,Soja,Soja,82500.0,2025
2025-06-27,423075,1780.0,2025-07-04,6585,2025-07-16,4,FA,4025,392,NN,Semillas,Soja,Soja,82500.0,2025
2025-06-27,423076,1780.0,2025-07-04,6584,2025-07-16,4,FA,4025,392,NN,Semillas,Soja,Soja,82500.0,2025
2025-06-27,423077,1780.0,2025-07-04,6583,2025-07-16,4,FA,4025,392,NN,Semillas,Soja,Soja,82500.0,2025
2025-06-27,423078,1780.0,2025-07-04,6582,2025-07-16,4,FA,4025,392,NN,Semillas,Soja,Soja,82500.0,2025
2025-06-27,423079,1780.0,2025-07-04,6581,2025-07-16,4,FA,4025,392,NN,Semillas,Soja,Soja,82500.0,2025
2025-06-27,423080,1780.0,2025-07-04,6580,2025-07-16,4,FA,4025,392,NN,Semillas,Soja,Soja,82500.0,2025
2025-06-27,423081,1780.0,2025-07-04,6579,2025-07-16,4,FA,4025,392,NN,Semillas,Soja,Soja,82500.0,2025
2025-06-27,423082,1780.0,2025-07-04,6578,2025-07-16,4,FA,4025,392,NN,Semillas,Soja,Soja,82500.0,2025
2025-06-27,423083,1780.0,2025-07-04,6577,2025-07-16,4,FA,4025,392,NN,Semillas,Soja,Soja,82500.0,2025
2025-06-27,423084,1780.0,2025-07-04,6576,2025-07-16,4,FA,4025,392,NN,Semillas,Soja,Soja,82500.0,2025
2025-06-27,423095,1781.0,2025-07-07,6600,2025-07-16,4,FA,4024,62,NN,Semillas,Maíz,Maíz,52700.0,2025
2025-06-27,423096,1781.0,2025-07-07,6599,2025-07-16,4,FA,4024,62,NN,Semillas,Maíz,Maíz,52700.0,2025
2025-06-27,423097,1781.0,2025-07-07,6598,2025-07-16,4,FA,4024,62,NN,Semillas,Maíz,Maíz,52700.0,2025
2025-06-27,423098,1781.0,2025-07-07,6597,2025-07-16,4,FA,4024,62,NN,Semillas,Maíz,Maíz,52700.0,2025
2025-06-27,423099,1781.0,2025-07-07,6596,2025-07-16,4,FA,4024,62,NN,Semillas,Maíz,Maíz,52700.0,2025
2025-06-27,423100,1781.0,2025-07-07,6595,2025-07-16,4,FA,4024,62,NN,Semillas,Maíz,Maíz,52700.0,2025
2025-06-27,423101,1781.0,2025-07-07,6594,2025-07-16,4,FA,4024,62,NN,Semillas,Maíz,Maíz,52700.0,2025
2025-06-27,423102,1781.0,2025-07-07,6593,2025-07-16,4,FA,4024,62,NN,Semillas,Maíz,Maíz,52700.0,2025
2025-06-27,423103,1868.0,2025-09-25,7095,2025-10-08,4,FA,4182,62,NN,Semillas,Alfalfa,Alfalfa,52700.0,2025
2025-06-27,423104,1781.0,2025-07-11,6614,2025-07-16,4,FA,4024,62,NN,Semillas,Achicoria,Achicoria,92000.0,2025
2025-07-03,423161,1783.0,2025-07-11,6613,2025-07-16,4,FA,4023,3687,NN,Semillas,Convenio Syngenta Soja Completo,Soja,75000.0,2025
2025-07-03,423162,1783.0,2025-07-11,6612,2025-07-16,4,FA,4023,3687,NN,Semillas,Convenio Syngenta Soja Completo,Soja,75000.0,2025
2025-07-03,423163,1783.0,2025-07-11,6611,2025-07-16,4,FA,4023,3687,NN,Semillas,Convenio Syngenta Soja Completo,Soja,75000.0,2025
2025-07-03,423164,1783.0,2025-07-11,6610,2025-07-16,4,FA,4023,3687,NN,Semillas,Convenio Syngenta Soja Completo,Soja,75000.0,2025
2025-07-03,423165,1783.0,2025-07-11,6609,2025-07-16,4,FA,4023,3687,NN,Semillas,Convenio Syngenta Soja Completo,Soja,75000.0,2025
2025-07-03,423166,1783.0,2025-07-11,6608,2025-07-16,4,FA,4023,3687,NN,Semillas,Convenio Syngenta Soja Completo,Soja,75000.0,2025
2025-07-04,423167,1784.0,2025-07-17,6650,2025-07-24,4,FA,4035,104,NN,Semillas,Fuerza Total Curado,Sorgo,72700.0,2025
2025-07-04,423168,1784.0,2025-07-17,6649,2025-07-24,4,FA,4035,104,NN,Semillas,Fuerza Total Curado,Sorgo,72700.0,2025
2025-07-04,423169,1784.0,2025-07-17,6648,2025-07-24,4,FA,4035,104,NN,Semillas,Fuerza Total Curado,Sorgo,72700.0,2025
2025-07-04,423170,1784.0,2025-07-17,6647,2025-07-24,4,FA,4035,104,NN,Semillas,Fuerza Total Curado,Sorgo,72700.0,2025
2025-07-04,423171,1784.0,2025-07-17,6646,2025-07-24,4,FA,4035,104,NN,Semillas,Fuerza Total Curado,Sorgo,72700.0,2025
2025-07-04,423172,1784.0,2025-07-17,6645,2025-07-24,4,FA,4035,104,NN,Semillas,Fuerza Total Curado,Sorgo,72700.0,2025
2025-07-04,423173,1785.0,2025-07-14,6624,2025-07-16,4,FA,4028,104,NN,Semillas,Fuerza Total Curado,Sorgo,72700.0,2025
2025-07-04,423174,1785.0,2025-07-14,6623,2025-07-16,4,FA,4028,104,NN,Semillas,Fuerza Total Curado,Sorgo,72700.0,2025
2025-07-04,423175,1785.0,2025-07-14,6622,2025-07-16,4,FA,4028,104,NN,Semillas,Fuerza Total Curado,Sorgo,72700.0,2025
2025-07-04,423176,1785.0,2025-07-14,6621,2025-07-16,4,FA,4028,104,NN,Semillas,Fuerza Total Curado,Sorgo,72700.0,2025
2025-07-04,423177,1785.0,2025-07-14,6620,2025-07-16,4,FA,4028,104,NN,Semillas,Fuerza Total Curado,Sorgo,72700.0,2025
2025-07-04,423178,1785.0,2025-07-14,6619,2025-07-16,4,FA,4028,104,NN,Semillas,Fuerza Total Curado,Sorgo,72700.0,2025
2025-07-07,423191,1786.0,2025-07-14,6618,2025-07-16,4,FA,4024,62,NN,Semillas,Maíz,Maíz,52700.0,2025
2025-07-07,423192,1786.0,2025-07-14,6617,2025-07-16,4,FA,4024,62,NN,Semillas,Maíz,Maíz,52700.0,2025
2025-07-07,423193,1786.0,2025-07-14,6616,2025-07-16,4,FA,4024,62,NN,Semillas,Maíz,Maíz,52700.0,2025
2025-07-07,423194,1786.0,2025-07-14,6615,2025-07-16,4,FA,4024,62,NN,Semillas,Maíz,Maíz,52700.0,2025
2025-07-07,423195,1787.0,2025-08-04,6787,2025-04-08,4,FA,4059,4281,NN,Semillas,Panicum Coloratum,Panicum Coloratum,90200.0,2025
2025-07-08,423220,1788.0,2025-07-15,6644,2025-07-24,4,FA,4031,392,NN,Semillas,Convenio Syngenta Soja Completo,Soja,75000.0,2025
2025-07-08,423221,1788.0,2025-07-15,6643,2025-07-24,4,FA,4031,392,NN,Semillas,Convenio Syngenta Soja Completo,Soja,75000.0,2025
2025-07-08,423222,1788.0,2025-07-15,6642,2025-07-24,4,FA,4031,392,NN,Semillas,Convenio Syngenta Soja Completo,Soja,75000.0,2025
2025-07-08,423223,1788.0,2025-07-15,6641,2025-07-24,4,FA,4031,392,NN,Semillas,Convenio Syngenta Soja Completo,Soja,75000.0,2025
2025-07-08,423224,1788.0,2025-07-15,6640,2025-07-24,4,FA,4031,392,NN,Semillas,Convenio Syngenta Soja Completo,Soja,75000.0,2025
2025-07-08,423225,1788.0,2025-07-15,6639,2025-07-24,4,FA,4031,392,NN,Semillas,Convenio Syngenta Soja Completo,Soja,75000.0,2025
2025-07-08,423226,1788.0,2025-07-15,6638,2025-07-24,4,FA,4031,392,NN,Semillas,Convenio Syngenta Soja Completo,Soja,75000.0,2025
2025-07-08,423227,1788.0,2025-07-15,6637,2025-07-24,4,FA,4031,392,NN,Semillas,Convenio Syngenta Soja Completo,Soja,75000.0,2025
2025-07-08,423228,1788.0,2025-07-15,6636,2025-07-24,4,FA,4031,392,NN,Semillas,Convenio Syngenta Soja Completo,Soja,75000.0,2025
2025-07-08,423229,1788.0,2025-07-15,6635,2025-07-24,4,FA,4031,392,NN,Semillas,Convenio Syngenta Soja Completo,Soja,75000.0,2025
2025-07-08,423230,1788.0,2025-07-15,6634,2025-07-24,4,FA,4031,392,NN,Semillas,Convenio Syngenta Soja Completo,Soja,75000.0,2025
2025-07-08,423231,1788.0,2025-07-15,6633,2025-07-24,4,FA,4031,392,NN,Semillas,Convenio Syngenta Soja Completo,Soja,75000.0,2025
2025-07-08,423232,1788.0,2025-07-15,6632,2025-07-24,4,FA,4031,392,NN,Semillas,Convenio Syngenta Soja Completo,Soja,75000.0,2025
2025-07-08,423233,1788.0,2025-07-15,6631,2025-07-24,4,FA,4031,392,NN,Semillas,Convenio Syngenta Soja Completo,Soja,75000.0,2025
2025-07-08,423234,1788.0,2025-07-15,6630,2025-07-24,4,FA,4031,392,NN,Semillas,Convenio Syngenta Soja Completo,Soja,75000.0,2025
2025-07-08,423235,1788.0,2025-07-15,6629,2025-07-24,4,FA,4031,392,NN,Semillas,Convenio Syngenta Soja Completo,Soja,75000.0,2025
2025-07-10,423236,1789.0,2025-07-18,6655,2025-07-24,4,FA,4033,1856,NN,Semillas,Fuerza Total Curado,Soja,72700.0,2025
2025-07-10,423237,1789.0,2025-07-18,6654,2025-07-24,4,FA,4033,1856,NN,Semillas,Fuerza Total Curado,Soja,72700.0,2025
2025-07-10,423238,1789.0,2025-07-18,6653,2025-07-24,4,FA,4033,1856,NN,Semillas,Fuerza Total Curado,Soja,72700.0,2025
2025-07-10,423239,1789.0,2025-07-18,6652,2025-07-24,4,FA,4033,1856,NN,Semillas,Fuerza Total Curado,Soja,72700.0,2025
2025-07-10,423240,1789.0,2025-07-18,6651,2025-07-24,4,FA,4033,1856,NN,Semillas,Fuerza Total Curado,Soja,72700.0,2025
2025-09-04,423241,1857.0,2025-09-12,7031,2025-09-24,4,FA,4159,4982,NN,Semillas,Fuerza Total,Soja,62800.0,2025
2025-07-11,423247,1790.0,2025-07-18,6677,2025-07-24,4,FA,4034,522,NN,Semillas,Soja,Soja,102100.0,2025
2025-07-11,423248,1790.0,2025-07-18,6676,2025-07-24,4,FA,4034,522,NN,Semillas,Soja,Soja,102100.0,2025
2025-07-11,423249,1790.0,2025-07-18,6675,2025-07-24,4,FA,4034,522,NN,Semillas,Soja,Soja,102100.0,2025
2025-07-11,423250,1790.0,2025-07-18,6674,2025-07-24,4,FA,4034,522,NN,Semillas,Soja,Soja,102100.0,2025
2025-07-11,423251,1790.0,2025-07-18,6673,2025-07-24,4,FA,4034,522,NN,Semillas,Soja,Soja,102100.0,2025
2025-07-11,423252,1790.0,2025-07-18,6672,2025-07-24,4,FA,4034,522,NN,Semillas,Soja,Soja,102100.0,2025
2025-07-11,423253,1790.0,2025-07-18,6671,2025-07-24,4,FA,4034,522,NN,Semillas,Soja,Soja,102100.0,2025
2025-07-11,423254,1790.0,2025-07-18,6670,2025-07-24,4,FA,4034,522,NN,Semillas,Soja,Soja,102100.0,2025
2025-07-11,423255,1790.0,2025-07-18,6669,2025-07-24,4,FA,4034,522,NN,Semillas,Soja,Soja,102100.0,2025
2025-07-11,423256,1790.0,2025-07-18,6668,2025-07-24,4,FA,4034,522,NN,Semillas,Soja,Soja,102100.0,2025
2025-07-11,423257,1790.0,2025-07-18,6667,2025-07-24,4,FA,4034,522,NN,Semillas,Soja,Soja,102100.0,2025
2025-07-11,423258,1790.0,2025-07-18,6666,2025-07-24,4,FA,4034,522,NN,Semillas,Soja,Soja,102100.0,2025
2025-07-11,423259,1790.0,2025-07-18,6665,2025-07-24,4,FA,4034,522,NN,Semillas,Soja,Soja,102100.0,2025
2025-07-11,423260,1790.0,2025-07-18,6664,2025-07-24,4,FA,4034,522,NN,Semillas,Soja,Soja,102100.0,2025
2025-07-11,423261,1790.0,2025-07-18,6663,2025-07-24,4,FA,4034,522,NN,Semillas,Soja,Soja,102100.0,2025
2025-07-11,423262,1790.0,2025-07-18,6662,2025-07-24,4,FA,4034,522,NN,Semillas,Soja,Soja,102100.0,2025
2025-07-11,423263,1790.0,2025-07-18,6661,2025-07-24,4,FA,4034,522,NN,Semillas,Soja,Soja,102100.0,2025
2025-07-11,423264,1791.0,2025-07-21,6704,2025-07-24,4,FA,4035,104,NN,Semillas,Fuerza Total Curado,Sorgo,72700.0,2025
2025-07-11,423265,1791.0,2025-07-21,6703,2025-07-24,4,FA,4035,104,NN,Semillas,Fuerza Total Curado,Sorgo,72700.0,2025
2025-07-11,423266,1791.0,2025-07-21,6702,2025-07-24,4,FA,4035,104,NN,Semillas,Fuerza Total Curado,Sorgo,72700.0,2025
2025-07-11,423267,1791.0,2025-07-21,6701,2025-07-24,4,FA,4035,104,NN,Semillas,Fuerza Total Curado,Sorgo,72700.0,2025
2025-07-11,423268,1791.0,2025-07-21,6700,2025-07-24,4,FA,4035,104,NN,Semillas,Fuerza Total Curado,Sorgo,72700.0,2025
2025-07-11,423269,1791.0,2025-07-21,6699,2025-07-24,4,FA,4035,104,NN,Semillas,Fuerza Total Curado,Sorgo,72700.0,2025
2025-07-14,423319,1792.0,2025-07-21,6698,2025-07-24,4,FA,4036,9261,NN,Semillas,Convenio Syngenta Soja Completo,Soja,75000.0,2025
2025-07-14,423320,1792.0,2025-07-21,6697,2025-07-24,4,FA,4036,9261,NN,Semillas,Convenio Syngenta Soja Completo,Soja,75000.0,2025
2025-07-14,423321,1792.0,2025-07-21,6696,2025-07-24,4,FA,4036,9261,NN,Semillas,Convenio Syngenta Soja Completo,Soja,75000.0,2025
2025-07-14,423322,1792.0,2025-07-21,6695,2025-07-24,4,FA,4036,9261,NN,Semillas,Convenio Syngenta Soja Completo,Soja,75000.0,2025
2025-07-14,423323,1792.0,2025-07-21,6694,2025-07-24,4,FA,4036,9261,NN,Semillas,Convenio Syngenta Soja Completo,Soja,75000.0,2025
2025-07-14,423324,1792.0,2025-07-21,6693,2025-07-24,4,FA,4036,9261,NN,Semillas,Convenio Syngenta Soja Completo,Soja,75000.0,2025
2025-07-14,423325,1792.0,2025-07-21,6692,2025-07-24,4,FA,4036,9261,NN,Semillas,Convenio Syngenta Soja Completo,Soja,75000.0,2025
2025-07-14,423326,1792.0,2025-07-21,6691,2025-07-24,4,FA,4036,9261,NN,Semillas,Convenio Syngenta Soja Completo,Soja,75000.0,2025
2025-07-14,423327,1792.0,2025-07-21,6690,2025-07-24,4,FA,4036,9261,NN,Semillas,Convenio Syngenta Soja Completo,Soja,75000.0,2025
2025-07-14,423328,1792.0,2025-07-21,6689,2025-07-24,4,FA,4036,9261,NN,Semillas,Convenio Syngenta Soja Completo,Soja,75000.0,2025
2025-07-14,423329,1792.0,2025-07-21,6688,2025-07-24,4,FA,4036,9261,NN,Semillas,Convenio Syngenta Soja Completo,Soja,75000.0,2025
2025-07-14,423330,1792.0,2025-07-21,6687,2025-07-24,4,FA,4036,9261,NN,Semillas,Convenio Syngenta Soja Completo,Soja,75000.0,2025
2025-07-14,423331,1792.0,2025-07-21,6686,2025-07-24,4,FA,4036,9261,NN,Semillas,Convenio Syngenta Soja Completo,Soja,75000.0,2025
2025-07-14,423332,1792.0,2025-07-21,6685,2025-07-24,4,FA,4036,9261,NN,Semillas,Convenio Syngenta Soja Completo,Soja,75000.0,2025
2025-07-14,423333,1792.0,2025-07-21,6684,2025-07-24,4,FA,4036,9261,NN,Semillas,Convenio Syngenta Soja Completo,Soja,75000.0,2025
2025-07-14,423334,1792.0,2025-07-21,6683,2025-07-24,4,FA,4036,9261,NN,Semillas,Convenio Syngenta Soja Completo,Soja,75000.0,2025
2025-07-14,423335,1792.0,2025-07-21,6682,2025-07-24,4,FA,4036,9261,NN,Semillas,Convenio Syngenta Soja Completo,Soja,75000.0,2025
2025-07-14,423336,1792.0,2025-07-21,6681,2025-07-24,4,FA,4036,9261,NN,Semillas,Convenio Syngenta Soja Completo,Soja,75000.0,2025
2025-07-14,423337,1792.0,2025-07-21,6680,2025-07-24,4,FA,4036,9261,NN,Semillas,Convenio Syngenta Soja Completo,Soja,75000.0,2025
2025-07-14,423338,1792.0,2025-07-21,6679,2025-07-24,4,FA,4036,9261,NN,Semillas,Convenio Syngenta Soja Completo,Soja,75000.0,2025
2025-07-14,423339,1792.0,2025-07-21,6678,2025-07-24,4,FA,4036,9261,NN,Semillas,Convenio Syngenta Soja Completo,Soja,75000.0,2025
2025-07-15,423381,1793.0,2025-07-18,6660,2025-07-24,4,FA,4030,1328,NN,Semillas,Buffel Grass,Buffel Grass,56100.0,2025
2025-07-15,423382,1793.0,2025-07-18,6659,2025-07-24,4,FA,4030,1328,NN,Semillas,Buffel Grass,Buffel Grass,56100.0,2025
2025-07-15,423383,1793.0,2025-07-18,6658,2025-07-24,4,FA,4030,1328,NN,Semillas,Buffel Grass,Buffel Grass,56100.0,2025
2025-07-15,423384,1793.0,2025-07-18,6657,2025-07-24,4,FA,4030,1328,NN,Semillas,Buffel Grass,Buffel Grass,56100.0,2025
2025-07-15,423385,1793.0,2025-07-18,6656,2025-07-24,4,FA,4030,1328,NN,Semillas,Buffel Grass,Buffel Grass,56100.0,2025
2025-07-16,423386,1794.0,2025-07-23,6714,2025-07-24,4,FA,4031,392,NN,Semillas,Convenio Syngenta Soja Completo,Soja,75000.0,2025
2025-07-16,423387,1794.0,2025-07-23,6713,2025-07-24,4,FA,4031,392,NN,Semillas,Convenio Syngenta Soja Completo,Soja,75000.0,2025
2025-07-16,423388,1794.0,2025-07-23,6712,2025-07-24,4,FA,4031,392,NN,Semillas,Convenio Syngenta Soja Completo,Soja,75000.0,2025
2025-07-16,423389,1794.0,2025-07-23,6711,2025-07-24,4,FA,4031,392,NN,Semillas,Convenio Syngenta Soja Completo,Soja,75000.0,2025
2025-07-16,423390,1794.0,2025-07-23,6710,2025-07-24,4,FA,4031,392,NN,Semillas,Convenio Syngenta Soja Completo,Soja,75000.0,2025
2025-07-16,423391,1794.0,2025-07-23,6709,2025-07-24,4,FA,4031,392,NN,Semillas,Convenio Syngenta Soja Completo,Soja,75000.0,2025
2025-07-16,423392,1794.0,2025-07-23,6708,2025-07-24,4,FA,4031,392,NN,Semillas,Convenio Syngenta Soja Completo,Soja,75000.0,2025
2025-07-16,423393,1795.0,2025-07-23,6729,2025-07-24,4,FA,4031,392,NN,Semillas,Maíz,Maíz,52700.0,2025
2025-07-16,423394,1795.0,2025-07-23,6728,2025-07-24,4,FA,4031,392,NN,Semillas,Maíz,Maíz,52700.0,2025
2025-07-16,423395,1795.0,2025-07-23,6727,2025-07-24,4,FA,4031,392,NN,Semillas,Maíz,Maíz,52700.0,2025
2025-07-16,423396,1795.0,2025-07-23,6726,2025-07-24,4,FA,4031,392,NN,Semillas,Maíz,Maíz,52700.0,2025
2025-07-16,423397,1795.0,2025-07-23,6725,2025-07-24,4,FA,4031,392,NN,Semillas,Maíz,Maíz,52700.0,2025
2025-07-16,423398,1795.0,2025-07-23,6724,2025-07-24,4,FA,4031,392,NN,Semillas,Maíz,Maíz,52700.0,2025
2025-07-16,423399,1795.0,2025-07-23,6723,2025-07-24,4,FA,4031,392,NN,Semillas,Maíz,Maíz,52700.0,2025
2025-07-16,423400,1795.0,2025-07-23,6722,2025-07-24,4,FA,4031,392,NN,Semillas,Maíz,Maíz,52700.0,2025
2025-07-16,423401,1795.0,2025-07-23,6721,2025-07-24,4,FA,4031,392,NN,Semillas,Maíz,Maíz,52700.0,2025
2025-07-16,423402,1795.0,2025-07-23,6720,2025-07-24,4,FA,4031,392,NN,Semillas,Maíz,Maíz,52700.0,2025
2025-07-16,423403,1795.0,2025-07-23,6719,2025-07-24,4,FA,4031,392,NN,Semillas,Maíz,Maíz,52700.0,2025
2025-07-16,423404,1795.0,2025-07-23,6718,2025-07-24,4,FA,4031,392,NN,Semillas,Maíz,Maíz,52700.0,2025
2025-07-16,423405,1795.0,2025-07-23,6717,2025-07-24,4,FA,4031,392,NN,Semillas,Maíz,Maíz,52700.0,2025
2025-07-16,423406,1795.0,2025-07-23,6716,2025-07-24,4,FA,4031,392,NN,Semillas,Maíz,Maíz,52700.0,2025
2025-07-16,423407,1795.0,2025-07-23,6715,2025-07-24,4,FA,4031,392,NN,Semillas,Maíz,Maíz,52700.0,2025
2025-07-17,423408,1796.0,2025-07-28,6744,2025-04-08,4,FA,4060,25,NN,Semillas,Maníí,Maníí,55000.0,2025
2025-07-17,423409,1796.0,2025-07-28,6743,2025-04-08,4,FA,4060,25,NN,Semillas,Maníí,Maníí,55000.0,2025
2025-07-17,423410,1796.0,2025-07-28,6742,2025-04-08,4,FA,4060,25,NN,Semillas,Maníí,Maníí,55000.0,2025
2025-07-17,423411,1796.0,2025-07-28,6741,2025-04-08,4,FA,4060,25,NN,Semillas,Maníí,Maníí,55000.0,2025
2025-07-17,423412,1796.0,2025-07-28,6740,2025-04-08,4,FA,4060,25,NN,Semillas,Maníí,Maníí,55000.0,2025
2025-07-17,423413,1796.0,2025-07-28,6739,2025-04-08,4,FA,4060,25,NN,Semillas,Maníí,Maníí,55000.0,2025
2025-07-17,423414,1796.0,2025-07-28,6738,2025-04-08,4,FA,4060,25,NN,Semillas,Maníí,Maníí,55000.0,2025
2025-07-17,423415,1796.0,2025-07-28,6737,2025-04-08,4,FA,4060,25,NN,Semillas,Maníí,Maníí,55000.0,2025
2025-07-17,423416,1796.0,2025-07-28,6736,2025-04-08,4,FA,4060,25,NN,Semillas,Maníí,Maníí,55000.0,2025
2025-07-17,423417,1796.0,2025-07-28,6735,2025-04-08,4,FA,4060,25,NN,Semillas,Maníí,Maníí,55000.0,2025
2025-07-18,423469,1797.0,2025-07-25,6734,2025-04-08,4,FA,4058,62,NN,Semillas,Maíz,Maíz,52700.0,2025
2025-07-18,423470,1797.0,2025-07-25,6733,2025-04-08,4,FA,4058,62,NN,Semillas,Maíz,Maíz,52700.0,2025
2025-07-18,423471,1797.0,2025-07-25,6732,2025-04-08,4,FA,4058,62,NN,Semillas,Maíz,Maíz,52700.0,2025
2025-07-18,423472,1797.0,2025-07-25,6731,2025-04-08,4,FA,4058,62,NN,Semillas,Maíz,Maíz,52700.0,2025
2025-07-18,423473,1798.0,2025-07-31,6758,2025-04-08,4,FA,4063,104,NN,Semillas,Sorgo,Sorgo,55000.0,2025
2025-07-18,423474,1798.0,2025-07-28,6750,2025-04-08,4,FA,4063,104,NN,Semillas,Sorgo,Sorgo,55000.0,2025
2025-07-18,423475,1798.0,2025-07-31,6757,2025-04-08,4,FA,4063,104,NN,Semillas,Sorgo,Sorgo,55000.0,2025
2025-07-18,423476,1798.0,2025-07-28,6749,2025-04-08,4,FA,4063,104,NN,Semillas,Sorgo,Sorgo,55000.0,2025
2025-07-18,423477,1798.0,2025-07-31,6756,2025-04-08,4,FA,4063,104,NN,Semillas,Sorgo,Sorgo,55000.0,2025
2025-07-18,423478,1798.0,2025-07-28,6748,2025-04-08,4,FA,4063,104,NN,Semillas,Sorgo,Sorgo,55000.0,2025
2025-07-18,423479,1798.0,2025-07-31,6755,2025-04-08,4,FA,4063,104,NN,Semillas,Sorgo,Sorgo,55000.0,2025
2025-07-18,423480,1798.0,2025-07-28,6747,2025-04-08,4,FA,4063,104,NN,Semillas,Sorgo,Sorgo,55000.0,2025
2025-07-18,423481,1798.0,2025-07-28,6746,2025-04-08,4,FA,4063,104,NN,Semillas,Sorgo,Sorgo,55000.0,2025
2025-07-18,423482,1798.0,2025-07-28,6745,2025-04-08,4,FA,4063,104,NN,Semillas,Sorgo,Sorgo,52700.0,2025
2025-07-21,423488,1799.0,2025-07-30,6753,2025-04-08,4,FA,4062,5057,NN,Semillas,Fuerza Total,Soja,62800.0,2025
2025-07-21,423489,1799.0,2025-07-30,6752,2025-04-08,4,FA,4062,5057,NN,Semillas,Fuerza Total,Soja,62800.0,2025
2025-07-21,423490,1799.0,2025-07-30,6751,2025-04-08,4,FA,4062,5057,NN,Semillas,Fuerza Total,Soja,62800.0,2025
2025-07-22,423491,1800.0,2025-08-22,6856,2025-08-28,4,FA,4102,4281,NN,Semillas,Gatton Panic,Gatton Panic,90200.0,2025
2025-07-22,423492,1800.0,2025-08-19,6840,2025-08-20,4,FA,4091,4281,NN,Semillas,Panicum Coloratum,Panicum Coloratum,90200.0,2025
2025-07-22,423493,1800.0,2025-07-24,6730,2025-04-08,4,FA,4059,4281,NN,Semillas,Grama Rhodes,Grama Rhodes,56100.0,2025
2025-07-22,423494,1801.0,2025-08-19,6839,2025-08-20,4,FA,4092,62,NN,Semillas,Panicum Coloratum,Panicum Coloratum,90200.0,2025
2025-07-22,423495,1802.0,2025-07-31,6754,2025-04-08,4,FA,4061,522,NN,Semillas,Soja,Soja,55000.0,2025
2025-07-28,423531,1805.0,2025-08-01,6759,2025-04-08,4,FB,73,6023,NN,Semillas,Fuerza Total,Girasol,62800.0,2025
2025-07-24,423535,1803.0,2025-08-04,6786,2025-04-08,4,FA,4063,104,NN,Semillas,Sorgo,Sorgo,55000.0,2025
2025-07-24,423536,1803.0,2025-08-07,6812,2025-08-18,4,FA,4076,104,NN,Semillas,Sorgo,Sorgo,55000.0,2025
2025-07-24,423537,1803.0,2025-08-04,6785,2025-04-08,4,FA,4063,104,NN,Semillas,Sorgo,Sorgo,55000.0,2025
2025-07-24,423538,1803.0,2025-08-07,6811,2025-08-18,4,FA,4076,104,NN,Semillas,Sorgo,Sorgo,55000.0,2025
2025-07-24,423539,1803.0,2025-08-04,6784,2025-04-08,4,FA,4063,104,NN,Semillas,Sorgo,Sorgo,55000.0,2025
2025-07-24,423540,1803.0,2025-08-07,6810,2025-08-18,4,FA,4076,104,NN,Semillas,Sorgo,Sorgo,55000.0,2025
2025-07-24,423541,1803.0,2025-08-04,6783,2025-04-08,4,FA,4063,104,NN,Semillas,Sorgo,Sorgo,55000.0,2025
2025-07-24,423542,1803.0,2025-08-07,6809,2025-08-18,4,FA,4076,104,NN,Semillas,Sorgo,Sorgo,55000.0,2025
2025-07-28,423547,1804.0,2025-08-04,6781,2025-04-08,4,FA,4061,522,NN,Semillas,Convenio Syngenta Soja Completo,Soja,75000.0,2025
2025-07-28,423548,1804.0,2025-08-04,6780,2025-04-08,4,FA,4061,522,NN,Semillas,Convenio Syngenta Soja Completo,Soja,75000.0,2025
2025-07-28,423549,1804.0,2025-08-04,6779,2025-04-08,4,FA,4061,522,NN,Semillas,Convenio Syngenta Soja Completo,Soja,75000.0,2025
2025-07-28,423550,1804.0,2025-08-04,6778,2025-04-08,4,FA,4061,522,NN,Semillas,Convenio Syngenta Soja Completo,Soja,75000.0,2025
2025-07-28,423551,1804.0,2025-08-04,6777,2025-04-08,4,FA,4061,522,NN,Semillas,Convenio Syngenta Soja Completo,Soja,75000.0,2025
2025-07-28,423552,1804.0,2025-08-04,6776,2025-04-08,4,FA,4061,522,NN,Semillas,Convenio Syngenta Soja Completo,Soja,75000.0,2025
2025-07-28,423553,1804.0,2025-08-04,6775,2025-04-08,4,FA,4061,522,NN,Semillas,Convenio Syngenta Soja Completo,Soja,75000.0,2025
2025-07-28,423554,1804.0,2025-08-04,6774,2025-04-08,4,FA,4061,522,NN,Semillas,Convenio Syngenta Soja Completo,Soja,75000.0,2025
2025-07-28,423555,1804.0,2025-08-04,6773,2025-04-08,4,FA,4061,522,NN,Semillas,Convenio Syngenta Soja Completo,Soja,75000.0,2025
2025-07-28,423556,1804.0,2025-08-04,6772,2025-04-08,4,FA,4061,522,NN,Semillas,Convenio Syngenta Soja Completo,Soja,75000.0,2025
2025-07-28,423557,1804.0,2025-08-04,6771,2025-04-08,4,FA,4061,522,NN,Semillas,Convenio Syngenta Soja Completo,Soja,75000.0,2025
2025-07-28,423558,1804.0,2025-08-04,6770,2025-04-08,4,FA,4061,522,NN,Semillas,Convenio Syngenta Soja Completo,Soja,75000.0,2025
2025-07-28,423559,1804.0,2025-08-04,6769,2025-04-08,4,FA,4061,522,NN,Semillas,Convenio Syngenta Soja Completo,Soja,75000.0,2025
2025-07-28,423560,1804.0,2025-08-04,6768,2025-04-08,4,FA,4061,522,NN,Semillas,Convenio Syngenta Soja Completo,Soja,75000.0,2025
2025-07-28,423561,1804.0,2025-08-04,6767,2025-04-08,4,FA,4061,522,NN,Semillas,Convenio Syngenta Soja Completo,Soja,75000.0,2025
2025-07-28,423562,1804.0,2025-08-04,6766,2025-04-08,4,FA,4061,522,NN,Semillas,Convenio Syngenta Soja Completo,Soja,75000.0,2025
2025-07-28,423563,1804.0,2025-08-04,6765,2025-04-08,4,FA,4061,522,NN,Semillas,Convenio Syngenta Soja Completo,Soja,75000.0,2025
2025-07-28,423564,1804.0,2025-08-04,6764,2025-04-08,4,FA,4061,522,NN,Semillas,Convenio Syngenta Soja Completo,Soja,75000.0,2025
2025-07-28,423565,1804.0,2025-08-04,6763,2025-04-08,4,FA,4061,522,NN,Semillas,Convenio Syngenta Soja Completo,Soja,75000.0,2025
2025-07-28,423566,1804.0,2025-08-04,6762,2025-04-08,4,FA,4061,522,NN,Semillas,Convenio Syngenta Soja Completo,Soja,75000.0,2025
2025-07-28,423567,1804.0,2025-08-04,6761,2025-04-08,4,FA,4061,522,NN,Semillas,Convenio Syngenta Soja Completo,Soja,75000.0,2025
2025-07-28,423568,1804.0,2025-08-04,6760,2025-04-08,4,FA,4061,522,NN,Semillas,Convenio Syngenta Soja Completo,Soja,75000.0,2025
2025-07-28,423570,1806.0,2025-08-04,6782,2025-04-08,4,FA,4061,522,NN,Semillas,Soja,Soja,39300.0,2025
2025-07-28,423571,1807.0,2025-08-27,6913,2025-08-28,4,FA,4102,4281,NN,Semillas,Gatton Panic,Gatton Panic,90200.0,2025
2025-07-28,423572,1807.0,2025-08-27,6912,2025-08-28,4,FA,4102,4281,NN,Semillas,Gatton Panic,Gatton Panic,90200.0,2025
2025-08-01,423757,1812.0,2025-09-02,6933,2025-09-10,4,FA,4131,62,NN,Semillas,Gatton Panic,Gatton Panic,90200.0,2025
2025-08-01,423758,1812.0,2025-09-02,6932,2025-09-10,4,FA,4131,62,NN,Semillas,Semilla Vital Megatérmicas,Buffel Grass,90200.0,2025
2025-08-07,423759,1816.0,2025-08-12,6813,2025-08-18,4,FB,75,6018,NN,Semillas,Fuerza Total,Soja,62800.0,2025
2025-08-07,423762,1817.0,2025-08-13,6815,2025-08-18,4,FA,4073,6019,NN,Semillas,Fuerza Total,Soja,62800.0,2025
2025-08-07,423763,1817.0,2025-08-13,6814,2025-08-18,4,FA,4073,6019,NN,Semillas,Fuerza Total,Soja,62800.0,2025
2025-08-05,423778,1813.0,2025-08-13,6818,2025-08-18,4,FA,4074,772,NN,Semillas,Fuerza Total,Soja,62800.0,2025
2025-08-05,423779,1814.0,2025-08-13,6817,2025-08-18,4,FA,4077,981,NN,Semillas,Fuerza Total,Soja,62800.0,2025
2025-08-05,423780,1814.0,2025-08-13,6816,2025-08-18,4,FA,4077,981,NN,Semillas,Fuerza Total,Soja,62800.0,2025
2025-08-06,423781,1815.0,2025-08-15,6826,2025-08-18,4,FA,4076,104,NN,Semillas,Semilla Vital,Moha,90200.0,2025
2025-08-06,423782,1815.0,2025-08-15,6825,2025-08-18,4,FA,4076,104,NN,Semillas,Semilla Vital,Moha,90200.0,2025
2025-08-06,423783,1815.0,2025-08-15,6824,2025-08-18,4,FA,4076,104,NN,Semillas,Semilla Vital,Moha,90200.0,2025
2025-08-06,423784,1815.0,2025-08-15,6823,2025-08-18,4,FA,4076,104,NN,Semillas,Semilla Vital,Moha,90200.0,2025
2025-08-06,423785,1815.0,2025-08-15,6822,2025-08-18,4,FA,4076,104,NN,Semillas,Semilla Vital,Moha,90200.0,2025
2025-08-06,423786,1815.0,2025-08-15,6821,2025-08-18,4,FA,4076,104,NN,Semillas,Semilla Vital,Moha,90200.0,2025
2025-08-06,423787,1815.0,2025-08-15,6820,2025-08-18,4,FA,4076,104,NN,Semillas,Semilla Vital,Moha,90200.0,2025
2025-08-06,423788,1815.0,2025-08-15,6819,2025-08-18,4,FA,4076,104,NN,Semillas,Semilla Vital,Moha,90200.0,2025
2025-08-08,423862,1818.0,2025-08-15,6838,2025-08-18,4,FA,4072,2795,NN,Semillas,Soja,Soja,116600.0,2025
2025-08-08,423863,1818.0,2025-08-15,6837,2025-08-18,4,FA,4072,2795,NN,Semillas,Soja,Soja,116600.0,2025
2025-08-08,423864,1818.0,2025-08-15,6836,2025-08-18,4,FA,4072,2795,NN,Semillas,Soja,Soja,116600.0,2025
2025-08-08,423865,1818.0,2025-08-15,6835,2025-08-18,4,FA,4072,2795,NN,Semillas,Soja,Soja,116600.0,2025
2025-08-08,423866,1818.0,2025-08-15,6834,2025-08-18,4,FA,4072,2795,NN,Semillas,Soja,Soja,116600.0,2025
2025-08-08,423867,1818.0,2025-08-15,6833,2025-08-18,4,FA,4072,2795,NN,Semillas,Soja,Soja,116600.0,2025
2025-08-08,423868,1818.0,2025-08-15,6832,2025-08-18,4,FA,4072,2795,NN,Semillas,Soja,Soja,116600.0,2025
2025-08-08,423869,1818.0,2025-08-15,6831,2025-08-18,4,FA,4072,2795,NN,Semillas,Soja,Soja,116600.0,2025
2025-08-08,423870,1818.0,2025-08-15,6830,2025-08-18,4,FA,4072,2795,NN,Semillas,Soja,Soja,116600.0,2025
2025-08-08,423871,1818.0,2025-08-15,6829,2025-08-18,4,FA,4072,2795,NN,Semillas,Soja,Soja,116600.0,2025
2025-08-08,423872,1818.0,2025-08-15,6828,2025-08-18,4,FA,4072,2795,NN,Semillas,Soja,Soja,116600.0,2025
2025-08-08,423873,1818.0,2025-08-15,6827,2025-08-18,4,FA,4072,2795,NN,Semillas,Soja,Soja,116600.0,2025
2025-08-08,423877,1819.0,2025-08-25,6879,2025-08-28,4,FA,4100,1398,NN,Semillas,Fuerza Total Curado,Soja,62800.0,2025
2025-08-12,423892,1820.0,2025-08-20,6850,2025-08-20,4,FA,4090,1864,NN,Semillas,Fuerza Total Curado,Soja,72700.0,2025
2025-08-12,423893,1820.0,2025-08-20,6849,2025-08-20,4,FA,4090,1864,NN,Semillas,Fuerza Total Curado,Soja,72700.0,2025
2025-08-12,423894,1820.0,2025-08-20,6848,2025-08-20,4,FA,4090,1864,NN,Semillas,Fuerza Total Curado,Soja,72700.0,2025
2025-08-12,423895,1820.0,2025-08-20,6847,2025-08-20,4,FA,4090,1864,NN,Semillas,Fuerza Total Curado,Soja,72700.0,2025
2025-08-12,423896,1821.0,2025-08-29,6923,2025-08-29,4,FA,4115,62,NN,Semillas,Grama Rhodes,Grama Rhodes,90200.0,2025
2025-08-12,423897,1821.0,2025-08-25,6882,2025-08-28,4,FA,4096,62,NN,Semillas,Fuerza Total,Sorgo,62800.0,2025
2025-08-12,423898,1822.0,2025-08-25,6881,2025-08-28,4,FA,4096,62,NN,Semillas,Fuerza Total,Sorgo,62800.0,2025
2025-08-12,423899,1822.0,2025-08-25,6880,2025-08-28,4,FA,4096,62,NN,Semillas,Fuerza Total,Sorgo,62800.0,2025
2025-08-12,423900,1822.0,2025-09-12,7030,2025-09-24,4,FA,4153,62,NN,Semillas,Gatton Panic,Gatton Panic,90200.0,2025
2025-08-13,423922,1823.0,2025-08-20,6846,2025-08-20,4,FA,4089,2795,NN,Semillas,Convenio Syngenta Soja Completo,Soja,75000.0,2025
2025-08-13,423923,1823.0,2025-08-20,6845,2025-08-20,4,FA,4089,2795,NN,Semillas,Convenio Syngenta Soja Completo,Soja,75000.0,2025
2025-08-13,423924,1823.0,2025-08-20,6844,2025-08-20,4,FA,4089,2795,NN,Semillas,Convenio Syngenta Soja Completo,Soja,75000.0,2025
2025-08-13,423925,1823.0,2025-08-20,6843,2025-08-20,4,FA,4089,2795,NN,Semillas,Convenio Syngenta Soja Completo,Soja,75000.0,2025
2025-08-13,423926,1823.0,2025-08-20,6842,2025-08-20,4,FA,4089,2795,NN,Semillas,Convenio Syngenta Soja Completo,Soja,75000.0,2025
2025-08-13,423927,1823.0,2025-08-20,6841,2025-08-20,4,FA,4089,2795,NN,Semillas,Convenio Syngenta Soja Completo,Soja,75000.0,2025
2025-08-13,424002,1824.0,2025-09-15,7034,2025-09-24,4,FA,4156,4281,NN,Semillas,Gatton Panic,Gatton Panic,90200.0,2025
2025-08-13,424003,1824.0,2025-09-15,7033,2025-09-24,4,FA,4156,4281,NN,Semillas,Gatton Panic,Gatton Panic,90200.0,2025
2025-08-13,424004,1824.0,2025-09-15,7032,2025-09-24,4,FA,4156,4281,NN,Semillas,Gatton Panic,Gatton Panic,90200.0,2025
2025-08-13,424005,1824.0,2025-09-11,7029,2025-09-24,4,FA,4156,4281,NN,Semillas,Panicum Coloratum,Panicum Coloratum,90200.0,2025
2025-08-14,424011,1825.0,2025-08-22,6853,2025-08-28,4,FA,4103,4396,NN,Semillas,Fuerza Total,Soja,62800.0,2025
2025-08-14,424012,1825.0,2025-08-22,6852,2025-08-28,4,FA,4103,4396,NN,Semillas,Fuerza Total,Soja,62800.0,2025
2025-08-14,424014,1826.0,2025-08-21,6851,2025-08-28,4,FA,4101,3659,NN,Semillas,Poroto Mung,Poroto Mung,52700.0,2025
2025-08-14,424015,1827.0,2025-08-22,6855,2025-08-28,4,FA,4098,714,NN,Semillas,Soja,Soja,82500.0,2025
2025-08-14,424016,1827.0,2025-08-22,6854,2025-08-28,4,FA,4098,714,NN,Semillas,Soja,Soja,82500.0,2025
2025-08-15,424017,1828.0,2025-08-25,6878,2025-08-28,4,FA,4098,714,NN,Semillas,Convenio Syngenta Soja Completo,Soja,75000.0,2025
2025-08-15,424018,1828.0,2025-08-25,6877,2025-08-28,4,FA,4098,714,NN,Semillas,Convenio Syngenta Soja Completo,Soja,75000.0,2025
2025-08-15,424019,1828.0,2025-08-25,6876,2025-08-28,4,FA,4098,714,NN,Semillas,Convenio Syngenta Soja Completo,Soja,75000.0,2025
2025-08-15,424020,1828.0,2025-08-25,6875,2025-08-28,4,FA,4098,714,NN,Semillas,Convenio Syngenta Soja Completo,Soja,75000.0,2025
2025-08-15,424021,1828.0,2025-08-25,6874,2025-08-28,4,FA,4098,714,NN,Semillas,Convenio Syngenta Soja Completo,Soja,75000.0,2025
2025-08-15,424022,1828.0,2025-08-25,6873,2025-08-28,4,FA,4098,714,NN,Semillas,Convenio Syngenta Soja Completo,Soja,75000.0,2025
2025-08-15,424023,1828.0,2025-08-25,6872,2025-08-28,4,FA,4098,714,NN,Semillas,Convenio Syngenta Soja Completo,Soja,75000.0,2025
2025-08-15,424024,1828.0,2025-08-25,6871,2025-08-28,4,FA,4098,714,NN,Semillas,Convenio Syngenta Soja Completo,Soja,75000.0,2025
2025-08-15,424025,1828.0,2025-08-25,6870,2025-08-28,4,FA,4098,714,NN,Semillas,Convenio Syngenta Soja Completo,Soja,75000.0,2025
2025-08-15,424026,1828.0,2025-08-25,6869,2025-08-28,4,FA,4098,714,NN,Semillas,Convenio Syngenta Soja Completo,Soja,75000.0,2025
2025-08-15,424027,1828.0,2025-08-25,6868,2025-08-28,4,FA,4098,714,NN,Semillas,Convenio Syngenta Soja Completo,Soja,75000.0,2025
2025-08-15,424028,1828.0,2025-08-25,6867,2025-08-28,4,FA,4098,714,NN,Semillas,Convenio Syngenta Soja Completo,Soja,75000.0,2025
2025-08-15,424029,1828.0,2025-08-25,6866,2025-08-28,4,FA,4098,714,NN,Semillas,Convenio Syngenta Soja Completo,Soja,75000.0,2025
2025-08-15,424030,1828.0,2025-08-25,6865,2025-08-28,4,FA,4098,714,NN,Semillas,Convenio Syngenta Soja Completo,Soja,75000.0,2025
2025-08-15,424031,1828.0,2025-08-25,6864,2025-08-28,4,FA,4098,714,NN,Semillas,Convenio Syngenta Soja Completo,Soja,75000.0,2025
2025-08-15,424032,1828.0,2025-08-25,6863,2025-08-28,4,FA,4098,714,NN,Semillas,Convenio Syngenta Soja Completo,Soja,75000.0,2025
2025-08-15,424033,1828.0,2025-08-25,6862,2025-08-28,4,FA,4098,714,NN,Semillas,Convenio Syngenta Soja Completo,Soja,75000.0,2025
2025-08-15,424034,1828.0,2025-08-25,6861,2025-08-28,4,FA,4098,714,NN,Semillas,Convenio Syngenta Soja Completo,Soja,75000.0,2025
2025-08-15,424035,1828.0,2025-08-25,6860,2025-08-28,4,FA,4098,714,NN,Semillas,Convenio Syngenta Soja Completo,Soja,75000.0,2025
2025-08-15,424036,1828.0,2025-08-25,6859,2025-08-28,4,FA,4098,714,NN,Semillas,Soja,Soja,75000.0,2025
2025-08-15,424037,1828.0,2025-08-25,6858,2025-08-28,4,FA,4098,714,NN,Semillas,Convenio Syngenta Soja Completo,Soja,75000.0,2025
2025-08-15,424038,1828.0,2025-08-25,6857,2025-08-28,4,FA,4098,714,NN,Semillas,Convenio Syngenta Soja Completo,Soja,75000.0,2025
2025-08-15,424039,1829.0,2025-08-29,6922,2025-08-29,4,FA,4115,62,NN,Semillas,Girasol,Girasol,52700.0,2025
2025-08-15,424040,1829.0,2025-09-17,7042,2025-09-18,4,FA,4149,62,NN,Semillas,Gatton Panic,Gatton Panic,90200.0,2025
2025-08-15,424041,1829.0,2025-09-17,7041,2025-09-18,4,FA,4149,62,NN,Semillas,Gatton Panic,Gatton Panic,90200.0,2025
2025-08-19,424045,1830.0,2025-08-26,6911,2025-08-28,4,FA,4097,350,NN,Semillas,Fuerza Total,Maíz,62800.0,2025
2025-08-19,424046,1830.0,2025-08-26,6910,2025-08-28,4,FA,4097,350,NN,Semillas,Fuerza Total,Maíz,62800.0,2025
2025-08-19,424047,1830.0,2025-09-03,6949,2025-09-09,4,FA,4120,350,NN,Semillas,Fuerza Total,Girasol,62800.0,2025
2025-08-19,424048,1830.0,2025-08-26,6909,2025-08-28,4,FA,4097,350,NN,Semillas,Fuerza Total,Maíz,62800.0,2025
2025-08-19,424049,1830.0,2025-08-26,6908,2025-08-28,4,FA,4097,350,NN,Semillas,Fuerza Total,Maíz,62800.0,2025
2025-08-19,424050,1830.0,2025-08-26,6907,2025-08-28,4,FA,4097,350,NN,Semillas,Fuerza Total,Maíz,62800.0,2025
2025-08-19,424051,1830.0,2025-08-26,6906,2025-08-28,4,FA,4097,350,NN,Semillas,Fuerza Total,Maíz,62800.0,2025
2025-08-19,424052,1830.0,2025-08-26,6905,2025-08-28,4,FA,4097,350,NN,Semillas,Fuerza Total,Maíz,62800.0,2025
2025-08-19,424053,1830.0,2025-08-26,6904,2025-08-28,4,FA,4097,350,NN,Semillas,Fuerza Total,Maíz,62800.0,2025
2025-08-19,424054,1830.0,2025-08-26,6903,2025-08-28,4,FA,4097,350,NN,Semillas,Fuerza Total,Maíz,62800.0,2025
2025-08-19,424055,1830.0,2025-08-26,6902,2025-08-28,4,FA,4097,350,NN,Semillas,Fuerza Total,Maíz,62800.0,2025
2025-08-19,424056,1830.0,2025-08-26,6901,2025-08-28,4,FA,4097,350,NN,Semillas,Fuerza Total,Maíz,62800.0,2025
2025-08-19,424057,1830.0,2025-08-26,6900,2025-08-28,4,FA,4097,350,NN,Semillas,Fuerza Total,Maíz,62800.0,2025
2025-08-19,424058,1830.0,2025-08-26,6899,2025-08-28,4,FA,4097,350,NN,Semillas,Fuerza Total,Maíz,62800.0,2025
2025-08-19,424059,1830.0,2025-08-26,6898,2025-08-28,4,FA,4097,350,NN,Semillas,Fuerza Total,Maíz,62800.0,2025
2025-08-19,424060,1830.0,2025-08-26,6897,2025-08-28,4,FA,4097,350,NN,Semillas,Fuerza Total,Maíz,62800.0,2025
2025-08-19,424061,1830.0,2025-08-26,6896,2025-08-28,4,FA,4097,350,NN,Semillas,Fuerza Total,Maíz,62800.0,2025
2025-08-19,424062,1830.0,2025-08-26,6895,2025-08-28,4,FA,4097,350,NN,Semillas,Fuerza Total,Maíz,62800.0,2025
2025-08-19,424063,1830.0,2025-08-26,6894,2025-08-28,4,FA,4097,350,NN,Semillas,Fuerza Total,Maíz,62800.0,2025
2025-08-19,424064,1830.0,2025-08-26,6893,2025-08-28,4,FA,4097,350,NN,Semillas,Fuerza Total,Maíz,62800.0,2025
2025-08-19,424065,1830.0,2025-08-26,6892,2025-08-28,4,FA,4097,350,NN,Semillas,Fuerza Total,Maíz,62800.0,2025
2025-08-19,424066,1830.0,2025-08-26,6891,2025-08-28,4,FA,4097,350,NN,Semillas,Fuerza Total,Maíz,62800.0,2025
2025-08-19,424067,1830.0,2025-08-26,6890,2025-08-28,4,FA,4097,350,NN,Semillas,Fuerza Total,Maíz,62800.0,2025
2025-08-19,424068,1830.0,2025-08-26,6889,2025-08-28,4,FA,4097,350,NN,Semillas,Fuerza Total,Maíz,62800.0,2025
2025-08-19,424069,1830.0,2025-08-26,6888,2025-08-28,4,FA,4097,350,NN,Semillas,Fuerza Total,Maíz,62800.0,2025
2025-08-19,424070,1830.0,2025-08-26,6887,2025-08-28,4,FA,4097,350,NN,Semillas,Fuerza Total,Maíz,62800.0,2025
2025-08-19,424071,1830.0,2025-08-26,6886,2025-08-28,4,FA,4097,350,NN,Semillas,Fuerza Total,Maíz,62800.0,2025
2025-08-19,424072,1830.0,2025-08-26,6885,2025-08-28,4,FA,4097,350,NN,Semillas,Fuerza Total,Maíz,62800.0,2025
2025-08-19,424073,1830.0,2025-08-26,6884,2025-08-28,4,FA,4097,350,NN,Semillas,Fuerza Total,Maíz,62800.0,2025
2025-08-19,424074,1830.0,2025-08-26,6883,2025-08-28,4,FA,4097,350,NN,Semillas,Fuerza Total,Maíz,62800.0,2025
2025-08-25,424075,1837.0,2025-09-02,6948,2025-09-09,4,FA,4120,350,NN,Semillas,Fuerza Total,Maíz,62800.0,2025
2025-08-25,424076,1837.0,2025-09-02,6947,2025-09-09,4,FA,4120,350,NN,Semillas,Fuerza Total,Maíz,62800.0,2025
2025-08-25,424077,1837.0,2025-09-02,6946,2025-09-09,4,FA,4120,350,NN,Semillas,Fuerza Total,Maíz,62800.0,2025
2025-08-25,424078,1837.0,2025-09-02,6945,2025-09-09,4,FA,4120,350,NN,Semillas,Fuerza Total,Maíz,62800.0,2025
2025-08-25,424079,1837.0,2025-09-02,6944,2025-09-09,4,FA,4120,350,NN,Semillas,Fuerza Total,Maíz,62800.0,2025
2025-08-25,424080,1837.0,2025-09-02,6943,2025-09-09,4,FA,4120,350,NN,Semillas,Fuerza Total,Maíz,62800.0,2025
2025-08-19,424081,1831.0,2025-08-27,6916,2025-08-28,4,FA,4104,4610,NN,Semillas,Fuerza Total,Soja,62800.0,2025
2025-08-19,424082,1831.0,2025-08-27,6915,2025-08-28,4,FA,4104,4610,NN,Semillas,Fuerza Total,Soja,62800.0,2025
2025-08-19,424083,1831.0,2025-08-27,6914,2025-08-28,4,FA,4104,4610,NN,Semillas,Fuerza Total,Soja,62800.0,2025
2025-08-20,424084,1832.0,2025-08-29,6929,2025-08-29,4,FA,4116,104,NN,Semillas,Moha,Moha,52700.0,2025
2025-08-20,424085,1832.0,2025-08-29,6928,2025-08-29,4,FA,4116,104,NN,Semillas,Moha,Moha,52700.0,2025
2025-08-20,424086,1832.0,2025-08-29,6927,2025-08-29,4,FA,4116,104,NN,Semillas,Moha,Moha,52700.0,2025
2025-08-20,424087,1832.0,2025-08-29,6926,2025-08-29,4,FA,4116,104,NN,Semillas,Moha,Moha,52700.0,2025
2025-08-20,424088,1832.0,2025-08-29,6925,2025-08-29,4,FA,4116,104,NN,Semillas,Moha,Moha,52700.0,2025
2025-08-20,424089,1832.0,2025-08-29,6924,2025-08-29,4,FA,4116,104,NN,Semillas,Moha,Moha,52700.0,2025
2025-08-20,424090,1833.0,2025-08-28,6920,2025-08-28,4,FA,4099,908,NN,Semillas,Soja,Soja,55000.0,2025
2025-08-20,424091,1833.0,2025-08-28,6919,2025-08-28,4,FA,4099,908,NN,Semillas,Soja,Soja,55000.0,2025
2025-08-20,424092,1834.0,2025-08-27,6918,2025-08-28,4,FA,4105,2795,NN,Semillas,Convenio Syngenta Soja Completo,Soja,75000.0,2025
2025-08-20,424093,1834.0,2025-08-27,6917,2025-08-28,4,FA,4105,2795,NN,Semillas,Convenio Syngenta Soja Completo,Soja,75000.0,2025
2025-08-21,424102,1835.0,2025-09-01,6931,2025-09-09,4,FA,4127,4721,NN,Semillas,Moha,Moha,52700.0,2025
2025-08-21,424105,1836.0,2025-08-29,6921,2025-08-29,4,FA,4117,981,NN,Semillas,Fuerza Total,Maíz,62800.0,2025
2025-08-21,424106,1835.0,2025-09-01,6930,2025-09-09,4,FA,4127,4721,NN,Semillas,Moha,Moha,52700.0,2025
2025-08-25,424205,1837.0,2025-09-02,6942,2025-09-09,4,FA,4120,350,NN,Semillas,Fuerza Total,Maíz,62800.0,2025
2025-08-25,424206,1837.0,2025-09-02,6941,2025-09-09,4,FA,4120,350,NN,Semillas,Fuerza Total,Maíz,62800.0,2025
2025-08-25,424207,1837.0,2025-09-02,6940,2025-09-09,4,FA,4120,350,NN,Semillas,Fuerza Total,Maíz,62800.0,2025
2025-08-25,424208,1837.0,2025-09-02,6939,2025-09-09,4,FA,4120,350,NN,Semillas,Fuerza Total,Maíz,62800.0,2025
2025-08-25,424209,1837.0,2025-09-02,6938,2025-09-09,4,FA,4120,350,NN,Semillas,Fuerza Total,Maíz,62800.0,2025
2025-08-25,424210,1837.0,2025-09-02,6937,2025-09-09,4,FA,4120,350,NN,Semillas,Fuerza Total,Maíz,62800.0,2025
2025-08-25,424211,1837.0,2025-09-02,6936,2025-09-09,4,FA,4120,350,NN,Semillas,Fuerza Total,Maíz,62800.0,2025
2025-08-25,424212,1837.0,2025-09-02,6935,2025-09-09,4,FA,4120,350,NN,Semillas,Fuerza Total,Maíz,62800.0,2025
2025-08-25,424213,1837.0,2025-09-02,6934,2025-09-09,4,FA,4120,350,NN,Semillas,Fuerza Total,Maíz,62800.0,2025
2025-08-25,424214,1837.0,2025-09-03,6971,2025-09-09,4,FA,4120,350,NN,Semillas,Fuerza Total,Maíz,62800.0,2025
2025-08-25,424215,1837.0,2025-09-03,6970,2025-09-09,4,FA,4120,350,NN,Semillas,Fuerza Total,Maíz,62800.0,2025
2025-08-25,424216,1837.0,2025-09-03,6969,2025-09-09,4,FA,4120,350,NN,Semillas,Fuerza Total,Maíz,62800.0,2025
2025-08-25,424217,1837.0,2025-09-03,6968,2025-09-09,4,FA,4120,350,NN,Semillas,Fuerza Total,Maíz,62800.0,2025
2025-08-25,424218,1837.0,2025-09-03,6967,2025-09-09,4,FA,4120,350,NN,Semillas,Fuerza Total,Maíz,62800.0,2025
2025-08-25,424219,1837.0,2025-09-03,6966,2025-09-09,4,FA,4120,350,NN,Semillas,Fuerza Total,Maíz,62800.0,2025
2025-08-25,424220,1837.0,2025-09-03,6965,2025-09-09,4,FA,4120,350,NN,Semillas,Fuerza Total,Maíz,62800.0,2025
2025-08-25,424221,1837.0,2025-09-03,6964,2025-09-09,4,FA,4120,350,NN,Semillas,Fuerza Total,Maíz,62800.0,2025
2025-08-25,424222,1837.0,2025-09-03,6963,2025-09-09,4,FA,4120,350,NN,Semillas,Fuerza Total,Maíz,62800.0,2025
2025-08-25,424223,1837.0,2025-09-03,6962,2025-09-09,4,FA,4120,350,NN,Semillas,Fuerza Total,Maíz,62800.0,2025
2025-08-25,424224,1837.0,2025-09-03,6961,2025-09-09,4,FA,4120,350,NN,Semillas,Fuerza Total,Maíz,62800.0,2025
2025-08-25,424225,1837.0,2025-09-03,6960,2025-09-09,4,FA,4120,350,NN,Semillas,Fuerza Total,Maíz,62800.0,2025
2025-08-25,424226,1837.0,2025-09-03,6959,2025-09-09,4,FA,4120,350,NN,Semillas,Fuerza Total,Maíz,62800.0,2025
2025-08-25,424227,1837.0,2025-09-03,6958,2025-09-09,4,FA,4120,350,NN,Semillas,Fuerza Total,Maíz,62800.0,2025
2025-08-25,424228,1837.0,2025-09-03,6957,2025-09-09,4,FA,4120,350,NN,Semillas,Fuerza Total,Maíz,62800.0,2025
2025-08-25,424229,1837.0,2025-09-03,6956,2025-09-09,4,FA,4120,350,NN,Semillas,Fuerza Total,Maíz,62800.0,2025
2025-08-25,424230,1837.0,2025-09-03,6955,2025-09-09,4,FA,4120,350,NN,Semillas,Fuerza Total,Maíz,62800.0,2025
2025-08-25,424231,1837.0,2025-09-03,6954,2025-09-09,4,FA,4120,350,NN,Semillas,Fuerza Total,Maíz,62800.0,2025
2025-08-25,424242,1838.0,2025-09-03,6951,2025-09-09,4,FA,4125,4396,NN,Semillas,Fuerza Total,Soja,62800.0,2025
2025-08-25,424243,1838.0,2025-09-03,6950,2025-09-09,4,FA,4125,4396,NN,Semillas,Fuerza Total,Soja,62800.0,2025
2025-08-25,424244,1838.0,2025-09-05,6975,2025-09-09,4,FA,4125,4396,NN,Semillas,Maníí,Maníí,55000.0,2025
2025-08-25,424245,1839.0,2025-09-03,6953,2025-09-09,4,FA,4123,2211,NN,Semillas,Fuerza Total,Soja,62800.0,2025
2025-08-25,424246,1839.0,2025-09-03,6952,2025-09-09,4,FA,4123,2211,NN,Semillas,Fuerza Total,Soja,62800.0,2025
2025-08-27,424250,1840.0,2025-09-04,6972,2025-09-09,4,FA,4122,685,NN,Semillas,Fuerza Total Curado,Soja,72700.0,2025
2025-08-27,424251,1841.0,2025-09-05,6974,2025-09-09,4,FA,4118,25,NN,Semillas,Soja,Soja,55000.0,2025
2025-08-27,424252,1841.0,2025-09-05,6973,2025-09-09,4,FA,4118,25,NN,Semillas,Soja,Soja,55000.0,2025
2025-08-28,424253,1842.0,2025-09-29,7127,2025-10-08,4,FA,4189,6024,NN,Semillas,Buffel Grass,Buffel Grass,90200.0,2025
2025-08-28,424254,1842.0,2025-09-29,7126,2025-10-08,4,FA,4189,6024,NN,Semillas,Buffel Grass,Buffel Grass,90200.0,2025
2025-08-28,424255,1842.0,2025-09-29,7125,2025-10-08,4,FA,4189,6024,NN,Semillas,Buffel Grass,Buffel Grass,90200.0,2025
2025-08-29,424346,1843.0,2025-09-05,6976,2025-09-09,4,FA,4126,1715,NN,Semillas,Soja,Soja,86200.0,2025
2025-08-29,424347,1844.0,2025-09-05,6988,2025-09-09,4,FA,4121,392,NN,Semillas,Soja,Soja,41500.0,2025
2025-08-29,424348,1844.0,2025-09-05,6987,2025-09-09,4,FA,4121,392,NN,Semillas,Soja,Soja,41500.0,2025
2025-08-29,424349,1844.0,2025-09-05,6986,2025-09-09,4,FA,4121,392,NN,Semillas,Soja,Soja,41500.0,2025
2025-08-29,424350,1844.0,2025-09-05,6985,2025-09-09,4,FA,4121,392,NN,Semillas,Soja,Soja,41500.0,2025
2025-08-29,424351,1844.0,2025-09-05,6984,2025-09-09,4,FA,4121,392,NN,Semillas,Soja,Soja,41500.0,2025
2025-08-29,424352,1844.0,2025-09-05,6983,2025-09-09,4,FA,4121,392,NN,Semillas,Soja,Soja,41500.0,2025
2025-08-29,424353,1844.0,2025-09-05,6982,2025-09-09,4,FA,4121,392,NN,Semillas,Soja,Soja,41500.0,2025
2025-08-29,424354,1844.0,2025-09-05,6981,2025-09-09,4,FA,4121,392,NN,Semillas,Soja,Soja,41500.0,2025
2025-08-29,424355,1844.0,2025-09-05,6980,2025-09-09,4,FA,4121,392,NN,Semillas,Soja,Soja,41500.0,2025
2025-08-29,424356,1844.0,2025-09-05,6979,2025-09-09,4,FA,4121,392,NN,Semillas,Soja,Soja,41500.0,2025
2025-08-29,424357,1845.0,2025-09-05,6978,2025-09-09,4,FA,4124,3660,NN,Semillas,Fuerza Total,Soja,62800.0,2025
2025-08-29,424358,1845.0,2025-09-05,6977,2025-09-09,4,FA,4124,3660,NN,Semillas,Fuerza Total,Soja,62800.0,2025
2025-09-01,424359,1846.0,2025-09-08,7008,2025-09-10,4,FA,4132,62,NN,Semillas,Maíz,Maíz,52700.0,2025
2025-09-01,424360,1846.0,2025-09-08,7007,2025-09-10,4,FA,4132,62,NN,Semillas,Maíz,Maíz,52700.0,2025
2025-09-01,424361,1846.0,2025-09-08,7006,2025-09-10,4,FA,4132,62,NN,Semillas,Maíz,Maíz,52700.0,2025
2025-09-01,424362,1846.0,2025-09-08,7005,2025-09-10,4,FA,4132,62,NN,Semillas,Maíz,Maíz,52700.0,2025
2025-09-01,424363,1846.0,2025-09-08,7004,2025-09-10,4,FA,4132,62,NN,Semillas,Maíz,Maíz,52700.0,2025
2025-09-01,424364,1846.0,2025-09-08,7003,2025-09-10,4,FA,4132,62,NN,Semillas,Maíz,Maíz,52700.0,2025
2025-09-01,424365,1846.0,2025-09-08,7002,2025-09-10,4,FA,4132,62,NN,Semillas,Maíz,Maíz,52700.0,2025
2025-09-01,424366,1846.0,2025-09-08,7001,2025-09-10,4,FA,4132,62,NN,Semillas,Maíz,Maíz,52700.0,2025
2025-09-01,424367,1846.0,2025-09-08,7000,2025-09-10,4,FA,4132,62,NN,Semillas,Maíz,Maíz,52700.0,2025
2025-09-01,424368,1846.0,2025-09-08,6999,2025-09-10,4,FA,4132,62,NN,Semillas,Maíz,Maíz,52700.0,2025
2025-09-01,424369,1846.0,2025-09-08,6998,2025-09-10,4,FA,4132,62,NN,Semillas,Maíz,Maíz,52700.0,2025
2025-09-01,424370,1846.0,2025-09-08,6997,2025-09-10,4,FA,4132,62,NN,Semillas,Maíz,Maíz,52700.0,2025
2025-09-01,424371,1846.0,2025-09-08,6996,2025-09-10,4,FA,4132,62,NN,Semillas,Maíz,Maíz,52700.0,2025
2025-09-01,424372,1846.0,2025-09-08,6995,2025-09-10,4,FA,4132,62,NN,Semillas,Maíz,Maíz,52700.0,2025
2025-09-01,424373,1846.0,2025-09-08,6994,2025-09-10,4,FA,4132,62,NN,Semillas,Maíz,Maíz,52700.0,2025
2025-09-01,424374,1846.0,2025-09-22,7068,2025-10-09,4,FA,4208,62,NN,Semillas,Semilla Vital Megatérmicas,Urochloa Brizantha,90200.0,2025
2025-09-01,424375,1846.0,2025-09-22,7067,2025-10-09,4,FA,4208,62,NN,Semillas,Semilla Vital Megatérmicas,Urochloa Ruziziensis,90200.0,2025
2025-09-01,424376,1846.0,2025-09-19,7066,2025-10-09,4,FA,4208,62,NN,Semillas,Grama Rhodes,Grama Rhodes,90200.0,2025
2025-09-01,424377,1847.0,2025-09-09,7009,2025-09-24,4,FA,4158,6025,NN,Semillas,Soja,Soja,52700.0,2025
2025-09-01,424378,1848.0,2025-09-09,7021,2025-09-24,4,FA,4160,38,NN,Semillas,Doble Poder,Soja,55000.0,2025
2025-09-01,424379,1848.0,2025-09-09,7020,2025-09-24,4,FA,4160,38,NN,Semillas,Doble Poder,Soja,55000.0,2025
2025-09-01,424380,1848.0,2025-09-09,7019,2025-09-24,4,FA,4160,38,NN,Semillas,Doble Poder,Soja,55000.0,2025
2025-09-01,424381,1848.0,2025-09-09,7018,2025-09-24,4,FA,4160,38,NN,Semillas,Doble Poder,Soja,55000.0,2025
2025-09-01,424382,1848.0,2025-09-09,7017,2025-09-24,4,FA,4160,38,NN,Semillas,Doble Poder,Soja,55000.0,2025
2025-09-01,424383,1848.0,2025-09-09,7016,2025-09-24,4,FA,4160,38,NN,Semillas,Doble Poder,Soja,55000.0,2025
2025-09-01,424384,1848.0,2025-09-09,7015,2025-09-24,4,FA,4160,38,NN,Semillas,Doble Poder,Soja,55000.0,2025
2025-09-01,424385,1848.0,2025-09-09,7014,2025-09-24,4,FA,4160,38,NN,Semillas,Doble Poder,Soja,55000.0,2025
2025-09-01,424386,1848.0,2025-09-09,7013,2025-09-24,4,FA,4160,38,NN,Semillas,Doble Poder,Soja,55000.0,2025
2025-09-01,424387,1848.0,2025-09-09,7012,2025-09-24,4,FA,4160,38,NN,Semillas,Doble Poder,Soja,55000.0,2025
2025-09-01,424388,1850.0,2025-10-03,7159,2025-10-08,4,FA,4186,700,NN,Semillas,Gatton Panic,Gatton Panic,52700.0,2025
2025-09-01,424389,1849.0,2025-09-08,6993,2025-09-09,4,FA,4130,2795,NN,Semillas,Soja,Soja,88600.0,2025
2025-09-01,424390,1849.0,2025-09-08,6992,2025-09-09,4,FA,4130,2795,NN,Semillas,Soja,Soja,88600.0,2025
2025-09-01,424391,1849.0,2025-09-08,6991,2025-09-09,4,FA,4130,2795,NN,Semillas,Soja,Soja,88600.0,2025
2025-09-01,424392,1849.0,2025-09-08,6990,2025-09-09,4,FA,4130,2795,NN,Semillas,Soja,Soja,88600.0,2025
2025-09-01,424393,1849.0,2025-09-08,6989,2025-09-09,4,FA,4130,2795,NN,Semillas,Soja,Soja,88600.0,2025
2025-09-01,424394,1851.0,2025-09-09,7011,2025-09-24,4,FA,4161,4922,NN,Semillas,Soja,Soja,82500.0,2025
2025-09-01,424395,1851.0,2025-09-09,7010,2025-09-24,4,FA,4161,4922,NN,Semillas,Soja,Soja,82500.0,2025
2025-09-02,424406,1852.0,2025-09-19,7065,2025-10-09,4,FA,4210,9350,NN,Semillas,Vicia,Vicia,52700.0,2025
2025-09-02,424407,1852.0,2025-09-10,7022,2025-09-24,4,FA,4157,9350,NN,Semillas,Soja,Soja,55000.0,2025
2025-09-02,424408,1853.0,2025-09-10,7024,2025-09-24,4,FA,4162,981,NN,Semillas,Fuerza Total,Soja,62800.0,2025
2025-09-02,424409,1853.0,2025-09-10,7023,2025-09-24,4,FA,4162,981,NN,Semillas,Fuerza Total,Soja,62800.0,2025
2025-09-03,424416,1854.0,2025-09-23,7069,2025-10-09,4,FA,4212,104,NN,Semillas,Semilla Vital,Setaria,90200.0,2025
2025-09-03,424419,1855.0,2025-09-11,7028,2025-09-24,4,FA,4155,5167,NN,Semillas,Fuerza Total,Soja,62800.0,2025
2025-09-03,424420,1855.0,2025-09-11,7027,2025-09-24,4,FA,4155,5167,NN,Semillas,Fuerza Total,Soja,62800.0,2025
2025-09-03,424421,1855.0,2025-09-11,7026,2025-09-24,4,FA,4155,5167,NN,Semillas,Fuerza Total,Soja,62800.0,2025
2025-09-04,424423,1856.0,2025-09-11,7025,2025-09-24,4,FA,4154,392,NN,Semillas,Fuerza Total,Maíz,62800.0,2025
2025-09-05,424523,1858.0,2025-09-18,7047,2025-09-18,4,FA,4149,62,NN,Semillas,Sorgo,Sorgo,52700.0,2025
2025-09-05,424524,1858.0,2025-09-18,7046,2025-09-18,4,FA,4149,62,NN,Semillas,Sorgo,Sorgo,52700.0,2025
2025-09-05,424525,1858.0,2025-09-18,7045,2025-09-18,4,FA,4149,62,NN,Semillas,Sorgo,Sorgo,52700.0,2025
2025-09-05,424526,1858.0,2025-09-18,7044,2025-09-18,4,FA,4149,62,NN,Semillas,Sorgo,Sorgo,52700.0,2025
2025-09-05,424527,1858.0,2025-09-18,7043,2025-09-18,4,FA,4149,62,NN,Semillas,Girasol,Girasol,52700.0,2025
2025-09-09,424528,1859.0,2025-09-17,7040,2025-09-18,4,FA,4146,967,NN,Semillas,Soja,Soja,52700.0,2025
2025-09-09,424529,1859.0,2025-09-17,7039,2025-09-18,4,FA,4146,967,NN,Semillas,Soja,Soja,52700.0,2025
2025-09-09,424530,1859.0,2025-09-17,7038,2025-09-18,4,FA,4146,967,NN,Semillas,Soja,Soja,52700.0,2025
2025-09-09,424531,1859.0,2025-09-17,7037,2025-09-18,4,FA,4146,967,NN,Semillas,Soja,Soja,52700.0,2025
2025-09-09,424532,1859.0,2025-09-17,7036,2025-09-18,4,FA,4146,967,NN,Semillas,Soja,Soja,52700.0,2025
2025-09-09,424533,1859.0,2025-09-17,7035,2025-09-18,4,FA,4146,967,NN,Semillas,Soja,Soja,52700.0,2025
2025-09-09,424544,1860.0,2025-09-18,7049,2025-09-18,4,FA,4147,4557,NN,Semillas,Soja,Soja,52700.0,2025
2025-09-09,424545,1860.0,2025-09-18,7048,2025-09-18,4,FA,4147,4557,NN,Semillas,Soja,Soja,52700.0,2025
2025-09-09,424546,1861.0,2025-09-18,7050,2025-09-18,4,FA,4152,4329,NN,Semillas,Soja,Soja,52700.0,2025
2025-09-10,424548,1862.0,2025-09-18,7061,2025-09-18,4,FA,4150,392,NN,Semillas,Soja,Soja,86200.0,2025
2025-09-10,424549,1862.0,2025-09-18,7060,2025-09-18,4,FA,4150,392,NN,Semillas,Soja,Soja,86200.0,2025
2025-09-10,424550,1863.0,2025-09-18,7059,2025-09-18,4,FA,4150,392,NN,Semillas,Doble Poder,Soja,55000.0,2025
2025-09-10,424551,1863.0,2025-09-18,7058,2025-09-18,4,FA,4150,392,NN,Semillas,Doble Poder,Soja,55000.0,2025
2025-09-10,424552,1863.0,2025-09-18,7057,2025-09-18,4,FA,4150,392,NN,Semillas,Doble Poder,Soja,55000.0,2025
2025-09-10,424553,1863.0,2025-09-18,7056,2025-09-18,4,FA,4150,392,NN,Semillas,Doble Poder,Soja,55000.0,2025
2025-09-10,424554,1863.0,2025-09-18,7055,2025-09-18,4,FA,4150,392,NN,Semillas,Doble Poder,Soja,55000.0,2025
2025-09-10,424555,1863.0,2025-09-18,7054,2025-09-18,4,FA,4150,392,NN,Semillas,Doble Poder,Soja,55000.0,2025
2025-09-10,424556,1863.0,2025-09-18,7053,2025-09-18,4,FA,4150,392,NN,Semillas,Doble Poder,Soja,55000.0,2025
2025-09-10,424557,1863.0,2025-09-18,7052,2025-09-18,4,FA,4150,392,NN,Semillas,Doble Poder,Soja,55000.0,2025
2025-09-10,424558,1863.0,2025-09-18,7051,2025-09-18,4,FA,4150,392,NN,Semillas,Doble Poder,Soja,55000.0,2025
2025-09-11,424559,1866.0,2025-09-18,7062,2025-09-18,4,FA,4151,5109,NN,Semillas,Soja,Soja,52700.0,2025
2025-09-10,424561,1864.0,2025-09-18,7064,2025-09-18,4,FA,4148,1371,NN,Semillas,Doble Poder,Soja,55000.0,2025
2025-09-10,424562,1864.0,2025-09-18,7063,2025-09-18,4,FA,4148,1371,NN,Semillas,Doble Poder,Soja,10800.0,2025
2025-09-11,424631,1865.0,2025-09-25,7098,2025-10-08,4,FA,4192,104,NN,Semillas,Fuerza Total,Pasto Lloron,62800.0,2025
2025-09-11,424632,1865.0,2025-09-25,7097,2025-10-08,4,FA,4192,104,NN,Semillas,Fuerza Total,Pasto Lloron,62800.0,2025
2025-09-11,424633,1867.0,2025-09-25,7094,2025-10-09,4,FA,4207,6019,NN,Semillas,Fuerza Total,Sorgo,62800.0,2025
2025-09-12,424652,1868.0,2025-10-13,7183,2025-10-15,4,FA,4215,62,NN,Semillas,Panicum Coloratum,Panicum Coloratum,90200.0,2025
2025-09-12,424653,1868.0,2025-10-13,7184,2025-10-15,4,FA,4215,62,NN,Semillas,Gatton Panic,Gatton Panic,90200.0,2025
2025-09-12,424654,1868.0,2025-09-26,7116,2025-10-08,4,FA,4182,62,NN,Semillas,Achicoria,Achicoria,52700.0,2025
2025-09-12,424655,1868.0,2025-09-25,7096,2025-10-08,4,FA,4182,62,NN,Semillas,Alfalfa,Alfalfa,52700.0,2025
2025-09-15,424656,1869.0,2025-09-25,7093,2025-10-09,4,FA,4211,25,NN,Semillas,Maníí,Maníí,55000.0,2025
2025-09-15,424657,1869.0,2025-09-25,7092,2025-10-09,4,FA,4211,25,NN,Semillas,Maníí,Maníí,55000.0,2025
2025-09-15,424658,1869.0,2025-09-25,7091,2025-10-09,4,FA,4211,25,NN,Semillas,Maníí,Maníí,55000.0,2025
2025-09-15,424659,1869.0,2025-09-25,7090,2025-10-09,4,FA,4211,25,NN,Semillas,Maníí,Maníí,55000.0,2025
2025-09-15,424660,1869.0,2025-09-25,7089,2025-10-09,4,FA,4211,25,NN,Semillas,Maníí,Maníí,55000.0,2025
2025-09-15,424661,1870.0,2025-10-17,7225,2025-10-23,4,FA,4253,4281,NN,Semillas,Gatton Panic,Gatton Panic,90200.0,2025
2025-09-15,424662,1870.0,2025-10-17,7224,2025-10-23,4,FA,4253,4281,NN,Semillas,Gatton Panic,Gatton Panic,90200.0,2025
2025-09-15,424663,1870.0,2025-10-03,7160,2025-10-08,4,FA,4184,4281,NN,Semillas,Grama Rhodes,Grama Rhodes,52700.0,2025
2025-09-16,424664,1871.0,2025-09-24,7078,2025-10-09,4,FA,4209,392,NN,Semillas,Doble Poder,Soja,55000.0,2025
2025-09-16,424665,1871.0,2025-09-24,7077,2025-10-09,4,FA,4209,392,NN,Semillas,Doble Poder,Soja,55000.0,2025
2025-09-16,424666,1871.0,2025-09-24,7076,2025-10-09,4,FA,4209,392,NN,Semillas,Doble Poder,Soja,55000.0,2025
2025-09-16,424667,1871.0,2025-09-24,7075,2025-10-09,4,FA,4209,392,NN,Semillas,Doble Poder,Soja,55000.0,2025
2025-09-16,424668,1871.0,2025-09-24,7074,2025-10-09,4,FA,4209,392,NN,Semillas,Doble Poder,Soja,55000.0,2025
2025-09-16,424669,1871.0,2025-09-24,7073,2025-10-09,4,FA,4209,392,NN,Semillas,Doble Poder,Soja,55000.0,2025
2025-09-16,424670,1871.0,2025-09-24,7072,2025-10-09,4,FA,4209,392,NN,Semillas,Doble Poder,Soja,55000.0,2025
2025-09-16,424671,1871.0,2025-09-24,7071,2025-10-09,4,FA,4209,392,NN,Semillas,Doble Poder,Soja,55000.0,2025
2025-09-16,424687,1871.0,2025-09-24,7070,2025-10-09,4,FA,4209,392,NN,Semillas,Doble Poder,Soja,55000.0,2025
2025-09-17,424688,1872.0,2025-09-24,7088,2025-09-25,4,FA,4164,2795,NN,Semillas,Soja,Soja,88600.0,2025
2025-09-17,424689,1872.0,2025-09-24,7087,2025-09-25,4,FA,4164,2795,NN,Semillas,Soja,Soja,88600.0,2025
2025-09-17,424690,1872.0,2025-09-24,7086,2025-09-25,4,FA,4164,2795,NN,Semillas,Soja,Soja,88600.0,2025
2025-09-17,424691,1872.0,2025-09-24,7085,2025-09-25,4,FA,4164,2795,NN,Semillas,Soja,Soja,88600.0,2025
2025-09-17,424692,1872.0,2025-09-24,7084,2025-09-25,4,FA,4164,2795,NN,Semillas,Soja,Soja,88600.0,2025
2025-09-17,424693,1872.0,2025-09-24,7083,2025-09-25,4,FA,4164,2795,NN,Semillas,Soja,Soja,88600.0,2025
2025-09-17,424694,1872.0,2025-09-24,7082,2025-09-25,4,FA,4164,2795,NN,Semillas,Soja,Soja,88600.0,2025
2025-09-17,424695,1872.0,2025-09-24,7081,2025-09-25,4,FA,4164,2795,NN,Semillas,Soja,Soja,88600.0,2025
2025-09-17,424696,1872.0,2025-09-24,7080,2025-09-25,4,FA,4164,2795,NN,Semillas,Soja,Soja,88600.0,2025
2025-09-17,424697,1872.0,2025-09-24,7079,2025-09-25,4,FA,4164,2795,NN,Semillas,Soja,Soja,88600.0,2025
2025-09-17,424786,1873.0,2025-09-26,7107,2025-10-08,4,FA,4179,967,NN,Semillas,Soja,Soja,55000.0,2025
2025-09-17,424787,1873.0,2025-09-26,7106,2025-10-08,4,FA,4179,967,NN,Semillas,Soja,Soja,55000.0,2025
2025-09-17,424788,1873.0,2025-09-26,7105,2025-10-08,4,FA,4179,967,NN,Semillas,Soja,Soja,55000.0,2025
2025-09-17,424789,1874.0,2025-10-20,7228,2025-10-23,4,FA,4253,4281,NN,Semillas,Gatton Panic,Gatton Panic,90200.0,2025
2025-09-17,424790,1874.0,2025-10-20,7227,2025-10-23,4,FA,4253,4281,NN,Semillas,Gatton Panic,Gatton Panic,90200.0,2025
2025-09-17,424791,1874.0,2025-10-20,7226,2025-10-23,4,FA,4253,4281,NN,Semillas,Gatton Panic,Gatton Panic,90200.0,2025
2025-09-17,424793,1875.0,2025-09-26,7108,2025-10-08,4,FA,4191,1878,NN,Semillas,Doble Poder,Soja,55000.0,2025
2025-09-18,424836,1876.0,2025-09-26,7109,2025-10-08,4,FA,4181,985,NN,Semillas,Fuerza Total Curado,Soja,72700.0,2025
2025-09-19,424837,1878.0,2025-09-26,7114,2025-10-08,4,FA,4180,3687,NN,Semillas,Soja,Soja,52700.0,2025
2025-09-19,424838,1878.0,2025-09-26,7113,2025-10-08,4,FA,4180,3687,NN,Semillas,Soja,Soja,52700.0,2025
2025-09-19,424839,1878.0,2025-09-26,7112,2025-10-08,4,FA,4180,3687,NN,Semillas,Soja,Soja,52700.0,2025
2025-09-19,424840,1878.0,2025-09-26,7111,2025-10-08,4,FA,4180,3687,NN,Semillas,Soja,Soja,52700.0,2025
2025-09-19,424841,1878.0,2025-09-26,7110,2025-10-08,4,FA,4180,3687,NN,Semillas,Soja,Soja,52700.0,2025
2025-09-19,424842,1877.0,2025-09-29,7124,2025-10-08,4,FA,4187,25,NN,Semillas,Maníí,Maníí,55000.0,2025
2025-09-19,424843,1877.0,2025-09-29,7123,2025-10-08,4,FA,4187,25,NN,Semillas,Maníí,Maníí,55000.0,2025
2025-09-19,424844,1877.0,2025-09-29,7122,2025-10-08,4,FA,4187,25,NN,Semillas,Maníí,Maníí,55000.0,2025
2025-09-19,424845,1877.0,2025-09-29,7121,2025-10-08,4,FA,4187,25,NN,Semillas,Maníí,Maníí,55000.0,2025
2025-09-19,424846,1879.0,2025-09-26,7115,2025-10-08,4,FA,4194,4038,NN,Semillas,Soja,Soja,52700.0,2025
2025-09-19,424847,1880.0,2025-09-26,7104,2025-10-08,4,FA,4175,2795,NN,Semillas,Soja,Soja,88600.0,2025
2025-09-19,424848,1880.0,2025-09-26,7103,2025-10-08,4,FA,4175,2795,NN,Semillas,Soja,Soja,88600.0,2025
2025-09-19,424849,1880.0,2025-09-26,7102,2025-10-08,4,FA,4175,2795,NN,Semillas,Soja,Soja,88600.0,2025
2025-09-19,424850,1880.0,2025-09-26,7101,2025-10-08,4,FA,4175,2795,NN,Semillas,Soja,Soja,88600.0,2025
2025-09-19,424851,1880.0,2025-09-26,7100,2025-10-08,4,FA,4175,2795,NN,Semillas,Soja,Soja,88600.0,2025
2025-09-19,424852,1880.0,2025-09-26,7099,2025-10-08,4,FA,4175,2795,NN,Semillas,Soja,Soja,88600.0,2025
2025-09-22,424853,1881.0,2025-09-29,7147,2025-10-08,4,FA,4188,522,NN,Semillas,Poder + Peso,Soja,64000.0,2025
2025-09-22,424854,1881.0,2025-09-29,7146,2025-10-08,4,FA,4188,522,NN,Semillas,Poder + Peso,Soja,64000.0,2025
2025-09-22,424855,1881.0,2025-09-29,7145,2025-10-08,4,FA,4188,522,NN,Semillas,Poder + Peso,Soja,64000.0,2025
2025-09-22,424856,1881.0,2025-09-29,7144,2025-10-08,4,FA,4188,522,NN,Semillas,Poder + Peso,Soja,64000.0,2025
2025-09-22,424857,1881.0,2025-09-29,7143,2025-10-08,4,FA,4188,522,NN,Semillas,Poder + Peso,Soja,64000.0,2025
2025-09-22,424858,1881.0,2025-09-29,7142,2025-10-08,4,FA,4188,522,NN,Semillas,Poder + Peso,Soja,64000.0,2025
2025-09-22,424859,1881.0,2025-09-29,7141,2025-10-08,4,FA,4188,522,NN,Semillas,Poder + Peso,Soja,64000.0,2025
2025-09-22,424860,1881.0,2025-09-29,7140,2025-10-08,4,FA,4188,522,NN,Semillas,Poder + Peso,Soja,64000.0,2025
2025-09-22,424861,1881.0,2025-09-29,7139,2025-10-08,4,FA,4188,522,NN,Semillas,Poder + Peso,Soja,64000.0,2025
2025-09-22,424862,1881.0,2025-09-29,7138,2025-10-08,4,FA,4188,522,NN,Semillas,Poder + Peso,Soja,64000.0,2025
2025-09-22,424863,1881.0,2025-09-29,7137,2025-10-08,4,FA,4188,522,NN,Semillas,Poder + Peso,Soja,64000.0,2025
2025-09-22,424864,1881.0,2025-09-29,7136,2025-10-08,4,FA,4188,522,NN,Semillas,Poder + Peso,Soja,64000.0,2025
2025-09-22,424865,1881.0,2025-09-29,7135,2025-10-08,4,FA,4188,522,NN,Semillas,Poder + Peso,Soja,64000.0,2025
2025-09-22,424866,1881.0,2025-09-29,7134,2025-10-08,4,FA,4188,522,NN,Semillas,Poder + Peso,Soja,64000.0,2025
2025-09-22,424867,1881.0,2025-09-29,7133,2025-10-08,4,FA,4188,522,NN,Semillas,Poder + Peso,Soja,64000.0,2025
2025-09-22,424868,1881.0,2025-09-29,7132,2025-10-08,4,FA,4188,522,NN,Semillas,Poder + Peso,Soja,64000.0,2025
2025-09-22,424869,1881.0,2025-09-29,7131,2025-10-08,4,FA,4188,522,NN,Semillas,Poder + Peso,Soja,64000.0,2025
2025-09-22,424870,1881.0,2025-09-29,7130,2025-10-08,4,FA,4188,522,NN,Semillas,Poder + Peso,Soja,64000.0,2025
2025-09-22,424871,1881.0,2025-09-29,7129,2025-10-08,4,FA,4188,522,NN,Semillas,Poder + Peso,Soja,64000.0,2025
2025-09-22,424872,1881.0,2025-09-29,7128,2025-10-08,4,FA,4188,522,NN,Semillas,Poder + Peso,Soja,64000.0,2025
2025-09-23,424873,1885.0,2025-10-08,7120,2025-10-08,4,FA,4206,522,NN,Semillas,Maíz,Maíz,52700.0,2025
2025-09-22,424874,1882.0,2025-09-29,7119,2025-10-08,4,FA,4178,5081,NN,Semillas,Fuerza Total,Soja,62800.0,2025
2025-09-22,424875,1883.0,2025-09-29,7118,2025-10-08,4,FA,4193,981,NN,Semillas,Fuerza Total,Soja,62800.0,2025
2025-09-22,424876,1883.0,2025-09-29,7117,2025-10-08,4,FA,4193,981,NN,Semillas,Fuerza Total,Soja,62800.0,2025
2025-09-22,424877,1884.0,2025-10-06,7170,2025-10-08,4,FA,4182,62,NN,Semillas,Sorgo,Sorgo,52700.0,2025
2025-09-22,424878,1884.0,2025-10-02,7158,2025-10-08,4,FA,4182,62,NN,Semillas,Semilla Vital,Moha,90200.0,2025
2025-09-22,424879,1884.0,2025-10-24,7251,2025-10-30,4,FA,4262,62,NN,Semillas,Semilla Vital Megatérmicas,Buffel Grass,90200.0,2025
2025-09-22,424880,2210.0,2026-07-30,8316,2026-08-06,4,FA,4966,104,NN,Semillas,Semilla Vital,Sorgo,110000.0,2025
2025-09-22,424881,1884.0,2025-10-13,7185,2025-10-15,4,FA,4215,62,NN,Semillas,Semilla Vital,Setaria,90200.0,2025
2025-09-23,424883,1886.0,2025-10-09,7173,2025-10-15,4,FA,4218,4281,NN,Semillas,Grama Rhodes,Grama Rhodes,52700.0,2025
2025-09-23,424884,1887.0,2025-10-01,7150,2025-10-08,4,FA,4183,921,NN,Semillas,Soja,Soja,52700.0,2025
2025-09-23,424885,1887.0,2025-10-01,7149,2025-10-08,4,FA,4183,921,NN,Semillas,Soja,Soja,52700.0,2025
2025-09-23,424886,1887.0,2025-10-01,7148,2025-10-08,4,FA,4183,921,NN,Semillas,Soja,Soja,52700.0,2025
2025-09-23,424887,1888.0,2025-10-01,7151,2025-10-08,4,FA,4190,4329,NN,Semillas,Soja,Soja,55000.0,2025
2025-09-24,424888,1889.0,2025-10-01,7155,2025-10-08,4,FA,4177,1311,NN,Semillas,Soja,Soja,82500.0,2025
2025-09-24,424889,1889.0,2025-10-01,7154,2025-10-08,4,FA,4177,1311,NN,Semillas,Soja,Soja,82500.0,2025
2025-09-24,424890,1889.0,2025-10-01,7153,2025-10-08,4,FA,4177,1311,NN,Semillas,Soja,Soja,82500.0,2025
2025-09-24,424891,1889.0,2025-10-01,7152,2025-10-08,4,FA,4177,1311,NN,Semillas,Soja,Soja,82500.0,2025
2025-09-24,424894,1890.0,2025-10-02,7157,2025-10-08,4,FA,4178,5081,NN,Semillas,Fuerza Total,Soja,62800.0,2025
2025-09-24,424895,1890.0,2025-10-02,7156,2025-10-08,4,FA,4178,5081,NN,Semillas,Soja,Soja,62800.0,2025
2025-09-25,425020,1891.0,2025-10-17,7223,2025-10-23,4,FA,4249,1961,NN,Semillas,Urocloa,Urocloa,52700.0,2025
2025-09-25,425021,1891.0,2025-10-17,7222,2025-10-23,4,FA,4249,1961,NN,Semillas,Urocloa,Urocloa,52700.0,2025
2025-10-03,425042,1903.0,2025-10-03,7167,2025-10-08,4,FA,4195,6028,NN,Semillas,Soja,Soja,82500.0,2025
2025-09-26,425043,1892.0,2025-10-03,7166,2025-10-08,4,FA,4176,2795,NN,Semillas,Soja,Soja,124000.0,2025
2025-09-26,425044,1892.0,2025-10-03,7165,2025-10-08,4,FA,4176,2795,NN,Semillas,Soja,Soja,124000.0,2025
2025-09-26,425045,1892.0,2025-10-03,7164,2025-10-08,4,FA,4176,2795,NN,Semillas,Soja,Soja,124000.0,2025
2025-09-26,425046,1892.0,2025-10-03,7163,2025-10-08,4,FA,4176,2795,NN,Semillas,Soja,Soja,124000.0,2025
2025-09-26,425047,1892.0,2025-10-03,7162,2025-10-08,4,FA,4176,2795,NN,Semillas,Soja,Soja,124000.0,2025
2025-09-26,425048,1892.0,2025-10-03,7161,2025-10-08,4,FA,4176,2795,NN,Semillas,Soja,Soja,124000.0,2025
2025-09-29,425051,1893.0,2025-10-08,7172,2025-10-08,4,FA,4205,421,NN,Semillas,Doble Poder,Soja,55000.0,2025
2025-09-29,425052,1894.0,2025-10-08,7171,2025-10-08,4,FA,4204,967,NN,Semillas,Soja,Soja,55000.0,2025
2025-10-01,425054,1895.0,2025-10-03,7169,2025-10-08,4,FA,4185,5082,NN,Semillas,Gatton Panic,Gatton Panic,56100.0,2025
2025-10-01,425055,1895.0,2025-10-03,7168,2025-10-08,4,FA,4185,5082,NN,Semillas,Gatton Panic,Gatton Panic,56100.0,2025
2025-10-01,425056,1896.0,2025-10-09,7174,2025-10-15,4,FA,4219,5140,NN,Semillas,Fuerza Total,Moha,52700.0,2025
2025-10-01,425057,1897.0,2025-10-09,7175,2025-10-15,4,FA,4223,981,NN,Semillas,Fuerza Total,Soja,62800.0,2025
2025-10-02,425058,1898.0,2025-10-21,7231,2025-10-23,4,FA,4251,3616,NN,Semillas,Grama Rhodes,Grama Rhodes,52700.0,2025
2025-10-02,425059,1899.0,2025-10-09,7176,2025-10-15,4,FA,4214,354,NN,Semillas,Fuerza Total Curado,Soja,72700.0,2025
2025-10-02,425060,1900.0,2025-10-09,7178,2025-10-15,4,FA,4217,6030,NN,Semillas,Soja,Soja,82500.0,2025
2025-10-02,425061,1900.0,2025-10-09,7177,2025-10-15,4,FA,4217,6030,NN,Semillas,Soja,Soja,82500.0,2025
2025-10-03,425188,1901.0,2025-10-09,7179,2025-10-15,4,FA,4221,4943,NN,Semillas,Poder + Peso,Soja,64000.0,2025
2025-10-03,425189,1902.0,2025-10-14,7187,2025-10-15,4,FA,4215,62,NN,Semillas,Alfalfa,Alfalfa,52700.0,2025
2025-10-03,425190,1902.0,2025-10-14,7186,2025-10-15,4,FA,4215,62,NN,Semillas,Alfalfa,Alfalfa,52700.0,2025
2025-10-03,425191,1902.0,2025-10-20,7229,2025-10-23,4,FA,4247,62,NN,Semillas,Grama Rhodes,Grama Rhodes,52700.0,2025
2025-10-06,425235,1904.0,2025-10-14,7191,2025-10-15,4,FA,4216,392,NN,Semillas,Doble Poder,Soja,41500.0,2025
2025-10-06,425236,1905.0,2025-10-13,7182,2025-10-15,4,FA,4222,6031,NN,Semillas,Fuerza Total,Maíz,62800.0,2025
2025-10-06,425237,1905.0,2025-10-13,7181,2025-10-15,4,FA,4222,6031,NN,Semillas,Fuerza Total,Maíz,62800.0,2025
2025-10-06,425238,1905.0,2025-10-13,7180,2025-10-15,4,FA,4222,6031,NN,Semillas,Fuerza Total,Maíz,62800.0,2025
2025-10-06,425239,1906.0,2025-10-14,7190,2025-10-15,4,FA,4220,700,NN,Semillas,Doble Poder,Soja,55000.0,2025
2025-10-06,425240,1906.0,2025-10-14,7189,2025-10-15,4,FA,4220,700,NN,Semillas,Doble Poder,Soja,55000.0,2025
2025-10-06,425241,1906.0,2025-10-14,7188,2025-10-15,4,FA,4220,700,NN,Semillas,Doble Poder,Soja,55000.0,2025
2025-10-06,425242,1907.0,2025-10-20,7230,2025-10-23,4,FA,4252,4244,NN,Semillas,Cold Test,Maíz,81400.0,2025
2025-10-06,425243,1908.0,2025-10-15,7193,2025-10-17,4,FA,4235,4329,NN,Semillas,Doble Poder,Soja,55000.0,2025
2025-10-06,425244,1908.0,2025-10-15,7192,2025-10-17,4,FA,4235,4329,NN,Semillas,Doble Poder,Soja,55000.0,2025
2025-10-06,425245,1909.0,2025-11-06,7326,2025-11-10,4,FA,4289,4281,NN,Semillas,Semilla Vital,Buffel Grass,90200.0,2025
2025-10-07,425246,1910.0,2025-10-15,7198,2025-10-17,4,FA,4230,4557,NN,Semillas,Soja,Soja,52700.0,2025
2025-10-07,425247,1910.0,2025-10-15,7197,2025-10-17,4,FA,4230,4557,NN,Semillas,Soja,Soja,52700.0,2025
2025-10-07,425248,1910.0,2025-10-15,7196,2025-10-17,4,FA,4230,4557,NN,Semillas,Soja,Soja,52700.0,2025
2025-10-07,425249,1911.0,2025-10-15,7195,2025-10-17,4,FA,4233,921,NN,Semillas,Fuerza Total,Soja,62800.0,2025
2025-10-07,425250,1911.0,2025-10-15,7194,2025-10-17,4,FA,4233,921,NN,Semillas,Soja,Soja,72700.0,2025
2025-10-07,425268,1912.0,2025-10-16,7202,2025-10-17,4,FA,4232,5158,NN,Semillas,Poder Curado + Peso,Soja,74000.0,2025
2025-10-07,425269,1912.0,2025-10-16,7201,2025-10-17,4,FA,4232,5158,NN,Semillas,Poder Curado + Peso,Soja,74000.0,2025
2025-10-07,425270,1912.0,2025-10-16,7200,2025-10-17,4,FA,4232,5158,NN,Semillas,Poder Curado + Peso,Soja,74000.0,2025
2025-10-07,425271,1912.0,2025-10-16,7199,2025-10-17,4,FA,4232,5158,NN,Semillas,Poder Curado + Peso,Soja,74000.0,2025
2025-10-08,425272,1913.0,2025-10-16,7206,2025-10-17,4,FA,4231,392,NN,Semillas,Soja,Soja,41500.0,2025
2025-10-08,425273,1913.0,2025-10-16,7205,2025-10-17,4,FA,4231,392,NN,Semillas,Soja,Soja,41500.0,2025
2025-10-08,425274,1914.0,2025-10-16,7210,2025-10-17,4,FA,4231,392,NN,Semillas,Doble Poder,Soja,55000.0,2025
2025-10-08,425275,1914.0,2025-10-16,7209,2025-10-17,4,FA,4231,392,NN,Semillas,Doble Poder,Soja,55000.0,2025
2025-10-08,425276,1914.0,2025-10-16,7208,2025-10-17,4,FA,4231,392,NN,Semillas,Doble Poder,Soja,55000.0,2025
2025-10-08,425277,1914.0,2025-10-16,7207,2025-10-17,4,FA,4231,392,NN,Semillas,Doble Poder,Soja,55000.0,2025
2025-10-08,425278,1915.0,2025-10-16,7217,2025-10-17,4,FA,4234,522,NN,Semillas,Poder + Peso,Soja,64000.0,2025
2025-10-08,425279,1915.0,2025-10-16,7216,2025-10-17,4,FA,4234,522,NN,Semillas,Poder + Peso,Soja,64000.0,2025
2025-10-08,425280,1915.0,2025-10-16,7215,2025-10-17,4,FA,4234,522,NN,Semillas,Poder + Peso,Soja,64000.0,2025
2025-10-08,425281,1915.0,2025-10-16,7214,2025-10-17,4,FA,4234,522,NN,Semillas,Poder + Peso,Soja,64000.0,2025
2025-10-08,425282,1915.0,2025-10-16,7213,2025-10-17,4,FA,4234,522,NN,Semillas,Poder + Peso,Soja,64000.0,2025
2025-10-08,425283,1915.0,2025-10-16,7212,2025-10-17,4,FA,4234,522,NN,Semillas,Poder + Peso,Soja,64000.0,2025
2025-10-08,425284,1915.0,2025-10-16,7211,2025-10-17,4,FA,4234,522,NN,Semillas,Poder + Peso,Soja,64000.0,2025
2025-10-08,425285,1915.0,2025-10-16,7218,2025-10-17,4,FA,4234,522,NN,Semillas,Soja,Soja,119000.0,2025
2025-10-08,425286,1916.0,2025-10-16,7219,2025-10-17,4,FA,4236,1473,NN,Semillas,Soja,Soja,82500.0,2025
2025-10-09,425299,1917.0,2025-10-16,7204,2025-10-17,4,FA,4229,2795,NN,Semillas,Soja,Soja,88600.0,2025
2025-10-09,425300,1917.0,2025-10-16,7203,2025-10-17,4,FA,4229,2795,NN,Semillas,Soja,Soja,88600.0,2025
2025-10-13,425429,1918.0,2025-10-22,7232,2025-10-23,4,FA,4248,1160,NN,Semillas,Soja,Soja,52700.0,2025
2025-10-13,425430,1919.0,2025-10-22,7233,2025-10-23,4,FA,4254,4910,NN,Semillas,Soja,Soja,52700.0,2025
2025-10-14,425444,1920.0,2025-10-23,7236,2025-10-23,4,FA,4255,5058,NN,Semillas,Soja,Soja,52700.0,2025
2025-10-14,425445,1921.0,2025-10-23,7237,2025-10-23,4,FA,4257,5170,NN,Semillas,Soja,Soja,52700.0,2025
2025-10-15,425452,1922.0,2025-10-22,7235,2025-10-23,4,FA,4246,52,NN,Semillas,Maíz,Maíz,52700.0,2025
2025-10-15,425453,1922.0,2025-10-22,7234,2025-10-23,4,FA,4246,52,NN,Semillas,Maíz,Maíz,52700.0,2025
2025-10-15,425454,1923.0,2025-10-23,7239,2025-10-23,4,FA,4250,2308,NN,Semillas,Fuerza Total,Soja,62800.0,2025
2025-10-15,425455,1923.0,2025-10-23,7238,2025-10-23,4,FA,4250,2308,NN,Semillas,Fuerza Total,Soja,62800.0,2025
2025-10-15,425456,1924.0,2025-10-17,7221,2025-10-23,4,FA,4256,5082,NN,Semillas,Gatton Panic,Gatton Panic,56100.0,2025
2025-10-15,425457,1924.0,2025-10-17,7220,2025-10-23,4,FA,4256,5082,NN,Semillas,Gatton Panic,Gatton Panic,56100.0,2025
2025-10-16,425458,1925.0,2025-10-24,7245,2025-10-30,4,FA,4269,1425,NN,Semillas,Fuerza Total,Soja,62700.0,2025
2025-10-16,425459,1926.0,2025-10-24,7247,2025-10-30,4,FA,4261,2081,NN,Semillas,Poder + Peso,Soja,74000.0,2025
2025-10-16,425460,1926.0,2025-10-24,7246,2025-10-30,4,FA,4261,2081,NN,Semillas,Poder + Peso,Soja,74000.0,2025
2025-10-16,425461,1927.0,2025-10-24,7249,2025-10-30,4,FA,4263,3875,NN,Semillas,Poder + Peso,Soja,74000.0,2025
2025-10-16,425462,1927.0,2025-10-24,7248,2025-10-30,4,FA,4263,3875,NN,Semillas,Poder + Peso,Soja,74000.0,2025
2025-10-16,425463,1928.0,2025-11-19,7416,2025-11-19,4,FA,4333,6024,NN,Semillas,Semilla Vital,Buffel Grass,90200.0,2025
2025-10-16,425464,1928.0,2025-11-19,7417,2025-11-19,4,FA,4333,6024,NN,Semillas,Buffel Grass,Buffel Grass,90200.0,2025
2025-10-17,425543,1930.0,2025-11-07,7358,2025-11-10,4,FA,4287,62,NN,Semillas,Semilla Vital Megatérmicas,Urochloa Ruziziensis,90200.0,2025
2025-10-17,425544,1930.0,2025-11-17,7395,2025-11-19,4,FA,4331,62,NN,Semillas,Semilla Vital,Buffel Grass,90200.0,2025
2025-10-17,425545,1930.0,2025-11-17,7394,2025-11-19,4,FA,4331,62,NN,Semillas,Semilla Vital,Buffel Grass,90200.0,2025
2025-10-17,425546,1931.0,2025-10-27,7257,2025-10-30,4,FA,4267,25,NN,Semillas,Maníí,Maníí,55000.0,2025
2025-10-17,425547,1931.0,2025-10-27,7256,2025-10-30,4,FA,4267,25,NN,Semillas,Maníí,Maníí,55000.0,2025
2025-10-17,425548,1931.0,2025-10-27,7255,2025-10-30,4,FA,4267,25,NN,Semillas,Maníí,Maníí,55000.0,2025
2025-10-17,425549,1931.0,2025-10-27,7254,2025-10-30,4,FA,4267,25,NN,Semillas,Maníí,Maníí,55000.0,2025
2025-10-17,425568,1932.0,2025-10-24,7250,2025-10-30,4,FA,4266,4322,NN,Semillas,Doble Poder,Soja,55000.0,2025
2025-10-20,425575,1933.0,2025-10-23,7242,2025-10-23,4,FA,4253,4281,NN,Semillas,Gatton Panic,Gatton Panic,56100.0,2025
2025-10-20,425576,1933.0,2025-10-23,7241,2025-10-23,4,FA,4253,4281,NN,Semillas,Gatton Panic,Gatton Panic,56100.0,2025
2025-10-20,425577,1933.0,2025-10-23,7240,2025-10-23,4,FA,4253,4281,NN,Semillas,Gatton Panic,Gatton Panic,56100.0,2025
2025-10-20,425578,1933.0,2025-10-24,7244,2025-10-30,4,FA,4264,4281,NN,Semillas,Gatton Panic,Gatton Panic,56100.0,2025
2025-10-20,425579,1933.0,2025-10-24,7243,2025-10-30,4,FA,4264,4281,NN,Semillas,Panicum Coloratum,Panicum Coloratum,56100.0,2025
2025-10-20,425580,1934.0,2025-11-07,7359,2025-11-10,4,FA,4289,4281,NN,Semillas,Grama Rhodes,Grama Rhodes,52700.0,2025
2025-10-20,425581,1935.0,2025-10-29,7259,2025-10-30,4,FA,4270,2257,NN,Semillas,Fuerza Total,Soja,62800.0,2025
2025-10-20,425582,1935.0,2025-10-29,7258,2025-10-30,4,FA,4270,2257,NN,Semillas,Fuerza Total,Soja,62800.0,2025
2025-10-21,425584,1936.0,2025-11-10,7367,2025-11-14,4,FA,4310,4281,NN,Semillas,Grama Rhodes,Grama Rhodes,52700.0,2025
2025-10-21,425585,1937.0,2025-10-29,7260,2025-10-30,4,FA,4260,4557,NN,Semillas,Soja,Soja,52700.0,2025
2025-10-21,425586,1938.0,2025-10-29,7261,2025-10-30,4,FA,4268,4921,NN,Semillas,Fuerza Total Curado,Soja,72700.0,2025
2025-10-22,425598,1939.0,2025-11-03,7297,2025-11-10,4,FA,4294,104,NN,Semillas,Semilla Vital,Avena Strigosa,90200.0,2025
2025-10-22,425599,1939.0,2025-11-03,7294,2025-11-10,4,FA,4294,104,NN,Semillas,Avena Strigosa,Avena Strigosa,52700.0,2025
2025-10-22,425600,1939.0,2025-11-03,7296,2025-11-10,4,FA,4294,104,NN,Semillas,Semilla Vital,Avena Strigosa,90200.0,2025
2025-10-22,425601,1939.0,2025-11-03,7293,2025-11-10,4,FA,4294,104,NN,Semillas,Avena Strigosa,Avena Strigosa,52700.0,2025
2025-10-22,425602,1939.0,2025-11-03,7295,2025-11-10,4,FA,4294,104,NN,Semillas,Semilla Vital,Avena Strigosa,90200.0,2025
2025-10-22,425603,1939.0,2025-11-03,7292,2025-11-10,4,FA,4294,104,NN,Semillas,Avena Strigosa,Avena Strigosa,52700.0,2025
2025-10-22,425604,1940.0,2025-10-31,7269,2025-11-10,4,FA,4294,104,NN,Semillas,Semilla Vital,Centeno,90200.0,2025
2025-10-22,425605,1940.0,2025-10-30,7266,2025-10-30,4,FA,4271,104,NN,Semillas,Centeno,Centeno,52700.0,2025
2025-10-22,425606,1940.0,2025-10-31,7268,2025-11-10,4,FA,4294,104,NN,Semillas,Semilla Vital,Centeno,90200.0,2025
2025-10-22,425607,1940.0,2025-10-30,7265,2025-10-30,4,FA,4271,104,NN,Semillas,Centeno,Centeno,52700.0,2025
2025-10-22,425608,1940.0,2025-10-30,7264,2025-10-30,4,FA,4271,104,NN,Semillas,Semilla Vital,Centeno,90200.0,2025
2025-10-23,425609,1941.0,2025-10-31,7270,2025-11-10,4,FA,4299,489,NN,Semillas,Soja,Soja,52700.0,2025
2025-10-23,425610,1942.0,2025-10-31,7271,2025-11-10,4,FA,4291,4582,NN,Semillas,Fuerza Total,Soja,62800.0,2025
2025-10-23,425611,1943.0,2025-10-31,7285,2025-11-10,4,FA,4288,392,NN,Semillas,Soja,Soja,75000.0,2025
2025-10-23,425612,1943.0,2025-10-31,7284,2025-11-10,4,FA,4288,392,NN,Semillas,Soja,Soja,75000.0,2025
2025-10-23,425613,1943.0,2025-10-31,7283,2025-11-10,4,FA,4288,392,NN,Semillas,Soja,Soja,75000.0,2025
2025-10-23,425614,1943.0,2025-10-31,7282,2025-11-10,4,FA,4288,392,NN,Semillas,Soja,Soja,75000.0,2025
2025-10-23,425615,1943.0,2025-10-31,7281,2025-11-10,4,FA,4288,392,NN,Semillas,Soja,Soja,75000.0,2025
2025-10-23,425616,1944.0,2025-10-31,7272,2025-11-10,4,FA,4285,4269,NN,Semillas,Doble Poder,Soja,55000.0,2025
2025-10-24,425716,1945.0,2025-10-31,7276,2025-11-10,4,FA,4288,392,NN,Semillas,Fuerza Total,Maíz,62800.0,2025
2025-10-24,425717,1945.0,2025-10-31,7275,2025-11-10,4,FA,4288,392,NN,Semillas,Fuerza Total,Maíz,62800.0,2025
2025-10-24,425726,1946.0,2025-10-31,7274,2025-11-10,4,FA,4296,5166,NN,Semillas,Fuerza Total Curado,Soja,72700.0,2025
2025-10-24,425727,1946.0,2025-10-31,7273,2025-11-10,4,FA,4296,5166,NN,Semillas,Fuerza Total Curado,Soja,72700.0,2025
2025-10-24,425728,1947.0,2025-10-31,7280,2025-11-10,4,FA,4297,6032,NN,Semillas,Maíz,Maíz,52700.0,2025
2025-10-24,425729,1947.0,2025-10-31,7279,2025-11-10,4,FA,4297,6032,NN,Semillas,Maíz,Maíz,52700.0,2025
2025-10-24,425730,1947.0,2025-10-31,7278,2025-11-10,4,FA,4297,6032,NN,Semillas,Maíz,Maíz,52700.0,2025
2025-10-24,425731,1947.0,2025-10-31,7277,2025-11-10,4,FA,4297,6032,NN,Semillas,Maíz,Maíz,52700.0,2025
2025-10-24,425733,1949.0,2025-11-03,7291,2025-11-10,4,FA,4292,25,NN,Semillas,Maníí,Maníí,55000.0,2025
2025-10-24,425734,1949.0,2025-11-03,7290,2025-11-10,4,FA,4292,25,NN,Semillas,Maníí,Maníí,55000.0,2025
2025-10-24,425735,1949.0,2025-11-03,7289,2025-11-10,4,FA,4292,25,NN,Semillas,Maníí,Maníí,55000.0,2025
2025-10-24,425736,1949.0,2025-11-03,7288,2025-11-10,4,FA,4292,25,NN,Semillas,Maníí,Maníí,55000.0,2025
2025-10-24,425737,1949.0,2025-11-03,7287,2025-11-10,4,FA,4292,25,NN,Semillas,Maníí,Maníí,55000.0,2025
2025-10-24,425738,1949.0,2025-11-03,7286,2025-11-10,4,FA,4292,25,NN,Semillas,Maníí,Maníí,55000.0,2025
2025-10-27,425739,1950.0,2025-11-04,7298,2025-11-10,4,FA,4286,4557,NN,Semillas,Soja,Soja,52700.0,2025
2025-10-27,425740,1951.0,2025-10-29,7262,2025-10-30,4,FA,4264,4281,NN,Semillas,Panicum Coloratum,Panicum Coloratum,56100.0,2025
2025-10-27,425741,1951.0,2025-11-06,7325,2025-11-10,4,FA,4289,4281,NN,Semillas,Semilla Vital,Moha,90200.0,2025
2025-10-27,425742,1953.0,2025-11-04,7299,2025-11-10,4,FA,4298,5114,NN,Semillas,Doble Poder,Soja,55000.0,2025
2025-10-27,425743,1953.0,2025-11-10,7372,2025-11-14,4,FA,4313,5114,NN,Semillas,Sorgo,Sorgo,52700.0,2025
2025-10-28,425745,1954.0,2025-10-30,7263,2025-10-30,4,FA,4265,5082,NN,Semillas,Gatton Panic,Gatton Panic,56100.0,2025
2025-10-28,425746,1955.0,2025-11-26,7432,2025-12-01,4,FA,4379,4281,NN,Semillas,Gatton Panic,Gatton Panic,90200.0,2025
2025-10-28,425747,1955.0,2025-11-25,7428,2025-12-01,4,FA,4379,4281,NN,Semillas,Panicum Coloratum,Panicum Coloratum,90200.0,2025
2025-10-28,425748,1956.0,2025-11-05,7324,2025-11-10,4,FA,4288,392,NN,Semillas,Fuerza Total,Soja,62800.0,2025
2025-10-28,425749,1956.0,2025-11-05,7323,2025-11-10,4,FA,4288,392,NN,Semillas,Fuerza Total,Soja,62800.0,2025
2025-10-28,425750,1956.0,2025-11-05,7322,2025-11-10,4,FA,4288,392,NN,Semillas,Fuerza Total,Soja,62800.0,2025
2025-10-28,425751,1956.0,2025-11-05,7321,2025-11-10,4,FA,4288,392,NN,Semillas,Fuerza Total,Soja,62800.0,2025
2025-10-28,425752,1956.0,2025-11-05,7320,2025-11-10,4,FA,4288,392,NN,Semillas,Fuerza Total,Soja,62800.0,2025
2025-10-28,425753,1956.0,2025-11-05,7319,2025-11-10,4,FA,4288,392,NN,Semillas,Fuerza Total,Soja,62800.0,2025
2025-10-28,425754,1956.0,2025-11-05,7318,2025-11-10,4,FA,4288,392,NN,Semillas,Fuerza Total,Soja,62800.0,2025
2025-10-28,425755,1956.0,2025-11-05,7317,2025-11-10,4,FA,4288,392,NN,Semillas,Fuerza Total,Soja,62800.0,2025
2025-10-28,425756,1956.0,2025-11-05,7316,2025-11-10,4,FA,4288,392,NN,Semillas,Fuerza Total,Soja,62800.0,2025
2025-10-28,425757,1956.0,2025-11-05,7315,2025-11-10,4,FA,4288,392,NN,Semillas,Fuerza Total,Soja,62800.0,2025
2025-10-28,425758,1956.0,2025-11-05,7314,2025-11-10,4,FA,4288,392,NN,Semillas,Fuerza Total,Soja,62800.0,2025
2025-10-28,425759,1956.0,2025-11-05,7313,2025-11-10,4,FA,4288,392,NN,Semillas,Fuerza Total,Soja,62800.0,2025
2025-10-28,425760,1956.0,2025-11-05,7312,2025-11-10,4,FA,4288,392,NN,Semillas,Fuerza Total,Soja,62800.0,2025
2025-10-28,425761,1956.0,2025-11-05,7311,2025-11-10,4,FA,4288,392,NN,Semillas,Fuerza Total,Soja,62800.0,2025
2025-10-28,425762,1956.0,2025-11-05,7310,2025-11-10,4,FA,4288,392,NN,Semillas,Fuerza Total,Soja,62800.0,2025
2025-10-28,425763,1956.0,2025-11-05,7309,2025-11-10,4,FA,4288,392,NN,Semillas,Fuerza Total,Soja,62800.0,2025
2025-10-28,425764,1956.0,2025-11-05,7308,2025-11-10,4,FA,4288,392,NN,Semillas,Fuerza Total,Soja,62800.0,2025
2025-10-28,425765,1956.0,2025-11-05,7307,2025-11-10,4,FA,4288,392,NN,Semillas,Fuerza Total,Soja,62800.0,2025
2025-10-28,425766,1956.0,2025-11-05,7306,2025-11-10,4,FA,4288,392,NN,Semillas,Fuerza Total,Soja,62800.0,2025
2025-10-28,425767,1956.0,2025-11-05,7305,2025-11-10,4,FA,4288,392,NN,Semillas,Fuerza Total,Soja,62800.0,2025
2025-10-28,425770,1956.0,2025-11-05,7304,2025-11-10,4,FA,4288,392,NN,Semillas,Fuerza Total,Soja,62800.0,2025
2025-10-28,425771,1956.0,2025-11-05,7303,2025-11-10,4,FA,4288,392,NN,Semillas,Fuerza Total,Soja,62800.0,2025
2025-10-28,425772,1956.0,2025-11-05,7302,2025-11-10,4,FA,4288,392,NN,Semillas,Fuerza Total,Soja,62800.0,2025
2025-10-28,425773,1956.0,2025-11-05,7301,2025-11-10,4,FA,4288,392,NN,Semillas,Fuerza Total,Soja,62800.0,2025
2025-10-28,425774,1956.0,2025-11-05,7300,2025-11-10,4,FA,4288,392,NN,Semillas,Fuerza Total,Soja,62800.0,2025
2025-10-28,425775,1956.0,2025-11-06,7357,2025-11-10,4,FA,4288,392,NN,Semillas,Fuerza Total,Soja,62800.0,2025
2025-10-28,425776,1956.0,2025-11-06,7356,2025-11-10,4,FA,4288,392,NN,Semillas,Fuerza Total,Soja,62800.0,2025
2025-10-28,425777,1956.0,2025-11-06,7355,2025-11-10,4,FA,4288,392,NN,Semillas,Fuerza Total,Soja,62800.0,2025
2025-10-28,425778,1956.0,2025-11-06,7354,2025-11-10,4,FA,4288,392,NN,Semillas,Fuerza Total,Soja,62800.0,2025
2025-10-28,425779,1956.0,2025-11-06,7353,2025-11-10,4,FA,4288,392,NN,Semillas,Fuerza Total,Soja,62800.0,2025
2025-10-28,425780,1956.0,2025-11-06,7352,2025-11-10,4,FA,4288,392,NN,Semillas,Fuerza Total,Soja,62800.0,2025
2025-10-28,425781,1956.0,2025-11-06,7351,2025-11-10,4,FA,4288,392,NN,Semillas,Fuerza Total,Soja,62800.0,2025
2025-10-28,425782,1956.0,2025-11-06,7350,2025-11-10,4,FA,4288,392,NN,Semillas,Fuerza Total,Soja,62800.0,2025
2025-10-28,425783,1956.0,2025-11-06,7349,2025-11-10,4,FA,4288,392,NN,Semillas,Fuerza Total,Soja,62800.0,2025
2025-10-28,425784,1956.0,2025-11-06,7348,2025-11-10,4,FA,4288,392,NN,Semillas,Fuerza Total,Soja,62800.0,2025
2025-10-28,425785,1956.0,2025-11-06,7347,2025-11-10,4,FA,4288,392,NN,Semillas,Fuerza Total,Soja,62800.0,2025
2025-10-28,425786,1956.0,2025-11-06,7346,2025-11-10,4,FA,4288,392,NN,Semillas,Fuerza Total,Soja,62800.0,2025
2025-10-28,425787,1956.0,2025-11-06,7345,2025-11-10,4,FA,4288,392,NN,Semillas,Fuerza Total,Soja,62800.0,2025
2025-10-28,425788,1956.0,2025-11-06,7344,2025-11-10,4,FA,4288,392,NN,Semillas,Fuerza Total,Soja,62800.0,2025
2025-10-28,425789,1956.0,2025-11-06,7343,2025-11-10,4,FA,4288,392,NN,Semillas,Fuerza Total,Soja,62800.0,2025
2025-10-28,425790,1956.0,2025-11-06,7342,2025-11-10,4,FA,4288,392,NN,Semillas,Fuerza Total,Soja,62800.0,2025
2025-10-28,425791,1956.0,2025-11-06,7341,2025-11-10,4,FA,4288,392,NN,Semillas,Fuerza Total,Soja,62800.0,2025
2025-10-28,425792,1956.0,2025-11-06,7340,2025-11-10,4,FA,4288,392,NN,Semillas,Fuerza Total,Soja,62800.0,2025
2025-10-28,425793,1956.0,2025-11-06,7339,2025-11-10,4,FA,4288,392,NN,Semillas,Fuerza Total,Soja,62800.0,2025
2025-10-28,425794,1956.0,2025-11-06,7338,2025-11-10,4,FA,4288,392,NN,Semillas,Fuerza Total,Soja,62800.0,2025
2025-10-28,425795,1956.0,2025-11-06,7337,2025-11-10,4,FA,4288,392,NN,Semillas,Fuerza Total,Soja,62800.0,2025
2025-10-28,425796,1956.0,2025-11-06,7336,2025-11-10,4,FA,4288,392,NN,Semillas,Fuerza Total,Soja,62800.0,2025
2025-10-28,425797,1956.0,2025-11-06,7335,2025-11-10,4,FA,4288,392,NN,Semillas,Fuerza Total,Soja,62800.0,2025
2025-10-28,425798,1956.0,2025-11-06,7334,2025-11-10,4,FA,4288,392,NN,Semillas,Fuerza Total,Soja,62800.0,2025
2025-10-28,425799,1956.0,2025-11-06,7333,2025-11-10,4,FA,4288,392,NN,Semillas,Fuerza Total,Soja,62800.0,2025
2025-10-30,425800,1960.0,2025-11-07,7360,2025-11-10,4,FA,4289,4281,NN,Semillas,Soja,Soja,52700.0,2025
2025-10-29,425801,1957.0,2025-11-06,7332,2025-11-10,4,FA,4290,2296,NN,Semillas,Soja,Soja,82500.0,2025
2025-10-29,425802,1958.0,2025-11-12,7382,2025-11-14,4,FA,4318,2795,NN,Semillas,Soja,Soja,88600.0,2025
2025-10-29,425803,1958.0,2025-11-12,7381,2025-11-14,4,FA,4318,2795,NN,Semillas,Soja,Soja,88600.0,2025
2025-10-29,425804,1958.0,2025-11-12,7380,2025-11-14,4,FA,4318,2795,NN,Semillas,Soja,Soja,88600.0,2025
2025-10-29,425805,1958.0,2025-11-12,7379,2025-11-14,4,FA,4318,2795,NN,Semillas,Soja,Soja,88600.0,2025
2025-10-29,425806,1958.0,2025-11-12,7378,2025-11-14,4,FA,4318,2795,NN,Semillas,Soja,Soja,88600.0,2025
2025-10-30,425888,1959.0,2025-11-12,7383,2025-11-14,4,FA,4309,392,NN,Semillas,Convenio Syngenta Soja Completo,Soja,75000.0,2025
2025-10-30,425889,1959.0,2025-11-06,7331,2025-11-10,4,FA,4288,392,NN,Semillas,Convenio Syngenta Soja Completo,Soja,75000.0,2025
2025-10-30,425890,1959.0,2025-11-06,7330,2025-11-10,4,FA,4288,392,NN,Semillas,Convenio Syngenta Soja Completo,Soja,75000.0,2025
2025-10-30,425891,1959.0,2025-11-06,7329,2025-11-10,4,FA,4288,392,NN,Semillas,Convenio Syngenta Soja Completo,Soja,75000.0,2025
2025-10-30,425892,1959.0,2025-11-06,7328,2025-11-10,4,FA,4288,392,NN,Semillas,Convenio Syngenta Soja Completo,Soja,75000.0,2025
2025-10-30,425893,1959.0,2025-11-06,7327,2025-11-10,4,FA,4288,392,NN,Semillas,Convenio Syngenta Soja Completo,Soja,75000.0,2025
2025-10-30,425894,1952.0,2025-12-01,7451,2025-12-01,4,FA,4372,104,NN,Semillas,Gatton Panic,Gatton Panic,90200.0,2025
2025-10-31,425896,1961.0,2025-11-07,7365,2025-11-10,4,FA,4288,392,NN,Semillas,Convenio Syngenta Soja Completo,Soja,75000.0,2025
2025-10-31,425897,1961.0,2025-11-07,7364,2025-11-10,4,FA,4288,392,NN,Semillas,Convenio Syngenta Soja Completo,Soja,75000.0,2025
2025-10-31,425898,1961.0,2025-11-07,7363,2025-11-10,4,FA,4288,392,NN,Semillas,Convenio Syngenta Soja Completo,Soja,75000.0,2025
2025-10-31,425899,1962.0,2025-11-07,7366,2025-11-14,4,FA,4318,2795,NN,Semillas,Soja,Soja,88600.0,2025
2025-10-31,425900,1963.0,2025-11-07,7361,2025-11-10,4,FA,4284,4339,NN,Semillas,Poder + Peso,Soja,64000.0,2025
2025-10-31,425901,1964.0,2025-11-07,7362,2025-11-10,4,FA,4293,1425,NN,Semillas,Fuerza Total,Soja,62800.0,2025
2025-11-03,425902,1965.0,2025-11-11,7373,2025-11-14,4,FA,4312,4619,NN,Semillas,Fuerza Total,Soja,62800.0,2025
2025-11-03,425903,1966.0,2025-11-10,7368,2025-11-14,4,FA,4311,6034,NN,Semillas,Fuerza Total,Maíz,62800.0,2025
2025-11-03,425904,1967.0,2025-11-10,7371,2025-11-14,4,FA,4318,2795,NN,Semillas,Soja,Soja,88600.0,2025
2025-11-03,425905,1967.0,2025-11-10,7370,2025-11-14,4,FA,4318,2795,NN,Semillas,Soja,Soja,88600.0,2025
2025-11-03,425906,1967.0,2025-11-10,7369,2025-11-14,4,FA,4318,2795,NN,Semillas,Soja,Soja,88600.0,2025
2025-11-04,425909,1968.0,2025-11-12,7377,2025-11-14,4,FA,4308,1161,NN,Semillas,Fuerza Total,Soja,62800.0,2025
2025-11-04,425910,1969.0,2025-11-12,7376,2025-11-14,4,FA,4316,1897,NN,Semillas,Fuerza Total,Soja,62800.0,2025
2025-11-04,425911,1969.0,2025-11-12,7375,2025-11-14,4,FA,4316,1897,NN,Semillas,Fuerza Total,Soja,62800.0,2025
2025-11-04,425912,1969.0,2025-11-12,7374,2025-11-14,4,FA,4316,1897,NN,Semillas,Fuerza Total,Soja,62800.0,2025
2025-11-04,425913,1970.0,2025-11-28,7437,2025-12-01,4,FA,4371,62,NN,Semillas,Agropiro,Agropiro,52700.0,2025
2025-11-04,425914,1970.0,2025-11-28,7436,2025-12-01,4,FA,4371,62,NN,Semillas,Agropiro,Agropiro,52700.0,2025
2025-11-04,425915,1970.0,2025-11-28,7435,2025-12-01,4,FA,4371,62,NN,Semillas,Pasto Ovillo,Pasto Ovillo,52700.0,2025
2025-11-04,425916,1970.0,2025-11-17,7397,2025-11-19,4,FA,4331,62,NN,Semillas,Trebol Blanco,Trebol Blanco,52700.0,2025
2025-11-04,425917,1970.0,2025-11-17,7396,2025-11-19,4,FA,4331,62,NN,Semillas,Trebol Blanco,Trebol Blanco,52700.0,2025
2025-11-04,425918,1970.0,2025-11-19,7419,2025-11-25,4,FA,4339,62,NN,Semillas,Lotus Tenuis,Lotus Tenuis,52700.0,2025
2025-11-04,425919,1970.0,2025-11-19,7418,2025-11-25,4,FA,4339,62,NN,Semillas,Lotus Corniculatus,Lotus Corniculatus,52700.0,2025
2025-11-05,425947,1971.0,2025-11-13,7390,2025-11-14,4,FA,4315,981,NN,Semillas,Fuerza Total,Soja,62800.0,2025
2025-11-05,425948,1971.0,2025-11-13,7389,2025-11-14,4,FA,4315,981,NN,Semillas,Fuerza Total,Soja,62800.0,2025
2025-11-05,425949,1972.0,2025-11-25,7427,2025-12-01,4,FA,4382,6035,NN,Semillas,Grama Rhodes,Grama Rhodes,90200.0,2025
2025-11-06,425950,1975.0,2025-11-20,7420,2025-11-25,4,FA,4348,6036,NN,Semillas,Fuerza Total,Avena Blanca / Amarilla/ Byzantina,62800.0,2025
2025-11-05,425955,1973.0,2025-11-12,7388,2025-11-14,4,FA,4309,392,NN,Semillas,Soja,Soja,55000.0,2025
2025-11-06,426004,1974.0,2025-11-12,7384,2025-11-14,4,FA,4318,2795,NN,Semillas,Soja,Soja,88600.0,2025
2025-11-06,426005,1974.0,2025-11-12,7387,2025-11-14,4,FA,4319,2795,NN,Semillas,Soja,Soja,25000.0,2025
2025-11-06,426006,1974.0,2025-11-12,7386,2025-11-14,4,FA,4319,2795,NN,Semillas,Soja,Soja,25000.0,2025
2025-11-06,426007,1974.0,2025-11-12,7385,2025-11-14,4,FA,4319,2795,NN,Semillas,Soja,Soja,25000.0,2025
2025-11-07,426011,1976.0,2025-11-14,7391,2025-11-14,4,FA,4307,2406,NN,Semillas,Soja,Soja,52700.0,2025
2025-11-07,426041,1977.0,2025-11-14,7393,2025-11-14,4,FA,4314,908,NN,Semillas,Fuerza Total,Soja,62800.0,2025
2025-11-07,426042,1977.0,2025-11-14,7392,2025-11-14,4,FA,4314,908,NN,Semillas,Fuerza Total,Soja,62800.0,2025
2025-11-10,426067,1978.0,2025-11-18,7413,2025-11-19,4,FA,4332,522,NN,Semillas,Poder + Peso,Soja,64000.0,2025
2025-11-10,426068,1978.0,2025-11-18,7412,2025-11-19,4,FA,4332,522,NN,Semillas,Poder + Peso,Soja,64000.0,2025
2025-11-10,426069,1978.0,2025-11-18,7411,2025-11-19,4,FA,4332,522,NN,Semillas,Poder + Peso,Soja,64000.0,2025
2025-11-10,426070,1978.0,2025-11-18,7410,2025-11-19,4,FA,4332,522,NN,Semillas,Poder + Peso,Soja,64000.0,2025
2025-11-10,426071,1978.0,2025-11-18,7409,2025-11-19,4,FA,4332,522,NN,Semillas,Poder + Peso,Soja,64000.0,2025
2025-11-10,426072,1978.0,2025-11-18,7408,2025-11-19,4,FA,4332,522,NN,Semillas,Poder + Peso,Soja,64000.0,2025
2025-11-10,426073,1978.0,2025-11-18,7407,2025-11-19,4,FA,4332,522,NN,Semillas,Poder + Peso,Soja,64000.0,2025
2025-11-10,426074,1978.0,2025-11-18,7406,2025-11-19,4,FA,4332,522,NN,Semillas,Poder + Peso,Soja,64000.0,2025
2025-11-10,426075,1978.0,2025-11-18,7405,2025-11-19,4,FA,4332,522,NN,Semillas,Poder + Peso,Soja,64000.0,2025
2025-11-10,426076,1978.0,2025-11-18,7404,2025-11-19,4,FA,4332,522,NN,Semillas,Poder + Peso,Soja,64000.0,2025
2025-11-10,426077,1978.0,2025-11-18,7403,2025-11-19,4,FA,4332,522,NN,Semillas,Poder + Peso,Soja,64000.0,2025
2025-11-10,426078,1978.0,2025-11-18,7402,2025-11-19,4,FA,4332,522,NN,Semillas,Poder + Peso,Soja,64000.0,2025
2025-11-10,426079,1978.0,2025-11-18,7401,2025-11-19,4,FA,4332,522,NN,Semillas,Poder + Peso,Soja,64000.0,2025
2025-11-10,426080,1978.0,2025-11-18,7400,2025-11-19,4,FA,4332,522,NN,Semillas,Poder + Peso,Soja,64000.0,2025
2025-11-10,426081,1978.0,2025-11-18,7399,2025-11-19,4,FA,4332,522,NN,Semillas,Poder + Peso,Soja,64000.0,2025
2025-11-11,426083,1979.0,2025-11-19,7415,2025-11-19,4,FA,4330,2853,NN,Semillas,Fuerza Total Curado,Soja,72700.0,2025
2025-11-11,426084,1979.0,2025-11-19,7414,2025-11-19,4,FA,4330,2853,NN,Semillas,Fuerza Total Curado,Soja,72700.0,2025
2025-11-11,426097,1980.0,2025-11-18,7398,2025-11-19,4,FA,4334,6034,NN,Semillas,Fuerza Total,Maíz,62800.0,2025
2025-11-12,426099,1981.0,2025-11-20,7423,2025-11-25,4,FA,4338,4557,NN,Semillas,Soja,Soja,52700.0,2025
2025-11-12,426100,1981.0,2025-11-20,7422,2025-11-25,4,FA,4338,4557,NN,Semillas,Soja,Soja,52700.0,2025
2025-11-12,426101,1981.0,2025-11-20,7421,2025-11-25,4,FA,4338,4557,NN,Semillas,Soja,Soja,52700.0,2025
2025-11-13,426157,1982.0,2025-11-21,7425,2025-11-25,4,FA,4336,436,NN,Semillas,Fuerza Total Curado,Soja,72700.0,2025
2025-11-13,426158,1983.0,2025-11-21,7424,2025-11-25,4,FA,4337,985,NN,Semillas,Fuerza Total Curado,Soja,72700.0,2025
2025-11-14,426166,1984.0,2025-11-21,7426,2025-11-25,4,FA,4340,392,NN,Semillas,Convenio Syngenta Soja Completo,Soja,75000.0,2025
2025-11-17,426177,1985.0,2025-12-01,7452,2025-12-01,4,FA,4375,700,NN,Semillas,Cold Test,Maíz,81400.0,2025
2025-11-17,426178,1986.0,2025-11-27,7433,2025-12-01,4,FA,4377,2269,NN,Semillas,Centeno,Centeno,102100.0,2025
2025-11-17,426179,1986.0,2025-11-25,7429,2025-12-01,4,FA,4377,2269,NN,Semillas,Arveja,Arveja,157100.0,2025
2025-11-18,426193,1987.0,2025-11-26,7431,2025-12-01,4,FA,4376,981,NN,Semillas,Fuerza Total,Soja,62800.0,2025
2025-11-19,426228,1988.0,2025-11-26,7430,2025-12-01,4,FA,4378,2911,NN,Semillas,Fuerza Total,Maíz,62800.0,2025
2025-11-20,426256,1990.0,2025-11-28,7441,2025-12-01,4,FA,4381,4890,NN,Semillas,Fuerza Total,Soja,62800.0,2025
2025-11-20,426257,1990.0,2025-11-28,7440,2025-12-01,4,FA,4381,4890,NN,Semillas,Fuerza Total,Soja,62800.0,2025
2025-11-20,426258,1989.0,2025-11-28,7439,2025-12-01,4,FA,4374,436,NN,Semillas,Fuerza Total Curado,Soja,72700.0,2025
2025-11-21,426293,1992.0,2025-11-28,7434,2025-12-01,4,FA,4373,392,NN,Semillas,Fuerza Total,Maíz,62800.0,2025
2025-11-20,426294,1991.0,2025-11-28,7438,2025-12-01,4,FA,4380,4557,NN,Semillas,Semilla Vital Para Soja,Soja,90200.0,2025
2025-11-21,426297,1993.0,2025-11-28,7445,2025-12-01,4,FA,4380,4557,NN,Semillas,Soja,Soja,52700.0,2025
2025-11-21,426298,1993.0,2025-11-28,7444,2025-12-01,4,FA,4380,4557,NN,Semillas,Soja,Soja,52700.0,2025
2025-11-21,426299,1993.0,2025-11-28,7443,2025-12-01,4,FA,4380,4557,NN,Semillas,Soja,Soja,52700.0,2025
2025-11-21,426300,1993.0,2025-11-28,7442,2025-12-01,4,FA,4380,4557,NN,Semillas,Soja,Soja,52700.0,2025
2025-11-21,426353,1994.0,2025-11-28,7450,2025-12-01,4,FA,4386,2795,NN,Semillas,Soja,Soja,25000.0,2025
2025-11-21,426354,1994.0,2025-11-28,7449,2025-12-01,4,FA,4386,2795,NN,Semillas,Soja,Soja,25000.0,2025
2025-11-21,426355,1994.0,2025-11-28,7448,2025-12-01,4,FA,4386,2795,NN,Semillas,Soja,Soja,25000.0,2025
2025-11-21,426356,1994.0,2025-11-28,7447,2025-12-01,4,FA,4386,2795,NN,Semillas,Soja,Soja,25000.0,2025
2025-11-21,426357,1994.0,2025-11-28,7446,2025-12-01,4,FA,4386,2795,NN,Semillas,Soja,Soja,25000.0,2025
2025-11-21,426490,1995.0,2025-12-03,7456,2025-12-15,4,FA,4419,4312,NN,Semillas,Trigo,Trigo,52700.0,2025
2025-11-21,426491,1995.0,2025-12-03,7455,2025-12-15,4,FA,4419,4312,NN,Semillas,Trigo,Trigo,52700.0,2025
2025-11-26,426638,1996.0,2025-12-11,7476,2025-12-15,4,FA,4422,104,NN,Semillas,Triticale,Triticale,52700.0,2025
2025-11-26,426639,1996.0,2025-12-03,7454,2025-12-15,4,FA,4422,104,NN,Semillas,Triticale,Triticale,52700.0,2025
2025-11-26,426640,1996.0,2025-12-10,7475,2025-12-15,4,FA,4422,104,NN,Semillas,Centeno,Centeno,52700.0,2025
2025-11-26,426641,1996.0,2025-12-03,7453,2025-12-15,4,FA,4422,104,NN,Semillas,Centeno,Centeno,52700.0,2025
2025-11-27,426642,1997.0,2025-12-09,7460,2025-12-15,4,FA,4416,6040,NN,Semillas,Doble Poder,Trigo,55000.0,2025
2025-11-27,426830,1998.0,2025-12-09,7473,2025-12-15,4,FA,4417,392,NN,Semillas,Trigo,Trigo,41500.0,2025
2025-11-27,426831,1998.0,2025-12-09,7472,2025-12-15,4,FA,4417,392,NN,Semillas,Trigo,Trigo,41500.0,2025
2025-11-27,426832,1998.0,2025-12-09,7471,2025-12-15,4,FA,4417,392,NN,Semillas,Trigo,Trigo,41500.0,2025
2025-11-27,426833,1998.0,2025-12-09,7470,2025-12-15,4,FA,4417,392,NN,Semillas,Trigo,Trigo,41500.0,2025
2025-11-27,426834,1998.0,2025-12-09,7469,2025-12-15,4,FA,4417,392,NN,Semillas,Trigo,Trigo,41500.0,2025
2025-11-27,426835,1998.0,2025-12-09,7468,2025-12-15,4,FA,4417,392,NN,Semillas,Trigo,Trigo,41500.0,2025
2025-11-27,426836,1998.0,2025-12-09,7467,2025-12-15,4,FA,4417,392,NN,Semillas,Trigo,Trigo,41500.0,2025
2025-11-27,426837,1998.0,2025-12-09,7466,2025-12-15,4,FA,4417,392,NN,Semillas,Trigo,Trigo,41500.0,2025
2025-11-27,426838,1998.0,2025-12-09,7465,2025-12-15,4,FA,4417,392,NN,Semillas,Trigo,Trigo,41500.0,2025
2025-11-27,426839,1998.0,2025-12-09,7464,2025-12-15,4,FA,4417,392,NN,Semillas,Trigo,Trigo,41500.0,2025
2025-11-27,426840,1998.0,2025-12-09,7463,2025-12-15,4,FA,4417,392,NN,Semillas,Trigo,Trigo,41500.0,2025
2025-11-27,426841,1998.0,2025-12-09,7462,2025-12-15,4,FA,4417,392,NN,Semillas,Trigo,Trigo,41500.0,2025
2025-11-28,426986,1999.0,2025-12-09,7461,2025-12-15,4,FA,4418,4396,NN,Semillas,Fuerza Total,Centeno,62800.0,2025
2025-11-28,426987,2000.0,2025-12-05,7457,2025-12-15,4,FA,4420,1660,NN,Semillas,Soja,Soja,86200.0,2025
2025-12-01,427076,2001.0,2025-12-12,7486,2025-12-15,4,FA,4421,1286,NN,Semillas,Fuerza Total,Trigo,62800.0,2025
2025-12-01,427077,2001.0,2025-12-12,7485,2025-12-15,4,FA,4421,1286,NN,Semillas,Fuerza Total,Trigo,62800.0,2025
2025-12-01,427078,2001.0,2025-12-12,7484,2025-12-15,4,FA,4421,1286,NN,Semillas,Fuerza Total,Trigo,62800.0,2025
2025-12-01,427079,2001.0,2025-12-12,7483,2025-12-15,4,FA,4421,1286,NN,Semillas,Fuerza Total,Trigo,62800.0,2025
2025-12-01,427080,2001.0,2025-12-12,7482,2025-12-15,4,FA,4421,1286,NN,Semillas,Fuerza Total,Trigo,62800.0,2025
2025-12-01,427081,2001.0,2025-12-12,7481,2025-12-15,4,FA,4421,1286,NN,Semillas,Fuerza Total,Trigo,62800.0,2025
2025-12-01,427082,2001.0,2025-12-12,7480,2025-12-15,4,FA,4421,1286,NN,Semillas,Fuerza Total,Trigo,62800.0,2025
2025-12-01,427083,2002.0,2025-12-15,7487,2025-12-19,4,FA,4445,104,NN,Semillas,Triticale,Triticale,52700.0,2025
2025-12-01,427084,2002.0,2025-12-09,7459,2025-12-15,4,FA,4422,104,NN,Semillas,Triticale,Triticale,52700.0,2025
2025-12-01,427085,2002.0,2025-12-12,7478,2025-12-15,4,FA,4422,104,NN,Semillas,Cebada,Cebada,52700.0,2025
2025-12-01,427086,2002.0,2025-12-09,7458,2025-12-15,4,FA,4422,104,NN,Semillas,Cebada,Cebada,52700.0,2025
2025-12-03,427480,2003.0,2026-01-02,7503,2026-01-12,4,FA,4489,62,NN,Semillas,Gatton Panic,Gatton Panic,90200.0,2025
2025-12-03,427481,2004.0,2025-12-12,7479,2025-12-15,4,FA,4422,104,NN,Semillas,Avena Blanca / Amarilla/ Byzantina,Avena Blanca / Amarilla/ Byzantina,52700.0,2025
2025-12-03,427482,2004.0,2025-12-19,7491,2025-12-26,4,FA,4459,104,NN,Semillas,Avena Blanca / Amarilla/ Byzantina,Avena Blanca / Amarilla/ Byzantina,52700.0,2025
2025-12-03,427483,2004.0,2025-12-10,7474,2025-12-15,4,FA,4422,104,NN,Semillas,Centeno,Centeno,52700.0,2025
2025-12-03,427484,2004.0,2025-12-17,7489,2025-12-19,4,FA,4445,104,NN,Semillas,Centeno,Centeno,52700.0,2025
2025-12-05,427747,2005.0,2025-12-12,7477,2025-12-15,4,FA,4423,981,NN,Semillas,Fuerza Total,Maíz,62800.0,2025
2025-12-10,427931,2006.0,2025-12-16,7488,2025-12-19,4,FA,4446,5179,NN,Semillas,Fuerza Total,Sesamo,62800.0,2025
2025-12-10,427949,2007.0,2025-12-23,7496,2025-12-26,4,FA,4461,3941,NN,Semillas,Trigo,Trigo,41500.0,2025
2025-12-10,427950,2007.0,2025-12-23,7495,2025-12-26,4,FA,4461,3941,NN,Semillas,Trigo,Trigo,41500.0,2025
2025-12-10,427951,2007.0,2025-12-23,7494,2025-12-26,4,FA,4461,3941,NN,Semillas,Trigo,Trigo,41500.0,2025
2025-12-11,428107,2008.0,2025-12-19,7492,2025-12-26,4,FA,4460,1409,NN,Semillas,Fuerza Total Curado,Soja,72700.0,2025
2025-12-12,428177,2009.0,2025-12-26,7499,2026-01-12,4,FA,4491,104,NN,Semillas,Centeno,Centeno,52700.0,2025
2025-12-12,428178,2009.0,2025-12-19,7490,2025-12-26,4,FA,4459,104,NN,Semillas,Centeno,Centeno,52700.0,2025
2025-12-12,428179,2010.0,2025-12-19,7493,2025-12-26,4,FA,4462,6034,NN,Semillas,Fuerza Total,Maíz,62800.0,2025
2025-12-15,428203,2011.0,2026-01-21,7537,2026-01-28,4,FA,4535,4281,NN,Semillas,Gatton Panic,Gatton Panic,90200.0,2025
2025-12-15,428204,2011.0,2026-01-21,7536,2026-01-28,4,FA,4535,4281,NN,Semillas,Gatton Panic,Gatton Panic,90200.0,2025
2025-12-15,428205,2011.0,2026-01-14,7522,2026-01-16,4,FA,4509,4281,NN,Semillas,Panicum Coloratum,Panicum Coloratum,90200.0,2025
2025-12-15,428228,2012.0,2025-12-26,7498,2026-01-12,4,FA,4487,4329,NN,Semillas,Centeno,Centeno,52700.0,2025
2025-12-15,428229,2012.0,2025-12-26,7497,2026-01-12,4,FA,4487,4329,NN,Semillas,Centeno,Centeno,52700.0,2025
2025-12-18,428231,2013.0,2025-12-29,7501,2026-01-12,4,FA,4490,1286,NN,Semillas,Centeno,Centeno,52700.0,2025
2025-12-18,428232,2013.0,2025-12-29,7502,2026-01-12,4,FA,4490,1286,NN,Semillas,Fuerza Total,Trigo,62800.0,2025
2025-12-19,428399,2014.0,2025-12-29,7500,2026-01-12,4,FA,4486,2911,NN,Semillas,Maíz,Maíz,52700.0,2025
2025-12-23,428473,2018.0,2026-01-12,7520,2026-01-16,4,FA,4506,1959,NN,Semillas,Festuca,Festuca,135000.0,2025
2025-12-23,428475,2015.0,2026-01-07,7512,2026-01-12,4,FA,4489,62,NN,Semillas,Lotus Corniculatus,Lotus Corniculatus,52700.0,2025
2025-12-23,428476,2015.0,2026-01-07,7511,2026-01-12,4,FA,4489,62,NN,Semillas,Lotus Corniculatus,Lotus Corniculatus,52700.0,2025
2025-12-23,428477,2015.0,2026-01-07,7510,2026-01-12,4,FA,4489,62,NN,Semillas,Lotus Corniculatus,Lotus Corniculatus,52700.0,2025
2025-12-23,428478,2015.0,2026-01-07,7509,2026-01-12,4,FA,4489,62,NN,Semillas,Lotus Corniculatus,Lotus Corniculatus,52700.0,2025
2025-12-23,428479,2015.0,2026-01-16,7529,2026-01-16,4,FA,4508,62,NN,Semillas,Agropiro,Agropiro,52700.0,2025
2025-12-23,428480,2015.0,2026-01-16,7528,2026-01-16,4,FA,4508,62,NN,Semillas,Agropiro,Agropiro,52700.0,2025
2025-12-23,428481,2015.0,2026-01-05,7508,2026-01-12,4,FA,4489,62,NN,Semillas,Trebol Rojo,Trebol Rojo,52700.0,2025
2025-12-23,428482,2016.0,2026-01-16,7527,2026-01-16,4,FA,4508,62,NN,Semillas,Semilla Vital,Agropiro,90200.0,2025
2025-12-23,428483,2016.0,2026-01-16,7526,2026-01-16,4,FA,4508,62,NN,Semillas,Semilla Vital,Agropiro,90200.0,2025
2025-12-23,428484,2016.0,2026-01-16,7525,2026-01-16,4,FA,4508,62,NN,Semillas,Semilla Vital,Agropiro,90200.0,2025
2025-12-23,428485,2017.0,2026-01-09,7516,2026-01-12,4,FA,4491,104,NN,Semillas,Avena Blanca / Amarilla/ Byzantina,Avena Blanca / Amarilla/ Byzantina,52700.0,2025
2025-12-23,428486,2017.0,2026-01-02,7507,2026-01-12,4,FA,4491,104,NN,Semillas,Avena Blanca / Amarilla/ Byzantina,Avena Blanca / Amarilla/ Byzantina,52700.0,2025
2025-12-23,428487,2017.0,2026-01-09,7515,2026-01-12,4,FA,4491,104,NN,Semillas,Avena Blanca / Amarilla/ Byzantina,Avena Blanca / Amarilla/ Byzantina,52700.0,2025
2025-12-23,428488,2017.0,2026-01-02,7506,2026-01-12,4,FA,4491,104,NN,Semillas,Avena Blanca / Amarilla/ Byzantina,Avena Blanca / Amarilla/ Byzantina,52700.0,2025
2025-12-23,428489,2017.0,2026-01-07,7514,2026-01-12,4,FA,4491,104,NN,Semillas,Centeno,Centeno,52700.0,2025
2025-12-23,428490,2017.0,2026-01-02,7505,2026-01-12,4,FA,4491,104,NN,Semillas,Centeno,Centeno,52700.0,2025
2025-12-23,428491,2017.0,2026-01-07,7513,2026-01-12,4,FA,4491,104,NN,Semillas,Centeno,Centeno,52700.0,2025
2025-12-23,428492,2017.0,2026-01-02,7504,2026-01-12,4,FA,4491,104,NN,Semillas,Centeno,Centeno,52700.0,2025
2026-01-05,428593,2022.0,2026-02-06,7617,2026-02-24,4,FA,4588,4281,NN,Semillas,Gatton Panic,Gatton Panic,100000.0,2026
2026-01-02,428744,2019.0,2026-01-12,7518,2026-01-12,4,FA,4493,981,NN,Semillas,Fuerza Total,Trigo,62800.0,2026
2026-01-02,428745,2019.0,2026-01-12,7517,2026-01-12,4,FA,4493,981,NN,Semillas,Fuerza Total,Trigo,62800.0,2026
2026-01-02,428746,2020.0,2026-01-15,7524,2026-01-16,4,FA,4508,62,NN,Semillas,Semilla Vital,Rye Grass Anual,90200.0,2026
2026-01-02,428747,2020.0,2026-01-15,7523,2026-01-16,4,FA,4508,62,NN,Semillas,Semilla Vital,Rye Grass Anual,90200.0,2026
2026-01-05,428801,2022.0,2026-02-06,7616,2026-02-24,4,FA,4588,4281,NN,Semillas,Gatton Panic,Gatton Panic,100000.0,2026
2026-01-05,428802,2022.0,2026-02-06,7615,2026-02-24,4,FA,4588,4281,NN,Semillas,Gatton Panic,Gatton Panic,100000.0,2026
2026-01-07,428878,2023.0,2026-01-19,7531,2026-01-20,4,FA,4519,104,NN,Semillas,Centeno,Centeno,58000.0,2026
2026-01-07,428879,2023.0,2026-01-19,7530,2026-01-20,4,FA,4519,104,NN,Semillas,Centeno,Centeno,58000.0,2026
2026-01-09,429062,2024.0,2026-01-22,7538,2026-01-28,4,FA,4529,62,NN,Semillas,Semilla Vital,Rye Grass Anual,100000.0,2026
2026-01-09,429063,2024.0,2026-01-22,7539,2026-01-28,4,FA,4529,62,NN,Semillas,Sorgo,Sorgo,58000.0,2026
2026-01-09,429064,2024.0,2026-01-26,7550,2026-01-28,4,FA,4529,62,NN,Semillas,Vicia,Vicia,58000.0,2026
2026-01-12,429076,2025.0,2026-01-20,7534,2026-01-20,4,FA,4520,3660,NN,Semillas,Semilla Vital Para Soja,Soja,100000.0,2026
2026-01-12,429077,2025.0,2026-01-13,7521,2026-01-16,4,FA,4507,3660,NN,Semillas,Soja,Soja,43000.0,2026
2026-01-12,429115,2026.0,2026-01-30,7612,2026-01-30,4,FA,4544,4557,NN,Semillas,Vicia,Vicia,58000.0,2026
2026-01-12,429116,2026.0,2026-01-30,7611,2026-01-30,4,FA,4544,4557,NN,Semillas,Vicia,Vicia,58000.0,2026
2026-01-12,429117,2026.0,2026-01-30,7610,2026-01-30,4,FA,4544,4557,NN,Semillas,Vicia,Vicia,58000.0,2026
2026-01-12,429118,2026.0,2026-01-30,7609,2026-01-30,4,FA,4544,4557,NN,Semillas,Vicia,Vicia,58000.0,2026
2026-01-12,429119,2026.0,2026-01-20,7532,2026-01-20,4,FA,4521,4557,NN,Semillas,Arveja,Arveja,58000.0,2026
2026-01-12,429120,2026.0,2026-01-23,7549,2026-01-28,4,FA,4536,4557,NN,Semillas,Centeno,Centeno,58000.0,2026
2026-01-12,429121,2026.0,2026-01-23,7548,2026-01-28,4,FA,4536,4557,NN,Semillas,Centeno,Centeno,58000.0,2026
2026-01-13,429149,2028.0,2026-01-22,7546,2026-01-28,4,FA,4531,714,NN,Semillas,Convenio Syngenta Trigo,Trigo,84000.0,2026
2026-01-13,429150,2028.0,2026-01-22,7545,2026-01-28,4,FA,4531,714,NN,Semillas,Convenio Syngenta Trigo,Trigo,84000.0,2026
2026-01-13,429151,2028.0,2026-01-22,7544,2026-01-28,4,FA,4531,714,NN,Semillas,Convenio Syngenta Trigo,Trigo,84000.0,2026
2026-01-13,429152,2028.0,2026-01-22,7543,2026-01-28,4,FA,4531,714,NN,Semillas,Convenio Syngenta Trigo,Trigo,84000.0,2026
2026-01-13,429153,2028.0,2026-01-22,7542,2026-01-28,4,FA,4531,714,NN,Semillas,Convenio Syngenta Trigo,Trigo,84000.0,2026
2026-01-13,429154,2028.0,2026-01-22,7541,2026-01-28,4,FA,4531,714,NN,Semillas,Convenio Syngenta Trigo,Trigo,84000.0,2026
2026-01-13,429155,2028.0,2026-01-22,7540,2026-01-28,4,FA,4531,714,NN,Semillas,Convenio Syngenta Trigo,Trigo,84000.0,2026
2026-01-13,429156,2027.0,2026-01-20,7533,2026-01-20,4,FA,4520,3660,NN,Semillas,Soja,Soja,46000.0,2026
2026-01-14,429191,2029.0,2026-02-09,7620,2026-02-24,4,FA,4589,4149,NN,Semillas,Semilla Vital,Vicia,100000.0,2026
2026-01-14,429192,2029.0,2026-02-09,7619,2026-02-24,4,FA,4589,4149,NN,Semillas,Semilla Vital,Vicia,100000.0,2026
2026-01-14,429193,2029.0,2026-01-26,7551,2026-01-28,4,FA,4534,4149,NN,Semillas,Semilla Vital,Centeno,100000.0,2026
2026-01-19,429194,2039.0,2026-01-27,7591,2026-01-28,4,FA,4530,522,NN,Semillas,Fuerza Total,Trigo,70000.0,2026
2026-01-14,429262,2030.0,2026-01-26,7566,2026-01-28,4,FA,4530,522,NN,Semillas,Trigo,Trigo,118000.0,2026
2026-01-14,429263,2030.0,2026-01-26,7565,2026-01-28,4,FA,4530,522,NN,Semillas,Trigo,Trigo,118000.0,2026
2026-01-14,429264,2030.0,2026-01-26,7564,2026-01-28,4,FA,4530,522,NN,Semillas,Trigo,Trigo,118000.0,2026
2026-01-14,429265,2030.0,2026-01-26,7563,2026-01-28,4,FA,4530,522,NN,Semillas,Trigo,Trigo,118000.0,2026
2026-01-14,429266,2030.0,2026-01-26,7562,2026-01-28,4,FA,4530,522,NN,Semillas,Trigo,Trigo,118000.0,2026
2026-01-14,429267,2030.0,2026-01-26,7561,2026-01-28,4,FA,4530,522,NN,Semillas,Trigo,Trigo,118000.0,2026
2026-01-14,429268,2030.0,2026-01-26,7560,2026-01-28,4,FA,4530,522,NN,Semillas,Trigo,Trigo,118000.0,2026
2026-01-14,429269,2030.0,2026-01-26,7559,2026-01-28,4,FA,4530,522,NN,Semillas,Trigo,Trigo,118000.0,2026
2026-01-14,429270,2030.0,2026-01-26,7558,2026-01-28,4,FA,4530,522,NN,Semillas,Trigo,Trigo,118000.0,2026
2026-01-14,429271,2030.0,2026-01-26,7557,2026-01-28,4,FA,4530,522,NN,Semillas,Trigo,Trigo,118000.0,2026
2026-01-14,429272,2030.0,2026-01-26,7556,2026-01-28,4,FA,4530,522,NN,Semillas,Trigo,Trigo,118000.0,2026
2026-01-14,429273,2030.0,2026-01-26,7555,2026-01-28,4,FA,4530,522,NN,Semillas,Trigo,Trigo,118000.0,2026
2026-01-14,429274,2030.0,2026-01-26,7554,2026-01-28,4,FA,4530,522,NN,Semillas,Trigo,Trigo,118000.0,2026
2026-01-14,429275,2030.0,2026-01-26,7553,2026-01-28,4,FA,4530,522,NN,Semillas,Trigo,Trigo,118000.0,2026
2026-01-15,429276,2031.0,2026-01-29,7595,2026-01-30,4,FA,4538,62,NN,Semillas,Rye Grass Anual,Rye Grass Anual,58000.0,2026
2026-01-15,429277,2031.0,2026-02-09,7618,2026-02-24,4,FA,4583,62,NN,Semillas,Pasto Ovillo,Pasto Ovillo,58000.0,2026
2026-01-19,429278,2039.0,2026-01-27,7590,2026-01-28,4,FA,4530,522,NN,Semillas,Fuerza Total,Trigo,70000.0,2026
2026-01-19,429279,2039.0,2026-01-27,7589,2026-01-28,4,FA,4530,522,NN,Semillas,Fuerza Total,Trigo,70000.0,2026
2026-01-19,429280,2039.0,2026-01-27,7588,2026-01-28,4,FA,4530,522,NN,Semillas,Fuerza Total,Trigo,70000.0,2026
2026-01-19,429281,2039.0,2026-01-27,7587,2026-01-28,4,FA,4530,522,NN,Semillas,Fuerza Total,Trigo,70000.0,2026
2026-01-19,429282,2039.0,2026-01-27,7586,2026-01-28,4,FA,4530,522,NN,Semillas,Fuerza Total,Trigo,70000.0,2026
2026-01-19,429283,2039.0,2026-01-27,7585,2026-01-28,4,FA,4530,522,NN,Semillas,Fuerza Total,Trigo,70000.0,2026
2026-01-19,429284,2039.0,2026-01-27,7584,2026-01-28,4,FA,4530,522,NN,Semillas,Fuerza Total,Trigo,70000.0,2026
2026-01-19,429285,2039.0,2026-01-27,7583,2026-01-28,4,FA,4530,522,NN,Semillas,Fuerza Total,Trigo,70000.0,2026
2026-01-19,429286,2039.0,2026-01-27,7582,2026-01-28,4,FA,4530,522,NN,Semillas,Fuerza Total,Trigo,70000.0,2026
2026-01-19,429287,2039.0,2026-01-27,7581,2026-01-28,4,FA,4530,522,NN,Semillas,Fuerza Total,Trigo,70000.0,2026
2026-01-19,429288,2039.0,2026-01-27,7580,2026-01-28,4,FA,4530,522,NN,Semillas,Fuerza Total,Trigo,70000.0,2026
2026-01-19,429289,2039.0,2026-01-27,7579,2026-01-28,4,FA,4530,522,NN,Semillas,Fuerza Total,Trigo,70000.0,2026
2026-01-19,429290,2039.0,2026-01-27,7578,2026-01-28,4,FA,4530,522,NN,Semillas,Fuerza Total,Trigo,70000.0,2026
2026-01-19,429291,2039.0,2026-01-27,7577,2026-01-28,4,FA,4530,522,NN,Semillas,Fuerza Total,Trigo,70000.0,2026
2026-01-19,429292,2039.0,2026-01-27,7576,2026-01-28,4,FA,4530,522,NN,Semillas,Fuerza Total,Trigo,70000.0,2026
2026-01-19,429293,2039.0,2026-01-27,7575,2026-01-28,4,FA,4530,522,NN,Semillas,Fuerza Total,Trigo,70000.0,2026
2026-01-19,429294,2039.0,2026-01-27,7574,2026-01-28,4,FA,4530,522,NN,Semillas,Fuerza Total,Trigo,70000.0,2026
2026-01-19,429295,2039.0,2026-01-27,7573,2026-01-28,4,FA,4530,522,NN,Semillas,Fuerza Total,Trigo,70000.0,2026
2026-01-19,429296,2039.0,2026-01-27,7572,2026-01-28,4,FA,4530,522,NN,Semillas,Fuerza Total,Trigo,70000.0,2026
2026-01-19,429297,2039.0,2026-01-27,7571,2026-01-28,4,FA,4530,522,NN,Semillas,Fuerza Total,Trigo,70000.0,2026
2026-01-19,429298,2039.0,2026-01-27,7570,2026-01-28,4,FA,4530,522,NN,Semillas,Fuerza Total,Trigo,70000.0,2026
2026-01-19,429299,2039.0,2026-01-27,7569,2026-01-28,4,FA,4530,522,NN,Semillas,Fuerza Total,Trigo,70000.0,2026
2026-01-19,429300,2039.0,2026-01-27,7568,2026-01-28,4,FA,4530,522,NN,Semillas,Fuerza Total,Trigo,70000.0,2026
2026-01-19,429301,2039.0,2026-01-27,7567,2026-01-28,4,FA,4530,522,NN,Semillas,Fuerza Total,Trigo,70000.0,2026
2026-01-16,429429,2032.0,2026-02-18,7636,2026-02-24,4,FA,4583,62,NN,Semillas,Gatton Panic,Gatton Panic,100000.0,2026
2026-01-16,429430,2033.0,2026-01-30,7608,2026-01-30,4,FA,4539,104,NN,Semillas,Centeno,Centeno,58000.0,2026
2026-01-16,429431,2033.0,2026-01-30,7607,2026-01-30,4,FA,4539,104,NN,Semillas,Centeno,Centeno,58000.0,2026
2026-01-16,429432,2034.0,2026-01-29,7597,2026-01-30,4,FA,4540,104,NN,Semillas,Pasto Lloron,Pasto Lloron,58000.0,2026
2026-01-16,429433,2034.0,2026-01-29,7596,2026-01-30,4,FA,4540,104,NN,Semillas,Pasto Lloron,Pasto Lloron,58000.0,2026
2026-01-16,429434,2035.0,2026-01-26,7552,2026-01-28,4,FA,4532,2801,NN,Semillas,Poroto,Poroto,58000.0,2026
2026-01-19,429440,2036.0,2026-02-20,7655,2026-02-24,4,FA,4587,2390,NN,Semillas,Semilla Vital,Buffel Grass,100000.0,2026
2026-01-19,429441,2037.0,2026-01-29,7604,2026-01-30,4,FA,4545,9261,NN,Semillas,Convenio Syngenta Trigo,Trigo,84000.0,2026
2026-01-19,429442,2037.0,2026-01-29,7603,2026-01-30,4,FA,4545,9261,NN,Semillas,Convenio Syngenta Trigo,Trigo,84000.0,2026
2026-01-19,429443,2037.0,2026-01-29,7602,2026-01-30,4,FA,4545,9261,NN,Semillas,Convenio Syngenta Trigo,Trigo,84000.0,2026
2026-01-19,429444,2037.0,2026-01-29,7601,2026-01-30,4,FA,4545,9261,NN,Semillas,Convenio Syngenta Trigo,Trigo,84000.0,2026
2026-01-19,429445,2037.0,2026-01-29,7600,2026-01-30,4,FA,4545,9261,NN,Semillas,Convenio Syngenta Trigo,Trigo,84000.0,2026
2026-01-19,429446,2037.0,2026-01-29,7599,2026-01-30,4,FA,4545,9261,NN,Semillas,Convenio Syngenta Trigo,Trigo,84000.0,2026
2026-01-19,429447,2037.0,2026-01-29,7598,2026-01-30,4,FA,4545,9261,NN,Semillas,Convenio Syngenta Trigo,Trigo,84000.0,2026
2026-01-19,429455,2038.0,2026-01-28,7592,2026-01-30,4,FA,4543,3660,NN,Semillas,Soja,Soja,134000.0,2026
2026-01-19,429456,2038.0,2026-01-21,7535,2026-01-28,4,FA,4533,3660,NN,Semillas,Soja,Soja,43000.0,2026
2026-01-20,429487,2038.0,2026-01-30,7613,2026-02-24,4,FA,4581,3660,NN,Semillas,Melilotus Albus,Melilotus Albus,134000.0,2026
2026-01-20,429488,2038.0,2026-01-22,7547,2026-01-28,4,FA,4533,3660,NN,Semillas,Melilotus Albus,Melilotus Albus,43000.0,2026
2026-01-20,429489,2040.0,2026-01-30,7606,2026-01-30,4,FA,4541,1311,NN,Semillas,Trigo,Trigo,58000.0,2026
2026-01-20,429490,2040.0,2026-01-30,7605,2026-01-30,4,FA,4541,1311,NN,Semillas,Trigo,Trigo,58000.0,2026
2026-01-26,429866,2041.0,2026-02-13,7631,2026-02-24,4,FA,4592,104,NN,Semillas,Festuca,Festuca,58000.0,2026
2026-01-26,429867,2041.0,2026-01-29,7593,2026-01-30,4,FA,4540,104,NN,Semillas,Festuca,Festuca,43000.0,2026
2026-01-26,429868,2042.0,2026-02-03,7614,2026-02-24,4,FA,4580,1363,NN,Semillas,Maíz,Maíz,58000.0,2026
2026-01-28,429998,2043.0,2026-03-02,7726,2026-03-04,4,FA,4621,1856,NN,Semillas,Semilla Vital,Buffel Grass,100000.0,2026
2026-01-28,429999,2043.0,2026-01-29,7594,2026-01-30,4,FA,4542,1856,NN,Semillas,Buffel Grass,Buffel Grass,43000.0,2026
2026-01-28,430000,2044.0,2026-03-02,7727,2026-03-04,4,FA,4620,4281,NN,Semillas,Gatton Panic,Gatton Panic,100000.0,2026
2026-02-03,430304,2045.0,2026-02-11,7628,2026-02-24,4,FA,4591,1453,NN,Semillas,Fuerza Total Curado,Garbanzo,80000.0,2026
2026-02-03,430305,2045.0,2026-02-11,7627,2026-02-24,4,FA,4591,1453,NN,Semillas,Fuerza Total Curado,Garbanzo,80000.0,2026
2026-02-03,430306,2045.0,2026-02-11,7626,2026-02-24,4,FA,4591,1453,NN,Semillas,Fuerza Total Curado,Garbanzo,80000.0,2026
2026-02-03,430307,2045.0,2026-02-11,7625,2026-02-24,4,FA,4591,1453,NN,Semillas,Fuerza Total Curado,Garbanzo,80000.0,2026
2026-02-03,430308,2045.0,2026-02-11,7624,2026-02-24,4,FA,4591,1453,NN,Semillas,Fuerza Total Curado,Garbanzo,80000.0,2026
2026-02-03,430309,2045.0,2026-02-11,7623,2026-02-24,4,FA,4591,1453,NN,Semillas,Fuerza Total Curado,Garbanzo,80000.0,2026
2026-02-03,430310,2045.0,2026-02-11,7622,2026-02-24,4,FA,4591,1453,NN,Semillas,Fuerza Total Curado,Garbanzo,80000.0,2026
2026-02-03,430311,2045.0,2026-02-11,7621,2026-02-24,4,FA,4591,1453,NN,Semillas,Fuerza Total Curado,Garbanzo,80000.0,2026
2026-02-03,430312,2046.0,2026-02-13,7630,2026-02-24,4,FA,4582,4557,NN,Semillas,Centeno,Centeno,58000.0,2026
2026-02-03,430313,2047.0,2026-02-18,7646,2026-02-24,4,FA,4583,62,NN,Semillas,Alfalfa,Alfalfa,101000.0,2026
2026-02-03,430314,2047.0,2026-02-18,7645,2026-02-24,4,FA,4583,62,NN,Semillas,Alfalfa,Alfalfa,101000.0,2026
2026-02-03,430315,2047.0,2026-02-23,7644,2026-02-24,4,FA,4583,62,NN,Semillas,Alfalfa,Alfalfa,101000.0,2026
2026-02-03,430316,2047.0,2026-02-18,7643,2026-02-24,4,FA,4583,62,NN,Semillas,Alfalfa,Alfalfa,101000.0,2026
2026-02-03,430317,2047.0,2026-02-18,7632,2026-02-24,4,FA,4583,62,NN,Semillas,Lotus Corniculatus,Lotus Corniculatus,58000.0,2026
2026-02-03,430318,2047.0,2026-02-20,7654,2026-02-24,4,FA,4583,62,NN,Semillas,Grama Rhodes,Grama Rhodes,100000.0,2026
2026-02-03,430319,2047.0,2026-02-20,7653,2026-02-24,4,FA,4583,62,NN,Semillas,Festuca,Festuca,150000.0,2026
2026-02-03,430320,2047.0,2026-02-20,7652,2026-02-24,4,FA,4583,62,NN,Semillas,Festuca,Festuca,58000.0,2026
2026-02-03,430321,2047.0,2026-02-24,7690,2026-03-04,4,FA,4618,62,NN,Semillas,Semilla Vital Megatérmicas,Urochloa Ruziziensis,100000.0,2026
2026-02-09,430322,2052.0,2026-02-12,7629,2026-02-24,4,FA,4594,6050,NN,Semillas,Fuerza Total,Maíz,70000.0,2026
2026-02-04,430398,2048.0,2026-02-24,7707,2026-03-04,4,FA,4619,392,NN,Semillas,Doble Poder,Trigo,61000.0,2026
2026-02-04,430399,2048.0,2026-02-24,7706,2026-03-04,4,FA,4619,392,NN,Semillas,Doble Poder,Trigo,61000.0,2026
2026-02-04,430400,2048.0,2026-02-24,7705,2026-03-04,4,FA,4619,392,NN,Semillas,Doble Poder,Trigo,61000.0,2026
2026-02-04,430401,2048.0,2026-02-24,7704,2026-03-04,4,FA,4619,392,NN,Semillas,Doble Poder,Trigo,61000.0,2026
2026-02-04,430402,2048.0,2026-02-24,7703,2026-03-04,4,FA,4619,392,NN,Semillas,Doble Poder,Trigo,61000.0,2026
2026-02-04,430403,2048.0,2026-02-24,7702,2026-03-04,4,FA,4619,392,NN,Semillas,Doble Poder,Trigo,61000.0,2026
2026-02-04,430404,2048.0,2026-02-24,7701,2026-03-04,4,FA,4619,392,NN,Semillas,Doble Poder,Trigo,61000.0,2026
2026-02-04,430405,2048.0,2026-02-24,7700,2026-03-04,4,FA,4619,392,NN,Semillas,Doble Poder,Trigo,61000.0,2026
2026-02-04,430406,2048.0,2026-02-24,7699,2026-03-04,4,FA,4619,392,NN,Semillas,Doble Poder,Trigo,61000.0,2026
2026-02-04,430407,2048.0,2026-02-24,7698,2026-03-04,4,FA,4619,392,NN,Semillas,Doble Poder,Trigo,61000.0,2026
2026-02-04,430408,2048.0,2026-02-24,7697,2026-03-04,4,FA,4619,392,NN,Semillas,Doble Poder,Trigo,61000.0,2026
2026-02-04,430409,2048.0,2026-02-24,7696,2026-03-04,4,FA,4619,392,NN,Semillas,Doble Poder,Trigo,61000.0,2026
2026-02-04,430410,2048.0,2026-02-24,7695,2026-03-04,4,FA,4619,392,NN,Semillas,Doble Poder,Trigo,61000.0,2026
2026-02-04,430411,2048.0,2026-02-24,7694,2026-03-04,4,FA,4619,392,NN,Semillas,Doble Poder,Trigo,61000.0,2026
2026-02-04,430412,2048.0,2026-02-24,7693,2026-03-04,4,FA,4619,392,NN,Semillas,Doble Poder,Trigo,61000.0,2026
2026-02-04,430413,2048.0,2026-02-24,7692,2026-03-04,4,FA,4619,392,NN,Semillas,Doble Poder,Trigo,61000.0,2026
2026-02-04,430414,2048.0,2026-02-24,7691,2026-03-04,4,FA,4619,392,NN,Semillas,Doble Poder,Trigo,61000.0,2026
2026-02-05,430551,2049.0,2026-02-18,7635,2026-02-24,4,FA,4582,4557,NN,Semillas,Trigo,Trigo,58000.0,2026
2026-02-05,430552,2049.0,2026-02-18,7634,2026-02-24,4,FA,4582,4557,NN,Semillas,Trigo,Trigo,58000.0,2026
2026-02-05,430553,2049.0,2026-02-18,7633,2026-02-24,4,FA,4582,4557,NN,Semillas,Trigo,Trigo,58000.0,2026
2026-02-06,430567,2051.0,2026-02-18,7638,2026-02-24,4,FA,4586,6049,NN,Semillas,Centeno,Centeno,58000.0,2026
2026-02-06,430568,2051.0,2026-02-18,7637,2026-02-24,4,FA,4586,6049,NN,Semillas,Centeno,Centeno,58000.0,2026
2026-02-06,430571,2050.0,2026-02-18,7642,2026-02-24,4,FA,4590,4712,NN,Semillas,Centeno,Centeno,58000.0,2026
2026-02-06,430572,2050.0,2026-02-18,7641,2026-02-24,4,FA,4590,4712,NN,Semillas,Triticale,Triticale,58000.0,2026
2026-02-06,430573,2050.0,2026-02-18,7640,2026-02-24,4,FA,4590,4712,NN,Semillas,Triticale,Triticale,58000.0,2026
2026-02-06,430574,2050.0,2026-02-18,7639,2026-02-24,4,FA,4590,4712,NN,Semillas,Triticale,Triticale,58000.0,2026
2026-02-09,430576,2053.0,2026-02-20,7651,2026-02-24,4,FA,4584,392,NN,Semillas,Doble Poder,Trigo,61000.0,2026
2026-02-09,430577,2053.0,2026-02-20,7650,2026-02-24,4,FA,4584,392,NN,Semillas,Doble Poder,Trigo,61000.0,2026
2026-02-09,430578,2053.0,2026-02-20,7649,2026-02-24,4,FA,4584,392,NN,Semillas,Doble Poder,Trigo,61000.0,2026
2026-02-09,430579,2053.0,2026-02-20,7648,2026-02-24,4,FA,4584,392,NN,Semillas,Doble Poder,Trigo,61000.0,2026
2026-02-09,430580,2053.0,2026-02-20,7647,2026-02-24,4,FA,4584,392,NN,Semillas,Doble Poder,Trigo,61000.0,2026
2026-02-10,430581,2054.0,2026-02-23,7689,2026-02-24,4,FA,4584,392,NN,Semillas,Convenio Syngenta Trigo,Trigo,84000.0,2026
2026-02-10,430582,2054.0,2026-02-20,7662,2026-02-24,4,FA,4584,392,NN,Semillas,Convenio Syngenta Trigo,Trigo,84000.0,2026
2026-02-10,430583,2054.0,2026-02-20,7661,2026-02-24,4,FA,4584,392,NN,Semillas,Convenio Syngenta Trigo,Trigo,84000.0,2026
2026-02-10,430584,2054.0,2026-02-20,7660,2026-02-24,4,FA,4584,392,NN,Semillas,Convenio Syngenta Trigo,Trigo,84000.0,2026
2026-02-10,430585,2054.0,2026-02-20,7659,2026-02-24,4,FA,4584,392,NN,Semillas,Convenio Syngenta Trigo,Trigo,84000.0,2026
2026-02-10,430586,2054.0,2026-02-20,7658,2026-02-24,4,FA,4584,392,NN,Semillas,Convenio Syngenta Trigo,Trigo,84000.0,2026
2026-02-10,430587,2054.0,2026-02-20,7657,2026-02-24,4,FA,4584,392,NN,Semillas,Convenio Syngenta Trigo,Trigo,84000.0,2026
2026-02-10,430588,2054.0,2026-02-20,7656,2026-02-24,4,FA,4584,392,NN,Semillas,Convenio Syngenta Trigo,Trigo,84000.0,2026
2026-02-10,430589,2054.0,2026-02-23,7688,2026-02-24,4,FA,4584,392,NN,Semillas,Convenio Syngenta Trigo,Trigo,84000.0,2026
2026-02-10,430590,2054.0,2026-02-23,7687,2026-02-24,4,FA,4584,392,NN,Semillas,Convenio Syngenta Trigo,Trigo,84000.0,2026
2026-02-10,430591,2054.0,2026-02-20,7686,2026-02-24,4,FA,4584,392,NN,Semillas,Convenio Syngenta Trigo,Trigo,84000.0,2026
2026-02-10,430592,2054.0,2026-02-20,7685,2026-02-24,4,FA,4584,392,NN,Semillas,Convenio Syngenta Trigo,Trigo,84000.0,2026
2026-02-10,430593,2054.0,2026-02-20,7684,2026-02-24,4,FA,4584,392,NN,Semillas,Convenio Syngenta Trigo,Trigo,84000.0,2026
2026-02-10,430594,2054.0,2026-02-20,7683,2026-02-24,4,FA,4584,392,NN,Semillas,Convenio Syngenta Trigo,Trigo,84000.0,2026
2026-02-10,430595,2054.0,2026-02-20,7682,2026-02-24,4,FA,4584,392,NN,Semillas,Convenio Syngenta Trigo,Trigo,84000.0,2026
2026-02-10,430596,2054.0,2026-02-20,7681,2026-02-24,4,FA,4584,392,NN,Semillas,Convenio Syngenta Trigo,Trigo,84000.0,2026
2026-02-10,430597,2054.0,2026-02-20,7663,2026-02-24,4,FA,4584,392,NN,Semillas,Convenio Syngenta Trigo,Trigo,84000.0,2026
2026-02-10,430598,2054.0,2026-02-20,7680,2026-02-24,4,FA,4584,392,NN,Semillas,Convenio Syngenta Trigo,Trigo,84000.0,2026
2026-02-10,430599,2054.0,2026-02-20,7679,2026-02-24,4,FA,4584,392,NN,Semillas,Convenio Syngenta Trigo,Trigo,84000.0,2026
2026-02-10,430600,2054.0,2026-02-20,7677,2026-02-24,4,FA,4584,392,NN,Semillas,Convenio Syngenta Trigo,Trigo,84000.0,2026
2026-02-10,430601,2054.0,2026-02-20,7676,2026-02-24,4,FA,4584,392,NN,Semillas,Convenio Syngenta Trigo,Trigo,84000.0,2026
2026-02-10,430602,2054.0,2026-02-20,7678,2026-02-24,4,FA,4584,392,NN,Semillas,Convenio Syngenta Trigo,Trigo,84000.0,2026
2026-02-10,430603,2054.0,2026-02-20,7675,2026-02-24,4,FA,4584,392,NN,Semillas,Convenio Syngenta Trigo,Trigo,84000.0,2026
2026-02-10,430604,2054.0,2026-02-20,7674,2026-02-24,4,FA,4584,392,NN,Semillas,Convenio Syngenta Trigo,Trigo,84000.0,2026
2026-02-10,430605,2054.0,2026-02-20,7673,2026-02-24,4,FA,4584,392,NN,Semillas,Convenio Syngenta Trigo,Trigo,84000.0,2026
2026-02-10,430606,2054.0,2026-02-20,7672,2026-02-24,4,FA,4584,392,NN,Semillas,Convenio Syngenta Trigo,Trigo,84000.0,2026
2026-02-10,430607,2054.0,2026-02-20,7671,2026-02-24,4,FA,4584,392,NN,Semillas,Convenio Syngenta Trigo,Trigo,84000.0,2026
2026-02-10,430608,2054.0,2026-02-20,7670,2026-02-24,4,FA,4584,392,NN,Semillas,Convenio Syngenta Trigo,Trigo,84000.0,2026
2026-02-10,430609,2054.0,2026-02-20,7669,2026-02-24,4,FA,4584,392,NN,Semillas,Convenio Syngenta Trigo,Trigo,84000.0,2026
2026-02-10,430610,2054.0,2026-02-20,7668,2026-02-24,4,FA,4584,392,NN,Semillas,Convenio Syngenta Trigo,Trigo,84000.0,2026
2026-02-10,430611,2054.0,2026-02-20,7667,2026-02-24,4,FA,4584,392,NN,Semillas,Convenio Syngenta Trigo,Trigo,84000.0,2026
2026-02-10,430612,2054.0,2026-02-20,7666,2026-02-24,4,FA,4584,392,NN,Semillas,Convenio Syngenta Trigo,Trigo,84000.0,2026
2026-02-10,430613,2054.0,2026-02-20,7665,2026-02-24,4,FA,4584,392,NN,Semillas,Convenio Syngenta Trigo,Trigo,84000.0,2026
2026-02-10,430614,2054.0,2026-02-20,7664,2026-02-24,4,FA,4584,392,NN,Semillas,Convenio Syngenta Trigo,Trigo,84000.0,2026
2026-02-12,430696,2055.0,2026-02-25,7711,2026-03-04,4,FA,4618,62,NN,Semillas,Alfalfa,Alfalfa,101000.0,2026
2026-02-12,430697,2055.0,2026-03-11,7743,2026-03-20,4,FA,4655,62,NN,Semillas,Agropiro,Agropiro,58000.0,2026
2026-02-13,430699,2056.0,2026-03-04,7732,2026-03-04,4,FA,4623,104,NN,Semillas,Festuca,Festuca,58000.0,2026
2026-02-13,430700,2056.0,2026-02-27,7723,2026-03-04,4,FA,4623,104,NN,Semillas,Festuca,Festuca,43000.0,2026
2026-02-13,430704,2057.0,2026-03-17,7753,2026-03-20,4,FA,4658,4281,NN,Semillas,Gatton Panic,Gatton Panic,100000.0,2026
2026-02-20,430858,2059.0,2026-03-02,7729,2026-03-04,4,FA,4617,1328,NN,Semillas,Crotalaria,Crotalaria,58000.0,2026
2026-02-20,430859,2059.0,2026-03-02,7728,2026-03-04,4,FA,4617,1328,NN,Semillas,Crotalaria,Crotalaria,58000.0,2026
2026-02-20,430860,2058.0,2026-03-05,7735,2026-03-20,4,FA,4655,62,NN,Semillas,Semilla Vital,Alfalfa,100000.0,2026
2026-02-20,430861,2058.0,2026-03-05,7734,2026-03-20,4,FA,4655,62,NN,Semillas,Semilla Vital,Alfalfa,100000.0,2026
2026-02-20,430862,2058.0,2026-03-05,7733,2026-03-20,4,FA,4655,62,NN,Semillas,Alfalfa,Alfalfa,58000.0,2026
2026-02-20,430863,2058.0,2026-03-02,7731,2026-03-04,4,FA,4618,62,NN,Semillas,Melilotus Albus,Melilotus Albus,101000.0,2026
2026-02-20,430864,2058.0,2026-03-02,7730,2026-03-04,4,FA,4618,62,NN,Semillas,Melilotus Albus,Melilotus Albus,101000.0,2026
2026-02-20,430875,2060.0,2026-03-05,7737,2026-03-20,4,FA,4651,4721,NN,Semillas,Fuerza Total,Avena Blanca / Amarilla/ Byzantina,70000.0,2026
2026-02-23,430877,2061.0,2026-03-05,7736,2026-03-20,4,FA,4659,2296,NN,Semillas,Fuerza Total,Centeno,70000.0,2026
2026-02-23,430878,2062.0,2026-02-27,7725,2026-03-04,4,FA,4622,5082,NN,Semillas,Gatton Panic,Gatton Panic,62000.0,2026
2026-02-23,430879,2062.0,2026-02-25,7710,2026-03-04,4,FA,4622,5082,NN,Semillas,Gatton Panic,Gatton Panic,62000.0,2026
2026-02-23,430880,2062.0,2026-02-25,7709,2026-03-04,4,FA,4622,5082,NN,Semillas,Gatton Panic,Gatton Panic,62000.0,2026
2026-02-23,430881,2062.0,2026-02-25,7708,2026-03-04,4,FA,4622,5082,NN,Semillas,Gatton Panic,Gatton Panic,62000.0,2026
2026-02-23,430882,2062.0,2026-02-26,7714,2026-03-04,4,FA,4622,5082,NN,Semillas,Gatton Panic,Gatton Panic,62000.0,2026
2026-02-23,430883,2062.0,2026-02-27,7724,2026-03-04,4,FA,4622,5082,NN,Semillas,Gatton Panic,Gatton Panic,62000.0,2026
2026-02-23,430884,2062.0,2026-02-26,7713,2026-03-04,4,FA,4622,5082,NN,Semillas,Gatton Panic,Gatton Panic,62000.0,2026
2026-02-23,430885,2062.0,2026-02-26,7712,2026-03-04,4,FA,4622,5082,NN,Semillas,Gatton Panic,Gatton Panic,62000.0,2026
2026-02-23,430886,2063.0,2026-02-26,7722,2026-03-04,4,FA,4622,5082,NN,Semillas,Gatton Panic,Gatton Panic,43000.0,2026
2026-02-23,430887,2063.0,2026-02-26,7721,2026-03-04,4,FA,4622,5082,NN,Semillas,Gatton Panic,Gatton Panic,43000.0,2026
2026-02-23,430888,2063.0,2026-02-26,7720,2026-03-04,4,FA,4622,5082,NN,Semillas,Gatton Panic,Gatton Panic,43000.0,2026
2026-02-23,430889,2063.0,2026-02-26,7719,2026-03-04,4,FA,4622,5082,NN,Semillas,Gatton Panic,Gatton Panic,43000.0,2026
2026-02-23,430890,2063.0,2026-02-26,7718,2026-03-04,4,FA,4622,5082,NN,Semillas,Gatton Panic,Gatton Panic,43000.0,2026
2026-02-23,430891,2063.0,2026-02-26,7717,2026-03-04,4,FA,4622,5082,NN,Semillas,Gatton Panic,Gatton Panic,43000.0,2026
2026-02-23,430892,2063.0,2026-02-26,7716,2026-03-04,4,FA,4622,5082,NN,Semillas,Gatton Panic,Gatton Panic,43000.0,2026
2026-02-23,430893,2063.0,2026-02-26,7715,2026-03-04,4,FA,4622,5082,NN,Semillas,Gatton Panic,Gatton Panic,43000.0,2026
2026-02-24,430975,2064.0,2026-03-06,7739,2026-03-20,4,FA,4656,6049,NN,Semillas,Centeno,Centeno,58000.0,2026
2026-02-24,430976,2064.0,2026-03-06,7738,2026-03-20,4,FA,4656,6049,NN,Semillas,Centeno,Centeno,58000.0,2026
2026-02-25,430977,2065.0,2026-03-25,7767,2026-03-27,4,FA,4672,1724,NN,Semillas,Panicum Coloratum,Panicum Coloratum,58000.0,2026
2026-02-26,431085,2066.0,2026-03-12,7744,2026-03-30,4,FA,4681,6056,NN,Semillas,Fuerza Total,Avena Blanca / Amarilla/ Byzantina,140000.0,2026
2026-03-02,431102,2067.0,2026-03-10,7740,2026-03-20,4,FA,4651,4721,NN,Semillas,Trigo,Trigo,58000.0,2026
2026-03-02,431103,2067.0,2026-03-17,7754,2026-03-20,4,FA,4651,4721,NN,Semillas,Alfalfa,Alfalfa,58000.0,2026
2026-03-02,431111,2068.0,2026-03-11,7742,2026-03-20,4,FA,4660,700,NN,Semillas,Fuerza Total,Garbanzo,70000.0,2026
2026-03-02,431112,2069.0,2026-03-10,7741,2026-03-20,4,FA,4652,2911,NN,Semillas,Maíz,Maíz,58000.0,2026
2026-03-03,431168,2070.0,2026-03-13,7746,2026-03-20,4,FA,4663,908,NN,Semillas,Fuerza Total,Centeno,70000.0,2026
2026-03-03,431169,2070.0,2026-03-13,7745,2026-03-20,4,FA,4663,908,NN,Semillas,Fuerza Total Curado,Trigo,80000.0,2026
2026-03-03,431170,2071.0,2026-03-18,7757,2026-03-20,4,FA,4655,62,NN,Semillas,Semilla Vital,Lotus Tenuis,100000.0,2026
2026-03-03,431171,2071.0,2026-03-27,7768,2026-04-09,4,FA,4700,62,NN,Semillas,Semilla Vital,Agropiro,100000.0,2026
2026-03-03,431172,2071.0,2026-03-27,7769,2026-04-09,4,FA,4700,62,NN,Semillas,Pasto Ovillo,Pasto Ovillo,58000.0,2026
2026-03-04,431230,2072.0,2026-03-16,7751,2026-03-20,4,FA,4662,4329,NN,Semillas,Centeno,Centeno,58000.0,2026
2026-03-04,431231,2073.0,2026-03-16,7750,2026-03-20,4,FA,4654,4557,NN,Semillas,Centeno,Centeno,58000.0,2026
2026-03-04,431232,2073.0,2026-03-16,7749,2026-03-20,4,FA,4654,4557,NN,Semillas,Centeno,Centeno,58000.0,2026
2026-03-04,431233,2074.0,2026-03-13,7747,2026-03-20,4,FA,4653,2853,NN,Semillas,Garbanzo,Garbanzo,119000.0,2026
2026-03-05,431316,2075.0,2026-03-16,7752,2026-03-20,4,FA,4661,4982,NN,Semillas,Centeno,Centeno,58000.0,2026
2026-03-06,431326,2076.0,2026-03-13,7748,2026-03-20,4,FA,4655,62,NN,Semillas,Maíz,Maíz,58000.0,2026
2026-03-09,431330,2077.0,2026-04-09,7783,2026-04-16,4,FA,4720,2390,NN,Semillas,Semilla Vital,Buffel Grass,100000.0,2026
2026-03-12,431522,2078.0,2026-03-20,7759,2026-03-27,4,FA,4675,908,NN,Semillas,Trigo,Trigo,61000.0,2026
2026-03-12,431525,2079.0,2026-03-18,7756,2026-03-20,4,FA,4657,2390,NN,Semillas,Buffel Grass,Buffel Grass,62000.0,2026
2026-03-12,431526,2080.0,2026-04-13,7794,2026-04-16,4,FA,4721,4721,NN,Semillas,Gatton Panic,Gatton Panic,100000.0,2026
2026-03-12,431527,2080.0,2026-04-13,7793,2026-04-16,4,FA,4721,4721,NN,Semillas,Gatton Panic,Gatton Panic,100000.0,2026
2026-03-12,431528,2081.0,2026-03-20,7761,2026-03-27,4,FA,4676,981,NN,Semillas,Fuerza Total,Trigo,70000.0,2026
2026-03-12,431529,2081.0,2026-03-20,7760,2026-03-27,4,FA,4676,981,NN,Semillas,Fuerza Total,Trigo,70000.0,2026
2026-03-12,431530,2082.0,2026-03-23,7762,2026-03-27,4,FA,4673,4329,NN,Semillas,Cebada,Cebada,119000.0,2026
2026-03-17,431561,2083.0,2026-03-30,7778,2026-04-09,4,FA,4700,62,NN,Semillas,Alfalfa,Alfalfa,58000.0,2026
2026-03-17,431562,2083.0,2026-03-18,7758,2026-03-20,4,FA,4655,62,NN,Semillas,Alfalfa,Alfalfa,43000.0,2026
2026-03-17,431563,2083.0,2026-04-10,7791,2026-04-16,4,FA,4718,62,NN,Semillas,Agropiro,Agropiro,58000.0,2026
2026-03-18,431674,2085.0,2026-04-20,7821,2026-04-21,4,FA,4738,104,NN,Semillas,Gatton Panic,Gatton Panic,100000.0,2026
2026-03-18,431675,2085.0,2026-04-20,7820,2026-04-21,4,FA,4738,104,NN,Semillas,Gatton Panic,Gatton Panic,100000.0,2026
2026-03-18,431676,2085.0,2026-03-23,7764,2026-03-27,4,FA,4674,104,NN,Semillas,Gatton Panic,Gatton Panic,43000.0,2026
2026-03-18,431677,2085.0,2026-03-23,7763,2026-03-27,4,FA,4674,104,NN,Semillas,Gatton Panic,Gatton Panic,43000.0,2026
2026-03-19,431785,2087.0,2026-03-23,7766,2026-03-27,4,FA,4674,104,NN,Semillas,Festuca,Festuca,43000.0,2026
2026-03-19,431786,2087.0,2026-03-23,7765,2026-03-27,4,FA,4674,104,NN,Semillas,Festuca,Festuca,43000.0,2026
2026-03-19,431787,2087.0,2026-03-27,7771,2026-04-09,4,FA,4701,104,NN,Semillas,Festuca,Festuca,61000.0,2026
2026-03-19,431788,2087.0,2026-03-27,7770,2026-04-09,4,FA,4701,104,NN,Semillas,Festuca,Festuca,61000.0,2026
2026-03-30,431917,2089.0,2026-04-06,7782,2026-04-09,4,FB,77,6057,NN,Semillas,Avena Blanca / Amarilla/ Byzantina,Avena Blanca / Amarilla/ Byzantina,58000.0,2026
2026-03-30,431918,2089.0,2026-04-06,7781,2026-04-09,4,FB,77,6057,NN,Semillas,Avena Blanca / Amarilla/ Byzantina,Avena Blanca / Amarilla/ Byzantina,58000.0,2026
2026-03-25,431928,2088.0,2026-04-01,7780,2026-04-09,4,FA,4702,1286,NN,Semillas,Fuerza Total,Trigo,70000.0,2026
2026-03-25,431929,2088.0,2026-04-01,7779,2026-04-09,4,FA,4702,1286,NN,Semillas,Fuerza Total,Trigo,70000.0,2026
2026-03-31,432067,2091.0,2026-04-09,7788,2026-04-16,4,FA,4723,1172,NN,Semillas,Fuerza Total Curado,Garbanzo,80000.0,2026
2026-03-31,432068,2091.0,2026-04-09,7787,2026-04-16,4,FA,4723,1172,NN,Semillas,Fuerza Total Curado,Garbanzo,80000.0,2026
2026-03-31,432069,2091.0,2026-04-09,7786,2026-04-16,4,FA,4723,1172,NN,Semillas,Fuerza Total Curado,Garbanzo,80000.0,2026
2026-03-31,432070,2091.0,2026-04-09,7785,2026-04-16,4,FA,4723,1172,NN,Semillas,Fuerza Total Curado,Garbanzo,80000.0,2026
2026-03-31,432071,2091.0,2026-04-09,7784,2026-04-16,4,FA,4723,1172,NN,Semillas,Fuerza Total Curado,Garbanzo,80000.0,2026
2026-03-31,432072,2090.0,2026-04-16,7804,2026-04-16,4,FA,4718,62,NN,Semillas,Alfalfa,Alfalfa,101000.0,2026
2026-03-31,432073,2090.0,2026-04-16,7803,2026-04-16,4,FA,4718,62,NN,Semillas,Alfalfa,Alfalfa,101000.0,2026
2026-03-31,432074,2090.0,2026-04-17,7818,2026-04-21,4,FA,4733,62,NN,Semillas,Pasto Lloron,Pasto Lloron,58000.0,2026
2026-03-31,432075,2090.0,2026-04-13,7792,2026-04-16,4,FA,4718,62,NN,Semillas,Centeno,Centeno,101000.0,2026
2026-03-31,432076,2090.0,2026-04-27,7850,2026-05-05,4,FA,4765,62,NN,Semillas,Pasto Ovillo,Pasto Ovillo,58000.0,2026
2026-03-31,432077,2090.0,2026-04-16,7805,2026-04-16,4,FA,4718,62,NN,Semillas,Avena Blanca / Amarilla/ Byzantina,Avena Blanca / Amarilla/ Byzantina,58000.0,2026
2026-04-01,432081,2092.0,2026-04-22,7833,2026-04-27,4,FA,4753,104,NN,Semillas,Semilla Vital Megatérmicas,Urochloa Ruziziensis,100000.0,2026
2026-04-01,432088,2094.0,2026-04-14,7799,2026-04-16,4,FA,4716,3660,NN,Semillas,Fuerza Total,Trigo,70000.0,2026
2026-04-01,432089,2093.0,2026-04-14,7798,2026-04-16,4,FA,4724,3941,NN,Semillas,Fuerza Total,Trigo,70000.0,2026
2026-04-01,432090,2093.0,2026-04-14,7797,2026-04-16,4,FA,4724,3941,NN,Semillas,Fuerza Total,Trigo,70000.0,2026
2026-04-01,432091,2093.0,2026-04-14,7796,2026-04-16,4,FA,4724,3941,NN,Semillas,Fuerza Total,Trigo,70000.0,2026
2026-04-01,432092,2093.0,2026-04-14,7795,2026-04-16,4,FA,4724,3941,NN,Semillas,Fuerza Total,Trigo,70000.0,2026
2026-04-07,432133,2096.0,2026-04-20,7822,2026-04-21,4,FA,4733,62,NN,Semillas,Melilotus Albus,Melilotus Albus,58000.0,2026
2026-04-07,432134,2096.0,2026-04-24,7843,2026-05-05,4,FA,4765,62,NN,Semillas,Lotus Corniculatus,Lotus Corniculatus,58000.0,2026
2026-04-07,432135,2096.0,2026-04-23,7839,2026-04-27,4,FA,4757,62,NN,Semillas,Alfalfa,Alfalfa,101000.0,2026
2026-04-07,432136,2096.0,2026-04-23,7840,2026-04-27,4,FA,4757,62,NN,Semillas,Trebol Rojo,Trebol Rojo,58000.0,2026
2026-04-07,432152,2095.0,2026-04-15,7802,2026-04-16,4,FA,4722,3243,NN,Semillas,Fuerza Total Curado,Trigo,80000.0,2026
2026-04-07,432153,2095.0,2026-04-15,7801,2026-04-16,4,FA,4722,3243,NN,Semillas,Trigo,Trigo,58000.0,2026
2026-04-07,432154,2097.0,2026-04-20,7819,2026-04-21,4,FA,4736,109,NN,Semillas,Avena Blanca / Amarilla/ Byzantina,Avena Blanca / Amarilla/ Byzantina,101000.0,2026
2026-04-08,432155,2098.0,2026-04-16,7810,2026-04-16,4,FA,4717,4557,NN,Semillas,Garbanzo,Garbanzo,58000.0,2026
2026-04-08,432156,2098.0,2026-04-16,7809,2026-04-16,4,FA,4717,4557,NN,Semillas,Garbanzo,Garbanzo,61000.0,2026
2026-04-08,432157,2098.0,2026-04-16,7808,2026-04-16,4,FA,4717,4557,NN,Semillas,Garbanzo,Garbanzo,58000.0,2026
2026-04-08,432158,2098.0,2026-04-16,7807,2026-04-16,4,FA,4717,4557,NN,Semillas,Garbanzo,Garbanzo,61000.0,2026
2026-04-08,432185,2099.0,2026-04-09,7790,2026-04-16,4,FA,4719,392,NN,Semillas,Soja,Soja,62000.0,2026
2026-04-08,432186,2099.0,2026-04-09,7789,2026-04-16,4,FA,4719,392,NN,Semillas,Soja,Soja,62000.0,2026
2026-04-09,432187,2100.0,2026-04-16,7806,2026-04-16,4,FA,4715,2911,NN,Semillas,Maíz,Maíz,58000.0,2026
2026-04-09,432188,2101.0,2026-04-17,7811,2026-04-21,4,FA,4737,3302,NN,Semillas,Poder Curado + Peso,Trigo,82000.0,2026
2026-04-09,432189,2102.0,2026-04-20,7823,2026-04-21,4,FA,4732,4557,NN,Semillas,Centeno,Centeno,58000.0,2026
2026-04-10,432198,2104.0,2026-04-17,7816,2026-04-21,4,FA,4734,392,NN,Semillas,Fuerza Total,Trigo,70000.0,2026
2026-04-10,432199,2104.0,2026-04-17,7815,2026-04-21,4,FA,4734,392,NN,Semillas,Fuerza Total,Trigo,70000.0,2026
2026-04-10,432200,2104.0,2026-04-17,7814,2026-04-21,4,FA,4734,392,NN,Semillas,Fuerza Total,Trigo,70000.0,2026
2026-04-10,432201,2104.0,2026-04-21,7824,2026-04-27,4,FA,4754,392,NN,Semillas,Fuerza Total,Trigo,70000.0,2026
2026-04-10,432246,2105.0,2026-04-17,7817,2026-04-21,4,FA,4739,981,NN,Semillas,Fuerza Total,Trigo,70000.0,2026
2026-04-13,432250,2108.0,2026-04-21,7832,2026-04-27,4,FA,4754,392,NN,Semillas,Trigo,Trigo,91000.0,2026
2026-04-13,432251,2108.0,2026-04-21,7831,2026-04-27,4,FA,4754,392,NN,Semillas,Trigo,Trigo,91000.0,2026
2026-04-13,432252,2108.0,2026-04-21,7830,2026-04-27,4,FA,4754,392,NN,Semillas,Trigo,Trigo,91000.0,2026
2026-04-13,432253,2108.0,2026-04-21,7829,2026-04-27,4,FA,4754,392,NN,Semillas,Trigo,Trigo,91000.0,2026
2026-04-13,432254,2108.0,2026-04-21,7828,2026-04-27,4,FA,4754,392,NN,Semillas,Trigo,Trigo,91000.0,2026
2026-04-13,432255,2108.0,2026-04-21,7827,2026-04-27,4,FA,4754,392,NN,Semillas,Trigo,Trigo,91000.0,2026
2026-04-13,432256,2108.0,2026-04-21,7826,2026-04-27,4,FA,4754,392,NN,Semillas,Trigo,Trigo,91000.0,2026
2026-04-13,432257,2108.0,2026-04-21,7825,2026-04-27,4,FA,4754,392,NN,Semillas,Trigo,Trigo,91000.0,2026
2026-04-13,432258,2106.0,2026-04-27,7849,2026-05-05,4,FA,4773,4721,NN,Semillas,Fuerza Total,Avena Blanca / Amarilla/ Byzantina,70000.0,2026
2026-04-13,432259,2106.0,2026-04-14,7800,2026-04-16,4,FA,4714,4721,NN,Semillas,Avena Blanca / Amarilla/ Byzantina,Avena Blanca / Amarilla/ Byzantina,62000.0,2026
2026-04-13,432260,2107.0,2026-04-24,7845,2026-05-05,4,FA,4775,5158,NN,Semillas,Fuerza Total,Trigo,70000.0,2026
2026-04-13,432261,2107.0,2026-04-24,7844,2026-05-05,4,FA,4775,5158,NN,Semillas,Fuerza Total,Trigo,70000.0,2026
2026-04-13,432262,2109.0,2026-04-23,7838,2026-04-27,4,FA,4755,2551,NN,Semillas,Convenio Syngenta Trigo,Trigo,8400.0,2026
2026-04-13,432263,2109.0,2026-04-23,7837,2026-04-27,4,FA,4755,2551,NN,Semillas,Convenio Syngenta Trigo,Trigo,84000.0,2026
2026-04-14,432271,2110.0,2026-04-22,7836,2026-04-27,4,FA,4756,2552,NN,Semillas,Soja,Soja,58000.0,2026
2026-04-14,432272,2110.0,2026-04-22,7835,2026-04-27,4,FA,4756,2552,NN,Semillas,Soja,Soja,58000.0,2026
2026-04-14,432273,2110.0,2026-04-22,7834,2026-04-27,4,FA,4756,2552,NN,Semillas,Soja,Soja,58000.0,2026
2026-04-23,432458,2121.0,2026-04-24,7842,2026-05-05,4,FA,4776,6059,NN,Semillas,Calidad Trigo/Soja,Trigo,91000.0,2026
2026-04-17,432468,2111.0,2026-05-12,7893,2026-05-15,4,FA,4801,2211,NN,Semillas,Semilla Vital,Coriandro,99999.999,2026
2026-04-17,432469,2112.0,2026-04-24,7846,2026-05-05,4,FA,4774,5087,NN,Semillas,Doble Poder,Trigo,61000.0,2026
2026-04-17,432470,2113.0,2026-04-30,7879,2026-05-05,4,FA,4765,62,NN,Semillas,Cold Test,Maíz,90000.0,2026
2026-04-17,432471,2113.0,2026-04-30,7878,2026-05-05,4,FA,4765,62,NN,Semillas,Cold Test,Maíz,89999.998,2026
2026-04-17,432472,2113.0,2026-04-30,7877,2026-05-05,4,FA,4765,62,NN,Semillas,Cold Test,Maíz,90000.0,2026
2026-04-17,432473,2113.0,2026-04-30,7876,2026-05-05,4,FA,4765,62,NN,Semillas,Cold Test,Maíz,90000.0,2026
2026-04-17,432474,2114.0,2026-04-24,7848,2026-05-05,4,FA,4777,6060,NN,Semillas,Semilla Vital,Trigo,100000.0,2026
2026-04-17,432475,2114.0,2026-04-24,7847,2026-05-05,4,FA,4777,6060,NN,Semillas,Semilla Vital,Trigo,100000.0,2026
2026-04-21,432484,2115.0,2026-04-29,7867,2026-05-05,4,FA,4767,522,NN,Semillas,Trigo,Trigo,46000.0,2026
2026-04-21,432485,2115.0,2026-04-29,7866,2026-05-05,4,FA,4767,522,NN,Semillas,Trigo,Trigo,46000.0,2026
2026-04-21,432486,2115.0,2026-04-29,7865,2026-05-05,4,FA,4767,522,NN,Semillas,Trigo,Trigo,46000.0,2026
2026-04-21,432487,2115.0,2026-04-29,7864,2026-05-05,4,FA,4767,522,NN,Semillas,Trigo,Trigo,46000.0,2026
2026-04-21,432488,2115.0,2026-04-29,7863,2026-05-05,4,FA,4767,522,NN,Semillas,Trigo,Trigo,46000.0,2026
2026-04-21,432489,2115.0,2026-04-29,7862,2026-05-05,4,FA,4767,522,NN,Semillas,Trigo,Trigo,46000.0,2026
2026-04-21,432490,2115.0,2026-04-29,7861,2026-05-05,4,FA,4767,522,NN,Semillas,Trigo,Trigo,46000.0,2026
2026-04-21,432491,2115.0,2026-04-29,7860,2026-05-05,4,FA,4767,522,NN,Semillas,Trigo,Trigo,46000.0,2026
2026-04-21,432492,2115.0,2026-04-29,7859,2026-05-05,4,FA,4767,522,NN,Semillas,Trigo,Trigo,46000.0,2026
2026-04-21,432493,2115.0,2026-04-29,7858,2026-05-05,4,FA,4767,522,NN,Semillas,Trigo,Trigo,46000.0,2026
2026-04-21,432494,2115.0,2026-04-29,7857,2026-05-05,4,FA,4767,522,NN,Semillas,Trigo,Trigo,46000.0,2026
2026-04-21,432495,2115.0,2026-04-29,7856,2026-05-05,4,FA,4767,522,NN,Semillas,Trigo,Trigo,46000.0,2026
2026-04-21,432496,2115.0,2026-04-29,7855,2026-05-05,4,FA,4767,522,NN,Semillas,Trigo,Trigo,46000.0,2026
2026-04-21,432497,2115.0,2026-04-29,7854,2026-05-05,4,FA,4767,522,NN,Semillas,Trigo,Trigo,46000.0,2026
2026-04-21,432498,2115.0,2026-04-29,7853,2026-05-05,4,FA,4767,522,NN,Semillas,Trigo,Trigo,46000.0,2026
2026-04-21,432499,2115.0,2026-04-29,7852,2026-05-05,4,FA,4767,522,NN,Semillas,Trigo,Trigo,46000.0,2026
2026-04-21,432500,2116.0,2026-04-30,7872,2026-05-05,4,FA,4767,522,NN,Semillas,Fuerza Total,Trigo,70000.0,2026
2026-04-21,432501,2116.0,2026-04-30,7871,2026-05-05,4,FA,4767,522,NN,Semillas,Fuerza Total,Trigo,70000.0,2026
2026-04-21,432509,2117.0,2026-04-29,7851,2026-05-05,4,FA,4770,3659,NN,Semillas,Fuerza Total,Garbanzo,77000.0,2026
2026-04-22,432542,2118.0,2026-04-30,7869,2026-05-05,4,FA,4768,1328,NN,Semillas,Garbanzo,Garbanzo,64000.0,2026
2026-04-22,432543,2118.0,2026-04-30,7868,2026-05-05,4,FA,4768,1328,NN,Semillas,Garbanzo,Garbanzo,67000.0,2026
2026-04-22,432547,2119.0,2026-04-30,7870,2026-05-05,4,FA,4772,4557,NN,Semillas,Trigo,Trigo,64000.0,2026
2026-04-22,432548,2119.0,2026-05-04,7880,2026-05-05,4,FA,4772,4557,NN,Semillas,Centeno,Centeno,64000.0,2026
2026-04-22,432550,2120.0,2026-04-30,7873,2026-05-05,4,FA,4766,392,NN,Semillas,Doble Poder,Soja,67000.0,2026
2026-04-22,432551,2120.0,2026-04-23,7841,2026-04-27,4,FA,4754,392,NN,Semillas,Soja,Soja,68000.0,2026
2026-04-24,432679,2122.0,2026-05-05,7882,2026-05-05,4,FA,4769,1864,NN,Semillas,Calidad Trigo/Soja,Trigo,100000.0,2026
2026-04-24,432680,2122.0,2026-05-05,7881,2026-05-05,4,FA,4769,1864,NN,Semillas,Calidad Trigo/Soja,Trigo,100000.0,2026
2026-04-24,432681,2123.0,2026-04-30,7875,2026-05-05,4,FA,4771,4329,NN,Semillas,Soja,Soja,64000.0,2026
2026-04-24,432682,2123.0,2026-04-30,7874,2026-05-05,4,FA,4771,4329,NN,Semillas,Soja,Soja,64000.0,2026
2026-05-18,432701,2149.0,2026-05-21,7931,2026-05-28,4,FA,4833,4149,NN,Semillas,Alpiste,Alpiste,64000.0,2026
2026-04-29,432718,2124.0,2026-05-07,7883,2026-05-15,4,FA,4800,4943,NN,Semillas,Soja,Soja,50000.0,2026
2026-04-30,432817,2125.0,2026-05-11,7891,2026-05-15,4,FA,4794,62,NN,Semillas,Centeno,Centeno,64000.0,2026
2026-04-30,432818,2125.0,2026-05-11,7890,2026-05-15,4,FA,4794,62,NN,Semillas,Centeno,Centeno,64000.0,2026
2026-04-30,432819,2125.0,2026-05-14,7907,2026-05-15,4,FA,4794,62,NN,Semillas,Alfalfa,Alfalfa,111000.0,2026
2026-04-30,432826,2126.0,2026-05-08,7889,2026-05-15,4,FA,4793,4557,NN,Semillas,Trigo,Trigo,67000.0,2026
2026-04-30,432827,2126.0,2026-05-08,7888,2026-05-15,4,FA,4793,4557,NN,Semillas,Trigo,Trigo,67000.0,2026
2026-04-30,432828,2126.0,2026-05-08,7887,2026-05-15,4,FA,4793,4557,NN,Semillas,Trigo,Trigo,104000.0,2026
2026-04-30,432829,2126.0,2026-05-08,7886,2026-05-15,4,FA,4793,4557,NN,Semillas,Trigo,Trigo,67000.0,2026
2026-04-30,432830,2126.0,2026-05-08,7885,2026-05-15,4,FA,4793,4557,NN,Semillas,Trigo,Trigo,67000.0,2026
2026-04-30,432831,2126.0,2026-05-08,7884,2026-05-15,4,FA,4793,4557,NN,Semillas,Trigo,Trigo,67000.0,2026
2026-05-04,432837,2127.0,2026-05-12,7892,2026-05-15,4,FA,4795,2269,NN,Semillas,Garbanzo,Garbanzo,67000.0,2026
2026-05-05,432838,2128.0,2026-05-13,7896,2026-05-15,4,FA,4793,4557,NN,Semillas,Fuerza Total,Trigo,77000.0,2026
2026-05-05,432839,2128.0,2026-05-13,7895,2026-05-15,4,FA,4793,4557,NN,Semillas,Fuerza Total Curado,Trigo,88000.0,2026
2026-05-05,432840,2129.0,2026-05-13,7894,2026-05-15,4,FA,4799,4329,NN,Semillas,Soja,Soja,50000.0,2026
2026-05-05,432841,2130.0,2026-05-14,7906,2026-05-15,4,FA,4802,981,NN,Semillas,Fuerza Total,Soja,77000.0,2026
2026-05-05,432842,2130.0,2026-05-14,7905,2026-05-15,4,FA,4802,981,NN,Semillas,Fuerza Total,Soja,77000.0,2026
2026-05-05,432843,2130.0,2026-05-14,7904,2026-05-15,4,FA,4802,981,NN,Semillas,Fuerza Total,Soja,77000.0,2026
2026-05-06,432844,2131.0,2026-05-14,7901,2026-05-15,4,FA,4797,522,NN,Semillas,Trigo,Trigo,50000.0,2026
2026-05-06,432845,2131.0,2026-05-14,7900,2026-05-15,4,FA,4797,522,NN,Semillas,Trigo,Trigo,50000.0,2026
2026-05-06,432846,2131.0,2026-05-14,7899,2026-05-15,4,FA,4797,522,NN,Semillas,Trigo,Trigo,50000.0,2026
2026-05-06,432847,2131.0,2026-05-14,7898,2026-05-15,4,FA,4797,522,NN,Semillas,Trigo,Trigo,50000.0,2026
2026-05-06,432848,2131.0,2026-05-14,7897,2026-05-15,4,FA,4797,522,NN,Semillas,Trigo,Trigo,50000.0,2026
2026-05-06,432849,2132.0,2026-05-14,7902,2026-05-15,4,FA,4796,4664,NN,Semillas,Soja,Soja,100000.0,2026
2026-05-06,432850,2133.0,2026-05-14,7903,2026-05-15,4,FA,4798,3302,NN,Semillas,Trigo,Trigo,67000.0,2026
2026-05-07,432942,2134.0,2026-05-15,7909,2026-05-20,4,FA,4805,25,NN,Semillas,Trigo,Trigo,100000.0,2026
2026-05-08,432980,2135.0,2026-05-15,7908,2026-05-20,4,FA,4806,4715,NN,Semillas,Soja,Soja,100000.0,2026
2026-05-11,432981,2136.0,2026-05-19,7911,2026-05-20,4,FA,4804,4557,NN,Semillas,Doble Poder,Trigo,67000.0,2026
2026-05-11,432982,2136.0,2026-05-19,7910,2026-05-20,4,FA,4804,4557,NN,Semillas,Doble Poder,Trigo,67000.0,2026
2026-05-11,432983,2137.0,2026-05-21,7935,2026-05-28,4,FA,4831,392,NN,Semillas,Trigo,Trigo,84000.0,2026
2026-05-11,432984,2137.0,2026-05-21,7934,2026-05-28,4,FA,4831,392,NN,Semillas,Trigo,Trigo,84000.0,2026
2026-05-11,432985,2137.0,2026-05-21,7933,2026-05-28,4,FA,4831,392,NN,Semillas,Trigo,Trigo,84000.0,2026
2026-05-11,432986,2137.0,2026-05-21,7932,2026-05-28,4,FA,4831,392,NN,Semillas,Trigo,Trigo,84000.0,2026
2026-05-11,433001,2138.0,2026-05-22,7937,2026-05-28,4,FA,4830,2081,NN,Semillas,Centeno,Centeno,64000.0,2026
2026-05-11,433002,2138.0,2026-05-20,7912,2026-05-28,4,FA,4830,2081,NN,Semillas,Soja,Soja,64000.0,2026
2026-05-13,433015,2139.0,2026-05-20,7916,2026-05-27,4,FA,4824,2795,NN,Semillas,Soja,Soja,78000.0,2026
2026-05-13,433016,2140.0,2026-05-20,7915,2026-05-27,4,FA,4824,2795,NN,Semillas,Soja,Soja,78000.0,2026
2026-05-13,433017,2140.0,2026-05-20,7914,2026-05-27,4,FA,4824,2795,NN,Semillas,Soja,Soja,78000.0,2026
2026-05-13,433018,2140.0,2026-05-20,7913,2026-05-27,4,FA,4824,2795,NN,Semillas,Soja,Soja,78000.0,2026
2026-05-13,433019,2141.0,2026-05-20,7930,2026-05-27,4,FA,4824,2795,NN,Semillas,Soja,Soja,202000.0,2026
2026-05-13,433020,2141.0,2026-05-20,7929,2026-05-27,4,FA,4824,2795,NN,Semillas,Soja,Soja,202000.0,2026
2026-05-13,433021,2141.0,2026-05-20,7928,2026-05-27,4,FA,4824,2795,NN,Semillas,Soja,Soja,202000.0,2026
2026-05-13,433022,2141.0,2026-05-20,7927,2026-05-27,4,FA,4824,2795,NN,Semillas,Soja,Soja,202000.0,2026
2026-05-13,433023,2141.0,2026-05-20,7926,2026-05-27,4,FA,4824,2795,NN,Semillas,Soja,Soja,202000.0,2026
2026-05-13,433024,2141.0,2026-05-20,7925,2026-05-27,4,FA,4824,2795,NN,Semillas,Soja,Soja,202000.0,2026
2026-05-13,433025,2141.0,2026-05-20,7924,2026-05-27,4,FA,4824,2795,NN,Semillas,Soja,Soja,202000.0,2026
2026-05-13,433026,2141.0,2026-05-20,7923,2026-05-27,4,FA,4824,2795,NN,Semillas,Soja,Soja,202000.0,2026
2026-05-13,433027,2141.0,2026-05-20,7922,2026-05-27,4,FA,4824,2795,NN,Semillas,Soja,Soja,202000.0,2026
2026-05-15,433137,2181.0,2026-06-26,8103,2026-07-02,4,FA,4885,4676,NN,Semillas,Soja,Soja,100000.0,2026
2026-05-15,433138,2143.0,2026-05-26,7952,2026-05-28,4,FA,4834,9261,NN,Semillas,Convenio Syngenta Trigo,Trigo,84000.0,2026
2026-05-15,433139,2142.0,2026-05-22,7936,2026-05-28,4,FA,4834,9261,NN,Semillas,Trigo,Trigo,147000.0,2026
2026-05-18,433140,2144.0,2026-05-26,7939,2026-05-28,4,FA,4828,967,NN,Semillas,Soja,Soja,64000.0,2026
2026-05-18,433141,2144.0,2026-05-26,7938,2026-05-28,4,FA,4828,967,NN,Semillas,Soja,Soja,64000.0,2026
2026-05-18,433142,2145.0,2026-05-20,7919,2026-05-28,4,FA,4827,1328,NN,Semillas,Gatton Panic,Gatton Panic,68000.0,2026
2026-05-18,433143,2145.0,2026-05-20,7918,2026-05-28,4,FA,4827,1328,NN,Semillas,Gatton Panic,Gatton Panic,68000.0,2026
2026-05-18,433144,2145.0,2026-05-20,7917,2026-05-28,4,FA,4827,1328,NN,Semillas,Gatton Panic,Gatton Panic,68000.0,2026
2026-05-18,433145,2146.0,2026-05-26,7954,2026-05-28,4,FA,4831,392,NN,Semillas,Calidad Trigo/Soja,Trigo,100000.0,2026
2026-05-18,433146,2146.0,2026-05-26,7953,2026-05-28,4,FA,4831,392,NN,Semillas,Calidad Trigo/Soja,Trigo,100000.0,2026
2026-05-18,433147,2147.0,2026-05-26,7951,2026-05-28,4,FA,4831,392,NN,Semillas,Doble Poder,Soja,67000.0,2026
2026-05-18,433148,2147.0,2026-05-26,7950,2026-05-28,4,FA,4831,392,NN,Semillas,Doble Poder,Soja,67000.0,2026
2026-05-18,433149,2147.0,2026-05-26,7949,2026-05-28,4,FA,4831,392,NN,Semillas,Doble Poder,Soja,67000.0,2026
2026-05-18,433150,2147.0,2026-05-26,7948,2026-05-28,4,FA,4831,392,NN,Semillas,Doble Poder,Soja,67000.0,2026
2026-05-18,433151,2147.0,2026-05-26,7947,2026-05-28,4,FA,4831,392,NN,Semillas,Doble Poder,Soja,67000.0,2026
2026-05-18,433152,2147.0,2026-05-26,7946,2026-05-28,4,FA,4831,392,NN,Semillas,Doble Poder,Soja,67000.0,2026
2026-05-18,433153,2147.0,2026-05-26,7945,2026-05-28,4,FA,4831,392,NN,Semillas,Doble Poder,Soja,67000.0,2026
2026-05-18,433154,2147.0,2026-05-26,7944,2026-05-28,4,FA,4831,392,NN,Semillas,Doble Poder,Soja,67000.0,2026
2026-05-18,433155,2147.0,2026-05-26,7943,2026-05-28,4,FA,4831,392,NN,Semillas,Doble Poder,Soja,67000.0,2026
2026-05-18,433156,2147.0,2026-05-26,7942,2026-05-28,4,FA,4831,392,NN,Semillas,Doble Poder,Soja,67000.0,2026
2026-05-18,433157,2147.0,2026-05-26,7941,2026-05-28,4,FA,4831,392,NN,Semillas,Doble Poder,Soja,67000.0,2026
2026-05-18,433158,2147.0,2026-05-26,7940,2026-05-28,4,FA,4831,392,NN,Semillas,Doble Poder,Soja,67000.0,2026
2026-05-18,433159,2148.0,2026-05-29,7958,2026-06-08,4,FA,4844,2308,NN,Semillas,Calidad Trigo/Soja,Trigo,100000.0,2026
2026-05-20,433160,2155.0,2026-06-16,8042,2026-06-18,4,FA,4866,6063,NN,Semillas,Panicum Coloratum,Panicum Coloratum,77000.0,2026
2026-05-20,433161,2155.0,2026-05-29,7959,2026-06-08,4,FA,4847,6063,NN,Semillas,Fuerza Total,Digitaria,77000.0,2026
2026-05-19,433165,2150.0,2026-05-27,7955,2026-05-28,4,FA,4829,1161,NN,Semillas,Calidad Trigo/Soja,Trigo,100000.0,2026
2026-05-19,433173,2151.0,2026-05-29,7957,2026-06-08,4,FA,4841,392,NN,Semillas,Trigo,Trigo,121000.0,2026
2026-05-19,433177,2152.0,2026-05-27,7956,2026-05-28,4,FA,4835,981,NN,Semillas,Fuerza Total,Soja,77000.0,2026
2026-05-19,433178,2153.0,2026-05-20,7921,2026-05-28,4,FA,4832,5167,NN,Semillas,Trigo,Trigo,68000.0,2026
2026-05-19,433179,2153.0,2026-05-20,7920,2026-05-28,4,FA,4832,5167,NN,Semillas,Trigo,Trigo,68000.0,2026
2026-05-20,433180,2154.0,2026-05-29,7964,2026-06-08,4,FA,4843,1171,NN,Semillas,Calidad Trigo/Soja,Trigo,100000.0,2026
2026-05-21,433203,2157.0,2026-06-17,8064,2026-06-18,4,FA,4868,104,NN,Semillas,Agropiro,Agropiro,64000.0,2026
2026-05-21,433204,2157.0,2026-06-12,8024,2026-06-18,4,FA,4868,104,NN,Semillas,Semilla Vital,Agropiro,110000.0,2026
2026-05-21,433205,2157.0,2026-06-17,8063,2026-06-18,4,FA,4868,104,NN,Semillas,Agropiro,Agropiro,64000.0,2026
2026-05-21,433206,2157.0,2026-06-12,8023,2026-06-18,4,FA,4868,104,NN,Semillas,Semilla Vital,Agropiro,110000.0,2026
2026-05-21,433207,2157.0,2026-06-05,8014,2026-06-08,4,FA,4848,104,NN,Semillas,Sorgo,Sorgo,64000.0,2026
2026-05-21,433208,2157.0,2026-06-01,7980,2026-06-08,4,FA,4848,104,NN,Semillas,Sorgo,Sorgo,63999.999,2026
2026-05-21,433209,2157.0,2026-06-05,8013,2026-06-08,4,FA,4848,104,NN,Semillas,Sorgo,Sorgo,64000.0,2026
2026-05-21,433210,2157.0,2026-06-01,7979,2026-06-08,4,FA,4848,104,NN,Semillas,Sorgo,Sorgo,64000.0,2026
2026-05-21,433211,2157.0,2026-06-05,8012,2026-06-08,4,FA,4848,104,NN,Semillas,Sorgo,Sorgo,64000.0,2026
2026-05-21,433212,2157.0,2026-06-01,7978,2026-06-08,4,FA,4848,104,NN,Semillas,Sorgo,Sorgo,64000.0,2026
2026-05-21,433213,2157.0,2026-06-05,8011,2026-06-08,4,FA,4848,104,NN,Semillas,Sorgo,Sorgo,64000.0,2026
2026-05-21,433214,2157.0,2026-06-01,7977,2026-06-08,4,FA,4848,104,NN,Semillas,Sorgo,Sorgo,64000.0,2026
2026-05-21,433215,2157.0,2026-06-05,8010,2026-06-08,4,FA,4848,104,NN,Semillas,Sorgo,Sorgo,64000.0,2026
2026-05-21,433216,2157.0,2026-06-01,7976,2026-06-08,4,FA,4848,104,NN,Semillas,Sorgo,Sorgo,64000.0,2026
2026-05-21,433217,2157.0,2026-06-05,8009,2026-06-08,4,FA,4848,104,NN,Semillas,Sorgo,Sorgo,64000.0,2026
2026-05-21,433218,2157.0,2026-06-01,7975,2026-06-08,4,FA,4848,104,NN,Semillas,Sorgo,Sorgo,64000.0,2026
2026-05-21,433219,2156.0,2026-05-29,7963,2026-06-08,4,FA,4841,392,NN,Semillas,Doble Poder,Soja,67000.0,2026
2026-05-21,433220,2156.0,2026-05-29,7962,2026-06-08,4,FA,4841,392,NN,Semillas,Doble Poder,Soja,67000.0,2026
2026-05-21,433221,2156.0,2026-05-29,7961,2026-06-08,4,FA,4841,392,NN,Semillas,Doble Poder,Soja,67000.0,2026
2026-05-21,433222,2156.0,2026-05-29,7960,2026-06-08,4,FA,4841,392,NN,Semillas,Doble Poder,Soja,67000.0,2026
2026-06-16,433223,2178.0,2026-06-24,8099,2026-07-02,4,FA,4893,2911,NN,Semillas,Maíz,Maíz,64000.0,2026
2026-05-21,433224,2158.0,2026-05-29,7974,2026-06-08,4,FA,4842,522,NN,Semillas,Trigo,Trigo,50000.0,2026
2026-05-21,433225,2158.0,2026-05-29,7973,2026-06-08,4,FA,4842,522,NN,Semillas,Trigo,Trigo,50000.0,2026
2026-05-21,433226,2158.0,2026-05-29,7972,2026-06-08,4,FA,4842,522,NN,Semillas,Trigo,Trigo,50000.0,2026
2026-05-21,433227,2158.0,2026-05-29,7971,2026-06-08,4,FA,4842,522,NN,Semillas,Trigo,Trigo,50000.0,2026
2026-05-21,433228,2158.0,2026-05-29,7970,2026-06-08,4,FA,4842,522,NN,Semillas,Trigo,Trigo,50000.0,2026
2026-05-21,433229,2158.0,2026-05-29,7969,2026-06-08,4,FA,4842,522,NN,Semillas,Trigo,Trigo,50000.0,2026
2026-05-21,433230,2158.0,2026-05-29,7968,2026-06-08,4,FA,4842,522,NN,Semillas,Trigo,Trigo,50000.0,2026
2026-05-21,433231,2158.0,2026-05-29,7967,2026-06-08,4,FA,4842,522,NN,Semillas,Trigo,Trigo,50000.0,2026
2026-05-21,433232,2158.0,2026-05-29,7966,2026-06-08,4,FA,4842,522,NN,Semillas,Trigo,Trigo,50000.0,2026
2026-05-21,433233,2158.0,2026-05-29,7965,2026-06-08,4,FA,4842,522,NN,Semillas,Trigo,Trigo,50000.0,2026
2026-05-28,433288,2160.0,2026-06-04,8008,2026-06-08,4,FA,4841,392,NN,Semillas,Soja,Soja,100000.0,2026
2026-05-28,433289,2160.0,2026-06-04,8007,2026-06-08,4,FA,4841,392,NN,Semillas,Soja,Soja,100000.0,2026
2026-05-28,433290,2160.0,2026-06-04,8006,2026-06-08,4,FA,4841,392,NN,Semillas,Soja,Soja,100000.0,2026
2026-05-28,433291,2160.0,2026-06-04,8005,2026-06-08,4,FA,4841,392,NN,Semillas,Soja,Soja,100000.0,2026
2026-05-28,433292,2160.0,2026-06-04,8004,2026-06-08,4,FA,4841,392,NN,Semillas,Soja,Soja,100000.0,2026
2026-05-28,433293,2160.0,2026-06-04,8003,2026-06-08,4,FA,4841,392,NN,Semillas,Soja,Soja,100000.0,2026
2026-05-28,433294,2160.0,2026-06-04,8002,2026-06-08,4,FA,4841,392,NN,Semillas,Soja,Soja,100000.0,2026
2026-05-28,433295,2160.0,2026-06-04,8001,2026-06-08,4,FA,4841,392,NN,Semillas,Soja,Soja,100000.0,2026
2026-05-28,433296,2160.0,2026-06-04,8000,2026-06-08,4,FA,4841,392,NN,Semillas,Soja,Soja,100000.0,2026
2026-05-28,433297,2160.0,2026-06-04,7999,2026-06-08,4,FA,4841,392,NN,Semillas,Soja,Soja,100000.0,2026
2026-05-28,433298,2160.0,2026-06-04,7998,2026-06-08,4,FA,4841,392,NN,Semillas,Soja,Soja,100000.0,2026
2026-05-28,433299,2160.0,2026-06-04,7997,2026-06-08,4,FA,4841,392,NN,Semillas,Soja,Soja,100000.0,2026
2026-05-28,433300,2160.0,2026-06-04,7996,2026-06-08,4,FA,4841,392,NN,Semillas,Soja,Soja,100000.0,2026
2026-05-28,433301,2160.0,2026-06-04,7995,2026-06-08,4,FA,4841,392,NN,Semillas,Soja,Soja,100000.0,2026
2026-05-28,433302,2160.0,2026-06-04,7994,2026-06-08,4,FA,4841,392,NN,Semillas,Soja,Soja,100000.0,2026
2026-05-28,433303,2160.0,2026-06-04,7993,2026-06-08,4,FA,4841,392,NN,Semillas,Soja,Soja,100000.0,2026
2026-05-28,433304,2160.0,2026-06-04,7992,2026-06-08,4,FA,4841,392,NN,Semillas,Soja,Soja,100000.0,2026
2026-05-28,433305,2160.0,2026-06-04,7991,2026-06-08,4,FA,4841,392,NN,Semillas,Soja,Soja,100000.0,2026
2026-05-28,433306,2160.0,2026-06-04,7990,2026-06-08,4,FA,4841,392,NN,Semillas,Soja,Soja,100000.0,2026
2026-05-28,433307,2160.0,2026-06-04,7989,2026-06-08,4,FA,4841,392,NN,Semillas,Soja,Soja,100000.0,2026
2026-05-28,433308,2160.0,2026-06-04,7988,2026-06-08,4,FA,4841,392,NN,Semillas,Soja,Soja,100000.0,2026
2026-05-28,433309,2160.0,2026-06-04,7987,2026-06-08,4,FA,4841,392,NN,Semillas,Soja,Soja,100000.0,2026
2026-05-28,433310,2160.0,2026-06-04,7986,2026-06-08,4,FA,4841,392,NN,Semillas,Soja,Soja,100000.0,2026
2026-05-28,433311,2160.0,2026-06-04,7985,2026-06-08,4,FA,4841,392,NN,Semillas,Soja,Soja,100000.0,2026
2026-05-27,433312,2159.0,2026-06-03,7983,2026-06-08,4,FA,4841,392,NN,Semillas,Calidad Trigo/Soja,Trigo,100000.0,2026
2026-05-27,433313,2159.0,2026-06-03,7982,2026-06-08,4,FA,4841,392,NN,Semillas,Calidad Trigo/Soja,Trigo,100000.0,2026
2026-06-03,433315,2165.0,2026-06-08,8015,2026-06-18,4,FA,4864,392,NN,Semillas,Convenio Syngenta Trigo,Trigo,84000.0,2026
2026-05-28,433316,2161.0,2026-06-16,8045,2026-06-18,4,FA,4862,1328,NN,Semillas,Grama Rhodes,Grama Rhodes,64000.0,2026
2026-05-28,433317,2161.0,2026-06-16,8044,2026-06-18,4,FA,4862,1328,NN,Semillas,Grama Rhodes,Grama Rhodes,64000.0,2026
2026-05-28,433318,2161.0,2026-06-16,8043,2026-06-18,4,FA,4862,1328,NN,Semillas,Grama Rhodes,Grama Rhodes,64000.0,2026
2026-06-03,433365,2164.0,2026-06-03,7981,2026-06-08,4,FA,4845,1328,NN,Semillas,Gatton Panic,Gatton Panic,68000.0,2026
2026-06-02,433366,2162.0,2026-06-04,7984,2026-06-08,4,FA,4846,4281,NN,Semillas,Panicum Coloratum,Panicum Coloratum,68000.0,2026
2026-06-02,433369,2163.0,2026-06-11,8021,2026-06-18,4,FA,4863,4676,NN,Semillas,Soja,Soja,100000.0,2026
2026-06-02,433370,2163.0,2026-06-11,8020,2026-06-18,4,FA,4863,4676,NN,Semillas,Soja,Soja,100000.0,2026
2026-06-02,433371,2163.0,2026-06-11,8019,2026-06-18,4,FA,4863,4676,NN,Semillas,Soja,Soja,100000.0,2026
2026-06-02,433372,2163.0,2026-06-11,8018,2026-06-18,4,FA,4863,4676,NN,Semillas,Soja,Soja,100000.0,2026
2026-06-04,433439,2166.0,2026-06-12,8031,2026-06-18,4,FA,4864,392,NN,Semillas,Soja,Soja,67000.0,2026
2026-06-04,433440,2166.0,2026-06-12,8030,2026-06-18,4,FA,4864,392,NN,Semillas,Soja,Soja,67000.0,2026
2026-06-04,433441,2166.0,2026-06-12,8029,2026-06-18,4,FA,4864,392,NN,Semillas,Soja,Soja,67000.0,2026
2026-06-04,433442,2166.0,2026-06-12,8028,2026-06-18,4,FA,4864,392,NN,Semillas,Soja,Soja,67000.0,2026
2026-06-04,433443,2166.0,2026-06-12,8027,2026-06-18,4,FA,4864,392,NN,Semillas,Soja,Soja,67000.0,2026
2026-06-04,433444,2166.0,2026-06-12,8026,2026-06-18,4,FA,4864,392,NN,Semillas,Soja,Soja,67000.0,2026
2026-06-04,433445,2166.0,2026-06-12,8025,2026-06-18,4,FA,4864,392,NN,Semillas,Soja,Soja,67000.0,2026
2026-06-04,433446,2167.0,2026-06-22,8094,2026-07-02,4,FA,4889,104,NN,Semillas,Semilla Vital,Festuca,110000.0,2026
2026-06-04,433447,2169.0,2026-06-16,8041,2026-06-18,4,FA,4864,392,NN,Semillas,Soja,Soja,67000.0,2026
2026-06-04,433448,2167.0,2026-06-22,8093,2026-07-02,4,FA,4889,104,NN,Semillas,Semilla Vital,Festuca,110000.0,2026
2026-06-04,433449,2167.0,2026-06-10,8017,2026-06-18,4,FA,4868,104,NN,Semillas,Festuca,Festuca,47000.0,2026
2026-06-04,433450,2167.0,2026-06-10,8016,2026-06-18,4,FA,4868,104,NN,Semillas,Festuca,Festuca,47000.0,2026
2026-06-05,433469,2168.0,2026-06-12,8022,2026-06-18,4,FA,4869,1171,NN,Semillas,Trigo,Trigo,100000.0,2026
2026-06-08,433484,2169.0,2026-06-16,8040,2026-06-18,4,FA,4864,392,NN,Semillas,Soja,Soja,67000.0,2026
2026-06-08,433485,2169.0,2026-06-16,8039,2026-06-18,4,FA,4864,392,NN,Semillas,Soja,Soja,67000.0,2026
2026-06-08,433486,2169.0,2026-06-16,8038,2026-06-18,4,FA,4864,392,NN,Semillas,Soja,Soja,67000.0,2026
2026-06-08,433487,2169.0,2026-06-16,8037,2026-06-18,4,FA,4864,392,NN,Semillas,Soja,Soja,67000.0,2026
2026-06-08,433488,2169.0,2026-06-16,8036,2026-06-18,4,FA,4864,392,NN,Semillas,Soja,Soja,67000.0,2026
2026-06-08,433489,2169.0,2026-06-16,8035,2026-06-18,4,FA,4864,392,NN,Semillas,Soja,Soja,67000.0,2026
2026-06-08,433490,2169.0,2026-06-16,8034,2026-06-18,4,FA,4864,392,NN,Semillas,Soja,Soja,67000.0,2026
2026-06-08,433491,2169.0,2026-06-16,8033,2026-06-18,4,FA,4864,392,NN,Semillas,Soja,Soja,67000.0,2026
2026-06-08,433496,2170.0,2026-06-17,8047,2026-06-18,4,FA,4861,4339,NN,Semillas,Soja,Soja,64000.0,2026
2026-06-08,433497,2170.0,2026-06-17,8046,2026-06-18,4,FA,4861,4339,NN,Semillas,Soja,Soja,64000.0,2026
2026-06-09,433498,2171.0,2026-06-17,8062,2026-06-18,4,FA,4867,522,NN,Semillas,Trigo,Trigo,50000.0,2026
2026-06-09,433499,2171.0,2026-06-17,8061,2026-06-18,4,FA,4867,522,NN,Semillas,Trigo,Trigo,50000.0,2026
2026-06-09,433500,2171.0,2026-06-17,8060,2026-06-18,4,FA,4867,522,NN,Semillas,Trigo,Trigo,50000.0,2026
2026-06-09,433501,2171.0,2026-06-17,8059,2026-06-18,4,FA,4867,522,NN,Semillas,Trigo,Trigo,50000.0,2026
2026-06-09,433502,2171.0,2026-06-17,8058,2026-06-18,4,FA,4867,522,NN,Semillas,Trigo,Trigo,50000.0,2026
2026-06-09,433503,2171.0,2026-06-17,8057,2026-06-18,4,FA,4867,522,NN,Semillas,Trigo,Trigo,50000.0,2026
2026-06-09,433504,2171.0,2026-06-17,8056,2026-06-18,4,FA,4867,522,NN,Semillas,Trigo,Trigo,50000.0,2026
2026-06-09,433505,2171.0,2026-06-17,8055,2026-06-18,4,FA,4867,522,NN,Semillas,Trigo,Trigo,50000.0,2026
2026-06-09,433506,2171.0,2026-06-17,8054,2026-06-18,4,FA,4867,522,NN,Semillas,Trigo,Trigo,50000.0,2026
2026-06-09,433507,2171.0,2026-06-17,8053,2026-06-18,4,FA,4867,522,NN,Semillas,Trigo,Trigo,50000.0,2026
2026-06-09,433508,2171.0,2026-06-17,8052,2026-06-18,4,FA,4867,522,NN,Semillas,Trigo,Trigo,50000.0,2026
2026-06-09,433509,2171.0,2026-06-17,8051,2026-06-18,4,FA,4867,522,NN,Semillas,Trigo,Trigo,50000.0,2026
2026-06-09,433510,2171.0,2026-06-17,8050,2026-06-18,4,FA,4867,522,NN,Semillas,Trigo,Trigo,50000.0,2026
2026-06-09,433511,2171.0,2026-06-17,8049,2026-06-18,4,FA,4867,522,NN,Semillas,Trigo,Trigo,50000.0,2026
2026-06-09,433512,2171.0,2026-06-17,8048,2026-06-18,4,FA,4867,522,NN,Semillas,Trigo,Trigo,50000.0,2026
2026-06-10,433516,2173.0,2026-06-18,8069,2026-07-02,4,FA,4891,1371,NN,Semillas,Trigo,Trigo,100000.0,2026
2026-06-12,433606,2174.0,2026-06-19,8092,2026-07-02,4,FA,4895,9261,NN,Semillas,Convenio Syngenta Soja Completo,Soja,84000.0,2026
2026-06-12,433607,2174.0,2026-06-19,8091,2026-07-02,4,FA,4895,9261,NN,Semillas,Convenio Syngenta Soja Completo,Soja,84000.0,2026
2026-06-12,433608,2174.0,2026-06-19,8090,2026-07-02,4,FA,4895,9261,NN,Semillas,Convenio Syngenta Soja Completo,Soja,84000.0,2026
2026-06-12,433609,2174.0,2026-06-19,8089,2026-07-02,4,FA,4895,9261,NN,Semillas,Convenio Syngenta Soja Completo,Soja,84000.0,2026
2026-06-12,433610,2174.0,2026-06-19,8088,2026-07-02,4,FA,4895,9261,NN,Semillas,Convenio Syngenta Soja Completo,Soja,84000.0,2026
2026-06-12,433611,2174.0,2026-06-19,8087,2026-07-02,4,FA,4895,9261,NN,Semillas,Convenio Syngenta Soja Completo,Soja,84000.0,2026
2026-06-12,433612,2174.0,2026-06-19,8086,2026-07-02,4,FA,4895,9261,NN,Semillas,Convenio Syngenta Soja Completo,Soja,84000.0,2026
2026-06-12,433613,2174.0,2026-06-19,8085,2026-07-02,4,FA,4895,9261,NN,Semillas,Convenio Syngenta Soja Completo,Soja,84000.0,2026
2026-06-12,433614,2174.0,2026-06-19,8084,2026-07-02,4,FA,4895,9261,NN,Semillas,Convenio Syngenta Soja Completo,Soja,84000.0,2026
2026-06-12,433615,2174.0,2026-06-19,8083,2026-07-02,4,FA,4895,9261,NN,Semillas,Convenio Syngenta Soja Completo,Soja,84000.0,2026
2026-06-12,433616,2174.0,2026-07-06,8177,2026-07-02,4,FA,4895,9261,NN,Semillas,Convenio Syngenta Soja Completo,Soja,84000.0,2026
2026-06-12,433617,2174.0,2026-06-19,8081,2026-07-02,4,FA,4895,9261,NN,Semillas,Convenio Syngenta Soja Completo,Soja,84000.0,2026
2026-06-12,433618,2174.0,2026-07-06,8176,2026-07-02,4,FA,4895,9261,NN,Semillas,Convenio Syngenta Soja Completo,Soja,84000.0,2026
2026-06-12,433619,2174.0,2026-06-19,8079,2026-07-02,4,FA,4895,9261,NN,Semillas,Convenio Syngenta Soja Completo,Soja,84000.0,2026
2026-06-12,433620,2175.0,2026-06-19,8078,2026-07-02,4,FA,4895,9261,NN,Semillas,Trigo,Trigo,111000.0,2026
2026-06-12,433621,2175.0,2026-06-23,8098,2026-07-02,4,FA,4895,9261,NN,Semillas,Convenio Syngenta Trigo,Trigo,84000.0,2026
2026-06-16,433646,2176.0,2026-06-18,8066,2026-06-18,4,FA,4865,4281,NN,Semillas,Panicum Coloratum,Panicum Coloratum,68000.0,2026
2026-06-16,433647,2176.0,2026-06-18,8065,2026-06-18,4,FA,4865,4281,NN,Semillas,Panicum Coloratum,Panicum Coloratum,68000.0,2026
2026-06-16,433648,2177.0,2026-06-18,8068,2026-07-02,4,FA,4890,1328,NN,Semillas,Gatton Panic,Gatton Panic,68000.0,2026
2026-06-16,433649,2177.0,2026-06-18,8067,2026-07-02,4,FA,4890,1328,NN,Semillas,Gatton Panic,Gatton Panic,68000.0,2026
2026-06-16,433650,2177.0,2026-06-19,8074,2026-07-02,4,FA,4890,1328,NN,Semillas,Gatton Panic,Gatton Panic,68000.0,2026
2026-06-16,433651,2177.0,2026-06-19,8073,2026-07-02,4,FA,4890,1328,NN,Semillas,Gatton Panic,Gatton Panic,68000.0,2026
2026-06-16,433652,2177.0,2026-06-19,8072,2026-07-02,4,FA,4890,1328,NN,Semillas,Gatton Panic,Gatton Panic,68000.0,2026
2026-06-16,433653,2177.0,2026-06-19,8071,2026-07-02,4,FA,4890,1328,NN,Semillas,Gatton Panic,Gatton Panic,68000.0,2026
2026-06-16,433654,2177.0,2026-06-19,8070,2026-07-02,4,FA,4890,1328,NN,Semillas,Gatton Panic,Gatton Panic,68000.0,2026
2026-06-17,433675,2179.0,2026-06-19,8077,2026-07-02,4,FA,4892,1856,NN,Semillas,Buffel Grass,Buffel Grass,68000.0,2026
2026-06-17,433676,2179.0,2026-06-19,8076,2026-07-02,4,FA,4892,1856,NN,Semillas,Buffel Grass,Buffel Grass,68000.0,2026
2026-06-17,433677,2179.0,2026-06-19,8075,2026-07-02,4,FA,4892,1856,NN,Semillas,Buffel Grass,Buffel Grass,68000.0,2026
2026-06-17,433678,2180.0,2026-06-22,8097,2026-07-02,4,FA,4892,1856,NN,Semillas,Buffel Grass,Buffel Grass,47000.0,2026
2026-06-17,433679,2180.0,2026-06-22,8096,2026-07-02,4,FA,4892,1856,NN,Semillas,Buffel Grass,Buffel Grass,47000.0,2026
2026-06-17,433680,2180.0,2026-06-22,8095,2026-07-02,4,FA,4892,1856,NN,Semillas,Buffel Grass,Buffel Grass,47000.0,2026
2026-06-26,433683,2192.0,2026-06-26,8102,2026-07-02,4,FA,4888,5111,NN,Semillas,Soja,Soja,100000.0,2026
2026-06-18,433684,2182.0,2026-06-29,8116,2026-07-02,4,FA,4886,4943,NN,Semillas,Moha,Moha,64000.0,2026
2026-06-22,433886,2183.0,2026-06-30,8131,2026-07-02,4,FA,4881,392,NN,Semillas,Soja,Soja,100000.0,2026
2026-06-22,433887,2183.0,2026-06-30,8130,2026-07-02,4,FA,4881,392,NN,Semillas,Soja,Soja,100000.0,2026
2026-06-22,433888,2183.0,2026-06-30,8129,2026-07-02,4,FA,4881,392,NN,Semillas,Soja,Soja,100000.0,2026
2026-06-24,433889,2184.0,2026-07-01,8145,2026-07-02,4,FA,4881,392,NN,Semillas,Convenio Syngenta Soja Completo,Soja,84000.0,2026
2026-06-22,433890,2184.0,2026-06-29,8115,2026-07-02,4,FA,4881,392,NN,Semillas,Convenio Syngenta Soja Completo,Soja,84000.0,2026
2026-06-22,433891,2184.0,2026-06-29,8114,2026-07-02,4,FA,4881,392,NN,Semillas,Convenio Syngenta Soja Completo,Soja,84000.0,2026
2026-06-24,433892,2184.0,2026-07-01,8144,2026-07-02,4,FA,4881,392,NN,Semillas,Convenio Syngenta Soja Completo,Soja,84000.0,2026
2026-06-24,433893,2184.0,2026-07-01,8143,2026-07-02,4,FA,4881,392,NN,Semillas,Convenio Syngenta Soja Completo,Soja,84000.0,2026
2026-06-22,433894,2184.0,2026-06-29,8113,2026-07-02,4,FA,4881,392,NN,Semillas,Convenio Syngenta Soja Completo,Soja,84000.0,2026
2026-06-22,433895,2184.0,2026-06-29,8112,2026-07-02,4,FA,4881,392,NN,Semillas,Convenio Syngenta Soja Completo,Soja,84000.0,2026
2026-06-22,433896,2184.0,2026-06-29,8111,2026-07-02,4,FA,4881,392,NN,Semillas,Convenio Syngenta Soja Completo,Soja,84000.0,2026
2026-06-22,433897,2184.0,2026-06-29,8110,2026-07-02,4,FA,4881,392,NN,Semillas,Convenio Syngenta Soja Completo,Soja,84000.0,2026
2026-06-24,433898,2184.0,2026-07-01,8142,2026-07-02,4,FA,4881,392,NN,Semillas,Convenio Syngenta Soja Completo,Soja,84000.0,2026
2026-06-24,433899,2184.0,2026-07-01,8141,2026-07-02,4,FA,4881,392,NN,Semillas,Convenio Syngenta Soja Completo,Soja,84000.0,2026
2026-06-22,433900,2184.0,2026-06-29,8109,2026-07-02,4,FA,4881,392,NN,Semillas,Convenio Syngenta Soja Completo,Soja,84000.0,2026
2026-06-24,433901,2184.0,2026-07-01,8140,2026-07-02,4,FA,4881,392,NN,Semillas,Convenio Syngenta Soja Completo,Soja,84000.0,2026
2026-06-24,433902,2184.0,2026-07-01,8139,2026-07-02,4,FA,4881,392,NN,Semillas,Convenio Syngenta Soja Completo,Soja,84000.0,2026
2026-06-24,433903,2184.0,2026-07-01,8138,2026-07-02,4,FA,4881,392,NN,Semillas,Convenio Syngenta Soja Completo,Soja,84000.0,2026
2026-06-24,433904,2184.0,2026-07-01,8137,2026-07-02,4,FA,4881,392,NN,Semillas,Convenio Syngenta Soja Completo,Soja,84000.0,2026
2026-06-22,433905,2184.0,2026-06-29,8108,2026-07-02,4,FA,4881,392,NN,Semillas,Convenio Syngenta Soja Completo,Soja,84000.0,2026
2026-06-22,433906,2184.0,2026-06-29,8107,2026-07-02,4,FA,4881,392,NN,Semillas,Convenio Syngenta Soja Completo,Soja,84000.0,2026
2026-06-22,433907,2184.0,2026-06-29,8106,2026-07-02,4,FA,4881,392,NN,Semillas,Convenio Syngenta Soja Completo,Soja,84000.0,2026
2026-06-22,433908,2184.0,2026-06-29,8105,2026-07-02,4,FA,4881,392,NN,Semillas,Convenio Syngenta Soja Completo,Soja,84000.0,2026
2026-06-22,433909,2184.0,2026-06-29,8104,2026-07-02,4,FA,4881,392,NN,Semillas,Convenio Syngenta Soja Completo,Soja,84000.0,2026
2026-06-22,433910,2184.0,2026-06-30,8128,2026-07-02,4,FA,4881,392,NN,Semillas,Convenio Syngenta Soja Completo,Soja,84000.0,2026
2026-06-22,433911,2184.0,2026-06-30,8127,2026-07-02,4,FA,4881,392,NN,Semillas,Convenio Syngenta Soja Completo,Soja,84000.0,2026
2026-06-22,433912,2184.0,2026-06-30,8126,2026-07-02,4,FA,4881,392,NN,Semillas,Convenio Syngenta Soja Completo,Soja,84000.0,2026
2026-06-24,433913,2184.0,2026-07-01,8136,2026-07-02,4,FA,4881,392,NN,Semillas,Convenio Syngenta Soja Completo,Soja,84000.0,2026
2026-06-24,433914,2184.0,2026-07-01,8135,2026-07-02,4,FA,4881,392,NN,Semillas,Convenio Syngenta Soja Completo,Soja,84000.0,2026
2026-06-22,433915,2184.0,2026-06-30,8125,2026-07-02,4,FA,4881,392,NN,Semillas,Convenio Syngenta Soja Completo,Soja,84000.0,2026
2026-06-22,433916,2184.0,2026-06-30,8124,2026-07-02,4,FA,4881,392,NN,Semillas,Convenio Syngenta Soja Completo,Soja,84000.0,2026
2026-06-22,433918,2184.0,2026-06-30,8123,2026-07-02,4,FA,4881,392,NN,Semillas,Convenio Syngenta Soja Completo,Soja,84000.0,2026
2026-06-22,433919,2184.0,2026-06-30,8122,2026-07-02,4,FA,4881,392,NN,Semillas,Convenio Syngenta Soja Completo,Soja,84000.0,2026
2026-06-22,433920,2184.0,2026-06-30,8121,2026-07-02,4,FA,4881,392,NN,Semillas,Convenio Syngenta Soja Completo,Soja,84000.0,2026
2026-06-22,433921,2184.0,2026-06-30,8120,2026-07-02,4,FA,4881,392,NN,Semillas,Convenio Syngenta Soja Completo,Soja,84000.0,2026
2026-06-22,433922,2184.0,2026-06-30,8119,2026-07-02,4,FA,4881,392,NN,Semillas,Convenio Syngenta Soja Completo,Soja,84000.0,2026
2026-06-24,433923,2184.0,2026-07-01,8134,2026-07-02,4,FA,4881,392,NN,Semillas,Convenio Syngenta Soja Completo,Soja,84000.0,2026
2026-06-24,433924,2184.0,2026-07-01,8133,2026-07-02,4,FA,4881,392,NN,Semillas,Convenio Syngenta Soja Completo,Soja,84000.0,2026
2026-06-22,433925,2184.0,2026-06-30,8118,2026-07-02,4,FA,4881,392,NN,Semillas,Convenio Syngenta Soja Completo,Soja,84000.0,2026
2026-06-24,433926,2184.0,2026-07-01,8132,2026-07-02,4,FA,4881,392,NN,Semillas,Convenio Syngenta Soja Completo,Soja,84000.0,2026
2026-06-22,433928,2184.0,2026-06-30,8117,2026-07-02,4,FA,4881,392,NN,Semillas,Convenio Syngenta Soja Completo,Soja,84000.0,2026
2026-06-23,433931,2185.0,2026-06-25,8101,2026-07-02,4,FA,4894,4281,NN,Semillas,Panicum Coloratum,Panicum Coloratum,68000.0,2026
2026-06-23,433932,2185.0,2026-06-25,8100,2026-07-02,4,FA,4894,4281,NN,Semillas,Gatton Panic,Gatton Panic,68000.0,2026
2026-06-23,433933,2186.0,2026-07-01,8149,2026-07-02,4,FA,4883,3660,NN,Semillas,Fuerza Total,Soja,77000.0,2026
2026-06-24,434048,2187.0,2026-07-01,8148,2026-07-02,4,FA,4882,981,NN,Semillas,Fuerza Total,Maíz,77000.0,2026
2026-06-24,434049,2187.0,2026-07-01,8147,2026-07-02,4,FA,4882,981,NN,Semillas,Fuerza Total,Maíz,77000.0,2026
2026-06-24,434050,2187.0,2026-07-10,8224,2026-07-14,4,FA,4919,981,NN,Semillas,Fuerza Total,Alfalfa,77000.0,2026
2026-06-25,434163,2188.0,2026-07-03,8157,2026-07-07,4,FA,4900,109,NN,Semillas,Soja,Soja,100000.0,2026
2026-06-25,434164,2188.0,2026-07-03,8156,2026-07-07,4,FA,4900,109,NN,Semillas,Soja,Soja,100000.0,2026
2026-06-25,434165,2188.0,2026-07-03,8155,2026-07-07,4,FA,4900,109,NN,Semillas,Soja,Soja,100000.0,2026
2026-06-25,434166,2188.0,2026-07-03,8154,2026-07-07,4,FA,4900,109,NN,Semillas,Soja,Soja,100000.0,2026
2026-06-25,434167,2188.0,2026-07-03,8153,2026-07-07,4,FA,4900,109,NN,Semillas,Soja,Soja,100000.0,2026
2026-06-25,434168,2188.0,2026-07-03,8152,2026-07-07,4,FA,4900,109,NN,Semillas,Soja,Soja,100000.0,2026
2026-06-25,434169,2189.0,2026-07-03,8175,2026-07-07,4,FA,4901,522,NN,Semillas,Soja,Soja,50000.0,2026
2026-06-25,434170,2189.0,2026-07-03,8174,2026-07-07,4,FA,4901,522,NN,Semillas,Soja,Soja,50000.0,2026
2026-06-25,434171,2189.0,2026-07-03,8173,2026-07-07,4,FA,4901,522,NN,Semillas,Soja,Soja,50000.0,2026
2026-06-25,434172,2189.0,2026-07-03,8172,2026-07-07,4,FA,4901,522,NN,Semillas,Soja,Soja,67000.0,2026
2026-06-25,434173,2189.0,2026-07-03,8171,2026-07-07,4,FA,4901,522,NN,Semillas,Soja,Soja,50000.0,2026
2026-06-25,434174,2189.0,2026-07-03,8170,2026-07-07,4,FA,4901,522,NN,Semillas,Soja,Soja,67000.0,2026
2026-06-25,434175,2189.0,2026-07-03,8169,2026-07-07,4,FA,4901,522,NN,Semillas,Soja,Soja,50000.0,2026
2026-06-25,434176,2189.0,2026-07-03,8168,2026-07-07,4,FA,4901,522,NN,Semillas,Soja,Soja,67000.0,2026
2026-06-25,434177,2189.0,2026-07-03,8167,2026-07-07,4,FA,4901,522,NN,Semillas,Soja,Soja,67000.0,2026
2026-06-25,434178,2189.0,2026-07-03,8166,2026-07-07,4,FA,4901,522,NN,Semillas,Soja,Soja,50000.0,2026
2026-06-25,434179,2189.0,2026-07-03,8165,2026-07-07,4,FA,4901,522,NN,Semillas,Soja,Soja,50000.0,2026
2026-06-25,434180,2189.0,2026-07-03,8164,2026-07-07,4,FA,4901,522,NN,Semillas,Soja,Soja,67000.0,2026
2026-06-25,434181,2189.0,2026-07-03,8163,2026-07-07,4,FA,4901,522,NN,Semillas,Soja,Soja,50000.0,2026
2026-06-25,434182,2189.0,2026-07-03,8162,2026-07-07,4,FA,4901,522,NN,Semillas,Soja,Soja,67000.0,2026
2026-06-25,434183,2189.0,2026-07-03,8161,2026-07-07,4,FA,4901,522,NN,Semillas,Soja,Soja,67000.0,2026
2026-06-25,434184,2189.0,2026-07-03,8160,2026-07-07,4,FA,4901,522,NN,Semillas,Soja,Soja,67000.0,2026
2026-06-25,434185,2189.0,2026-07-03,8159,2026-07-07,4,FA,4901,522,NN,Semillas,Soja,Soja,67000.0,2026
2026-06-25,434186,2189.0,2026-07-03,8158,2026-07-07,4,FA,4901,522,NN,Semillas,Soja,Soja,50000.0,2026
2026-06-25,434187,2190.0,2026-07-06,8181,2026-07-07,4,FA,4899,104,NN,Semillas,Sorgo,Sorgo,67000.0,2026
2026-06-25,434188,2190.0,2026-07-06,8180,2026-07-07,4,FA,4899,104,NN,Semillas,Sorgo,Sorgo,67000.0,2026
2026-06-25,434189,2190.0,2026-07-06,8179,2026-07-07,4,FA,4899,104,NN,Semillas,Sorgo,Sorgo,67000.0,2026
2026-06-25,434190,2190.0,2026-07-06,8178,2026-07-07,4,FA,4899,104,NN,Semillas,Sorgo,Sorgo,67000.0,2026
2026-06-25,434191,2191.0,2026-07-06,8183,2026-07-07,4,FA,4902,714,NN,Semillas,Convenio Syngenta Trigo,Trigo,84000.0,2026
2026-06-25,434192,2191.0,2026-07-06,8182,2026-07-07,4,FA,4902,714,NN,Semillas,Convenio Syngenta Trigo,Trigo,84000.0,2026
2026-06-29,434258,2193.0,2026-07-01,8146,2026-07-02,4,FA,4884,4281,NN,Semillas,Gatton Panic,Gatton Panic,68000.0,2026
2026-06-29,434259,2194.0,2026-07-10,8223,2026-07-14,4,FA,4917,9261,NN,Semillas,Convenio Syngenta Trigo,Trigo,84000.0,2026
2026-06-30,434341,2193.0,2026-07-02,8151,2026-07-02,4,FA,4884,4281,NN,Semillas,Gatton Panic,Gatton Panic,67000.0,2026
2026-06-30,434342,2195.0,2026-07-02,8150,2026-07-02,4,FA,4887,5082,NN,Semillas,Gatton Panic,Gatton Panic,115000.0,2026
2026-07-02,434345,2196.0,2026-07-08,8214,2026-07-14,4,FA,4918,392,NN,Semillas,Soja,Soja,50000.0,2026
2026-07-02,434346,2196.0,2026-07-08,8213,2026-07-14,4,FA,4918,392,NN,Semillas,Soja,Soja,50000.0,2026
2026-07-02,434347,2196.0,2026-07-08,8212,2026-07-14,4,FA,4918,392,NN,Semillas,Soja,Soja,50000.0,2026
2026-07-02,434348,2196.0,2026-07-08,8211,2026-07-14,4,FA,4918,392,NN,Semillas,Soja,Soja,50000.0,2026
2026-07-02,434349,2196.0,2026-07-08,8210,2026-07-14,4,FA,4918,392,NN,Semillas,Soja,Soja,50000.0,2026
2026-07-02,434350,2196.0,2026-07-08,8209,2026-07-14,4,FA,4918,392,NN,Semillas,Soja,Soja,50000.0,2026
2026-07-02,434351,2196.0,2026-07-08,8208,2026-07-14,4,FA,4918,392,NN,Semillas,Soja,Soja,50000.0,2026
2026-07-02,434352,2196.0,2026-07-08,8207,2026-07-14,4,FA,4918,392,NN,Semillas,Soja,Soja,50000.0,2026
2026-07-02,434353,2196.0,2026-07-08,8206,2026-07-14,4,FA,4918,392,NN,Semillas,Soja,Soja,50000.0,2026
2026-07-02,434354,2196.0,2026-07-08,8205,2026-07-14,4,FA,4918,392,NN,Semillas,Soja,Soja,50000.0,2026
2026-07-02,434355,2196.0,2026-07-08,8204,2026-07-14,4,FA,4918,392,NN,Semillas,Soja,Soja,50000.0,2026
2026-07-02,434356,2196.0,2026-07-08,8203,2026-07-14,4,FA,4918,392,NN,Semillas,Soja,Soja,50000.0,2026
2026-07-02,434357,2196.0,2026-07-08,8202,2026-07-14,4,FA,4918,392,NN,Semillas,Soja,Soja,50000.0,2026
2026-07-02,434358,2196.0,2026-07-08,8201,2026-07-14,4,FA,4918,392,NN,Semillas,Soja,Soja,50000.0,2026
2026-07-02,434359,2196.0,2026-07-08,8200,2026-07-14,4,FA,4918,392,NN,Semillas,Soja,Soja,50000.0,2026
2026-07-02,434360,2196.0,2026-07-08,8199,2026-07-14,4,FA,4918,392,NN,Semillas,Soja,Soja,50000.0,2026
2026-07-02,434361,2196.0,2026-07-08,8198,2026-07-14,4,FA,4918,392,NN,Semillas,Soja,Soja,50000.0,2026
2026-07-02,434362,2196.0,2026-07-08,8197,2026-07-14,4,FA,4918,392,NN,Semillas,Soja,Soja,50000.0,2026
2026-07-02,434363,2196.0,2026-07-08,8196,2026-07-14,4,FA,4918,392,NN,Semillas,Soja,Soja,50000.0,2026
2026-07-02,434364,2196.0,2026-07-08,8195,2026-07-14,4,FA,4918,392,NN,Semillas,Soja,Soja,50000.0,2026
2026-07-02,434365,2196.0,2026-07-08,8194,2026-07-14,4,FA,4918,392,NN,Semillas,Soja,Soja,50000.0,2026
2026-07-02,434366,2196.0,2026-07-08,8193,2026-07-14,4,FA,4918,392,NN,Semillas,Soja,Soja,50000.0,2026
2026-07-02,434367,2196.0,2026-07-08,8192,2026-07-14,4,FA,4918,392,NN,Semillas,Soja,Soja,50000.0,2026
2026-07-02,434368,2196.0,2026-07-08,8191,2026-07-14,4,FA,4918,392,NN,Semillas,Soja,Soja,50000.0,2026
2026-07-02,434369,2196.0,2026-07-08,8190,2026-07-14,4,FA,4918,392,NN,Semillas,Soja,Soja,50000.0,2026
2026-07-02,434370,2196.0,2026-07-08,8189,2026-07-14,4,FA,4918,392,NN,Semillas,Soja,Soja,50000.0,2026
2026-07-02,434371,2196.0,2026-07-08,8188,2026-07-14,4,FA,4918,392,NN,Semillas,Soja,Soja,50000.0,2026
2026-07-02,434372,2196.0,2026-07-08,8187,2026-07-14,4,FA,4918,392,NN,Semillas,Soja,Soja,50000.0,2026
2026-07-02,434373,2196.0,2026-07-08,8186,2026-07-14,4,FA,4918,392,NN,Semillas,Soja,Soja,50000.0,2026
2026-07-02,434374,2196.0,2026-07-08,8185,2026-07-14,4,FA,4918,392,NN,Semillas,Soja,Soja,50000.0,2026
2026-07-02,434375,2197.0,2026-07-08,8222,2026-07-14,4,FA,4916,4878,NN,Semillas,Convenio Syngenta Soja Completo,Soja,84000.0,2026
2026-07-02,434376,2197.0,2026-07-08,8221,2026-07-14,4,FA,4916,4878,NN,Semillas,Convenio Syngenta Soja Completo,Soja,84000.0,2026
2026-07-02,434377,2197.0,2026-07-08,8220,2026-07-14,4,FA,4916,4878,NN,Semillas,Convenio Syngenta Soja Completo,Soja,84000.0,2026
2026-07-02,434378,2197.0,2026-07-08,8219,2026-07-14,4,FA,4916,4878,NN,Semillas,Convenio Syngenta Soja Completo,Soja,84000.0,2026
2026-07-02,434379,2197.0,2026-07-08,8218,2026-07-14,4,FA,4916,4878,NN,Semillas,Convenio Syngenta Soja Completo,Soja,84000.0,2026
2026-07-02,434380,2197.0,2026-07-08,8217,2026-07-14,4,FA,4916,4878,NN,Semillas,Convenio Syngenta Soja Completo,Soja,84000.0,2026
2026-07-02,434381,2197.0,2026-07-08,8216,2026-07-14,4,FA,4916,4878,NN,Semillas,Convenio Syngenta Soja Completo,Soja,84000.0,2026
2026-07-02,434382,2197.0,2026-07-08,8215,2026-07-14,4,FA,4916,4878,NN,Semillas,Convenio Syngenta Soja Completo,Soja,84000.0,2026
2026-07-06,434406,2198.0,2026-07-08,8184,2026-07-14,4,FA,4915,4281,NN,Semillas,Gatton Panic,Gatton Panic,68000.0,2026
2026-07-07,434478,2199.0,2026-07-20,8263,2026-07-21,4,FA,4930,62,NN,Semillas,Cold Test,Maíz,100000.0,2026
2026-07-07,434479,2199.0,2026-07-20,8262,2026-07-21,4,FA,4930,62,NN,Semillas,Cold Test,Maíz,100000.0,2026
2026-07-07,434480,2199.0,2026-07-20,8261,2026-07-21,4,FA,4930,62,NN,Semillas,Cold Test,Maíz,100000.0,2026
2026-07-07,434481,2199.0,2026-07-20,8260,2026-07-21,4,FA,4930,62,NN,Semillas,Cold Test,Maíz,100000.0,2026
2026-07-07,434482,2199.0,2026-07-20,8259,2026-07-21,4,FA,4930,62,NN,Semillas,Cold Test,Maíz,100000.0,2026
2026-07-07,434483,2199.0,2026-07-20,8258,2026-07-21,4,FA,4930,62,NN,Semillas,Cold Test,Maíz,100000.0,2026
2026-07-07,434484,2199.0,2026-07-20,8257,2026-07-21,4,FA,4930,62,NN,Semillas,Cold Test,Maíz,100000.0,2026
2026-07-07,434485,2199.0,2026-07-20,8256,2026-07-21,4,FA,4930,62,NN,Semillas,Cold Test,Maíz,100000.0,2026
2026-07-07,434486,2199.0,2026-07-20,8255,2026-07-21,4,FA,4930,62,NN,Semillas,Cold Test,Maíz,100000.0,2026
2026-07-16,434509,2211.0,2026-07-24,8314,2026-08-06,4,FA,4972,5086,NN,Semillas,Grama Rhodes,Grama Rhodes,110000.0,2026
2026-07-08,434590,2200.0,2026-07-15,8245,2026-07-21,4,FA,4932,522,NN,Semillas,Convenio Syngenta Soja Completo,Soja,84000.0,2026
2026-07-08,434591,2200.0,2026-07-15,8244,2026-07-21,4,FA,4932,522,NN,Semillas,Convenio Syngenta Soja Completo,Soja,84000.0,2026
2026-07-08,434592,2200.0,2026-07-15,8243,2026-07-21,4,FA,4932,522,NN,Semillas,Convenio Syngenta Soja Completo,Soja,84000.0,2026
2026-07-08,434593,2200.0,2026-07-15,8242,2026-07-21,4,FA,4932,522,NN,Semillas,Convenio Syngenta Soja Completo,Soja,84000.0,2026
2026-07-08,434594,2200.0,2026-07-15,8241,2026-07-21,4,FA,4932,522,NN,Semillas,Convenio Syngenta Soja Completo,Soja,84000.0,2026
2026-07-08,434595,2200.0,2026-07-15,8240,2026-07-21,4,FA,4932,522,NN,Semillas,Convenio Syngenta Soja Completo,Soja,84000.0,2026
2026-07-08,434596,2200.0,2026-07-15,8239,2026-07-21,4,FA,4932,522,NN,Semillas,Convenio Syngenta Soja Completo,Soja,84000.0,2026
2026-07-08,434597,2200.0,2026-07-15,8238,2026-07-21,4,FA,4932,522,NN,Semillas,Convenio Syngenta Soja Completo,Soja,84000.0,2026
2026-07-08,434598,2200.0,2026-07-15,8237,2026-07-21,4,FA,4932,522,NN,Semillas,Soja,Soja,134000.0,2026
2026-07-08,434599,2200.0,2026-07-15,8236,2026-07-21,4,FA,4932,522,NN,Semillas,Convenio Syngenta Soja Completo,Soja,84000.0,2026
2026-07-08,434600,2200.0,2026-07-15,8235,2026-07-21,4,FA,4932,522,NN,Semillas,Convenio Syngenta Soja Completo,Soja,84000.0,2026
2026-07-08,434601,2200.0,2026-07-15,8234,2026-07-21,4,FA,4932,522,NN,Semillas,Convenio Syngenta Soja Completo,Soja,84000.0,2026
2026-07-08,434602,2200.0,2026-07-15,8233,2026-07-21,4,FA,4932,522,NN,Semillas,Convenio Syngenta Soja Completo,Soja,84000.0,2026
2026-07-10,434603,2201.0,2026-07-14,8228,2026-07-21,4,FA,4934,1328,NN,Semillas,Gatton Panic,Gatton Panic,68000.0,2026
2026-07-10,434604,2201.0,2026-07-14,8227,2026-07-21,4,FA,4934,1328,NN,Semillas,Gatton Panic,Gatton Panic,68000.0,2026
2026-07-13,434656,2201.0,2026-07-15,8232,2026-07-21,4,FA,4934,1328,NN,Semillas,Gatton Panic,Gatton Panic,68000.0,2026
2026-07-13,434657,2201.0,2026-07-15,8231,2026-07-21,4,FA,4934,1328,NN,Semillas,Gatton Panic,Gatton Panic,68000.0,2026
2026-07-13,434658,2201.0,2026-07-16,8249,2026-07-21,4,FA,4934,1328,NN,Semillas,Gatton Panic,Gatton Panic,68000.0,2026
2026-07-13,434659,2201.0,2026-07-16,8248,2026-07-21,4,FA,4934,1328,NN,Semillas,Gatton Panic,Gatton Panic,68000.0,2026
2026-07-13,434660,2202.0,2026-07-14,8226,2026-07-21,4,FA,4934,1328,NN,Semillas,Digitaria,Digitaria,68000.0,2026
2026-07-13,434661,2202.0,2026-07-14,8225,2026-07-21,4,FA,4934,1328,NN,Semillas,Digitaria,Digitaria,68000.0,2026
2026-07-13,434662,2202.0,2026-07-15,8230,2026-07-21,4,FA,4934,1328,NN,Semillas,Digitaria,Digitaria,68000.0,2026
2026-07-13,434663,2202.0,2026-07-15,8229,2026-07-21,4,FA,4934,1328,NN,Semillas,Digitaria,Digitaria,68000.0,2026
2026-07-13,434664,2202.0,2026-07-16,8247,2026-07-21,4,FA,4934,1328,NN,Semillas,Digitaria,Digitaria,68000.0,2026
2026-07-13,434665,2202.0,2026-07-16,8246,2026-07-21,4,FA,4934,1328,NN,Semillas,Digitaria,Digitaria,68000.0,2026
2026-07-13,434667,2203.0,2026-07-17,8254,2026-07-21,4,FA,4935,4281,NN,Semillas,Panicum Coloratum,Panicum Coloratum,68000.0,2026
2026-07-13,434668,2203.0,2026-07-17,8253,2026-07-21,4,FA,4935,4281,NN,Semillas,Panicum Coloratum,Panicum Coloratum,68000.0,2026
2026-07-13,434669,2203.0,2026-07-17,8252,2026-07-21,4,FA,4935,4281,NN,Semillas,Panicum Coloratum,Panicum Coloratum,68000.0,2026
2026-07-13,434671,2204.0,2026-07-20,8279,2026-07-21,4,FA,4931,392,NN,Semillas,Convenio Syngenta Soja Completo,Soja,84000.0,2026
2026-07-13,434672,2204.0,2026-07-20,8278,2026-07-21,4,FA,4931,392,NN,Semillas,Convenio Syngenta Soja Completo,Soja,84000.0,2026
2026-07-13,434673,2204.0,2026-07-20,8277,2026-07-21,4,FA,4931,392,NN,Semillas,Convenio Syngenta Soja Completo,Soja,84000.0,2026
2026-07-13,434674,2204.0,2026-07-20,8276,2026-07-21,4,FA,4931,392,NN,Semillas,Convenio Syngenta Soja Completo,Soja,84000.0,2026
2026-07-13,434675,2204.0,2026-07-20,8275,2026-07-21,4,FA,4931,392,NN,Semillas,Convenio Syngenta Soja Completo,Soja,84000.0,2026
2026-07-13,434676,2204.0,2026-07-20,8274,2026-07-21,4,FA,4931,392,NN,Semillas,Convenio Syngenta Soja Completo,Soja,84000.0,2026
2026-07-13,434677,2204.0,2026-07-20,8273,2026-07-21,4,FA,4931,392,NN,Semillas,Convenio Syngenta Soja Completo,Soja,84000.0,2026
2026-07-13,434678,2204.0,2026-07-20,8272,2026-07-21,4,FA,4931,392,NN,Semillas,Convenio Syngenta Soja Completo,Soja,84000.0,2026
2026-07-13,434679,2204.0,2026-07-20,8271,2026-07-21,4,FA,4931,392,NN,Semillas,Convenio Syngenta Soja Completo,Soja,84000.0,2026
2026-07-13,434680,2204.0,2026-07-20,8270,2026-07-21,4,FA,4931,392,NN,Semillas,Convenio Syngenta Soja Completo,Soja,84000.0,2026
2026-07-13,434681,2204.0,2026-07-20,8269,2026-07-21,4,FA,4931,392,NN,Semillas,Convenio Syngenta Soja Completo,Soja,84000.0,2026
2026-07-13,434682,2204.0,2026-07-20,8268,2026-07-21,4,FA,4931,392,NN,Semillas,Convenio Syngenta Soja Completo,Soja,84000.0,2026
2026-07-13,434683,2204.0,2026-07-20,8267,2026-07-21,4,FA,4931,392,NN,Semillas,Convenio Syngenta Soja Completo,Soja,84000.0,2026
2026-07-13,434684,2204.0,2026-07-20,8266,2026-07-21,4,FA,4931,392,NN,Semillas,Convenio Syngenta Soja Completo,Soja,84000.0,2026
2026-07-13,434685,2204.0,2026-07-20,8265,2026-07-21,4,FA,4931,392,NN,Semillas,Convenio Syngenta Soja Completo,Soja,84000.0,2026
2026-07-13,434686,2204.0,2026-07-20,8264,2026-07-21,4,FA,4931,392,NN,Semillas,Convenio Syngenta Soja Completo,Soja,84000.0,2026
2026-07-14,434809,2205.0,2026-07-22,8300,2026-07-24,4,FA,4942,392,NN,Semillas,Soja,Soja,50000.0,2026
2026-07-14,434810,2205.0,2026-07-22,8299,2026-07-24,4,FA,4942,392,NN,Semillas,Soja,Soja,50000.0,2026
2026-07-14,434811,2205.0,2026-07-22,8298,2026-07-24,4,FA,4942,392,NN,Semillas,Soja,Soja,50000.0,2026
2026-07-14,434812,2205.0,2026-07-22,8297,2026-07-24,4,FA,4942,392,NN,Semillas,Soja,Soja,50000.0,2026
2026-07-14,434813,2205.0,2026-07-22,8296,2026-07-24,4,FA,4942,392,NN,Semillas,Soja,Soja,50000.0,2026
2026-07-14,434814,2205.0,2026-07-22,8295,2026-07-24,4,FA,4942,392,NN,Semillas,Soja,Soja,50000.0,2026
2026-07-14,434815,2205.0,2026-07-22,8294,2026-07-24,4,FA,4942,392,NN,Semillas,Soja,Soja,50000.0,2026
2026-07-14,434827,2205.0,2026-07-22,8293,2026-07-24,4,FA,4942,392,NN,Semillas,Soja,Soja,50000.0,2026
2026-07-14,434828,2205.0,2026-07-22,8292,2026-07-24,4,FA,4942,392,NN,Semillas,Soja,Soja,50000.0,2026
2026-07-14,434829,2205.0,2026-07-22,8291,2026-07-24,4,FA,4942,392,NN,Semillas,Soja,Soja,50000.0,2026
2026-07-14,434830,2205.0,2026-07-22,8290,2026-07-24,4,FA,4942,392,NN,Semillas,Soja,Soja,50000.0,2026
2026-07-14,434831,2205.0,2026-07-22,8289,2026-07-24,4,FA,4942,392,NN,Semillas,Soja,Soja,50000.0,2026
2026-07-14,434832,2205.0,2026-07-22,8288,2026-07-24,4,FA,4942,392,NN,Semillas,Soja,Soja,50000.0,2026
2026-07-14,434833,2205.0,2026-07-22,8287,2026-07-24,4,FA,4942,392,NN,Semillas,Soja,Soja,50000.0,2026
2026-07-14,434834,2205.0,2026-07-22,8286,2026-07-24,4,FA,4942,392,NN,Semillas,Soja,Soja,50000.0,2026
2026-07-14,434835,2205.0,2026-07-22,8285,2026-07-24,4,FA,4942,392,NN,Semillas,Soja,Soja,50000.0,2026
2026-07-14,434836,2206.0,2026-07-17,8251,2026-07-21,4,FA,4934,1328,NN,Semillas,Digitaria,Digitaria,68000.0,2026
2026-07-14,434837,2206.0,2026-07-17,8250,2026-07-21,4,FA,4934,1328,NN,Semillas,Digitaria,Digitaria,68000.0,2026
2026-07-14,434838,2206.0,2026-07-21,8281,2026-07-24,4,FA,4941,1328,NN,Semillas,Digitaria,Digitaria,68000.0,2026
2026-07-14,434839,2206.0,2026-07-21,8280,2026-07-24,4,FA,4941,1328,NN,Semillas,Digitaria,Digitaria,68000.0,2026
2026-07-15,434840,2207.0,2026-07-23,8313,2026-07-24,4,FA,4944,522,NN,Semillas,Soja,Soja,50000.0,2026
2026-07-15,434841,2207.0,2026-07-23,8312,2026-07-24,4,FA,4944,522,NN,Semillas,Soja,Soja,50000.0,2026
2026-07-15,434842,2207.0,2026-07-23,8311,2026-07-24,4,FA,4944,522,NN,Semillas,Soja,Soja,104000.0,2026
2026-07-15,434843,2207.0,2026-07-23,8310,2026-07-24,4,FA,4944,522,NN,Semillas,Soja,Soja,50000.0,2026
2026-07-15,434844,2207.0,2026-07-23,8309,2026-07-24,4,FA,4944,522,NN,Semillas,Soja,Soja,104000.0,2026
2026-07-15,434845,2207.0,2026-07-23,8308,2026-07-24,4,FA,4944,522,NN,Semillas,Soja,Soja,67000.0,2026
2026-07-15,434846,2207.0,2026-07-23,8307,2026-07-24,4,FA,4944,522,NN,Semillas,Soja,Soja,50000.0,2026
2026-07-15,434847,2208.0,2026-07-22,8284,2026-07-24,4,FA,4944,522,NN,Semillas,Soja,Soja,134000.0,2026
2026-07-15,434848,2208.0,2026-07-22,8283,2026-07-24,4,FA,4944,522,NN,Semillas,Soja,Soja,134000.0,2026
2026-07-15,434849,2209.0,2026-07-23,8306,2026-07-24,4,FA,4945,348,NN,Semillas,Soja,Soja,67000.0,2026
2026-07-15,434850,2209.0,2026-07-23,8305,2026-07-24,4,FA,4945,348,NN,Semillas,Soja,Soja,67000.0,2026
2026-07-15,434851,2209.0,2026-07-23,8304,2026-07-24,4,FA,4945,348,NN,Semillas,Soja,Soja,67000.0,2026
2026-07-15,434852,2209.0,2026-07-23,8303,2026-07-24,4,FA,4945,348,NN,Semillas,Soja,Soja,67000.0,2026
2026-07-16,434853,2211.0,2026-08-13,8349,2026-08-20,4,FA,4996,5086,NN,Semillas,Gatton Panic,Gatton Panic,110000.0,2026
2026-07-20,434906,2212.0,2026-07-22,8282,2026-07-24,4,FA,4943,4281,NN,Semillas,Gatton Panic,Gatton Panic,68000.0,2026
2026-07-21,434962,2213.0,2026-07-23,8302,2026-07-24,4,FA,4943,4281,NN,Semillas,Gatton Panic,Gatton Panic,68000.0,2026
2026-07-21,434963,2213.0,2026-07-23,8301,2026-07-24,4,FA,4943,4281,NN,Semillas,Gatton Panic,Gatton Panic,68000.0,2026
2026-07-21,434965,2214.0,2026-07-31,8317,2026-08-06,4,FA,4966,104,NN,Semillas,Alfalfa,Alfalfa,64000.0,2026
2026-07-21,434966,2238.0,2026-08-20,8405,2026-08-28,4,FA,5007,1328,NN,Semillas,Gatton Panic,Gatton Panic,68000.0,2026
2026-07-21,434967,2214.0,2026-08-03,8337,2026-08-06,4,FA,4966,104,NN,Semillas,Alfalfa,Alfalfa,64000.0,2026
2026-07-24,435055,2216.0,2026-07-31,8330,2026-08-06,4,FA,4968,3687,NN,Semillas,Convenio Syngenta Soja Completo,Soja,84000.0,2026
2026-07-24,435056,2216.0,2026-07-31,8329,2026-08-06,4,FA,4968,3687,NN,Semillas,Convenio Syngenta Soja Completo,Soja,84000.0,2026
2026-07-24,435057,2216.0,2026-07-31,8328,2026-08-06,4,FA,4968,3687,NN,Semillas,Convenio Syngenta Soja Completo,Soja,84000.0,2026
2026-07-24,435058,2216.0,2026-07-31,8327,2026-08-06,4,FA,4968,3687,NN,Semillas,Convenio Syngenta Soja Completo,Soja,84000.0,2026
2026-07-24,435059,2217.0,2026-07-31,8326,2026-08-06,4,FA,4967,392,NN,Semillas,Doble Poder,Soja,67000.0,2026
2026-07-24,435060,2217.0,2026-07-31,8325,2026-08-06,4,FA,4967,392,NN,Semillas,Doble Poder,Soja,67000.0,2026
2026-07-24,435061,2217.0,2026-07-31,8324,2026-08-06,4,FA,4967,392,NN,Semillas,Doble Poder,Soja,67000.0,2026
2026-07-24,435062,2217.0,2026-07-31,8323,2026-08-06,4,FA,4967,392,NN,Semillas,Doble Poder,Soja,67000.0,2026
2026-07-24,435063,2217.0,2026-07-31,8322,2026-08-06,4,FA,4967,392,NN,Semillas,Doble Poder,Soja,67000.0,2026
2026-07-24,435064,2217.0,2026-07-31,8321,2026-08-06,4,FA,4967,392,NN,Semillas,Doble Poder,Soja,67000.0,2026
2026-07-24,435065,2217.0,2026-07-31,8320,2026-08-06,4,FA,4967,392,NN,Semillas,Doble Poder,Soja,67000.0,2026
2026-07-24,435066,2217.0,2026-07-31,8319,2026-08-06,4,FA,4967,392,NN,Semillas,Doble Poder,Soja,67000.0,2026
2026-07-31,435067,2217.0,2026-07-31,8318,2026-08-06,4,FA,4967,392,NN,Semillas,Doble Poder,Soja,67000.0,2026
2026-07-27,435077,2218.0,2026-07-29,8315,2026-08-06,4,FA,4969,4281,NN,Semillas,Panicum Coloratum,Panicum Coloratum,68000.0,2026
2026-07-27,435151,2219.0,2026-08-04,8338,2026-08-06,4,FA,4970,4396,NN,Semillas,Fuerza Total,Soja,77000.0,2026
2026-07-29,435153,2220.0,2026-08-05,8339,2026-08-06,4,FA,4971,4712,NN,Semillas,Soja,Soja,64000.0,2026
2026-07-29,435154,2221.0,2026-08-19,8384,2026-08-28,4,FA,5005,104,NN,Semillas,Semilla Vital,Urocloa,110000.0,2026
2026-07-29,435155,2221.0,2026-08-19,8383,2026-08-28,4,FA,5005,104,NN,Semillas,Urocloa,Urocloa,64000.0,2026
2026-07-29,435156,2221.0,2026-08-19,8382,2026-08-28,4,FA,5005,104,NN,Semillas,Semilla Vital,Urocloa,110000.0,2026
2026-07-29,435157,2221.0,2026-08-19,8381,2026-08-28,4,FA,5005,104,NN,Semillas,Urocloa,Urocloa,64000.0,2026
2026-07-31,435198,2223.0,2026-08-13,8348,2026-08-20,4,FA,4992,62,NN,Semillas,Sorgo,Sorgo,64000.0,2026
2026-07-31,435199,2223.0,2026-08-13,8347,2026-08-20,4,FA,4992,62,NN,Semillas,Sorgo,Sorgo,64000.0,2026
2026-07-31,435200,2223.0,2026-08-18,8368,2026-08-20,4,FA,4992,62,NN,Semillas,Cebadilla Criolla,Cebadilla Criolla,64000.0,2026
2026-08-04,435273,2226.0,2026-08-18,8369,2026-08-20,4,FA,4995,4396,NN,Semillas,Fuerza Total Curado,Maníí,88000.0,2026
2026-08-04,435274,2226.0,2026-08-14,8367,2026-08-20,4,FA,4995,4396,NN,Semillas,Fuerza Total,Moha,77000.0,2026
2026-08-05,435275,2227.0,2026-08-13,8354,2026-08-20,4,FA,4999,6071,NN,Semillas,Soja,Soja,100000.0,2026
2026-08-05,435276,2227.0,2026-08-13,8353,2026-08-20,4,FA,4999,6071,NN,Semillas,Soja,Soja,100000.0,2026
2026-08-05,435277,2227.0,2026-08-13,8352,2026-08-20,4,FA,4999,6071,NN,Semillas,Fuerza Total,Soja,77000.0,2026
2026-08-05,435278,2227.0,2026-08-13,8351,2026-08-20,4,FA,4999,6071,NN,Semillas,Fuerza Total,Soja,77000.0,2026
2026-08-05,435279,2227.0,2026-08-13,8350,2026-08-20,4,FA,4999,6071,NN,Semillas,Fuerza Total,Soja,77000.0,2026
2026-08-06,435417,2228.0,2026-08-13,8366,2026-08-20,4,FA,4993,392,NN,Semillas,Doble Poder,Soja,67000.0,2026
2026-08-06,435418,2228.0,2026-08-13,8365,2026-08-20,4,FA,4993,392,NN,Semillas,Doble Poder,Soja,67000.0,2026
2026-08-06,435419,2228.0,2026-08-13,8364,2026-08-20,4,FA,4993,392,NN,Semillas,Doble Poder,Soja,67000.0,2026
2026-08-06,435420,2228.0,2026-08-13,8363,2026-08-20,4,FA,4993,392,NN,Semillas,Doble Poder,Soja,67000.0,2026
2026-08-06,435421,2228.0,2026-08-13,8362,2026-08-20,4,FA,4993,392,NN,Semillas,Doble Poder,Soja,67000.0,2026
2026-08-06,435422,2228.0,2026-08-13,8361,2026-08-20,4,FA,4993,392,NN,Semillas,Doble Poder,Soja,67000.0,2026
2026-08-06,435423,2228.0,2026-08-13,8360,2026-08-20,4,FA,4993,392,NN,Semillas,Doble Poder,Soja,67000.0,2026
2026-08-06,435424,2228.0,2026-08-13,8359,2026-08-20,4,FA,4993,392,NN,Semillas,Doble Poder,Soja,67000.0,2026
2026-08-06,435425,2228.0,2026-08-13,8358,2026-08-20,4,FA,4993,392,NN,Semillas,Doble Poder,Soja,67000.0,2026
2026-08-06,435426,2228.0,2026-08-13,8357,2026-08-20,4,FA,4993,392,NN,Semillas,Doble Poder,Soja,67000.0,2026
2026-08-06,435427,2228.0,2026-08-13,8356,2026-08-20,4,FA,4993,392,NN,Semillas,Doble Poder,Soja,67000.0,2026
2026-08-06,435428,2228.0,2026-08-13,8355,2026-08-20,4,FA,4993,392,NN,Semillas,Doble Poder,Soja,67000.0,2026
2026-08-10,435479,2230.0,2026-08-18,8375,2026-08-20,4,FA,4997,6019,NN,Semillas,Soja,Soja,100000.0,2026
2026-08-10,435480,2230.0,2026-08-18,8374,2026-08-20,4,FA,4997,6019,NN,Semillas,Soja,Soja,100000.0,2026
2026-08-10,435481,2230.0,2026-08-18,8373,2026-08-20,4,FA,4997,6019,NN,Semillas,Soja,Soja,100000.0,2026
2026-08-10,435482,2230.0,2026-08-18,8372,2026-08-20,4,FA,4997,6019,NN,Semillas,Soja,Soja,100000.0,2026
2026-08-10,435483,2231.0,2026-08-24,8417,2026-08-28,4,FA,5010,6019,NN,Semillas,Fuerza Total,Sorgo,77000.0,2026
2026-08-10,435484,2231.0,2026-08-24,8416,2026-08-28,4,FA,5010,6019,NN,Semillas,Fuerza Total,Sorgo,77000.0,2026
2026-08-11,435516,2232.0,2026-08-18,8371,2026-08-20,4,FA,4998,6034,NN,Semillas,Fuerza Total,Maíz,77000.0,2026
2026-08-11,435517,2232.0,2026-08-18,8370,2026-08-20,4,FA,4998,6034,NN,Semillas,Fuerza Total,Maíz,77000.0,2026
2026-08-11,435518,2232.0,2026-08-24,8415,2026-08-28,4,FA,5011,6034,NN,Semillas,Fuerza Total,Girasol,77000.0,2026
2026-08-12,435519,2233.0,2026-08-19,8380,2026-08-20,4,FA,5000,9261,NN,Semillas,Convenio Syngenta Soja Completo,Soja,84000.0,2026
2026-08-12,435520,2233.0,2026-08-19,8379,2026-08-20,4,FA,5000,9261,NN,Semillas,Convenio Syngenta Soja Completo,Soja,84000.0,2026
2026-08-12,435521,2233.0,2026-08-19,8378,2026-08-20,4,FA,5000,9261,NN,Semillas,Convenio Syngenta Soja Completo,Soja,84000.0,2026
2026-08-12,435522,2233.0,2026-08-19,8377,2026-08-20,4,FA,5000,9261,NN,Semillas,Convenio Syngenta Soja Completo,Soja,84000.0,2026
2026-08-12,435523,2233.0,2026-08-19,8376,2026-08-20,4,FA,5000,9261,NN,Semillas,Convenio Syngenta Soja Completo,Soja,84000.0,2026
2026-08-12,435700,2234.0,2026-08-20,8401,2026-08-28,4,FA,5006,392,NN,Semillas,Doble Poder,Soja,67000.0,2026
2026-08-12,435701,2234.0,2026-08-20,8400,2026-08-28,4,FA,5006,392,NN,Semillas,Doble Poder,Soja,67000.0,2026
2026-08-12,435702,2234.0,2026-08-20,8399,2026-08-28,4,FA,5006,392,NN,Semillas,Doble Poder,Soja,67000.0,2026
2026-08-12,435703,2234.0,2026-08-20,8398,2026-08-28,4,FA,5006,392,NN,Semillas,Doble Poder,Soja,67000.0,2026
2026-08-12,435704,2234.0,2026-08-20,8397,2026-08-28,4,FA,5006,392,NN,Semillas,Doble Poder,Soja,67000.0,2026
2026-08-12,435705,2234.0,2026-08-20,8396,2026-08-28,4,FA,5006,392,NN,Semillas,Doble Poder,Soja,67000.0,2026
2026-08-12,435706,2234.0,2026-08-20,8395,2026-08-28,4,FA,5006,392,NN,Semillas,Doble Poder,Soja,67000.0,2026
2026-08-12,435707,2234.0,2026-08-20,8394,2026-08-28,4,FA,5006,392,NN,Semillas,Doble Poder,Soja,67000.0,2026
2026-08-12,435708,2234.0,2026-08-20,8393,2026-08-28,4,FA,5006,392,NN,Semillas,Doble Poder,Soja,67000.0,2026
2026-08-12,435709,2234.0,2026-08-20,8392,2026-08-28,4,FA,5006,392,NN,Semillas,Doble Poder,Soja,67000.0,2026
2026-08-12,435710,2234.0,2026-08-20,8391,2026-08-28,4,FA,5006,392,NN,Semillas,Doble Poder,Soja,67000.0,2026
2026-08-12,435711,2234.0,2026-08-20,8390,2026-08-28,4,FA,5006,392,NN,Semillas,Doble Poder,Soja,67000.0,2026
2026-08-12,435712,2234.0,2026-08-20,8389,2026-08-28,4,FA,5006,392,NN,Semillas,Doble Poder,Soja,67000.0,2026
2026-08-12,435713,2234.0,2026-08-20,8388,2026-08-28,4,FA,5006,392,NN,Semillas,Soja,Soja,67000.0,2026
2026-08-12,435714,2234.0,2026-08-20,8387,2026-08-28,4,FA,5006,392,NN,Semillas,Doble Poder,Soja,67000.0,2026
2026-08-13,435715,2235.0,2026-08-21,8414,2026-08-28,4,FA,5008,2853,NN,Semillas,Soja,Soja,100000.0,2026
2026-08-13,435716,2235.0,2026-08-21,8413,2026-08-28,4,FA,5008,2853,NN,Semillas,Soja,Soja,100000.0,2026
2026-08-13,435717,2235.0,2026-08-21,8412,2026-08-28,4,FA,5008,2853,NN,Semillas,Soja,Soja,100000.0,2026
2026-08-13,435718,2236.0,2026-08-21,8411,2026-08-28,4,FA,5009,3225,NN,Semillas,Soja,Soja,67000.0,2026
2026-08-13,435719,2236.0,2026-08-21,8410,2026-08-28,4,FA,5009,3225,NN,Semillas,Soja,Soja,67000.0,2026
2026-08-13,435720,2236.0,2026-08-21,8409,2026-08-28,4,FA,5009,3225,NN,Semillas,Soja,Soja,67000.0,2026
2026-08-13,435721,2237.0,2026-08-20,8386,2026-08-28,4,FA,5006,392,NN,Semillas,Soja,Soja,67000.0,2026
2026-08-13,435722,2237.0,2026-08-20,8385,2026-08-28,4,FA,5006,392,NN,Semillas,Soja,Soja,67000.0,2026
2026-08-18,435759,2238.0,2026-08-20,8404,2026-08-28,4,FA,5007,1328,NN,Semillas,Gatton Panic,Gatton Panic,68000.0,2026
2026-08-18,435760,2238.0,2026-08-21,8408,2026-08-28,4,FA,5007,1328,NN,Semillas,Gatton Panic,Gatton Panic,68000.0,2026
2026-08-18,435761,2238.0,2026-08-20,8403,2026-08-28,4,FA,5007,1328,NN,Semillas,Gatton Panic,Gatton Panic,68000.0,2026
2026-08-18,435762,2238.0,2026-08-21,8407,2026-08-28,4,FA,5007,1328,NN,Semillas,Gatton Panic,Gatton Panic,68000.0,2026
2026-08-18,435763,2238.0,2026-08-21,8406,2026-08-28,4,FA,5007,1328,NN,Semillas,Gatton Panic,Gatton Panic,68000.0,2026
2026-08-18,435764,2238.0,2026-08-20,8402,2026-08-28,4,FA,5007,1328,NN,Semillas,Gatton Panic,Gatton Panic,68000.0,2026
2026-08-18,435765,2238.0,2026-08-25,8418,2026-08-28,4,FA,5007,1328,NN,Semillas,Mijo,Mijo,64000.0,2026
2026-08-19,435767,2239.0,2026-08-26,8422,2026-08-31,4,FA,5014,62,NN,Semillas,Fuerza Total,Maíz,87000.0,2026
2026-08-19,435768,2239.0,2026-08-26,8421,2026-08-31,4,FA,5014,62,NN,Semillas,Fuerza Total,Maíz,87000.0,2026
2026-08-19,435769,2239.0,2026-08-26,8420,2026-08-31,4,FA,5014,62,NN,Semillas,Fuerza Total,Maíz,87000.0,2026
2026-08-19,435770,2239.0,2026-08-26,8419,2026-08-31,4,FA,5014,62,NN,Semillas,Fuerza Total,Maíz,87000.0,2026
2026-08-20,435772,2240.0,2026-08-31,8435,2026-08-31,4,FA,5027,1171,NN,Semillas,Poder + Peso,Moha,88000.0,2026
2026-08-20,435773,2241.0,2026-08-28,8424,2026-08-31,4,FA,5017,4921,NN,Semillas,Soja,Soja,112000.0,2026
2026-08-20,435774,2241.0,2026-08-28,8423,2026-08-31,4,FA,5017,4921,NN,Semillas,Soja,Soja,112000.0,2026
2026-08-21,435775,2242.0,2026-08-28,8427,2026-08-31,4,FA,5015,3227,NN,Semillas,Calidad Trigo/Soja,Soja,112000.0,2026
2026-08-21,435776,2242.0,2026-08-28,8426,2026-08-31,4,FA,5015,3227,NN,Semillas,Calidad Trigo/Soja,Soja,112000.0,2026
2026-08-21,435777,2242.0,2026-08-28,8425,2026-08-31,4,FA,5015,3227,NN,Semillas,Calidad Trigo/Soja,Soja,112000.0,2026
2026-08-21,435778,2243.0,2026-08-28,8429,2026-08-31,4,FA,5018,6074,NN,Semillas,Calidad Trigo/Soja,Soja,112000.0,2026
2026-08-21,435779,2243.0,2026-08-28,8428,2026-08-31,4,FA,5018,6074,NN,Semillas,Calidad Trigo/Soja,Soja,112000.0,2026
2026-08-21,435780,2244.0,2026-08-28,8433,2026-08-31,4,FA,5016,3659,NN,Semillas,Fuerza Total,Poroto Mung,87000.0,2026
2026-08-21,435781,2244.0,2026-08-28,8432,2026-08-31,4,FA,5016,3659,NN,Semillas,Fuerza Total,Poroto Mung,87000.0,2026
2026-08-21,435783,2244.0,2026-08-28,8430,2026-08-31,4,FA,5016,3659,NN,Semillas,Fuerza Total,Poroto,87000.0,2026
2026-08-28,435974,2244.0,2026-08-28,8434,2026-08-31,4,FA,5016,3659,NN,Semillas,Poroto Adzuki,Poroto Adzuki,87000.0,2026
