Fecha Ing Muestra,Muestra,Carta Camara,Fecha de Certificacion,Certificado,Fecha Factura,PtoVta,Letra,Numero Factura,Id,Razón Social,Laboratorios,Tipo analisis,Especies,Importe Solicitud
06-01-20,367864,1,06-10-20,1,06-11-20,4,FA,563,4557,NN,Semillas,Trigo,Trigo,$ 1500.00
06-04-20,367886,2,06-17-20,15,06-19-20,4,FA,572,25,NN,Semillas,Maní,Maní,$ 1800.00
06-04-20,367887,2,06-17-20,14,06-19-20,4,FA,572,25,NN,Semillas,Maní,Maní,$ 1800.00
06-04-20,367888,2,06-17-20,13,06-19-20,4,FA,572,25,NN,Semillas,Maní,Maní,$ 1800.00
06-04-20,367889,2,06-17-20,12,06-19-20,4,FA,572,25,NN,Semillas,Maní,Maní,$ 1800.00
06-04-20,367890,2,06-17-20,2,06-19-20,4,FA,572,25,NN,Semillas,Maní,Maní,$ 1800.00
06-04-20,367891,2,06-17-20,11,06-19-20,4,FA,572,25,NN,Semillas,Maní,Maní,$ 1800.00
06-04-20,367892,2,06-17-20,10,06-19-20,4,FA,572,25,NN,Semillas,Maní,Maní,$ 1800.00
06-04-20,367893,2,06-17-20,9,06-19-20,4,FA,572,25,NN,Semillas,Maní,Maní,$ 1800.00
06-04-20,367894,2,06-17-20,8,06-19-20,4,FA,572,25,NN,Semillas,Maní,Maní,$ 1800.00
06-04-20,367895,2,06-17-20,7,06-19-20,4,FA,572,25,NN,Semillas,Maní,Maní,$ 1800.00
06-04-20,367896,2,06-17-20,6,06-19-20,4,FA,572,25,NN,Semillas,Maní,Maní,$ 1800.00
06-04-20,367897,2,06-17-20,5,06-19-20,4,FA,572,25,NN,Semillas,Maní,Maní,$ 1800.00
06-04-20,367898,2,06-17-20,4,06-19-20,4,FA,572,25,NN,Semillas,Maní,Maní,$ 1800.00
06-04-20,367899,2,06-17-20,3,06-19-20,4,FA,572,25,NN,Semillas,Maní,Maní,$ 1800.00
06-22-20,367932,6,06-23-20,50,06-23-20,4,FA,576,4237,NN,Semillas,Convenio Syngenta Soja Completo,Soja,$ 2000.00
06-22-20,367933,6,06-23-20,49,06-23-20,4,FA,576,4237,NN,Semillas,Convenio Syngenta Soja Completo,Soja,$ 2000.00
06-22-20,367934,6,06-23-20,48,06-23-20,4,FA,576,4237,NN,Semillas,Convenio Syngenta Soja Completo,Soja,$ 2000.00
06-22-20,367935,6,06-23-20,47,06-23-20,4,FA,576,4237,NN,Semillas,Convenio Syngenta Soja Completo,Soja,$ 2000.00
06-22-20,367936,6,06-23-20,46,06-23-20,4,FA,576,4237,NN,Semillas,Convenio Syngenta Soja Completo,Soja,$ 2000.00
06-22-20,367937,6,06-23-20,45,06-23-20,4,FA,576,4237,NN,Semillas,Convenio Syngenta Soja Completo,Soja,$ 2000.00
06-22-20,367938,6,06-23-20,44,06-23-20,4,FA,576,4237,NN,Semillas,Convenio Syngenta Soja Completo,Soja,$ 2000.00
06-22-20,367939,6,06-23-20,43,06-23-20,4,FA,576,4237,NN,Semillas,Convenio Syngenta Soja Completo,Soja,$ 2000.00
06-22-20,367940,6,06-23-20,42,06-23-20,4,FA,576,4237,NN,Semillas,Convenio Syngenta Soja Completo,Soja,$ 2000.00
06-22-20,367941,6,06-23-20,41,06-23-20,4,FA,576,4237,NN,Semillas,Convenio Syngenta Soja Completo,Soja,$ 2000.00
06-22-20,367942,6,06-23-20,40,06-23-20,4,FA,576,4237,NN,Semillas,Convenio Syngenta Soja Completo,Soja,$ 2000.00
06-22-20,367943,6,06-23-20,39,06-23-20,4,FA,576,4237,NN,Semillas,Convenio Syngenta Soja Completo,Soja,$ 2000.00
06-22-20,367944,6,06-23-20,38,06-23-20,4,FA,576,4237,NN,Semillas,Convenio Syngenta Soja Completo,Soja,$ 2000.00
06-22-20,367945,6,06-23-20,37,06-23-20,4,FA,576,4237,NN,Semillas,Convenio Syngenta Soja Completo,Soja,$ 2000.00
06-22-20,367946,6,06-23-20,36,06-23-20,4,FA,576,4237,NN,Semillas,Convenio Syngenta Soja Completo,Soja,$ 2000.00
06-22-20,367947,6,06-23-20,35,06-23-20,4,FA,576,4237,NN,Semillas,Convenio Syngenta Soja Completo,Soja,$ 2000.00
06-22-20,367948,6,06-23-20,34,06-23-20,4,FA,576,4237,NN,Semillas,Convenio Syngenta Soja Completo,Soja,$ 2000.00
06-22-20,367949,6,06-23-20,33,06-23-20,4,FA,576,4237,NN,Semillas,Convenio Syngenta Soja Completo,Soja,$ 2000.00
06-22-20,367950,6,06-23-20,32,06-23-20,4,FA,576,4237,NN,Semillas,Convenio Syngenta Soja Completo,Soja,$ 2000.00
06-22-20,367951,6,06-23-20,31,06-23-20,4,FA,576,4237,NN,Semillas,Convenio Syngenta Soja Completo,Soja,$ 2000.00
06-22-20,367952,6,06-23-20,30,06-23-20,4,FA,576,4237,NN,Semillas,Convenio Syngenta Soja Completo,Soja,$ 2000.00
06-22-20,367953,6,06-23-20,29,06-23-20,4,FA,576,4237,NN,Semillas,Convenio Syngenta Soja Completo,Soja,$ 2000.00
06-22-20,367954,6,06-23-20,28,06-23-20,4,FA,576,4237,NN,Semillas,Convenio Syngenta Soja Completo,Soja,$ 2000.00
06-22-20,367955,6,06-23-20,27,06-23-20,4,FA,576,4237,NN,Semillas,Convenio Syngenta Soja Completo,Soja,$ 2000.00
06-22-20,367956,6,06-23-20,26,06-23-20,4,FA,576,4237,NN,Semillas,Convenio Syngenta Soja Completo,Soja,$ 2000.00
06-22-20,367957,6,06-23-20,25,06-23-20,4,FA,576,4237,NN,Semillas,Convenio Syngenta Soja Completo,Soja,$ 2000.00
06-22-20,367958,6,06-23-20,24,06-23-20,4,FA,576,4237,NN,Semillas,Convenio Syngenta Soja Completo,Soja,$ 2000.00
06-10-20,367959,6,06-23-20,23,06-23-20,4,FA,576,4237,NN,Semillas,Convenio Syngenta Soja Completo,Soja,$ 2000.00
06-22-20,367960,6,06-23-20,22,06-23-20,4,FA,576,4237,NN,Semillas,Convenio Syngenta Soja Completo,Soja,$ 2000.00
06-22-20,367961,6,06-23-20,21,06-23-20,4,FA,576,4237,NN,Semillas,Convenio Syngenta Soja Completo,Soja,$ 2000.00
06-22-20,367962,6,06-23-20,20,06-23-20,4,FA,576,4237,NN,Semillas,Convenio Syngenta Soja Completo,Soja,$ 2000.00
06-22-20,367963,6,06-23-20,19,06-23-20,4,FA,576,4237,NN,Semillas,Convenio Syngenta Soja Completo,Soja,$ 2000.00
06-22-20,367964,6,06-23-20,18,06-23-20,4,FA,576,4237,NN,Semillas,Convenio Syngenta Soja Completo,Soja,$ 2000.00
06-22-20,367965,6,06-23-20,17,06-23-20,4,FA,576,4237,NN,Semillas,Convenio Syngenta Soja Completo,Soja,$ 2000.00
06-16-20,367967,5,06-26-20,57,06-26-20,4,FA,582,4673,NN,Semillas,Fuerza Total,Alfalfa,$ 3250.00
06-12-20,368030,4,06-19-20,16,06-19-20,4,FA,573,4396,NN,Semillas,Soja,Soja,$ 1500.00
06-22-20,368050,7,06-24-20,56,06-25-20,4,FA,580,392,NN,Semillas,Convenio Syngenta Soja Completo,Soja,$ 2000.00
06-22-20,368051,7,06-24-20,55,06-25-20,4,FA,580,392,NN,Semillas,Convenio Syngenta Soja Completo,Soja,$ 2000.00
06-22-20,368052,7,06-24-20,54,06-25-20,4,FA,580,392,NN,Semillas,Convenio Syngenta Soja Completo,Soja,$ 2000.00
06-22-20,368053,7,06-24-20,53,06-25-20,4,FA,580,392,NN,Semillas,Convenio Syngenta Soja Completo,Soja,$ 2000.00
06-22-20,368054,7,06-24-20,52,06-25-20,4,FA,580,392,NN,Semillas,Convenio Syngenta Soja Completo,Soja,$ 2000.00
06-22-20,368055,7,06-24-20,51,06-25-20,4,FA,580,392,NN,Semillas,Convenio Syngenta Soja Completo,Soja,$ 2000.00
06-22-20,368103,3,06-30-20,65,07-01-20,4,FA,599,2795,NN,Semillas,Convenio Syngenta Soja Completo,Soja,$ 3700.00
06-22-20,368104,3,06-30-20,64,07-01-20,4,FA,599,2795,NN,Semillas,Convenio Syngenta Soja Completo,Soja,$ 3700.00
06-22-20,368105,3,06-30-20,63,07-01-20,4,FA,599,2795,NN,Semillas,Convenio Syngenta Soja Completo,Soja,$ 3700.00
06-22-20,368106,3,06-30-20,62,07-01-20,4,FA,599,2795,NN,Semillas,Convenio Syngenta Soja Completo,Soja,$ 3700.00
06-22-20,368107,3,06-30-20,61,07-01-20,4,FA,599,2795,NN,Semillas,Convenio Syngenta Soja Completo,Soja,$ 3700.00
06-22-20,368108,3,06-30-20,60,07-01-20,4,FA,599,2795,NN,Semillas,Convenio Syngenta Soja Completo,Soja,$ 3700.00
06-22-20,368109,3,06-30-20,59,07-01-20,4,FA,599,2795,NN,Semillas,Convenio Syngenta Soja Completo,Soja,$ 3700.00
06-22-20,368110,3,06-30-20,58,07-01-20,4,FA,599,2795,NN,Semillas,Convenio Syngenta Soja Completo,Soja,$ 3700.00
06-26-20,368185,9,07-03-20,111,07-14-20,4,FA,612,2795,NN,Semillas,Convenio Syngenta Soja Completo,Soja,$ 3700.00
06-26-20,368186,9,07-03-20,110,07-14-20,4,FA,612,2795,NN,Semillas,Convenio Syngenta Soja Completo,Soja,$ 3700.00
06-26-20,368187,9,07-03-20,109,07-14-20,4,FA,612,2795,NN,Semillas,Convenio Syngenta Soja Completo,Soja,$ 3700.00
06-26-20,368188,9,07-03-20,108,07-14-20,4,FA,612,2795,NN,Semillas,Convenio Syngenta Soja Completo,Soja,$ 3700.00
06-26-20,368189,9,07-03-20,107,07-14-20,4,FA,612,2795,NN,Semillas,Convenio Syngenta Soja Completo,Soja,$ 3700.00
06-26-20,368190,9,07-03-20,106,07-14-20,4,FA,612,2795,NN,Semillas,Convenio Syngenta Soja Completo,Soja,$ 3700.00
06-26-20,368191,9,07-03-20,105,07-14-20,4,FA,612,2795,NN,Semillas,Convenio Syngenta Soja Completo,Soja,$ 3700.00
06-26-20,368192,9,07-03-20,104,07-14-20,4,FA,612,2795,NN,Semillas,Convenio Syngenta Soja Completo,Soja,$ 3700.00
06-26-20,368193,9,07-03-20,103,07-14-20,4,FA,612,2795,NN,Semillas,Convenio Syngenta Soja Completo,Soja,$ 3700.00
06-26-20,368194,9,07-03-20,102,07-14-20,4,FA,612,2795,NN,Semillas,Convenio Syngenta Soja Completo,Soja,$ 3700.00
06-26-20,368195,9,07-03-20,101,07-14-20,4,FA,612,2795,NN,Semillas,Convenio Syngenta Soja Completo,Soja,$ 3700.00
06-26-20,368196,9,07-03-20,100,07-14-20,4,FA,612,2795,NN,Semillas,Convenio Syngenta Soja Completo,Soja,$ 3700.00
06-26-20,368197,9,07-03-20,99,07-14-20,4,FA,612,2795,NN,Semillas,Convenio Syngenta Soja Completo,Soja,$ 3700.00
06-26-20,368198,9,07-03-20,98,07-14-20,4,FA,612,2795,NN,Semillas,Convenio Syngenta Soja Completo,Soja,$ 3700.00
06-26-20,368199,9,07-03-20,97,07-14-20,4,FA,612,2795,NN,Semillas,Convenio Syngenta Soja Completo,Soja,$ 3700.00
06-26-20,368200,9,07-03-20,96,07-14-20,4,FA,612,2795,NN,Semillas,Convenio Syngenta Soja Completo,Soja,$ 3700.00
06-26-20,368201,9,07-03-20,95,07-14-20,4,FA,612,2795,NN,Semillas,Convenio Syngenta Soja Completo,Soja,$ 3700.00
06-26-20,368202,9,07-03-20,94,07-14-20,4,FA,612,2795,NN,Semillas,Convenio Syngenta Soja Completo,Soja,$ 3700.00
06-26-20,368203,9,07-03-20,93,07-14-20,4,FA,612,2795,NN,Semillas,Convenio Syngenta Soja Completo,Soja,$ 3700.00
06-26-20,368204,9,07-03-20,92,07-14-20,4,FA,612,2795,NN,Semillas,Convenio Syngenta Soja Completo,Soja,$ 3700.00
06-26-20,368205,9,07-03-20,91,07-14-20,4,FA,612,2795,NN,Semillas,Convenio Syngenta Soja Completo,Soja,$ 3700.00
06-26-20,368206,9,07-03-20,90,07-14-20,4,FA,612,2795,NN,Semillas,Convenio Syngenta Soja Completo,Soja,$ 3700.00
06-26-20,368207,9,07-03-20,89,07-14-20,4,FA,612,2795,NN,Semillas,Convenio Syngenta Soja Completo,Soja,$ 3700.00
06-26-20,368208,9,07-03-20,88,07-14-20,4,FA,612,2795,NN,Semillas,Convenio Syngenta Soja Completo,Soja,$ 3700.00
06-26-20,368209,9,07-03-20,87,07-14-20,4,FA,612,2795,NN,Semillas,Convenio Syngenta Soja Completo,Soja,$ 3700.00
06-26-20,368210,9,07-03-20,86,07-14-20,4,FA,612,2795,NN,Semillas,Convenio Syngenta Soja Completo,Soja,$ 3700.00
06-26-20,368211,9,07-03-20,85,07-14-20,4,FA,612,2795,NN,Semillas,Convenio Syngenta Soja Completo,Soja,$ 3700.00
06-26-20,368212,9,07-03-20,84,07-14-20,4,FA,612,2795,NN,Semillas,Convenio Syngenta Soja Completo,Soja,$ 3700.00
06-26-20,368213,9,07-03-20,83,07-14-20,4,FA,612,2795,NN,Semillas,Convenio Syngenta Soja Completo,Soja,$ 3700.00
06-26-20,368214,9,07-03-20,82,07-14-20,4,FA,612,2795,NN,Semillas,Convenio Syngenta Soja Completo,Soja,$ 3700.00
06-26-20,368215,9,07-03-20,81,07-14-20,4,FA,612,2795,NN,Semillas,Convenio Syngenta Soja Completo,Soja,$ 3700.00
06-26-20,368216,9,07-03-20,80,07-14-20,4,FA,612,2795,NN,Semillas,Convenio Syngenta Soja Completo,Soja,$ 3700.00
06-26-20,368217,9,07-03-20,79,07-14-20,4,FA,612,2795,NN,Semillas,Convenio Syngenta Soja Completo,Soja,$ 3700.00
06-26-20,368218,9,07-03-20,78,07-14-20,4,FA,612,2795,NN,Semillas,Convenio Syngenta Soja Completo,Soja,$ 3700.00
06-26-20,368219,9,07-03-20,77,07-14-20,4,FA,612,2795,NN,Semillas,Convenio Syngenta Soja Completo,Soja,$ 3700.00
06-26-20,368220,9,07-03-20,76,07-14-20,4,FA,612,2795,NN,Semillas,Convenio Syngenta Soja Completo,Soja,$ 3700.00
06-26-20,368221,9,07-03-20,75,07-14-20,4,FA,612,2795,NN,Semillas,Convenio Syngenta Soja Completo,Soja,$ 3700.00
06-26-20,368222,9,07-03-20,74,07-14-20,4,FA,611,2795,NN,Semillas,Convenio Syngenta Soja Completo,Soja,$ 3700.00
06-26-20,368223,9,07-03-20,73,07-14-20,4,FA,611,2795,NN,Semillas,Convenio Syngenta Soja Completo,Soja,$ 3700.00
06-26-20,368224,9,07-03-20,72,07-14-20,4,FA,611,2795,NN,Semillas,Convenio Syngenta Soja Completo,Soja,$ 3700.00
06-26-20,368225,9,07-03-20,71,07-14-20,4,FA,611,2795,NN,Semillas,Convenio Syngenta Soja Completo,Soja,$ 3700.00
06-26-20,368226,9,07-03-20,70,07-14-20,4,FA,611,2795,NN,Semillas,Convenio Syngenta Soja Completo,Soja,$ 3700.00
06-26-20,368227,9,07-03-20,69,07-14-20,4,FA,611,2795,NN,Semillas,Convenio Syngenta Soja Completo,Soja,$ 3700.00
06-26-20,368228,9,07-03-20,68,07-14-20,4,FA,611,2795,NN,Semillas,Convenio Syngenta Soja Completo,Soja,$ 3700.00
06-25-20,368229,8,07-03-20,67,07-03-20,4,FA,601,1894,NN,Semillas,Soja,Soja,$ 1700.00
06-25-20,368230,8,07-03-20,66,07-03-20,4,FA,601,1894,NN,Semillas,Soja,Soja,$ 1700.00
06-30-20,368255,10,07-08-20,129,07-15-20,4,FA,616,392,NN,Semillas,Convenio Syngenta Soja Completo,Soja,$ 2000.00
06-30-20,368256,10,07-08-20,128,07-15-20,4,FA,616,392,NN,Semillas,Convenio Syngenta Soja Completo,Soja,$ 2000.00
06-30-20,368257,10,07-08-20,127,07-15-20,4,FA,616,392,NN,Semillas,Convenio Syngenta Soja Completo,Soja,$ 2000.00
06-30-20,368258,10,07-08-20,126,07-15-20,4,FA,616,392,NN,Semillas,Convenio Syngenta Soja Completo,Soja,$ 2000.00
06-30-20,368259,10,07-08-20,125,07-15-20,4,FA,616,392,NN,Semillas,Convenio Syngenta Soja Completo,Soja,$ 2000.00
06-30-20,368260,10,07-08-20,124,07-15-20,4,FA,616,392,NN,Semillas,Convenio Syngenta Soja Completo,Soja,$ 2000.00
06-30-20,368261,10,07-08-20,123,07-15-20,4,FA,616,392,NN,Semillas,Convenio Syngenta Soja Completo,Soja,$ 2000.00
06-30-20,368262,10,07-08-20,122,07-15-20,4,FA,616,392,NN,Semillas,Convenio Syngenta Soja Completo,Soja,$ 2000.00
06-30-20,368263,10,07-08-20,121,07-15-20,4,FA,616,392,NN,Semillas,Convenio Syngenta Soja Completo,Soja,$ 2000.00
06-30-20,368264,10,07-08-20,120,07-15-20,4,FA,616,392,NN,Semillas,Convenio Syngenta Soja Completo,Soja,$ 2000.00
06-30-20,368265,10,07-08-20,119,07-15-20,4,FA,616,392,NN,Semillas,Convenio Syngenta Soja Completo,Soja,$ 2000.00
06-30-20,368266,10,07-08-20,118,07-15-20,4,FA,616,392,NN,Semillas,Convenio Syngenta Soja Completo,Soja,$ 2000.00
06-30-20,368267,10,07-08-20,117,07-15-20,4,FA,616,392,NN,Semillas,Convenio Syngenta Soja Completo,Soja,$ 2000.00
06-30-20,368268,10,07-08-20,116,07-15-20,4,FA,616,392,NN,Semillas,Convenio Syngenta Soja Completo,Soja,$ 2000.00
06-30-20,368269,10,07-08-20,115,07-15-20,4,FA,616,392,NN,Semillas,Convenio Syngenta Soja Completo,Soja,$ 2000.00
06-30-20,368270,10,07-08-20,114,07-15-20,4,FA,616,392,NN,Semillas,Convenio Syngenta Soja Completo,Soja,$ 2000.00
06-30-20,368271,10,07-08-20,113,07-15-20,4,FA,616,392,NN,Semillas,Convenio Syngenta Soja Completo,Soja,$ 2000.00
06-30-20,368272,10,07-08-20,112,07-15-20,4,FA,616,392,NN,Semillas,Convenio Syngenta Soja Completo,Soja,$ 2000.00
06-30-20,368275,11,07-22-20,235,07-24-20,4,FA,629,1506,NN,Semillas,Semilla Vital,Setaria,$ 4450.00
07-01-20,368278,12,07-08-20,146,07-15-20,4,FA,616,392,NN,Semillas,Convenio Syngenta Soja Completo,Soja,$ 2000.00
07-01-20,368279,12,07-08-20,145,07-15-20,4,FA,616,392,NN,Semillas,Convenio Syngenta Soja Completo,Soja,$ 2000.00
07-01-20,368280,12,07-08-20,144,07-15-20,4,FA,616,392,NN,Semillas,Convenio Syngenta Soja Completo,Soja,$ 2000.00
07-01-20,368281,12,07-08-20,143,07-15-20,4,FA,616,392,NN,Semillas,Convenio Syngenta Soja Completo,Soja,$ 2000.00
07-01-20,368282,12,07-08-20,142,07-15-20,4,FA,616,392,NN,Semillas,Convenio Syngenta Soja Completo,Soja,$ 2000.00
07-01-20,368283,12,07-08-20,141,07-15-20,4,FA,616,392,NN,Semillas,Convenio Syngenta Soja Completo,Soja,$ 2000.00
07-01-20,368284,12,07-08-20,140,07-15-20,4,FA,616,392,NN,Semillas,Convenio Syngenta Soja Completo,Soja,$ 2000.00
07-01-20,368285,12,07-08-20,139,07-15-20,4,FA,616,392,NN,Semillas,Convenio Syngenta Soja Completo,Soja,$ 2000.00
07-01-20,368286,12,07-08-20,138,07-15-20,4,FA,616,392,NN,Semillas,Convenio Syngenta Soja Completo,Soja,$ 2000.00
07-01-20,368287,12,07-08-20,137,07-15-20,4,FA,616,392,NN,Semillas,Convenio Syngenta Soja Completo,Soja,$ 2000.00
07-01-20,368288,12,07-08-20,136,07-15-20,4,FA,616,392,NN,Semillas,Convenio Syngenta Soja Completo,Soja,$ 2000.00
07-01-20,368289,12,07-14-20,135,07-15-20,4,FA,616,392,NN,Semillas,Convenio Syngenta Soja Completo,Soja,$ 2000.00
07-01-20,368290,12,07-08-20,134,07-15-20,4,FA,616,392,NN,Semillas,Convenio Syngenta Soja Completo,Soja,$ 2000.00
07-01-20,368291,12,07-08-20,133,07-15-20,4,FA,616,392,NN,Semillas,Convenio Syngenta Soja Completo,Soja,$ 2000.00
07-01-20,368292,12,07-08-20,132,07-15-20,4,FA,616,392,NN,Semillas,Convenio Syngenta Soja Completo,Soja,$ 2000.00
07-01-20,368293,12,07-08-20,131,07-15-20,4,FA,616,392,NN,Semillas,Convenio Syngenta Soja Completo,Soja,$ 2000.00
07-01-20,368294,12,07-08-20,130,07-15-20,4,FA,616,392,NN,Semillas,Convenio Syngenta Soja Completo,Soja,$ 2000.00
07-06-20,368352,13,07-15-20,154,07-15-20,4,FA,617,2379,NN,Semillas,Fuerza Total,Soja,$ 2300.00
07-06-20,368353,13,07-15-20,153,07-15-20,4,FA,617,2379,NN,Semillas,Fuerza Total,Soja,$ 2300.00
07-06-20,368354,13,07-15-20,152,07-15-20,4,FA,617,2379,NN,Semillas,Fuerza Total,Soja,$ 2300.00
07-06-20,368355,14,07-14-20,151,07-15-20,4,FA,616,392,NN,Semillas,Convenio Syngenta Soja Completo,Soja,$ 2000.00
07-06-20,368356,14,07-14-20,150,07-15-20,4,FA,616,392,NN,Semillas,Convenio Syngenta Soja Completo,Soja,$ 2000.00
07-06-20,368357,14,07-14-20,149,07-15-20,4,FA,616,392,NN,Semillas,Convenio Syngenta Soja Completo,Soja,$ 2000.00
07-06-20,368358,14,07-14-20,148,07-15-20,4,FA,616,392,NN,Semillas,Convenio Syngenta Soja Completo,Soja,$ 2000.00
07-06-20,368359,14,07-14-20,147,07-15-20,4,FA,616,392,NN,Semillas,Convenio Syngenta Soja Completo,Soja,$ 2000.00
07-07-20,368390,15,07-15-20,176,07-16-20,4,FA,621,522,NN,Semillas,Convenio Syngenta Soja Completo,Soja,$ 2000.00
07-07-20,368391,15,07-15-20,175,07-16-20,4,FA,621,522,NN,Semillas,Convenio Syngenta Soja Completo,Soja,$ 2000.00
07-07-20,368392,15,07-15-20,174,07-16-20,4,FA,621,522,NN,Semillas,Convenio Syngenta Soja Completo,Soja,$ 2000.00
07-07-20,368393,15,07-15-20,173,07-16-20,4,FA,621,522,NN,Semillas,Convenio Syngenta Soja Completo,Soja,$ 2000.00
07-07-20,368394,15,07-15-20,172,07-16-20,4,FA,621,522,NN,Semillas,Convenio Syngenta Soja Completo,Soja,$ 2000.00
07-07-20,368395,15,07-15-20,171,07-16-20,4,FA,621,522,NN,Semillas,Convenio Syngenta Soja Completo,Soja,$ 2000.00
07-07-20,368396,15,07-15-20,170,07-16-20,4,FA,621,522,NN,Semillas,Convenio Syngenta Soja Completo,Soja,$ 2000.00
07-07-20,368397,15,07-15-20,169,07-16-20,4,FA,621,522,NN,Semillas,Convenio Syngenta Soja Completo,Soja,$ 2000.00
07-07-20,368398,15,07-15-20,168,07-16-20,4,FA,621,522,NN,Semillas,Convenio Syngenta Soja Completo,Soja,$ 2000.00
07-07-20,368399,15,07-15-20,167,07-16-20,4,FA,621,522,NN,Semillas,Convenio Syngenta Soja Completo,Soja,$ 2000.00
07-07-20,368400,15,07-15-20,166,07-16-20,4,FA,621,522,NN,Semillas,Convenio Syngenta Soja Completo,Soja,$ 2000.00
07-07-20,368401,15,07-15-20,165,07-16-20,4,FA,621,522,NN,Semillas,Convenio Syngenta Soja Completo,Soja,$ 2000.00
07-07-20,368402,15,07-15-20,164,07-16-20,4,FA,621,522,NN,Semillas,Convenio Syngenta Soja Completo,Soja,$ 2000.00
07-07-20,368403,15,07-15-20,163,07-16-20,4,FA,621,522,NN,Semillas,Convenio Syngenta Soja Completo,Soja,$ 2000.00
07-07-20,368404,15,07-15-20,162,07-16-20,4,FA,621,522,NN,Semillas,Convenio Syngenta Soja Completo,Soja,$ 2000.00
07-07-20,368405,15,07-15-20,161,07-16-20,4,FA,621,522,NN,Semillas,Convenio Syngenta Soja Completo,Soja,$ 2000.00
07-07-20,368406,15,07-15-20,160,07-16-20,4,FA,621,522,NN,Semillas,Convenio Syngenta Soja Completo,Soja,$ 2000.00
07-07-20,368407,15,07-15-20,159,07-16-20,4,FA,621,522,NN,Semillas,Convenio Syngenta Soja Completo,Soja,$ 2000.00
07-07-20,368408,15,07-15-20,158,07-16-20,4,FA,621,522,NN,Semillas,Convenio Syngenta Soja Completo,Soja,$ 2000.00
07-07-20,368409,15,07-15-20,157,07-16-20,4,FA,621,522,NN,Semillas,Convenio Syngenta Soja Completo,Soja,$ 2000.00
07-07-20,368410,15,07-15-20,156,07-16-20,4,FA,621,522,NN,Semillas,Convenio Syngenta Soja Completo,Soja,$ 2000.00
07-07-20,368411,15,07-15-20,155,07-16-20,4,FA,621,522,NN,Semillas,Convenio Syngenta Soja Completo,Soja,$ 2000.00
07-08-20,368417,18,07-21-20,227,07-21-20,4,FA,627,2795,NN,Semillas,Convenio Syngenta Soja Completo,Soja,$ 3700.00
07-08-20,368418,18,07-21-20,226,07-21-20,4,FA,627,2795,NN,Semillas,Convenio Syngenta Soja Completo,Soja,$ 3700.00
07-08-20,368419,18,07-21-20,225,07-21-20,4,FA,627,2795,NN,Semillas,Convenio Syngenta Soja Completo,Soja,$ 3700.00
07-08-20,368420,18,07-21-20,224,07-21-20,4,FA,627,2795,NN,Semillas,Convenio Syngenta Soja Completo,Soja,$ 3700.00
07-08-20,368421,18,07-21-20,223,07-21-20,4,FA,627,2795,NN,Semillas,Convenio Syngenta Soja Completo,Soja,$ 3700.00
07-08-20,368422,18,07-21-20,222,07-21-20,4,FA,627,2795,NN,Semillas,Convenio Syngenta Soja Completo,Soja,$ 3700.00
07-08-20,368423,18,07-21-20,221,07-21-20,4,FA,627,2795,NN,Semillas,Convenio Syngenta Soja Completo,Soja,$ 3700.00
07-08-20,368424,18,07-21-20,220,07-21-20,4,FA,627,2795,NN,Semillas,Convenio Syngenta Soja Completo,Soja,$ 3700.00
07-08-20,368425,17,07-16-20,195,07-16-20,4,FA,622,68427,NN,Semillas,Convenio Syngenta Soja Completo,Soja,$ 2000.00
07-08-20,368426,17,07-16-20,194,07-16-20,4,FA,622,68427,NN,Semillas,Convenio Syngenta Soja Completo,Soja,$ 2000.00
07-08-20,368427,17,07-16-20,193,07-16-20,4,FA,622,68427,NN,Semillas,Convenio Syngenta Soja Completo,Soja,$ 2000.00
07-08-20,368428,17,07-16-20,192,07-16-20,4,FA,622,68427,NN,Semillas,Convenio Syngenta Soja Completo,Soja,$ 2000.00
07-08-20,368429,17,07-16-20,191,07-16-20,4,FA,622,68427,NN,Semillas,Convenio Syngenta Soja Completo,Soja,$ 2000.00
07-08-20,368430,17,07-16-20,190,07-16-20,4,FA,622,68427,NN,Semillas,Convenio Syngenta Soja Completo,Soja,$ 2000.00
07-08-20,368431,17,07-16-20,189,07-16-20,4,FA,622,68427,NN,Semillas,Convenio Syngenta Soja Completo,Soja,$ 2000.00
07-08-20,368432,17,07-16-20,188,07-16-20,4,FA,622,68427,NN,Semillas,Convenio Syngenta Soja Completo,Soja,$ 2000.00
07-08-20,368433,17,07-16-20,187,07-16-20,4,FA,622,68427,NN,Semillas,Convenio Syngenta Soja Completo,Soja,$ 2000.00
07-08-20,368434,17,07-16-20,186,07-16-20,4,FA,622,68427,NN,Semillas,Convenio Syngenta Soja Completo,Soja,$ 2000.00
07-08-20,368435,17,07-16-20,185,07-16-20,4,FA,622,68427,NN,Semillas,Convenio Syngenta Soja Completo,Soja,$ 2000.00
07-08-20,368436,17,07-16-20,184,07-16-20,4,FA,622,68427,NN,Semillas,Convenio Syngenta Soja Completo,Soja,$ 2000.00
07-08-20,368437,17,07-16-20,183,07-16-20,4,FA,622,68427,NN,Semillas,Convenio Syngenta Soja Completo,Soja,$ 2000.00
07-08-20,368438,17,07-16-20,182,07-16-20,4,FA,622,68427,NN,Semillas,Convenio Syngenta Soja Completo,Soja,$ 2000.00
07-08-20,368439,17,07-16-20,181,07-16-20,4,FA,622,68427,NN,Semillas,Convenio Syngenta Soja Completo,Soja,$ 2000.00
07-08-20,368440,16,07-20-20,219,07-21-20,4,FA,625,392,NN,Semillas,Convenio Syngenta Soja Completo,Soja,$ 2000.00
07-08-20,368441,16,07-20-20,218,07-21-20,4,FA,625,392,NN,Semillas,Convenio Syngenta Soja Completo,Soja,$ 2000.00
07-08-20,368442,16,07-20-20,217,07-21-20,4,FA,625,392,NN,Semillas,Convenio Syngenta Soja Completo,Soja,$ 2000.00
07-08-20,368443,16,07-20-20,216,07-21-20,4,FA,625,392,NN,Semillas,Convenio Syngenta Soja Completo,Soja,$ 2000.00
07-08-20,368444,16,07-20-20,215,07-21-20,4,FA,625,392,NN,Semillas,Convenio Syngenta Soja Completo,Soja,$ 2000.00
07-08-20,368445,16,07-20-20,214,07-21-20,4,FA,625,392,NN,Semillas,Convenio Syngenta Soja Completo,Soja,$ 2000.00
07-08-20,368446,16,07-20-20,213,07-21-20,4,FA,625,392,NN,Semillas,Convenio Syngenta Soja Completo,Soja,$ 2000.00
07-08-20,368447,16,07-20-20,212,07-21-20,4,FA,625,392,NN,Semillas,Convenio Syngenta Soja Completo,Soja,$ 2000.00
07-08-20,368448,16,07-20-20,211,07-21-20,4,FA,625,392,NN,Semillas,Convenio Syngenta Soja Completo,Soja,$ 2000.00
07-08-20,368449,16,07-20-20,210,07-21-20,4,FA,625,392,NN,Semillas,Convenio Syngenta Soja Completo,Soja,$ 2000.00
07-08-20,368450,16,07-20-20,209,07-21-20,4,FA,625,392,NN,Semillas,Convenio Syngenta Soja Completo,Soja,$ 2000.00
07-08-20,368451,16,07-20-20,208,07-21-20,4,FA,625,392,NN,Semillas,Convenio Syngenta Soja Completo,Soja,$ 2000.00
07-08-20,368452,16,07-20-20,207,07-21-20,4,FA,625,392,NN,Semillas,Convenio Syngenta Soja Completo,Soja,$ 2000.00
07-08-20,368453,16,07-20-20,206,07-21-20,4,FA,625,392,NN,Semillas,Convenio Syngenta Soja Completo,Soja,$ 2000.00
07-08-20,368454,16,07-20-20,205,07-21-20,4,FA,625,392,NN,Semillas,Convenio Syngenta Soja Completo,Soja,$ 2000.00
07-08-20,368455,16,07-20-20,204,07-21-20,4,FA,625,392,NN,Semillas,Convenio Syngenta Soja Completo,Soja,$ 2000.00
07-08-20,368457,16,07-20-20,203,07-21-20,4,FA,625,392,NN,Semillas,Convenio Syngenta Soja Completo,Soja,$ 2000.00
07-08-20,368458,16,07-20-20,202,07-21-20,4,FA,625,392,NN,Semillas,Convenio Syngenta Soja Completo,Soja,$ 2000.00
07-08-20,368459,16,07-20-20,201,07-21-20,4,FA,625,392,NN,Semillas,Convenio Syngenta Soja Completo,Soja,$ 2000.00
07-08-20,368460,16,07-20-20,200,07-21-20,4,FA,625,392,NN,Semillas,Convenio Syngenta Soja Completo,Soja,$ 2000.00
07-08-20,368461,16,07-20-20,199,07-21-20,4,FA,625,392,NN,Semillas,Convenio Syngenta Soja Completo,Soja,$ 2000.00
07-08-20,368462,16,07-20-20,198,07-21-20,4,FA,625,392,NN,Semillas,Convenio Syngenta Soja Completo,Soja,$ 2000.00
07-08-20,368463,16,07-20-20,197,07-21-20,4,FA,625,392,NN,Semillas,Convenio Syngenta Soja Completo,Soja,$ 2000.00
07-08-20,368464,16,07-20-20,196,07-21-20,4,FA,625,392,NN,Semillas,Convenio Syngenta Soja Completo,Soja,$ 2000.00
07-13-20,368465,19,07-16-20,180,07-16-20,4,FA,623,4676,NN,Semillas,Fuerza Total,Soja,$ 2000.00
07-13-20,368466,19,07-16-20,179,07-16-20,4,FA,623,4676,NN,Semillas,Fuerza Total,Soja,$ 2000.00
07-13-20,368467,19,07-16-20,178,07-16-20,4,FA,623,4676,NN,Semillas,Fuerza Total,Soja,$ 2000.00
07-13-20,368468,19,07-16-20,177,07-16-20,4,FA,623,4676,NN,Semillas,Fuerza Total,Soja,$ 2000.00
07-13-20,368517,21,07-24-20,263,07-24-20,4,FA,631,9261,NN,Semillas,Convenio Syngenta Soja Completo,Soja,$ 2000.00
07-13-20,368518,21,07-24-20,262,07-24-20,4,FA,631,9261,NN,Semillas,Convenio Syngenta Soja Completo,Soja,$ 2000.00
07-13-20,368519,21,07-24-20,261,07-24-20,4,FA,631,9261,NN,Semillas,Convenio Syngenta Soja Completo,Soja,$ 2000.00
07-13-20,368520,21,07-24-20,260,07-24-20,4,FA,631,9261,NN,Semillas,Convenio Syngenta Soja Completo,Soja,$ 2000.00
07-13-20,368521,21,07-24-20,259,07-24-20,4,FA,631,9261,NN,Semillas,Convenio Syngenta Soja Completo,Soja,$ 2000.00
07-13-20,368522,21,07-24-20,258,07-24-20,4,FA,631,9261,NN,Semillas,Convenio Syngenta Soja Completo,Soja,$ 2000.00
07-13-20,368523,21,07-24-20,257,07-24-20,4,FA,631,9261,NN,Semillas,Convenio Syngenta Soja Completo,Soja,$ 2000.00
07-13-20,368524,21,07-24-20,256,07-24-20,4,FA,631,9261,NN,Semillas,Convenio Syngenta Soja Completo,Soja,$ 2000.00
07-13-20,368525,21,07-24-20,255,07-24-20,4,FA,631,9261,NN,Semillas,Convenio Syngenta Soja Completo,Soja,$ 2000.00
07-13-20,368526,21,07-24-20,254,07-24-20,4,FA,631,9261,NN,Semillas,Convenio Syngenta Soja Completo,Soja,$ 2000.00
07-13-20,368527,21,07-28-20,286,07-24-20,4,FA,631,9261,NN,Semillas,Convenio Syngenta Soja Completo,Soja,$ 2000.00
07-13-20,368528,21,07-24-20,252,07-24-20,4,FA,631,9261,NN,Semillas,Convenio Syngenta Soja Completo,Soja,$ 2000.00
07-13-20,368529,21,07-24-20,251,07-24-20,4,FA,631,9261,NN,Semillas,Convenio Syngenta Soja Completo,Soja,$ 2000.00
07-13-20,368530,21,07-24-20,250,07-24-20,4,FA,631,9261,NN,Semillas,Convenio Syngenta Soja Completo,Soja,$ 2000.00
07-13-20,368531,21,07-24-20,249,07-24-20,4,FA,631,9261,NN,Semillas,Convenio Syngenta Soja Completo,Soja,$ 2000.00
07-13-20,368532,21,07-24-20,248,07-24-20,4,FA,631,9261,NN,Semillas,Convenio Syngenta Soja Completo,Soja,$ 2000.00
07-13-20,368533,21,07-24-20,247,07-24-20,4,FA,631,9261,NN,Semillas,Convenio Syngenta Soja Completo,Soja,$ 2000.00
07-13-20,368534,21,07-24-20,246,07-24-20,4,FA,631,9261,NN,Semillas,Convenio Syngenta Soja Completo,Soja,$ 2000.00
07-13-20,368535,21,07-24-20,245,07-24-20,4,FA,631,9261,NN,Semillas,Convenio Syngenta Soja Completo,Soja,$ 2000.00
07-13-20,368536,21,07-24-20,244,07-24-20,4,FA,631,9261,NN,Semillas,Convenio Syngenta Soja Completo,Soja,$ 2000.00
07-13-20,368537,21,07-24-20,243,07-24-20,4,FA,631,9261,NN,Semillas,Convenio Syngenta Soja Completo,Soja,$ 2000.00
07-13-20,368538,21,07-24-20,242,07-24-20,4,FA,631,9261,NN,Semillas,Convenio Syngenta Soja Completo,Soja,$ 2000.00
07-13-20,368539,21,07-24-20,241,07-24-20,4,FA,631,9261,NN,Semillas,Convenio Syngenta Soja Completo,Soja,$ 2000.00
07-13-20,368540,20,07-21-20,234,07-21-20,4,FA,626,2375,NN,Semillas,Soja,Soja,$ 1700.00
07-13-20,368541,20,07-21-20,233,07-21-20,4,FA,626,2375,NN,Semillas,Soja,Soja,$ 1700.00
07-13-20,368542,20,07-21-20,232,07-21-20,4,FA,626,2375,NN,Semillas,Soja,Soja,$ 1700.00
07-13-20,368543,20,07-21-20,231,07-21-20,4,FA,626,2375,NN,Semillas,Soja,Soja,$ 1700.00
07-13-20,368544,20,07-21-20,230,07-21-20,4,FA,626,2375,NN,Semillas,Soja,Soja,$ 1700.00
07-13-20,368545,20,07-21-20,229,07-21-20,4,FA,626,2375,NN,Semillas,Soja,Soja,$ 1700.00
07-13-20,368546,20,07-21-20,228,07-21-20,4,FA,626,2375,NN,Semillas,Soja,Soja,$ 1700.00
07-15-20,368551,22,07-23-20,238,07-24-20,4,FB,14,2065,NN,Semillas,Soja,Soja,$ 1700.00
07-15-20,368552,22,07-23-20,237,07-24-20,4,FB,14,2065,NN,Semillas,Soja,Soja,$ 1700.00
07-15-20,368553,22,07-23-20,236,07-24-20,4,FB,14,2065,NN,Semillas,Soja,Soja,$ 1700.00
07-22-20,368554,29,08-10-20,391,08-10-20,4,FA,665,3660,NN,Semillas,Fuerza Total,Coriandro,$ 2300.00
07-17-20,368612,23,08-05-20,373,08-05-20,4,FA,655,4281,NN,Semillas,Grama Rhodes,Grama Rhodes,$ 2000.00
07-17-20,368613,23,08-05-20,372,08-05-20,4,FA,655,4281,NN,Semillas,Grama Rhodes,Grama Rhodes,$ 2000.00
07-17-20,368614,23,08-19-20,421,08-20-20,4,FA,683,4281,NN,Semillas,Semilla Vital Megatérmicas,Buffel Grass,$ 3200.00
07-17-20,368615,23,08-19-20,420,08-20-20,4,FA,683,4281,NN,Semillas,Semilla Vital Megatérmicas,Buffel Grass,$ 3200.00
07-17-20,368617,23,08-24-20,441,08-25-20,4,FA,690,4281,NN,Semillas,Semilla Vital,Gatton Panic,$ 3200.00
07-17-20,368618,23,08-14-20,414,08-14-20,4,FA,671,4281,NN,Semillas,Semilla Vital Megatérmicas,Panicum Coloratum,$ 3200.00
07-17-20,368619,23,08-24-20,440,08-25-20,4,FA,690,4281,NN,Semillas,Semilla Vital,Gatton Panic,$ 3200.00
07-17-20,368620,23,08-19-20,422,08-20-20,4,FA,683,4281,NN,Semillas,Semilla Vital,Gatton Panic,$ 3200.00
07-17-20,368621,24,07-24-20,240,07-24-20,4,FA,630,1930,NN,Semillas,Soja,Soja,$ 1700.00
07-17-20,368622,24,07-24-20,239,07-24-20,4,FA,630,1930,NN,Semillas,Soja,Soja,$ 1700.00
07-21-20,368623,27,07-28-20,285,07-28-20,4,FA,636,392,NN,Semillas,Convenio Syngenta Soja Completo,Soja,$ 2000.00
07-21-20,368624,27,07-28-20,284,07-28-20,4,FA,636,392,NN,Semillas,Convenio Syngenta Soja Completo,Soja,$ 2000.00
07-21-20,368625,27,07-28-20,283,07-28-20,4,FA,636,392,NN,Semillas,Convenio Syngenta Soja Completo,Soja,$ 2000.00
07-21-20,368626,27,07-28-20,282,07-28-20,4,FA,636,392,NN,Semillas,Convenio Syngenta Soja Completo,Soja,$ 2000.00
07-21-20,368627,27,07-28-20,281,07-28-20,4,FA,636,392,NN,Semillas,Convenio Syngenta Soja Completo,Soja,$ 2000.00
07-21-20,368628,27,07-28-20,280,07-28-20,4,FA,636,392,NN,Semillas,Convenio Syngenta Soja Completo,Soja,$ 2000.00
07-22-20,368629,27,07-28-20,279,07-28-20,4,FA,636,392,NN,Semillas,Convenio Syngenta Soja Completo,Soja,$ 2000.00
07-21-20,368630,27,07-28-20,278,07-28-20,4,FA,636,392,NN,Semillas,Convenio Syngenta Soja Completo,Soja,$ 2000.00
07-21-20,368631,27,07-28-20,277,07-28-20,4,FA,636,392,NN,Semillas,Convenio Syngenta Soja Completo,Soja,$ 2000.00
07-21-20,368632,27,07-28-20,276,07-28-20,4,FA,636,392,NN,Semillas,Convenio Syngenta Soja Completo,Soja,$ 2000.00
07-21-20,368633,27,07-28-20,275,07-28-20,4,FA,636,392,NN,Semillas,Convenio Syngenta Soja Completo,Soja,$ 2000.00
07-21-20,368634,27,07-28-20,274,07-28-20,4,FA,636,392,NN,Semillas,Convenio Syngenta Soja Completo,Soja,$ 2000.00
07-21-20,368635,27,07-28-20,273,07-28-20,4,FA,636,392,NN,Semillas,Convenio Syngenta Soja Completo,Soja,$ 2000.00
07-21-20,368636,27,07-28-20,272,07-28-20,4,FA,636,392,NN,Semillas,Convenio Syngenta Soja Completo,Soja,$ 2000.00
07-21-20,368637,27,07-28-20,271,07-28-20,4,FA,636,392,NN,Semillas,Convenio Syngenta Soja Completo,Soja,$ 2000.00
07-21-20,368638,27,07-28-20,270,07-28-20,4,FA,636,392,NN,Semillas,Convenio Syngenta Soja Completo,Soja,$ 2000.00
07-21-20,368639,27,07-28-20,269,07-28-20,4,FA,636,392,NN,Semillas,Convenio Syngenta Soja Completo,Soja,$ 2000.00
07-21-20,368640,27,07-28-20,268,07-28-20,4,FA,636,392,NN,Semillas,Convenio Syngenta Soja Completo,Soja,$ 2000.00
07-21-20,368641,27,07-28-20,267,07-28-20,4,FA,636,392,NN,Semillas,Convenio Syngenta Soja Completo,Soja,$ 2000.00
07-21-20,368642,27,07-28-20,266,07-28-20,4,FA,636,392,NN,Semillas,Convenio Syngenta Soja Completo,Soja,$ 2000.00
07-21-20,368643,27,07-28-20,265,07-28-20,4,FA,636,392,NN,Semillas,Convenio Syngenta Soja Completo,Soja,$ 2000.00
07-21-20,368644,27,07-28-20,264,07-28-20,4,FA,636,392,NN,Semillas,Convenio Syngenta Soja Completo,Soja,$ 2000.00
07-21-20,368645,27,07-29-20,291,07-30-20,4,FA,639,392,NN,Semillas,Convenio Syngenta Soja Completo,Soja,$ 2000.00
07-21-20,368646,27,07-29-20,306,07-30-20,4,FA,639,392,NN,Semillas,Convenio Syngenta Soja Completo,Soja,$ 2000.00
07-21-20,368647,27,07-29-20,305,07-30-20,4,FA,639,392,NN,Semillas,Convenio Syngenta Soja Completo,Soja,$ 2000.00
07-21-20,368648,27,07-29-20,304,07-30-20,4,FA,639,392,NN,Semillas,Convenio Syngenta Soja Completo,Soja,$ 2000.00
07-21-20,368649,27,07-29-20,303,07-30-20,4,FA,639,392,NN,Semillas,Convenio Syngenta Soja Completo,Soja,$ 2000.00
07-21-20,368650,27,07-29-20,302,07-30-20,4,FA,639,392,NN,Semillas,Convenio Syngenta Soja Completo,Soja,$ 2000.00
07-21-20,368651,27,07-29-20,301,07-30-20,4,FA,639,392,NN,Semillas,Convenio Syngenta Soja Completo,Soja,$ 2000.00
07-21-20,368652,27,07-29-20,300,07-30-20,4,FA,639,392,NN,Semillas,Convenio Syngenta Soja Completo,Soja,$ 2000.00
07-21-20,368653,27,07-29-20,299,07-30-20,4,FA,639,392,NN,Semillas,Convenio Syngenta Soja Completo,Soja,$ 2000.00
07-21-20,368654,27,07-29-20,298,07-30-20,4,FA,639,392,NN,Semillas,Convenio Syngenta Soja Completo,Soja,$ 2000.00
07-21-20,368655,27,07-29-20,297,07-30-20,4,FA,639,392,NN,Semillas,Convenio Syngenta Soja Completo,Soja,$ 2000.00
07-21-20,368656,27,07-29-20,296,07-30-20,4,FA,639,392,NN,Semillas,Convenio Syngenta Soja Completo,Soja,$ 2000.00
07-21-20,368658,27,07-29-20,295,07-30-20,4,FA,639,392,NN,Semillas,Convenio Syngenta Soja Completo,Soja,$ 2000.00
07-21-20,368659,27,07-29-20,294,07-30-20,4,FA,639,392,NN,Semillas,Convenio Syngenta Soja Completo,Soja,$ 2000.00
07-21-20,368660,27,07-29-20,293,07-30-20,4,FA,639,392,NN,Semillas,Convenio Syngenta Soja Completo,Soja,$ 2000.00
07-21-20,368661,27,07-29-20,292,07-30-20,4,FA,639,392,NN,Semillas,Convenio Syngenta Soja Completo,Soja,$ 2000.00
07-21-20,368662,25,07-29-20,290,07-29-20,4,FA,637,4557,NN,Semillas,Soja,Soja,$ 1700.00
07-21-20,368674,26,07-28-20,289,07-28-20,4,FA,635,16,NN,Semillas,Convenio Syngenta Soja Completo,Soja,$ 2000.00
07-21-20,368675,26,07-28-20,288,07-28-20,4,FA,635,16,NN,Semillas,Convenio Syngenta Soja Completo,Soja,$ 2000.00
07-21-20,368676,26,07-28-20,287,07-28-20,4,FA,635,16,NN,Semillas,Convenio Syngenta Soja Completo,Soja,$ 2000.00
07-22-20,368678,28,07-30-20,326,07-31-20,4,FA,641,392,NN,Semillas,Convenio Syngenta Soja Completo,Soja,$ 2000.00
07-22-20,368679,28,07-30-20,325,07-31-20,4,FA,641,392,NN,Semillas,Convenio Syngenta Soja Completo,Soja,$ 2000.00
07-22-20,368680,28,07-30-20,324,07-31-20,4,FA,641,392,NN,Semillas,Convenio Syngenta Soja Completo,Soja,$ 2000.00
07-22-20,368681,28,07-30-20,323,07-31-20,4,FA,641,392,NN,Semillas,Convenio Syngenta Soja Completo,Soja,$ 2000.00
07-22-20,368682,28,07-30-20,322,07-31-20,4,FA,641,392,NN,Semillas,Convenio Syngenta Soja Completo,Soja,$ 2000.00
07-22-20,368683,28,07-30-20,321,07-31-20,4,FA,641,392,NN,Semillas,Convenio Syngenta Soja Completo,Soja,$ 2000.00
07-22-20,368684,28,07-30-20,320,07-31-20,4,FA,641,392,NN,Semillas,Convenio Syngenta Soja Completo,Soja,$ 2000.00
07-22-20,368685,28,07-30-20,319,07-31-20,4,FA,641,392,NN,Semillas,Convenio Syngenta Soja Completo,Soja,$ 2000.00
07-22-20,368686,28,07-30-20,318,07-31-20,4,FA,641,392,NN,Semillas,Convenio Syngenta Soja Completo,Soja,$ 2000.00
07-22-20,368687,28,07-30-20,317,07-31-20,4,FA,641,392,NN,Semillas,Convenio Syngenta Soja Completo,Soja,$ 2000.00
07-22-20,368688,28,07-30-20,316,07-31-20,4,FA,641,392,NN,Semillas,Convenio Syngenta Soja Completo,Soja,$ 2000.00
07-22-20,368689,28,07-30-20,315,07-31-20,4,FA,641,392,NN,Semillas,Convenio Syngenta Soja Completo,Soja,$ 2000.00
07-22-20,368690,28,07-30-20,314,07-31-20,4,FA,641,392,NN,Semillas,Convenio Syngenta Soja Completo,Soja,$ 2000.00
07-22-20,368691,28,07-30-20,313,07-31-20,4,FA,641,392,NN,Semillas,Convenio Syngenta Soja Completo,Soja,$ 2000.00
07-22-20,368692,28,07-30-20,312,07-31-20,4,FA,641,392,NN,Semillas,Convenio Syngenta Soja Completo,Soja,$ 2000.00
07-22-20,368693,28,07-30-20,311,07-31-20,4,FA,641,392,NN,Semillas,Convenio Syngenta Soja Completo,Soja,$ 2000.00
07-22-20,368694,28,07-30-20,310,07-31-20,4,FA,641,392,NN,Semillas,Convenio Syngenta Soja Completo,Soja,$ 2000.00
07-22-20,368695,28,07-30-20,309,07-31-20,4,FA,641,392,NN,Semillas,Convenio Syngenta Soja Completo,Soja,$ 2000.00
07-22-20,368696,28,07-30-20,308,07-31-20,4,FA,641,392,NN,Semillas,Convenio Syngenta Soja Completo,Soja,$ 2000.00
07-22-20,368697,28,07-30-20,307,07-31-20,4,FA,641,392,NN,Semillas,Convenio Syngenta Soja Completo,Soja,$ 2000.00
07-22-20,368698,28,08-03-20,349,08-03-20,4,FA,650,392,NN,Semillas,Convenio Syngenta Soja Completo,Soja,$ 2000.00
07-22-20,368699,28,08-03-20,348,08-03-20,4,FA,650,392,NN,Semillas,Convenio Syngenta Soja Completo,Soja,$ 2000.00
07-22-20,368700,28,08-03-20,347,08-03-20,4,FA,650,392,NN,Semillas,Convenio Syngenta Soja Completo,Soja,$ 2000.00
07-22-20,368701,28,08-03-20,346,08-03-20,4,FA,650,392,NN,Semillas,Convenio Syngenta Soja Completo,Soja,$ 2000.00
07-22-20,368702,28,08-03-20,345,08-03-20,4,FA,650,392,NN,Semillas,Convenio Syngenta Soja Completo,Soja,$ 2000.00
07-22-20,368703,28,08-03-20,344,08-03-20,4,FA,650,392,NN,Semillas,Convenio Syngenta Soja Completo,Soja,$ 2000.00
07-22-20,368704,28,08-03-20,343,08-03-20,4,FA,650,392,NN,Semillas,Convenio Syngenta Soja Completo,Soja,$ 2000.00
07-22-20,368705,28,08-03-20,342,08-03-20,4,FA,650,392,NN,Semillas,Convenio Syngenta Soja Completo,Soja,$ 2000.00
07-22-20,368706,28,08-03-20,341,08-03-20,4,FA,650,392,NN,Semillas,Convenio Syngenta Soja Completo,Soja,$ 2000.00
07-22-20,368707,28,08-03-20,340,08-03-20,4,FA,650,392,NN,Semillas,Convenio Syngenta Soja Completo,Soja,$ 2000.00
07-22-20,368708,28,08-03-20,339,08-03-20,4,FA,650,392,NN,Semillas,Convenio Syngenta Soja Completo,Soja,$ 2000.00
07-22-20,368709,28,08-03-20,338,08-03-20,4,FA,650,392,NN,Semillas,Convenio Syngenta Soja Completo,Soja,$ 2000.00
07-22-20,368710,28,08-03-20,337,08-03-20,4,FA,650,392,NN,Semillas,Convenio Syngenta Soja Completo,Soja,$ 2000.00
07-22-20,368711,28,08-03-20,336,08-03-20,4,FA,650,392,NN,Semillas,Convenio Syngenta Soja Completo,Soja,$ 2000.00
07-22-20,368712,28,08-03-20,335,08-03-20,4,FA,650,392,NN,Semillas,Convenio Syngenta Soja Completo,Soja,$ 2000.00
07-22-20,368713,28,08-03-20,334,08-03-20,4,FA,650,392,NN,Semillas,Convenio Syngenta Soja Completo,Soja,$ 2000.00
07-22-20,368714,28,08-03-20,333,08-03-20,4,FA,650,392,NN,Semillas,Convenio Syngenta Soja Completo,Soja,$ 2000.00
07-22-20,368715,28,08-03-20,332,08-03-20,4,FA,650,392,NN,Semillas,Convenio Syngenta Soja Completo,Soja,$ 2000.00
07-22-20,368716,28,08-03-20,331,08-03-20,4,FA,650,392,NN,Semillas,Convenio Syngenta Soja Completo,Soja,$ 2000.00
07-22-20,368717,28,08-03-20,330,08-03-20,4,FA,650,392,NN,Semillas,Convenio Syngenta Soja Completo,Soja,$ 2000.00
07-22-20,368718,28,08-04-20,369,08-05-20,4,FA,653,392,NN,Semillas,Convenio Syngenta Soja Completo,Soja,$ 2000.00
07-22-20,368719,28,08-04-20,368,08-05-20,4,FA,653,392,NN,Semillas,Convenio Syngenta Soja Completo,Soja,$ 2000.00
07-22-20,368720,28,08-04-20,367,08-05-20,4,FA,653,392,NN,Semillas,Convenio Syngenta Soja Completo,Soja,$ 2000.00
07-22-20,368721,28,08-04-20,366,08-05-20,4,FA,653,392,NN,Semillas,Convenio Syngenta Soja Completo,Soja,$ 2000.00
07-22-20,368722,28,08-04-20,365,08-05-20,4,FA,653,392,NN,Semillas,Convenio Syngenta Soja Completo,Soja,$ 2000.00
07-22-20,368723,28,08-04-20,364,08-05-20,4,FA,653,392,NN,Semillas,Convenio Syngenta Soja Completo,Soja,$ 2000.00
07-22-20,368724,28,08-04-20,363,08-05-20,4,FA,653,392,NN,Semillas,Convenio Syngenta Soja Completo,Soja,$ 2000.00
07-22-20,368725,28,08-04-20,362,08-05-20,4,FA,653,392,NN,Semillas,Convenio Syngenta Soja Completo,Soja,$ 2000.00
07-22-20,368726,28,08-04-20,361,08-05-20,4,FA,653,392,NN,Semillas,Convenio Syngenta Soja Completo,Soja,$ 2000.00
07-22-20,368727,28,08-04-20,360,08-05-20,4,FA,653,392,NN,Semillas,Convenio Syngenta Soja Completo,Soja,$ 2000.00
07-22-20,368728,28,08-04-20,359,08-05-20,4,FA,653,392,NN,Semillas,Convenio Syngenta Soja Completo,Soja,$ 2000.00
07-22-20,368729,28,08-04-20,358,08-05-20,4,FA,653,392,NN,Semillas,Convenio Syngenta Soja Completo,Soja,$ 2000.00
07-22-20,368730,28,08-04-20,357,08-05-20,4,FA,653,392,NN,Semillas,Convenio Syngenta Soja Completo,Soja,$ 2000.00
07-22-20,368731,28,08-04-20,356,08-05-20,4,FA,653,392,NN,Semillas,Convenio Syngenta Soja Completo,Soja,$ 2000.00
07-22-20,368732,28,08-04-20,355,08-05-20,4,FA,653,392,NN,Semillas,Convenio Syngenta Soja Completo,Soja,$ 2000.00
07-22-20,368733,28,08-04-20,354,08-05-20,4,FA,653,392,NN,Semillas,Convenio Syngenta Soja Completo,Soja,$ 2000.00
07-22-20,368734,28,08-04-20,353,08-05-20,4,FA,653,392,NN,Semillas,Convenio Syngenta Soja Completo,Soja,$ 2000.00
07-22-20,368735,28,08-04-20,352,08-05-20,4,FA,653,392,NN,Semillas,Convenio Syngenta Soja Completo,Soja,$ 2000.00
07-22-20,368736,28,08-04-20,351,08-05-20,4,FA,653,392,NN,Semillas,Convenio Syngenta Soja Completo,Soja,$ 2000.00
07-22-20,368737,28,08-04-20,350,08-05-20,4,FA,653,392,NN,Semillas,Convenio Syngenta Soja Completo,Soja,$ 2000.00
07-24-20,368738,30,07-31-20,327,07-31-20,4,FA,643,392,NN,Semillas,Doble Poder,Soja,$ 3000.00
07-27-20,368741,31,08-03-20,329,08-03-20,4,FA,649,4680,NN,Semillas,Soja,Soja,$ 1700.00
07-27-20,368742,31,08-03-20,328,08-03-20,4,FA,649,4680,NN,Semillas,Soja,Soja,$ 1700.00
07-28-20,368789,32,08-05-20,371,08-05-20,4,FA,654,798,NN,Semillas,Soja,Soja,$ 1700.00
07-28-20,368790,32,08-05-20,370,08-05-20,4,FA,654,798,NN,Semillas,Soja,Soja,$ 1700.00
07-29-20,368801,33,08-06-20,377,08-06-20,4,FA,659,1897,NN,Semillas,Soja,Soja,$ 1700.00
07-29-20,368802,33,08-06-20,376,08-06-20,4,FA,659,1897,NN,Semillas,Soja,Soja,$ 1700.00
07-29-20,368803,34,08-06-20,375,08-06-20,4,FA,658,489,NN,Semillas,Soja,Soja,$ 1700.00
07-29-20,368812,35,08-06-20,374,08-06-20,4,FA,660,4396,NN,Semillas,Soja,Soja,$ 1700.00
07-30-20,368813,36,08-13-20,413,08-14-20,4,FA,672,104,NN,Semillas,Fuerza Total,Sorgo,$ 2300.00
07-30-20,368814,36,08-13-20,412,08-14-20,4,FA,672,104,NN,Semillas,Fuerza Total,Sorgo,$ 2300.00
07-30-20,368815,36,08-13-20,411,08-14-20,4,FA,672,104,NN,Semillas,Fuerza Total,Sorgo,$ 2300.00
07-30-20,368816,37,08-07-20,390,08-07-20,4,FA,662,2795,NN,Semillas,Convenio Syngenta Soja Completo,Soja,$ 3700.00
07-30-20,368817,37,08-07-20,389,08-07-20,4,FA,662,2795,NN,Semillas,Convenio Syngenta Soja Completo,Soja,$ 3700.00
07-30-20,368818,37,08-07-20,388,08-07-20,4,FA,662,2795,NN,Semillas,Convenio Syngenta Soja Completo,Soja,$ 3700.00
07-30-20,368819,37,08-07-20,387,08-07-20,4,FA,662,2795,NN,Semillas,Convenio Syngenta Soja Completo,Soja,$ 3700.00
07-30-20,368820,37,08-07-20,386,08-07-20,4,FA,662,2795,NN,Semillas,Convenio Syngenta Soja Completo,Soja,$ 3700.00
07-30-20,368821,37,08-07-20,385,08-07-20,4,FA,662,2795,NN,Semillas,Convenio Syngenta Soja Completo,Soja,$ 3700.00
07-30-20,368822,37,08-07-20,384,08-07-20,4,FA,662,2795,NN,Semillas,Convenio Syngenta Soja Completo,Soja,$ 3700.00
07-30-20,368823,37,08-07-20,383,08-07-20,4,FA,662,2795,NN,Semillas,Convenio Syngenta Soja Completo,Soja,$ 3700.00
07-30-20,368824,37,08-07-20,382,08-07-20,4,FA,662,2795,NN,Semillas,Convenio Syngenta Soja Completo,Soja,$ 3700.00
07-30-20,368825,37,08-07-20,381,08-07-20,4,FA,662,2795,NN,Semillas,Convenio Syngenta Soja Completo,Soja,$ 3700.00
07-30-20,368826,37,08-07-20,380,08-07-20,4,FA,662,2795,NN,Semillas,Convenio Syngenta Soja Completo,Soja,$ 3700.00
07-30-20,368827,37,08-07-20,379,08-07-20,4,FA,662,2795,NN,Semillas,Convenio Syngenta Soja Completo,Soja,$ 3700.00
07-30-20,368828,37,08-07-20,378,08-07-20,4,FA,662,2795,NN,Semillas,Convenio Syngenta Soja Completo,Soja,$ 3700.00
08-03-20,368914,39,08-10-20,398,08-10-20,4,FA,664,2795,NN,Semillas,Convenio Syngenta Soja Completo,Soja,$ 3700.00
08-03-20,368915,39,08-10-20,397,08-10-20,4,FA,664,2795,NN,Semillas,Convenio Syngenta Soja Completo,Soja,$ 3700.00
08-03-20,368916,39,08-10-20,396,08-10-20,4,FA,664,2795,NN,Semillas,Convenio Syngenta Soja Completo,Soja,$ 3700.00
08-03-20,368917,39,08-10-20,395,08-10-20,4,FA,664,2795,NN,Semillas,Convenio Syngenta Soja Completo,Soja,$ 3700.00
08-03-20,368918,39,08-10-20,394,08-10-20,4,FA,664,2795,NN,Semillas,Convenio Syngenta Soja Completo,Soja,$ 3700.00
08-03-20,368919,39,08-10-20,393,08-10-20,4,FA,664,2795,NN,Semillas,Convenio Syngenta Soja Completo,Soja,$ 3700.00
08-03-20,368920,39,08-10-20,392,08-10-20,4,FA,664,2795,NN,Semillas,Convenio Syngenta Soja Completo,Soja,$ 3700.00
08-03-20,368921,38,08-13-20,410,08-13-20,4,FA,666,1856,NN,Semillas,Fuerza Total Curado,Soja,$ 3100.00
08-03-20,368922,38,08-13-20,409,08-13-20,4,FA,666,1856,NN,Semillas,Fuerza Total Curado,Soja,$ 3100.00
08-03-20,368923,38,08-13-20,408,08-13-20,4,FA,666,1856,NN,Semillas,Fuerza Total Curado,Soja,$ 3100.00
08-03-20,368924,38,08-13-20,407,08-13-20,4,FA,666,1856,NN,Semillas,Fuerza Total Curado,Soja,$ 3100.00
08-03-20,368925,38,08-13-20,406,08-13-20,4,FA,666,1856,NN,Semillas,Fuerza Total Curado,Soja,$ 3100.00
08-03-20,368926,38,08-13-20,405,08-13-20,4,FA,666,1856,NN,Semillas,Fuerza Total Curado,Soja,$ 3100.00
08-03-20,368927,38,08-13-20,404,08-13-20,4,FA,666,1856,NN,Semillas,Fuerza Total Curado,Soja,$ 3100.00
08-03-20,368928,38,08-13-20,403,08-13-20,4,FA,666,1856,NN,Semillas,Fuerza Total Curado,Soja,$ 3100.00
08-06-20,369039,41,08-13-20,402,08-13-20,4,FA,667,56358,NN,Semillas,Convenio Syngenta Soja Completo,Soja,$ 2000.00
08-06-20,369040,41,08-13-20,401,08-13-20,4,FA,667,56358,NN,Semillas,Convenio Syngenta Soja Completo,Soja,$ 2000.00
08-06-20,369041,41,08-13-20,400,08-13-20,4,FA,667,56358,NN,Semillas,Convenio Syngenta Soja Completo,Soja,$ 2000.00
08-06-20,369042,41,08-13-20,399,08-13-20,4,FA,667,56358,NN,Semillas,Convenio Syngenta Soja Completo,Soja,$ 2000.00
08-06-20,369043,42,08-21-20,439,08-25-20,4,FA,688,104,NN,Semillas,Fuerza Total,Sorgo,$ 5800.00
08-06-20,369044,42,08-21-20,438,08-25-20,4,FA,688,104,NN,Semillas,Fuerza Total,Sorgo,$ 5800.00
08-06-20,369045,42,08-21-20,437,08-25-20,4,FA,688,104,NN,Semillas,Doble Poder,Sorgo,$ 3000.00
08-06-20,369046,42,08-21-20,436,08-25-20,4,FA,688,104,NN,Semillas,Doble Poder,Sorgo,$ 3000.00
08-10-20,369054,43,08-18-20,416,08-18-20,4,FA,674,392,NN,Semillas,Soja,Soja,$ 1700.00
08-10-20,369055,43,08-18-20,415,08-18-20,4,FA,674,392,NN,Semillas,Soja,Soja,$ 1700.00
08-10-20,369056,44,08-18-20,419,08-18-20,4,FA,674,392,NN,Semillas,Convenio Syngenta Soja Completo,Soja,$ 2000.00
08-10-20,369057,44,08-18-20,418,08-18-20,4,FA,674,392,NN,Semillas,Convenio Syngenta Soja Completo,Soja,$ 2000.00
08-10-20,369058,44,08-18-20,417,08-18-20,4,FA,674,392,NN,Semillas,Convenio Syngenta Soja Completo,Soja,$ 2000.00
08-13-20,369115,45,08-20-20,424,08-20-20,4,FA,682,2795,NN,Semillas,Convenio Syngenta Soja Completo,Soja,$ 3700.00
08-13-20,369116,45,08-20-20,423,08-20-20,4,FA,682,2795,NN,Semillas,Convenio Syngenta Soja Completo,Soja,$ 3700.00
08-13-20,369117,46,08-21-20,429,08-21-20,4,FA,686,176699,NN,Semillas,¿Cuántos Kilos Siembro?,Soja,$ 4200.00
08-14-20,369118,47,08-25-20,447,08-25-20,4,FA,689,392,NN,Semillas,Convenio Syngenta Soja Completo,Soja,$ 2000.00
08-14-20,369119,47,08-25-20,446,08-25-20,4,FA,689,392,NN,Semillas,Convenio Syngenta Soja Completo,Soja,$ 2000.00
08-14-20,369120,47,08-25-20,445,08-25-20,4,FA,689,392,NN,Semillas,Convenio Syngenta Soja Completo,Soja,$ 2000.00
08-14-20,369121,47,08-25-20,444,08-25-20,4,FA,689,392,NN,Semillas,Convenio Syngenta Soja Completo,Soja,$ 2000.00
08-14-20,369122,47,08-25-20,443,08-25-20,4,FA,689,392,NN,Semillas,Convenio Syngenta Soja Completo,Soja,$ 2000.00
08-14-20,369126,48,08-21-20,435,08-21-20,4,FA,685,3225,NN,Semillas,Doble Poder,Soja,$ 3000.00
08-14-20,369127,48,08-21-20,434,08-21-20,4,FA,685,3225,NN,Semillas,Doble Poder,Soja,$ 3000.00
08-14-20,369128,48,08-21-20,433,08-21-20,4,FA,685,3225,NN,Semillas,Doble Poder,Soja,$ 3000.00
08-14-20,369129,48,08-21-20,432,08-21-20,4,FA,685,3225,NN,Semillas,Doble Poder,Soja,$ 3000.00
08-14-20,369130,48,08-21-20,431,08-21-20,4,FA,685,3225,NN,Semillas,Doble Poder,Soja,$ 3000.00
08-14-20,369131,48,08-21-20,430,08-21-20,4,FA,685,3225,NN,Semillas,Doble Poder,Soja,$ 3000.00
08-19-20,369136,49,08-27-20,453,08-27-20,4,FA,695,3227,NN,Semillas,Fuerza Total,Soja,$ 2600.00
08-19-20,369137,49,08-27-20,452,08-27-20,4,FA,695,3227,NN,Semillas,Fuerza Total,Soja,$ 2600.00
08-19-20,369138,50,08-27-20,451,08-27-20,4,FA,694,967,NN,Semillas,Soja,Soja,$ 1700.00
08-19-20,369139,50,08-27-20,450,08-27-20,4,FA,694,967,NN,Semillas,Soja,Soja,$ 1700.00
08-19-20,369140,50,08-27-20,449,08-27-20,4,FA,694,967,NN,Semillas,Soja,Soja,$ 1700.00
08-19-20,369141,50,08-27-20,448,08-27-20,4,FA,694,967,NN,Semillas,Soja,Soja,$ 1700.00
08-20-20,369146,51,08-28-20,455,08-28-20,4,FB,16,4160,NN,Semillas,Soja,Soja,$ 1700.00
08-20-20,369147,51,08-28-20,454,08-28-20,4,FB,16,4160,NN,Semillas,Soja,Soja,$ 1700.00
08-21-20,369189,52,09-04-20,502,09-04-20,4,FA,714,4281,NN,Semillas,Doble Poder,Sorgo,$ 3000.00
08-21-20,369190,52,09-04-20,501,09-04-20,4,FA,714,4281,NN,Semillas,Sorgo,Sorgo,$ 1700.00
08-21-20,369191,53,09-04-20,505,09-04-20,4,FA,713,62,NN,Semillas,Sorgo,Sorgo,$ 1700.00
08-21-20,369192,53,09-04-20,504,09-04-20,4,FA,713,62,NN,Semillas,Sorgo,Sorgo,$ 1700.00
08-21-20,369193,53,09-04-20,503,09-04-20,4,FA,713,62,NN,Semillas,Sorgo,Sorgo,$ 1700.00
08-24-20,369194,23,08-24-20,442,08-25-20,4,FA,690,4281,NN,Semillas,Semilla Vital,Gatton Panic,$ 3200.00
08-24-20,369195,54,09-07-20,506,09-07-20,4,FA,717,62,NN,Semillas,Semilla Vital,Pasto Lloron,$ 4650.00
08-25-20,369197,55,09-02-20,458,09-02-20,4,FA,704,1425,NN,Semillas,Fuerza Total,Soja,$ 2300.00
08-25-20,369198,55,09-02-20,457,09-02-20,4,FA,704,1425,NN,Semillas,Fuerza Total,Soja,$ 2300.00
08-26-20,369202,56,09-04-20,471,09-04-20,4,FA,712,4610,NN,Semillas,Fuerza Total,Soja,$ 2300.00
08-26-20,369203,56,09-04-20,470,09-04-20,4,FA,712,4610,NN,Semillas,Fuerza Total,Soja,$ 2300.00
08-26-20,369204,57,09-04-20,469,09-14-20,4,FA,730,4714,NN,Semillas,Fuerza Total,Soja,$ 2300.00
08-26-20,369205,57,09-04-20,468,09-14-20,4,FA,730,4714,NN,Semillas,Fuerza Total,Soja,$ 2300.00
08-26-20,369206,57,09-04-20,467,09-14-20,4,FA,730,4714,NN,Semillas,Fuerza Total,Soja,$ 2300.00
08-26-20,369207,56,08-31-20,456,08-31-20,4,FA,701,934,NN,Semillas,Soja,Soja,$ 1700.00
08-26-20,369208,59,09-02-20,463,09-02-20,4,FA,703,392,NN,Semillas,Convenio Syngenta Soja Completo,Soja,$ 2000.00
08-26-20,369209,59,09-02-20,462,09-02-20,4,FA,703,392,NN,Semillas,Convenio Syngenta Soja Completo,Soja,$ 2000.00
08-26-20,369210,59,09-02-20,461,09-02-20,4,FA,703,392,NN,Semillas,Convenio Syngenta Soja Completo,Soja,$ 2000.00
08-26-20,369211,59,09-02-20,460,09-03-20,4,FA,705,392,NN,Semillas,Convenio Syngenta Soja Completo,Soja,$ 2000.00
08-26-20,369212,59,09-02-20,459,09-03-20,4,FA,705,392,NN,Semillas,Convenio Syngenta Soja Completo,Soja,$ 2000.00
08-27-20,369259,60,09-04-20,472,09-04-20,4,FA,710,3277,NN,Semillas,Soja,Soja,$ 1700.00
08-28-20,369260,61,09-04-20,500,09-07-20,4,FA,718,4281,NN,Semillas,Maíz,Maíz,$ 1700.00
08-28-20,369261,61,09-04-20,499,09-07-20,4,FA,718,4281,NN,Semillas,Maíz,Maíz,$ 1700.00
08-28-20,369262,61,09-04-20,498,09-07-20,4,FA,718,4281,NN,Semillas,Maíz,Maíz,$ 1700.00
08-28-20,369263,61,09-04-20,497,09-07-20,4,FA,718,4281,NN,Semillas,Maíz,Maíz,$ 1700.00
08-28-20,369264,61,09-04-20,496,09-07-20,4,FA,718,4281,NN,Semillas,Maíz,Maíz,$ 1700.00
08-28-20,369265,61,09-04-20,495,09-07-20,4,FA,718,4281,NN,Semillas,Maíz,Maíz,$ 1700.00
08-28-20,369266,61,09-04-20,494,09-07-20,4,FA,718,4281,NN,Semillas,Maíz,Maíz,$ 1700.00
08-28-20,369267,61,09-04-20,493,09-07-20,4,FA,718,4281,NN,Semillas,Maíz,Maíz,$ 1700.00
08-28-20,369268,61,09-04-20,492,09-07-20,4,FA,718,4281,NN,Semillas,Maíz,Maíz,$ 1700.00
08-28-20,369269,61,09-04-20,491,09-07-20,4,FA,718,4281,NN,Semillas,Maíz,Maíz,$ 1700.00
08-28-20,369270,61,09-04-20,490,09-07-20,4,FA,718,4281,NN,Semillas,Maíz,Maíz,$ 1700.00
08-28-20,369271,61,09-04-20,489,09-07-20,4,FA,718,4281,NN,Semillas,Maíz,Maíz,$ 1700.00
08-28-20,369272,61,09-04-20,488,09-07-20,4,FA,718,4281,NN,Semillas,Maíz,Maíz,$ 1700.00
08-28-20,369273,61,09-04-20,487,09-07-20,4,FA,718,4281,NN,Semillas,Maíz,Maíz,$ 1700.00
08-28-20,369274,61,09-04-20,486,09-07-20,4,FA,718,4281,NN,Semillas,Maíz,Maíz,$ 1700.00
08-28-20,369275,61,09-04-20,485,09-07-20,4,FA,718,4281,NN,Semillas,Maíz,Maíz,$ 1700.00
08-28-20,369276,61,09-04-20,484,09-07-20,4,FA,718,4281,NN,Semillas,Maíz,Maíz,$ 1700.00
08-28-20,369277,61,09-04-20,483,09-07-20,4,FA,718,4281,NN,Semillas,Maíz,Maíz,$ 1700.00
08-28-20,369278,61,09-04-20,482,09-07-20,4,FA,718,4281,NN,Semillas,Maíz,Maíz,$ 1700.00
08-28-20,369279,61,09-04-20,481,09-07-20,4,FA,718,4281,NN,Semillas,Maíz,Maíz,$ 1700.00
08-28-20,369290,61,09-04-20,480,09-07-20,4,FA,718,4281,NN,Semillas,Maíz,Maíz,$ 1700.00
08-28-20,369291,61,09-04-20,479,09-07-20,4,FA,718,4281,NN,Semillas,Maíz,Maíz,$ 1700.00
08-28-20,369292,62,09-11-20,520,09-11-20,4,FA,729,4281,NN,Semillas,Girasol,Girasol,$ 1700.00
08-28-20,369293,63,09-04-20,474,09-04-20,4,FA,709,967,NN,Semillas,Soja,Soja,$ 1700.00
08-28-20,369294,63,09-04-20,473,09-04-20,4,FA,709,967,NN,Semillas,Soja,Soja,$ 1700.00
08-28-20,369295,64,09-04-20,476,09-04-20,4,FA,708,921,NN,Semillas,Soja,Soja,$ 1700.00
08-28-20,369296,64,09-04-20,475,09-04-20,4,FA,708,921,NN,Semillas,Soja,Soja,$ 1700.00
08-28-20,369297,65,09-04-20,478,09-04-20,4,FA,711,4038,NN,Semillas,Soja,Soja,$ 1700.00
08-28-20,369298,65,09-04-20,477,09-04-20,4,FA,711,4038,NN,Semillas,Soja,Soja,$ 1700.00
08-31-20,369308,66,09-08-20,507,09-14-20,4,FA,731,4715,NN,Semillas,Doble Poder,Soja,$ 3000.00
08-31-20,369309,67,09-08-20,511,09-08-20,4,FA,720,1371,NN,Semillas,Soja,Soja,$ 2050.00
08-31-20,369310,67,09-08-20,510,09-08-20,4,FA,720,1371,NN,Semillas,Soja,Soja,$ 2050.00
08-31-20,369311,67,09-08-20,509,09-08-20,4,FA,720,1371,NN,Semillas,Soja,Soja,$ 2050.00
08-31-20,369312,67,09-08-20,508,09-08-20,4,FA,720,1371,NN,Semillas,Soja,Soja,$ 2050.00
08-31-20,369313,67,09-11-20,517,09-11-20,4,FA,728,1371,NN,Semillas,Trigo,Trigo,$ 1700.00
09-03-20,369357,69,09-11-20,518,09-11-20,4,FB,18,4712,NN,Semillas,Soja,Soja,$ 1700.00
09-03-20,369368,70,09-11-20,519,09-14-20,4,FA,732,4365,NN,Semillas,Soja,Soja,$ 1700.00
09-07-20,369377,71,09-15-20,526,09-15-20,4,FA,735,981,NN,Semillas,Fuerza Total,Soja,$ 2300.00
09-07-20,369378,71,09-15-20,525,09-15-20,4,FA,735,981,NN,Semillas,Fuerza Total,Soja,$ 2300.00
09-07-20,369379,71,09-15-20,524,09-15-20,4,FA,735,981,NN,Semillas,Fuerza Total,Soja,$ 2300.00
09-07-20,369380,72,09-15-20,528,09-15-20,4,FA,736,3519,NN,Semillas,Soja,Soja,$ 1700.00
09-07-20,369381,72,09-15-20,527,09-15-20,4,FA,736,3519,NN,Semillas,Soja,Soja,$ 1700.00
09-07-20,369385,73,09-09-20,514,09-09-20,4,FA,724,4281,NN,Semillas,Gatton Panic,Gatton Panic,$ 2050.00
09-07-20,369386,73,09-09-20,513,09-09-20,4,FA,724,4281,NN,Semillas,Gatton Panic,Gatton Panic,$ 2050.00
09-07-20,369387,73,09-09-20,512,09-09-20,4,FA,724,4281,NN,Semillas,Gatton Panic,Gatton Panic,$ 2050.00
09-07-20,369399,74,09-15-20,529,09-15-20,4,FA,739,4339,NN,Semillas,Poder + Peso,Soja,$ 2200.00
09-07-20,369400,75,09-15-20,530,09-15-20,4,FA,738,3875,NN,Semillas,Poder + Peso,Soja,$ 2200.00
09-07-20,369401,76,09-15-20,531,09-15-20,4,FA,737,798,NN,Semillas,Soja,Soja,$ 1700.00
09-10-20,369402,83,09-17-20,538,09-17-20,4,FA,744,4717,NN,Semillas,Soja,Soja,$ 1700.00
09-10-20,369403,83,09-17-20,537,09-17-20,4,FA,744,4717,NN,Semillas,Soja,Soja,$ 1700.00
09-09-20,369404,77,09-17-20,540,09-17-20,4,FA,747,1398,NN,Semillas,Fuerza Total,Soja,$ 2300.00
09-09-20,369405,77,09-17-20,539,09-17-20,4,FA,747,1398,NN,Semillas,Fuerza Total,Soja,$ 2300.00
09-09-20,369406,78,09-21-20,560,09-21-20,4,FA,752,25,NN,Semillas,Maní,Maní,$ 2050.00
09-09-20,369407,78,09-21-20,559,09-21-20,4,FA,752,25,NN,Semillas,Maní,Maní,$ 2050.00
09-09-20,369408,78,09-21-20,558,09-21-20,4,FA,752,25,NN,Semillas,Maní,Maní,$ 2050.00
09-09-20,369409,78,09-21-20,557,09-21-20,4,FA,752,25,NN,Semillas,Maní,Maní,$ 2050.00
09-09-20,369410,78,09-21-20,556,09-21-20,4,FA,752,25,NN,Semillas,Maní,Maní,$ 2050.00
09-09-20,369411,78,09-21-20,555,09-21-20,4,FA,752,25,NN,Semillas,Fuerza Total,Maní,$ 2300.00
09-09-20,369412,78,09-21-20,554,09-21-20,4,FA,752,25,NN,Semillas,Maní,Maní,$ 2050.00
09-09-20,369413,79,09-17-20,536,09-17-20,4,FA,745,985,NN,Semillas,Fuerza Total Curado,Soja,$ 2600.00
09-09-20,369414,79,09-17-20,535,09-17-20,4,FA,745,985,NN,Semillas,Fuerza Total Curado,Soja,$ 2600.00
09-09-20,369415,79,09-17-20,534,09-17-20,4,FA,745,985,NN,Semillas,Fuerza Total Curado,Soja,$ 2600.00
09-09-20,369416,80,09-10-20,516,09-11-20,4,FA,727,392,NN,Semillas,Soja,Soja,$ 2050.00
09-09-20,369417,80,09-10-20,515,09-11-20,4,FA,727,392,NN,Semillas,Soja,Soja,$ 2050.00
09-09-20,369418,81,09-17-20,533,09-17-20,4,FA,748,981,NN,Semillas,Fuerza Total,Soja,$ 2300.00
09-09-20,369419,81,09-17-20,532,09-17-20,4,FA,748,981,NN,Semillas,Fuerza Total,Soja,$ 2300.00
09-10-20,369420,82,09-17-20,542,09-17-20,4,FA,746,392,NN,Semillas,Convenio Syngenta Soja Completo,Soja,$ 2000.00
09-10-20,369421,82,09-17-20,541,09-17-20,4,FA,746,392,NN,Semillas,Convenio Syngenta Soja Completo,Soja,$ 2000.00
09-10-20,369426,84,09-18-20,549,09-21-20,4,FA,753,2106,NN,Semillas,Soja,Soja,$ 1700.00
09-10-20,369427,85,09-18-20,548,09-21-20,4,FA,755,3297,NN,Semillas,Soja,Soja,$ 1700.00
09-10-20,369428,85,09-18-20,547,09-21-20,4,FA,755,3297,NN,Semillas,Soja,Soja,$ 1700.00
09-10-20,369429,86,09-18-20,551,09-21-20,4,FA,754,1171,NN,Semillas,Poroto Mung,Poroto Mung,$ 2050.00
09-10-20,369430,86,09-18-20,550,09-21-20,4,FA,754,1171,NN,Semillas,Poroto Mung,Poroto Mung,$ 2050.00
09-11-20,369435,88,09-18-20,546,09-21-20,4,FA,751,967,NN,Semillas,Soja,Soja,$ 1700.00
09-11-20,369436,88,09-18-20,545,09-21-20,4,FA,751,967,NN,Semillas,Soja,Soja,$ 1700.00
09-11-20,369437,88,09-18-20,544,09-21-20,4,FA,751,967,NN,Semillas,Soja,Soja,$ 1700.00
09-11-20,369438,88,09-18-20,543,09-21-20,4,FA,751,967,NN,Semillas,Soja,Soja,$ 1700.00
09-14-20,369439,89,09-22-20,561,09-25-20,4,FA,770,354,NN,Semillas,Soja,Soja,$ 1700.00
09-16-20,369440,95,09-21-20,553,09-21-20,4,FA,750,4688,NN,Semillas,Maíz,Maíz,$ 1700.00
09-16-20,369441,95,09-21-20,552,09-21-20,4,FA,750,4688,NN,Semillas,Maíz,Maíz,$ 1700.00
09-15-20,369442,91,09-24-20,562,09-24-20,4,FA,758,392,NN,Semillas,Soja,Soja,$ 1700.00
09-15-20,369443,92,09-24-20,573,09-24-20,4,FA,758,392,NN,Semillas,Semilla Vital Para Soja,Soja,$ 3000.00
09-15-20,369444,92,09-24-20,572,09-24-20,4,FA,758,392,NN,Semillas,Semilla Vital Para Soja,Soja,$ 3000.00
09-15-20,369445,92,09-24-20,571,09-24-20,4,FA,758,392,NN,Semillas,Semilla Vital Para Soja,Soja,$ 3000.00
09-15-20,369446,92,09-24-20,570,09-24-20,4,FA,758,392,NN,Semillas,Semilla Vital Para Soja,Soja,$ 3000.00
09-15-20,369447,92,10-02-20,630,10-05-20,4,FA,787,392,NN,Semillas,Semilla Vital Para Soja,Soja,$ 3000.00
09-15-20,369448,92,09-24-20,569,09-24-20,4,FA,758,392,NN,Semillas,Semilla Vital Para Soja,Soja,$ 3000.00
09-15-20,369449,92,09-24-20,568,09-24-20,4,FA,758,392,NN,Semillas,Semilla Vital Para Soja,Soja,$ 3000.00
09-15-20,369450,92,10-02-20,631,10-05-20,4,FA,787,392,NN,Semillas,Semilla Vital Para Soja,Soja,$ 3000.00
09-15-20,369451,92,09-24-20,567,09-24-20,4,FA,758,392,NN,Semillas,Semilla Vital Para Soja,Soja,$ 3000.00
09-15-20,369452,92,09-24-20,566,09-24-20,4,FA,758,392,NN,Semillas,Semilla Vital Para Soja,Soja,$ 3000.00
09-15-20,369453,92,09-24-20,565,09-24-20,4,FA,758,392,NN,Semillas,Semilla Vital Para Soja,Soja,$ 3000.00
09-15-20,369454,92,09-24-20,564,09-24-20,4,FA,758,392,NN,Semillas,Semilla Vital Para Soja,Soja,$ 3000.00
09-15-20,369455,92,09-24-20,563,09-24-20,4,FA,758,392,NN,Semillas,Semilla Vital Para Soja,Soja,$ 3000.00
09-15-20,369456,92,10-02-20,632,10-05-20,4,FA,787,392,NN,Semillas,Semilla Vital Para Soja,Soja,$ 3000.00
09-15-20,369457,92,10-02-20,633,10-05-20,4,FA,787,392,NN,Semillas,Semilla Vital Para Soja,Soja,$ 3000.00
09-15-20,369458,90,09-24-20,581,09-24-20,4,FA,760,1660,NN,Semillas,Fuerza Total,Soja,$ 2300.00
09-15-20,369459,93,09-24-20,580,09-24-20,4,FA,759,1414,NN,Semillas,Fuerza Total,Soja,$ 2300.00
09-15-20,369460,94,09-24-20,579,09-24-20,4,FA,762,2599,NN,Semillas,Doble Poder,Soja,$ 4000.00
09-16-20,369462,96,09-24-20,578,09-24-20,4,FA,761,1856,NN,Semillas,Fuerza Total Curado,Soja,$ 2600.00
09-16-20,369463,96,09-24-20,577,09-24-20,4,FA,761,1856,NN,Semillas,Fuerza Total Curado,Soja,$ 2600.00
09-16-20,369464,96,09-24-20,576,09-24-20,4,FA,761,1856,NN,Semillas,Fuerza Total Curado,Soja,$ 2600.00
09-16-20,369465,96,09-24-20,575,09-24-20,4,FA,761,1856,NN,Semillas,Fuerza Total Curado,Soja,$ 2600.00
09-16-20,369466,96,09-24-20,574,09-24-20,4,FA,761,1856,NN,Semillas,Fuerza Total Curado,Soja,$ 2600.00
09-17-20,369497,97,09-25-20,582,09-25-20,4,FA,771,1777,NN,Semillas,Soja,Soja,$ 1700.00
09-17-20,369498,97,09-25-20,583,09-25-20,4,FA,771,1777,NN,Semillas,Soja,Soja,$ 1700.00
09-17-20,369499,97,09-25-20,584,09-25-20,4,FA,771,1777,NN,Semillas,Soja,Soja,$ 1700.00
09-18-20,369527,98,09-25-20,585,09-25-20,4,FA,767,1856,NN,Semillas,Poroto Mung,Poroto Mung,$ 2050.00
09-18-20,369528,98,09-25-20,586,09-25-20,4,FA,767,1856,NN,Semillas,Poroto Mung,Poroto Mung,$ 2050.00
09-18-20,369529,98,09-25-20,587,09-25-20,4,FA,767,1856,NN,Semillas,Poroto Mung,Poroto Mung,$ 2050.00
09-18-20,369530,98,09-25-20,588,09-25-20,4,FA,767,1856,NN,Semillas,Poroto Mung,Poroto Mung,$ 2050.00
09-18-20,369531,99,09-28-20,601,09-29-20,4,FA,775,1856,NN,Semillas,Poroto,Poroto,$ 1700.00
09-18-20,369532,100,09-25-20,589,09-25-20,4,FA,769,1409,NN,Semillas,Fuerza Total Curado,Soja,$ 2600.00
09-18-20,369533,100,09-25-20,590,09-25-20,4,FA,769,1409,NN,Semillas,Fuerza Total Curado,Soja,$ 2600.00
09-18-20,369534,100,09-25-20,591,09-25-20,4,FA,769,1409,NN,Semillas,Fuerza Total Curado,Soja,$ 2600.00
09-18-20,369535,101,09-25-20,592,09-25-20,4,FA,766,2861,NN,Semillas,Fuerza Total Curado,Soja,$ 2600.00
09-18-20,369536,102,09-25-20,593,09-25-20,4,FA,765,4396,NN,Semillas,Fuerza Total,Soja,$ 2300.00
09-18-20,369537,102,09-25-20,594,09-25-20,4,FA,765,4396,NN,Semillas,Fuerza Total,Soja,$ 2300.00
09-18-20,369538,102,09-25-20,595,09-25-20,4,FA,765,4396,NN,Semillas,Fuerza Total,Soja,$ 2300.00
09-18-20,369539,103,09-25-20,596,09-25-20,4,FA,772,981,NN,Semillas,Fuerza Total,Soja,$ 2300.00
09-18-20,369540,103,09-25-20,597,09-25-20,4,FA,772,981,NN,Semillas,Fuerza Total,Soja,$ 2300.00
09-18-20,369541,104,09-25-20,598,09-25-20,4,FA,773,1160,NN,Semillas,Soja,Soja,$ 1700.00
09-18-20,369542,104,09-25-20,599,09-25-20,4,FA,773,1160,NN,Semillas,Soja,Soja,$ 1700.00
09-22-20,369544,109,09-25-20,600,09-25-20,4,FA,764,4721,NN,Semillas,Soja,Soja,$ 1700.00
09-21-20,369545,105,09-28-20,607,09-29-20,4,FA,774,392,NN,Semillas,Convenio Syngenta Soja Completo,Soja,$ 2000.00
09-21-20,369546,105,09-28-20,606,09-29-20,4,FA,774,392,NN,Semillas,Convenio Syngenta Soja Completo,Soja,$ 2000.00
09-21-20,369547,105,09-28-20,605,09-29-20,4,FA,774,392,NN,Semillas,Convenio Syngenta Soja Completo,Soja,$ 2000.00
09-21-20,369548,105,09-28-20,604,09-29-20,4,FA,774,392,NN,Semillas,Convenio Syngenta Soja Completo,Soja,$ 2000.00
09-21-20,369549,105,09-28-20,603,09-29-20,4,FA,774,392,NN,Semillas,Convenio Syngenta Soja Completo,Soja,$ 2000.00
09-21-20,369550,105,09-28-20,602,09-29-20,4,FA,774,392,NN,Semillas,Convenio Syngenta Soja Completo,Soja,$ 2000.00
09-21-20,369551,106,09-29-20,608,09-29-20,4,FA,777,1409,NN,Semillas,Fuerza Total Curado,Soja,$ 2600.00
09-21-20,369557,107,09-29-20,613,09-29-20,4,FA,778,392,NN,Semillas,Poroto,Poroto,$ 1700.00
09-21-20,369558,107,09-29-20,612,09-29-20,4,FA,778,392,NN,Semillas,Poroto,Poroto,$ 1700.00
09-21-20,369559,107,09-29-20,611,09-29-20,4,FA,778,392,NN,Semillas,Poroto,Poroto,$ 1700.00
09-22-20,369560,108,09-29-20,610,09-29-20,4,FA,779,967,NN,Semillas,Soja,Soja,$ 1700.00
09-22-20,369561,108,09-29-20,609,09-29-20,4,FA,779,967,NN,Semillas,Soja,Soja,$ 1700.00
09-23-20,369562,110,10-01-20,615,10-02-20,4,FA,785,1856,NN,Semillas,Fuerza Total Curado,Soja,$ 2600.00
09-23-20,369563,110,10-01-20,614,10-02-20,4,FA,785,1856,NN,Semillas,Fuerza Total Curado,Soja,$ 2600.00
09-23-20,369564,111,10-01-20,617,10-02-20,4,FA,784,441,NN,Semillas,Soja,Soja,$ 1700.00
09-23-20,369565,111,10-01-20,616,10-02-20,4,FA,784,441,NN,Semillas,Fuerza Total Curado,Soja,$ 1700.00
09-24-20,369636,114,10-02-20,629,10-05-20,4,FA,790,9350,NN,Semillas,Convenio Syngenta Soja Completo,Soja,$ 2000.00
09-24-20,369637,114,10-02-20,628,10-05-20,4,FA,790,9350,NN,Semillas,Convenio Syngenta Soja Completo,Soja,$ 2000.00
09-24-20,369638,114,10-02-20,627,10-05-20,4,FA,790,9350,NN,Semillas,Convenio Syngenta Soja Completo,Soja,$ 2000.00
09-24-20,369639,114,10-02-20,626,10-05-20,4,FA,790,9350,NN,Semillas,Convenio Syngenta Soja Completo,Soja,$ 2000.00
09-24-20,369640,114,10-02-20,625,10-05-20,4,FA,790,9350,NN,Semillas,Convenio Syngenta Soja Completo,Soja,$ 2000.00
09-24-20,369641,114,10-02-20,624,10-05-20,4,FA,790,9350,NN,Semillas,Convenio Syngenta Soja Completo,Soja,$ 2000.00
09-24-20,369642,114,10-02-20,623,10-05-20,4,FA,790,9350,NN,Semillas,Convenio Syngenta Soja Completo,Soja,$ 2000.00
09-24-20,369643,114,10-02-20,622,10-05-20,4,FA,790,9350,NN,Semillas,Convenio Syngenta Soja Completo,Soja,$ 2000.00
09-24-20,369644,114,10-02-20,621,10-05-20,4,FA,790,9350,NN,Semillas,Convenio Syngenta Soja Completo,Soja,$ 2000.00
09-24-20,369645,114,10-02-20,620,10-05-20,4,FA,790,9350,NN,Semillas,Convenio Syngenta Soja Completo,Soja,$ 2000.00
09-24-20,369646,114,10-02-20,619,10-05-20,4,FA,790,9350,NN,Semillas,Convenio Syngenta Soja Completo,Soja,$ 2000.00
09-24-20,369647,114,10-02-20,618,10-05-20,4,FA,790,9350,NN,Semillas,Convenio Syngenta Soja Completo,Soja,$ 2000.00
09-24-20,369648,112,10-06-20,654,10-07-20,4,FA,792,4673,NN,Semillas,Fuerza Total,Moha,$ 2300.00
09-24-20,369649,112,10-06-20,653,10-07-20,4,FA,792,4673,NN,Semillas,Fuerza Total,Moha,$ 2300.00
09-24-20,369650,113,10-02-20,635,10-05-20,4,FA,788,3337,NN,Semillas,Fuerza Total,Soja,$ 2300.00
09-28-20,369652,117,10-05-20,652,10-06-20,4,FA,791,4237,NN,Semillas,Convenio Syngenta Soja Completo,Soja,$ 2000.00
09-28-20,369653,117,10-05-20,651,10-06-20,4,FA,791,4237,NN,Semillas,Convenio Syngenta Soja Completo,Soja,$ 2000.00
09-28-20,369654,117,10-05-20,650,10-06-20,4,FA,791,4237,NN,Semillas,Convenio Syngenta Soja Completo,Soja,$ 2000.00
09-28-20,369655,117,10-05-20,649,10-06-20,4,FA,791,4237,NN,Semillas,Convenio Syngenta Soja Completo,Soja,$ 2000.00
09-28-20,369656,117,10-05-20,648,10-06-20,4,FA,791,4237,NN,Semillas,Convenio Syngenta Soja Completo,Soja,$ 2000.00
09-28-20,369657,117,10-05-20,647,10-06-20,4,FA,791,4237,NN,Semillas,Convenio Syngenta Soja Completo,Soja,$ 2000.00
09-28-20,369658,117,10-05-20,646,10-06-20,4,FA,791,4237,NN,Semillas,Convenio Syngenta Soja Completo,Soja,$ 2000.00
09-28-20,369659,117,10-05-20,645,10-06-20,4,FA,791,4237,NN,Semillas,Convenio Syngenta Soja Completo,Soja,$ 2000.00
09-25-20,369674,116,10-02-20,642,10-05-20,4,FA,787,392,NN,Semillas,Convenio Syngenta Soja Completo,Soja,$ 2000.00
09-25-20,369675,116,10-02-20,641,10-05-20,4,FA,787,392,NN,Semillas,Convenio Syngenta Soja Completo,Soja,$ 2000.00
09-25-20,369676,116,10-02-20,640,10-05-20,4,FA,787,392,NN,Semillas,Convenio Syngenta Soja Completo,Soja,$ 2000.00
09-25-20,369677,116,10-02-20,639,10-05-20,4,FA,787,392,NN,Semillas,Convenio Syngenta Soja Completo,Soja,$ 2000.00
09-29-20,369678,119,10-07-20,655,10-08-20,4,FA,793,4717,NN,Semillas,Soja,Soja,$ 1700.00
09-25-20,369680,115,10-02-20,638,10-05-20,4,FA,787,392,NN,Semillas,Semilla Vital Para Soja,Soja,$ 3000.00
09-25-20,369681,115,10-02-20,637,10-05-20,4,FA,787,392,NN,Semillas,Semilla Vital Para Soja,Soja,$ 3000.00
09-25-20,369682,115,10-02-20,636,10-05-20,4,FA,787,392,NN,Semillas,Semilla Vital Para Soja,Soja,$ 3000.00
09-28-20,369687,117,10-05-20,644,10-06-20,4,FA,791,4237,NN,Semillas,Convenio Syngenta Soja Completo,Soja,$ 2000.00
09-28-20,369688,117,10-05-20,643,10-06-20,4,FA,791,4237,NN,Semillas,Convenio Syngenta Soja Completo,Soja,$ 2000.00
09-28-20,369689,118,10-02-20,634,10-05-20,4,FA,789,4281,NN,Semillas,Gatton Panic,Gatton Panic,$ 2050.00
10-05-20,369690,133,10-13-20,690,10-13-20,4,FA,810,4735,NN,Semillas,Fuerza Total Curado,Soja,$ 3600.00
10-01-20,369691,120,10-09-20,668,10-09-20,4,FA,800,1878,NN,Semillas,Soja,Soja,$ 1700.00
10-01-20,369692,120,10-09-20,667,10-09-20,4,FA,800,1878,NN,Semillas,Soja,Soja,$ 1700.00
10-01-20,369694,121,10-09-20,666,10-09-20,4,FA,803,3954,NN,Semillas,Poder + Peso,Soja,$ 3300.00
10-01-20,369695,122,10-13-20,681,10-13-20,4,FA,811,25,NN,Semillas,Maní,Maní,$ 2050.00
10-01-20,369696,122,10-13-20,680,10-13-20,4,FA,811,25,NN,Semillas,Poder + Peso,Maní,$ 2050.00
10-01-20,369697,122,10-13-20,679,10-13-20,4,FA,811,25,NN,Semillas,Maní,Maní,$ 2050.00
10-01-20,369698,123,10-09-20,665,10-09-20,4,FA,797,275,NN,Semillas,Soja,Soja,$ 1700.00
10-01-20,369699,123,10-09-20,664,10-09-20,4,FA,797,275,NN,Semillas,Soja,Soja,$ 1700.00
10-01-20,369700,124,10-09-20,663,10-09-20,4,FA,799,1311,NN,Semillas,Doble Poder,Soja,$ 4000.00
10-01-20,369701,124,10-09-20,662,10-09-20,4,FA,799,1311,NN,Semillas,Doble Poder,Soja,$ 4000.00
10-01-20,369702,124,10-09-20,661,10-09-20,4,FA,799,1311,NN,Semillas,Doble Poder,Soja,$ 4000.00
10-01-20,369703,125,10-09-20,660,10-09-20,4,FA,802,680,NN,Semillas,Soja,Soja,$ 1700.00
10-01-20,369704,125,10-09-20,659,10-09-20,4,FA,802,680,NN,Semillas,Soja,Soja,$ 1700.00
10-01-20,369705,125,10-09-20,658,10-09-20,4,FA,802,680,NN,Semillas,Soja,Soja,$ 1700.00
10-01-20,369706,126,10-08-20,656,10-08-20,4,FA,795,680,NN,Semillas,Maíz,Maíz,$ 1700.00
10-01-20,369763,127,10-09-20,657,10-09-20,4,FA,801,9261,NN,Semillas,Fuerza Total,Soja,$ 2300.00
10-02-20,369765,128,10-09-20,678,10-09-20,4,FA,798,392,NN,Semillas,Convenio Syngenta Soja Completo,Soja,$ 2000.00
10-02-20,369766,128,10-09-20,677,10-09-20,4,FA,798,392,NN,Semillas,Convenio Syngenta Soja Completo,Soja,$ 2000.00
10-02-20,369767,128,10-09-20,676,10-09-20,4,FA,798,392,NN,Semillas,Convenio Syngenta Soja Completo,Soja,$ 2000.00
10-02-20,369768,128,10-09-20,675,10-09-20,4,FA,798,392,NN,Semillas,Convenio Syngenta Soja Completo,Soja,$ 2000.00
10-02-20,369769,128,10-09-20,674,10-09-20,4,FA,798,392,NN,Semillas,Convenio Syngenta Soja Completo,Soja,$ 2000.00
10-02-20,369770,128,10-09-20,673,10-09-20,4,FA,798,392,NN,Semillas,Convenio Syngenta Soja Completo,Soja,$ 2000.00
10-02-20,369771,128,10-09-20,672,10-09-20,4,FA,798,392,NN,Semillas,Convenio Syngenta Soja Completo,Soja,$ 2000.00
10-05-20,369772,129,10-13-20,704,10-13-20,4,FA,805,354,NN,Semillas,Soja,Soja,$ 1700.00
10-05-20,369773,130,10-13-20,706,10-13-20,4,FA,808,1897,NN,Semillas,Soja,Soja,$ 1700.00
10-05-20,369774,132,10-13-20,705,10-13-20,4,FA,808,1897,NN,Semillas,Maíz,Maíz,$ 1700.00
10-05-20,369775,131,10-13-20,703,10-13-20,4,FA,806,392,NN,Semillas,Fuerza Total,Soja,$ 2300.00
10-05-20,369776,131,10-13-20,702,10-13-20,4,FA,806,392,NN,Semillas,Fuerza Total,Soja,$ 2300.00
10-05-20,369777,131,10-13-20,701,10-13-20,4,FA,806,392,NN,Semillas,Fuerza Total,Soja,$ 2300.00
10-05-20,369778,134,10-13-20,700,10-13-20,4,FA,809,4237,NN,Semillas,Soja,Soja,$ 2050.00
10-05-20,369779,134,10-13-20,699,10-13-20,4,FA,809,4237,NN,Semillas,Soja,Soja,$ 2050.00
10-05-20,369780,134,10-13-20,698,10-13-20,4,FA,809,4237,NN,Semillas,Soja,Soja,$ 2050.00
10-05-20,369781,134,10-13-20,697,10-13-20,4,FA,809,4237,NN,Semillas,Soja,Soja,$ 2050.00
10-05-20,369782,134,10-13-20,696,10-13-20,4,FA,809,4237,NN,Semillas,Soja,Soja,$ 2050.00
10-05-20,369783,134,10-13-20,695,10-13-20,4,FA,809,4237,NN,Semillas,Soja,Soja,$ 2050.00
10-05-20,369784,134,10-13-20,694,10-13-20,4,FA,809,4237,NN,Semillas,Soja,Soja,$ 2050.00
10-05-20,369785,134,10-13-20,693,10-13-20,4,FA,809,4237,NN,Semillas,Soja,Soja,$ 2050.00
10-05-20,369786,134,10-13-20,692,10-13-20,4,FA,809,4237,NN,Semillas,Soja,Soja,$ 2050.00
10-05-20,369787,134,10-13-20,691,10-13-20,4,FA,809,4237,NN,Semillas,Soja,Soja,$ 2050.00
10-06-20,369788,135,10-14-20,707,10-15-20,4,FA,818,4740,NN,Semillas,Soja,Soja,$ 1700.00
10-06-20,369789,136,10-13-20,689,10-13-20,4,FA,807,760,NN,Semillas,Convenio Syngenta Soja Completo,Soja,$ 2000.00
10-06-20,369790,136,10-13-20,688,10-13-20,4,FA,807,760,NN,Semillas,Convenio Syngenta Soja Completo,Soja,$ 2000.00
10-06-20,369791,136,10-13-20,687,10-13-20,4,FA,807,760,NN,Semillas,Convenio Syngenta Soja Completo,Soja,$ 2000.00
10-06-20,369792,136,10-13-20,686,10-13-20,4,FA,807,760,NN,Semillas,Convenio Syngenta Soja Completo,Soja,$ 2000.00
10-06-20,369793,136,10-13-20,685,10-13-20,4,FA,807,760,NN,Semillas,Convenio Syngenta Soja Completo,Soja,$ 2000.00
10-06-20,369794,136,10-13-20,684,10-13-20,4,FA,807,760,NN,Semillas,Convenio Syngenta Soja Completo,Soja,$ 2000.00
10-06-20,369795,136,10-13-20,683,10-13-20,4,FA,807,760,NN,Semillas,Convenio Syngenta Soja Completo,Soja,$ 2000.00
10-06-20,369796,136,10-13-20,682,10-13-20,4,FA,807,760,NN,Semillas,Convenio Syngenta Soja Completo,Soja,$ 2000.00
10-06-20,369797,138,10-16-20,776,10-16-20,4,FA,822,1779,NN,Semillas,Trigo,Trigo,$ 1700.00
10-06-20,369798,138,10-14-20,711,10-15-20,4,FA,819,1779,NN,Semillas,Soja,Soja,$ 1700.00
10-06-20,369799,138,10-14-20,710,10-15-20,4,FA,819,1779,NN,Semillas,Soja,Soja,$ 1700.00
10-06-20,369800,138,10-14-20,709,10-15-20,4,FA,819,1779,NN,Semillas,Soja,Soja,$ 1700.00
10-06-20,369801,138,10-14-20,708,10-15-20,4,FA,819,1779,NN,Semillas,Soja,Soja,$ 1700.00
10-06-20,369802,137,10-14-20,714,10-15-20,4,FA,820,760,NN,Semillas,Fuerza Total,Soja,$ 4000.00
10-06-20,369803,137,10-14-20,713,10-15-20,4,FA,820,760,NN,Semillas,Fuerza Total,Soja,$ 4000.00
10-06-20,369804,137,10-14-20,712,10-15-20,4,FA,820,760,NN,Semillas,Fuerza Total,Soja,$ 4000.00
10-07-20,369806,139,10-15-20,725,10-15-20,4,FA,817,4557,NN,Semillas,Doble Poder,Soja,$ 3000.00
10-07-20,369807,139,10-15-20,724,10-15-20,4,FA,817,4557,NN,Semillas,Doble Poder,Soja,$ 3000.00
10-07-20,369808,139,10-15-20,723,10-15-20,4,FA,817,4557,NN,Semillas,Doble Poder,Soja,$ 3000.00
10-07-20,369809,139,10-15-20,722,10-15-20,4,FA,817,4557,NN,Semillas,Doble Poder,Soja,$ 3000.00
10-07-20,369810,139,10-15-20,721,10-15-20,4,FA,817,4557,NN,Semillas,Doble Poder,Soja,$ 3000.00
10-07-20,369811,139,10-15-20,720,10-15-20,4,FA,817,4557,NN,Semillas,Doble Poder,Soja,$ 3000.00
10-07-20,369812,139,10-15-20,719,10-15-20,4,FA,817,4557,NN,Semillas,Doble Poder,Soja,$ 3000.00
10-07-20,369813,139,10-15-20,718,10-15-20,4,FA,817,4557,NN,Semillas,Doble Poder,Soja,$ 3000.00
10-07-20,369814,139,10-15-20,717,10-15-20,4,FA,817,4557,NN,Semillas,Doble Poder,Soja,$ 3000.00
10-07-20,369815,139,10-15-20,716,10-15-20,4,FA,817,4557,NN,Semillas,Doble Poder,Soja,$ 3000.00
10-07-20,369816,139,10-15-20,715,10-15-20,4,FA,817,4557,NN,Semillas,Doble Poder,Soja,$ 3000.00
10-07-20,369817,140,10-16-20,765,01-08-21,4,FA,1002,392,NN,Semillas,Semilla Vital Para Soja,Soja,$ 3000.00
10-07-20,369818,140,10-16-20,764,01-08-21,4,FA,1002,392,NN,Semillas,Semilla Vital Para Soja,Soja,$ 3000.00
10-07-20,369819,140,10-16-20,763,01-08-21,4,FA,1002,392,NN,Semillas,Semilla Vital Para Soja,Soja,$ 3000.00
10-07-20,369820,140,10-16-20,762,01-08-21,4,FA,1002,392,NN,Semillas,Semilla Vital Para Soja,Soja,$ 3000.00
10-07-20,369821,140,10-16-20,761,01-08-21,4,FA,1002,392,NN,Semillas,Semilla Vital Para Soja,Soja,$ 3000.00
10-08-20,369908,141,10-16-20,770,10-16-20,4,FA,823,2853,NN,Semillas,Doble Poder,Soja,$ 4000.00
10-08-20,369909,141,10-16-20,769,10-16-20,4,FA,823,2853,NN,Semillas,Doble Poder,Soja,$ 4000.00
10-08-20,369910,141,10-16-20,768,10-16-20,4,FA,823,2853,NN,Semillas,Doble Poder,Soja,$ 4000.00
10-08-20,369912,142,10-16-20,772,10-16-20,4,FA,825,4216,NN,Semillas,Soja,Soja,$ 1700.00
10-08-20,369913,142,10-16-20,771,10-16-20,4,FA,825,4216,NN,Semillas,Soja,Soja,$ 1700.00
10-08-20,369914,143,10-16-20,773,10-16-20,4,FA,824,3920,NN,Semillas,Fuerza Total Curado,Soja,$ 4650.00
10-08-20,369915,144,10-16-20,775,10-16-20,4,FA,826,4737,NN,Semillas,Fuerza Total Curado,Soja,$ 2600.00
10-08-20,369916,145,10-16-20,774,10-16-20,4,FA,827,4738,NN,Semillas,Fuerza Total Curado,Soja,$ 2600.00
10-09-20,369929,146,10-09-20,671,10-09-20,4,FA,798,392,NN,Semillas,Poroto,Poroto,$ 2050.00
10-09-20,369930,146,10-09-20,670,10-09-20,4,FA,798,392,NN,Semillas,Poroto,Poroto,$ 2050.00
10-09-20,369931,146,10-09-20,669,10-09-20,4,FA,798,392,NN,Semillas,Poroto,Poroto,$ 2050.00
10-13-20,369932,147,10-22-20,787,10-22-20,4,FA,833,392,NN,Semillas,Fuerza Total,Soja,$ 2300.00
10-13-20,369933,147,10-22-20,786,10-22-20,4,FA,833,392,NN,Semillas,Fuerza Total,Soja,$ 2300.00
10-13-20,369934,147,10-22-20,785,10-22-20,4,FA,833,392,NN,Semillas,Fuerza Total,Soja,$ 2300.00
10-13-20,369935,147,10-22-20,784,10-22-20,4,FA,833,392,NN,Semillas,Fuerza Total,Soja,$ 2300.00
10-13-20,369936,149,10-22-20,790,10-22-20,4,FA,835,2835,NN,Semillas,Soja,Soja,$ 4100.00
10-13-20,369937,149,10-22-20,789,10-22-20,4,FA,835,2835,NN,Semillas,Soja,Soja,$ 4100.00
10-13-20,369938,148,10-21-20,781,10-21-20,4,FA,831,4237,NN,Semillas,Convenio Syngenta Soja Completo,Soja,$ 2000.00
10-13-20,369939,148,10-21-20,780,10-21-20,4,FA,831,4237,NN,Semillas,Convenio Syngenta Soja Completo,Soja,$ 2000.00
10-13-20,369940,150,10-21-20,783,10-21-20,4,FA,831,4237,NN,Semillas,Soja,Soja,$ 2050.00
10-13-20,369941,150,10-21-20,782,10-21-20,4,FA,831,4237,NN,Semillas,Soja,Soja,$ 2050.00
10-13-20,369942,151,10-16-20,732,10-16-20,4,FA,821,2795,NN,Semillas,Soja,Soja,$ 2850.00
10-13-20,369943,151,10-16-20,742,10-16-20,4,FA,821,2795,NN,Semillas,Soja,Soja,$ 800.00
10-13-20,369944,151,10-16-20,741,10-16-20,4,FA,821,2795,NN,Semillas,Soja,Soja,$ 800.00
10-13-20,369945,151,10-16-20,740,10-16-20,4,FA,821,2795,NN,Semillas,Soja,Soja,$ 800.00
10-13-20,369946,151,10-16-20,739,10-16-20,4,FA,821,2795,NN,Semillas,Soja,Soja,$ 800.00
10-13-20,369947,151,10-16-20,738,10-16-20,4,FA,821,2795,NN,Semillas,Soja,Soja,$ 800.00
10-13-20,369948,151,10-16-20,737,10-16-20,4,FA,821,2795,NN,Semillas,Soja,Soja,$ 800.00
10-13-20,369949,151,10-16-20,736,10-16-20,4,FA,821,2795,NN,Semillas,Soja,Soja,$ 800.00
10-13-20,369950,151,10-16-20,735,10-16-20,4,FA,821,2795,NN,Semillas,Soja,Soja,$ 800.00
10-13-20,369951,151,10-16-20,734,10-16-20,4,FA,821,2795,NN,Semillas,Soja,Soja,$ 800.00
10-13-20,369952,151,10-16-20,733,10-16-20,4,FA,821,2795,NN,Semillas,Soja,Soja,$ 800.00
10-13-20,369953,151,10-16-20,731,10-16-20,4,FA,821,2795,NN,Semillas,Soja,Soja,$ 2850.00
10-13-20,369954,151,10-16-20,730,10-16-20,4,FA,821,2795,NN,Semillas,Soja,Soja,$ 2850.00
10-13-20,369955,151,10-16-20,760,10-16-20,4,FA,821,2795,NN,Semillas,Soja,Soja,$ 2850.00
10-13-20,369956,151,10-16-20,729,10-16-20,4,FA,821,2795,NN,Semillas,Soja,Soja,$ 2850.00
10-13-20,369957,151,10-16-20,728,10-16-20,4,FA,821,2795,NN,Semillas,Soja,Soja,$ 2850.00
10-13-20,369958,151,10-16-20,727,10-16-20,4,FA,821,2795,NN,Semillas,Soja,Soja,$ 2850.00
10-13-20,369959,151,10-16-20,726,10-16-20,4,FA,821,2795,NN,Semillas,Soja,Soja,$ 2850.00
10-13-20,369960,151,10-16-20,767,10-16-20,4,FA,821,2795,NN,Semillas,Soja,Soja,$ 2850.00
10-13-20,369961,151,10-16-20,766,10-16-20,4,FA,821,2795,NN,Semillas,Soja,Soja,$ 2850.00
10-13-20,369962,151,10-19-20,779,10-19-20,4,FA,829,2795,NN,Semillas,Soja,Soja,$ 2850.00
10-13-20,369963,151,10-19-20,778,10-19-20,4,FA,829,2795,NN,Semillas,Soja,Soja,$ 2850.00
10-13-20,369964,151,10-19-20,777,10-19-20,4,FA,829,2795,NN,Semillas,Soja,Soja,$ 2850.00
10-13-20,369965,151,10-16-20,759,10-16-20,4,FA,821,2795,NN,Semillas,Soja,Soja,$ 800.00
10-13-20,369966,151,10-16-20,758,10-16-20,4,FA,821,2795,NN,Semillas,Soja,Soja,$ 800.00
10-13-20,369967,151,10-16-20,757,10-16-20,4,FA,821,2795,NN,Semillas,Soja,Soja,$ 800.00
10-13-20,369968,151,10-16-20,756,10-16-20,4,FA,821,2795,NN,Semillas,Soja,Soja,$ 800.00
10-13-20,369969,151,10-16-20,755,10-16-20,4,FA,821,2795,NN,Semillas,Soja,Soja,$ 800.00
10-13-20,369970,151,10-16-20,754,10-16-20,4,FA,821,2795,NN,Semillas,Soja,Soja,$ 800.00
10-13-20,369971,151,10-16-20,753,10-16-20,4,FA,821,2795,NN,Semillas,Soja,Soja,$ 800.00
10-13-20,369972,151,10-16-20,752,10-16-20,4,FA,821,2795,NN,Semillas,Soja,Soja,$ 800.00
10-13-20,369973,151,10-16-20,751,10-16-20,4,FA,821,2795,NN,Semillas,Soja,Soja,$ 800.00
10-13-20,369974,151,10-16-20,750,10-16-20,4,FA,821,2795,NN,Semillas,Soja,Soja,$ 800.00
10-13-20,369975,151,10-16-20,749,10-16-20,4,FA,821,2795,NN,Semillas,Soja,Soja,$ 800.00
10-13-20,369976,151,10-16-20,748,10-16-20,4,FA,821,2795,NN,Semillas,Soja,Soja,$ 800.00
10-13-20,369977,151,10-16-20,747,10-16-20,4,FA,821,2795,NN,Semillas,Soja,Soja,$ 800.00
10-13-20,369978,151,10-16-20,746,10-16-20,4,FA,821,2795,NN,Semillas,Soja,Soja,$ 800.00
10-13-20,369979,151,10-16-20,745,10-16-20,4,FA,821,2795,NN,Semillas,Soja,Soja,$ 800.00
10-13-20,369980,151,10-16-20,744,10-16-20,4,FA,821,2795,NN,Semillas,Soja,Soja,$ 800.00
10-13-20,369981,151,10-16-20,743,10-16-20,4,FA,821,2795,NN,Semillas,Soja,Soja,$ 800.00
10-14-20,369985,152,10-22-20,788,10-22-20,4,FA,832,1898,NN,Semillas,Semilla Vital Para Soja,Soja,$ 3000.00
10-14-20,370064,153,10-22-20,802,10-22-20,4,FA,833,392,NN,Semillas,Convenio Syngenta Soja Completo,Soja,$ 2000.00
10-14-20,370065,153,10-22-20,801,10-22-20,4,FA,833,392,NN,Semillas,Convenio Syngenta Soja Completo,Soja,$ 2000.00
10-14-20,370066,153,10-22-20,800,10-22-20,4,FA,833,392,NN,Semillas,Convenio Syngenta Soja Completo,Soja,$ 2000.00
10-14-20,370067,153,10-22-20,799,10-22-20,4,FA,833,392,NN,Semillas,Convenio Syngenta Soja Completo,Soja,$ 2000.00
10-14-20,370068,153,10-22-20,798,10-22-20,4,FA,833,392,NN,Semillas,Convenio Syngenta Soja Completo,Soja,$ 2000.00
10-14-20,370069,153,10-22-20,797,10-22-20,4,FA,833,392,NN,Semillas,Convenio Syngenta Soja Completo,Soja,$ 2000.00
10-14-20,370070,153,10-22-20,796,10-22-20,4,FA,833,392,NN,Semillas,Convenio Syngenta Soja Completo,Soja,$ 2000.00
10-14-20,370071,153,10-22-20,795,10-22-20,4,FA,833,392,NN,Semillas,Convenio Syngenta Soja Completo,Soja,$ 2000.00
10-14-20,370072,153,10-22-20,794,10-22-20,4,FA,833,392,NN,Semillas,Convenio Syngenta Soja Completo,Soja,$ 2000.00
10-14-20,370073,153,10-22-20,793,10-22-20,4,FA,833,392,NN,Semillas,Convenio Syngenta Soja Completo,Soja,$ 2000.00
10-14-20,370074,154,10-22-20,815,10-22-20,4,FA,834,522,NN,Semillas,Convenio Syngenta Soja Completo,Soja,$ 2000.00
10-14-20,370075,154,10-22-20,814,10-22-20,4,FA,834,522,NN,Semillas,Convenio Syngenta Soja Completo,Soja,$ 2000.00
10-14-20,370076,154,10-22-20,813,10-22-20,4,FA,834,522,NN,Semillas,Convenio Syngenta Soja Completo,Soja,$ 2000.00
10-14-20,370077,154,10-22-20,812,10-22-20,4,FA,834,522,NN,Semillas,Convenio Syngenta Soja Completo,Soja,$ 2000.00
10-14-20,370078,154,10-22-20,811,10-22-20,4,FA,834,522,NN,Semillas,Convenio Syngenta Soja Completo,Soja,$ 2000.00
10-14-20,370079,154,10-22-20,810,10-22-20,4,FA,834,522,NN,Semillas,Convenio Syngenta Soja Completo,Soja,$ 2000.00
10-14-20,370080,154,10-22-20,809,10-22-20,4,FA,834,522,NN,Semillas,Convenio Syngenta Soja Completo,Soja,$ 2000.00
10-14-20,370081,154,10-22-20,808,10-22-20,4,FA,834,522,NN,Semillas,Convenio Syngenta Soja Completo,Soja,$ 2000.00
10-14-20,370082,154,10-22-20,807,10-22-20,4,FA,834,522,NN,Semillas,Convenio Syngenta Soja Completo,Soja,$ 2000.00
10-14-20,370083,154,10-22-20,806,10-22-20,4,FA,834,522,NN,Semillas,Convenio Syngenta Soja Completo,Soja,$ 2000.00
10-14-20,370084,154,10-22-20,805,10-22-20,4,FA,834,522,NN,Semillas,Convenio Syngenta Soja Completo,Soja,$ 2000.00
10-14-20,370085,154,10-22-20,804,10-22-20,4,FA,834,522,NN,Semillas,Convenio Syngenta Soja Completo,Soja,$ 2000.00
10-14-20,370086,154,10-22-20,803,10-22-20,4,FA,834,522,NN,Semillas,Convenio Syngenta Soja Completo,Soja,$ 2000.00
10-14-20,370087,155,10-26-20,825,10-27-20,4,FA,845,2835,NN,Semillas,Fuerza Total,Maíz,$ 2300.00
10-14-20,370088,155,10-26-20,824,10-27-20,4,FA,845,2835,NN,Semillas,Fuerza Total,Maíz,$ 2300.00
10-15-20,370090,156,10-26-20,832,10-27-20,4,FA,842,61913,NN,Semillas,Fuerza Total,Soja,$ 2300.00
10-15-20,370091,157,10-22-20,792,10-22-20,4,FA,836,2795,NN,Semillas,Convenio Syngenta Soja Completo,Soja,$ 3700.00
10-15-20,370092,157,10-22-20,791,10-22-20,4,FA,836,2795,NN,Semillas,Convenio Syngenta Soja Completo,Soja,$ 3700.00
10-15-20,370093,158,10-26-20,831,10-27-20,4,FA,847,1518,NN,Semillas,Soja,Soja,$ 2050.00
10-15-20,370094,159,10-26-20,828,10-27-20,4,FA,844,4119,NN,Semillas,Soja,Soja,$ 1700.00
10-15-20,370095,159,10-26-20,827,10-27-20,4,FA,844,4119,NN,Semillas,Soja,Soja,$ 1700.00
10-15-20,370096,159,10-26-20,826,10-27-20,4,FA,844,4119,NN,Semillas,Soja,Soja,$ 1700.00
10-16-20,370097,160,10-26-20,838,10-27-20,4,FA,839,4557,NN,Semillas,Soja,Soja,$ 1700.00
10-16-20,370098,160,10-26-20,837,10-27-20,4,FA,839,4557,NN,Semillas,Soja,Soja,$ 1700.00
10-16-20,370099,160,10-26-20,836,10-27-20,4,FA,839,4557,NN,Semillas,Soja,Soja,$ 1700.00
10-16-20,370100,160,10-26-20,835,10-27-20,4,FA,839,4557,NN,Semillas,Soja,Soja,$ 1700.00
10-16-20,370101,160,10-26-20,834,10-27-20,4,FA,839,4557,NN,Semillas,Soja,Soja,$ 1700.00
10-16-20,370102,160,10-26-20,833,10-27-20,4,FA,839,4557,NN,Semillas,Soja,Soja,$ 1700.00
10-19-20,370103,161,10-26-20,841,10-27-20,4,FA,846,981,NN,Semillas,Fuerza Total,Soja,$ 2300.00
10-19-20,370104,161,10-26-20,840,10-27-20,4,FA,846,981,NN,Semillas,Fuerza Total,Soja,$ 2300.00
10-19-20,370105,161,10-26-20,839,10-27-20,4,FA,846,981,NN,Semillas,Fuerza Total,Soja,$ 2300.00
10-20-20,370106,165,10-26-20,830,10-27-20,4,FA,838,4758,NN,Semillas,Soja,Soja,$ 2050.00
10-19-20,370107,162,10-26-20,829,10-27-20,4,FA,843,285,NN,Semillas,Soja,Soja,$ 1700.00
10-19-20,370108,163,10-26-20,823,10-27-20,4,FA,840,392,NN,Semillas,Convenio Syngenta Soja Completo,Soja,$ 2000.00
10-19-20,370109,163,10-26-20,822,10-27-20,4,FA,840,392,NN,Semillas,Convenio Syngenta Soja Completo,Soja,$ 2000.00
10-19-20,370110,163,10-26-20,821,10-27-20,4,FA,840,392,NN,Semillas,Convenio Syngenta Soja Completo,Soja,$ 2000.00
10-19-20,370111,163,10-26-20,820,10-27-20,4,FA,840,392,NN,Semillas,Convenio Syngenta Soja Completo,Soja,$ 2000.00
10-19-20,370112,163,10-26-20,819,10-27-20,4,FA,840,392,NN,Semillas,Convenio Syngenta Soja Completo,Soja,$ 2000.00
10-19-20,370113,163,10-26-20,818,10-27-20,4,FA,840,392,NN,Semillas,Convenio Syngenta Soja Completo,Soja,$ 2000.00
10-19-20,370114,163,10-26-20,817,10-27-20,4,FA,840,392,NN,Semillas,Convenio Syngenta Soja Completo,Soja,$ 2000.00
10-19-20,370115,163,10-26-20,816,10-27-20,4,FA,840,392,NN,Semillas,Convenio Syngenta Soja Completo,Soja,$ 2000.00
10-19-20,370118,164,10-28-20,844,10-28-20,4,FA,849,9450,NN,Semillas,Fuerza Total,Soja,$ 2300.00
10-19-20,370119,164,10-28-20,843,10-28-20,4,FA,849,9450,NN,Semillas,Fuerza Total,Soja,$ 2300.00
10-19-20,370120,164,10-28-20,842,10-28-20,4,FA,849,9450,NN,Semillas,Fuerza Total,Soja,$ 2300.00
10-20-20,370121,166,10-28-20,849,10-28-20,4,FA,851,2555,NN,Semillas,Soja,Soja,$ 2050.00
10-20-20,370122,166,10-28-20,848,10-28-20,4,FA,851,2555,NN,Semillas,Soja,Soja,$ 2050.00
10-20-20,370123,166,10-28-20,847,10-28-20,4,FA,851,2555,NN,Semillas,Soja,Soja,$ 2050.00
10-20-20,370124,167,10-28-20,846,10-28-20,4,FA,850,392,NN,Semillas,Fuerza Total,Soja,$ 2300.00
10-20-20,370125,167,10-28-20,845,10-28-20,4,FA,850,392,NN,Semillas,Fuerza Total,Soja,$ 2300.00
10-21-20,370126,169,10-29-20,851,10-30-20,4,FA,853,4762,NN,Semillas,Soja,Soja,$ 1700.00
10-21-20,370127,169,10-29-20,850,10-30-20,4,FA,853,4762,NN,Semillas,Soja,Soja,$ 1700.00
10-21-20,370130,168,10-30-20,853,11-04-20,4,FA,860,981,NN,Semillas,Fuerza Total,Soja,$ 2300.00
10-21-20,370131,168,10-30-20,852,11-04-20,4,FA,860,981,NN,Semillas,Fuerza Total,Soja,$ 2300.00
10-27-20,370224,170,11-04-20,861,11-05-20,4,FA,863,4281,NN,Semillas,Soja,Soja,$ 1700.00
10-27-20,370225,170,11-04-20,860,11-05-20,4,FA,863,4281,NN,Semillas,Soja,Soja,$ 1700.00
10-27-20,370226,170,11-04-20,859,11-05-20,4,FA,863,4281,NN,Semillas,Soja,Soja,$ 1700.00
10-27-20,370227,170,11-04-20,858,11-05-20,4,FA,863,4281,NN,Semillas,Soja,Soja,$ 1700.00
10-27-20,370241,171,11-03-20,855,11-04-20,4,FA,862,522,NN,Semillas,Convenio Syngenta Soja Completo,Soja,$ 2000.00
10-27-20,370242,171,11-03-20,854,11-04-20,4,FA,862,522,NN,Semillas,Convenio Syngenta Soja Completo,Soja,$ 2000.00
10-28-20,370243,174,11-05-20,864,11-05-20,4,FA,867,4764,NN,Semillas,Fuerza Total Curado,Soja,$ 2600.00
10-28-20,370244,173,11-05-20,865,11-05-20,4,FA,868,4765,NN,Semillas,Fuerza Total Curado,Soja,$ 2600.00
10-28-20,370245,172,11-05-20,867,11-05-20,4,FA,869,4766,NN,Semillas,Fuerza Total Curado,Soja,$ 2600.00
10-28-20,370246,172,11-05-20,866,11-05-20,4,FA,869,4766,NN,Semillas,Fuerza Total Curado,Soja,$ 2600.00
10-28-20,370247,175,11-05-20,869,11-05-20,4,FA,866,3227,NN,Semillas,Fuerza Total,Soja,$ 2300.00
10-28-20,370248,175,11-05-20,868,11-05-20,4,FA,866,3227,NN,Semillas,Fuerza Total,Soja,$ 2300.00
10-28-20,370278,176,11-03-20,857,11-04-20,4,FA,861,2795,NN,Semillas,Soja,Soja,$ 800.00
10-28-20,370279,176,11-03-20,856,11-04-20,4,FA,861,2795,NN,Semillas,Soja,Soja,$ 800.00
10-28-20,370280,177,11-05-20,871,11-05-20,4,FA,865,4557,NN,Semillas,Soja,Soja,$ 1700.00
10-28-20,370281,177,11-05-20,870,11-05-20,4,FA,865,4557,NN,Semillas,Soja,Soja,$ 1700.00
10-28-20,370282,178,11-05-20,873,01-08-21,4,FA,1003,2379,NN,Semillas,Fuerza Total,Soja,$ 2300.00
10-28-20,370283,178,11-05-20,872,01-08-21,4,FA,1003,2379,NN,Semillas,Fuerza Total,Soja,$ 2300.00
10-28-20,370284,179,11-04-20,863,11-05-20,4,FA,864,1416,NN,Semillas,Fuerza Total,Soja,$ 2300.00
10-28-20,370285,179,11-04-20,862,11-05-20,4,FA,864,1416,NN,Semillas,Fuerza Total,Soja,$ 2300.00
10-29-20,370318,180,11-06-20,875,11-06-20,4,FA,870,4119,NN,Semillas,Fuerza Total Curado,Soja,$ 2600.00
10-29-20,370319,181,11-06-20,874,11-06-20,4,FA,871,4767,NN,Semillas,Fuerza Total,Soja,$ 2300.00
10-30-20,370320,182,12-02-20,960,12-02-20,4,FA,936,4768,NN,Semillas,Semilla Vital,Buffel Grass,$ 3200.00
11-03-20,370325,183,11-11-20,886,11-11-20,4,FA,882,3276,NN,Semillas,Soja,Soja,$ 1700.00
11-03-20,370326,183,11-11-20,885,11-11-20,4,FA,882,3276,NN,Semillas,Soja,Soja,$ 1700.00
11-03-20,370327,183,11-11-20,884,11-11-20,4,FA,882,3276,NN,Semillas,Soja,Soja,$ 1700.00
11-03-20,370328,183,11-11-20,883,11-11-20,4,FA,882,3276,NN,Semillas,Soja,Soja,$ 1700.00
11-03-20,370329,184,11-11-20,882,11-11-20,4,FA,880,3277,NN,Semillas,Soja,Soja,$ 1700.00
11-03-20,370330,184,11-11-20,881,11-11-20,4,FA,880,3277,NN,Semillas,Soja,Soja,$ 1700.00
11-03-20,370331,184,11-11-20,880,11-11-20,4,FA,880,3277,NN,Semillas,Soja,Soja,$ 1700.00
11-04-20,370332,185,11-13-20,900,11-13-20,4,FA,886,25,NN,Semillas,Soja,Soja,$ 1700.00
11-04-20,370333,186,11-13-20,899,11-13-20,4,FB,20,4712,NN,Semillas,Soja,Soja,$ 1700.00
11-04-20,370334,186,11-13-20,898,11-13-20,4,FB,20,4712,NN,Semillas,Soja,Soja,$ 1700.00
11-04-20,370335,187,11-11-20,879,11-11-20,4,FA,881,680,NN,Semillas,Maíz,Maíz,$ 1700.00
11-04-20,370336,188,11-13-20,897,11-13-20,4,FA,888,981,NN,Semillas,Fuerza Total,Soja,$ 2300.00
11-04-20,370337,188,11-13-20,896,11-13-20,4,FA,888,981,NN,Semillas,Fuerza Total,Soja,$ 2300.00
11-04-20,370338,188,11-13-20,895,11-13-20,4,FA,888,981,NN,Semillas,Fuerza Total,Soja,$ 2300.00
11-04-20,370339,188,11-13-20,894,11-13-20,4,FA,888,981,NN,Semillas,Fuerza Total,Soja,$ 2300.00
11-04-20,370340,188,11-13-20,893,11-13-20,4,FA,888,981,NN,Semillas,Fuerza Total,Soja,$ 2300.00
11-05-20,370404,189,11-13-20,903,11-13-20,4,FA,884,3875,NN,Semillas,Fuerza Total,Maíz,$ 2300.00
11-05-20,370405,189,11-13-20,902,11-13-20,4,FA,884,3875,NN,Semillas,Fuerza Total,Maíz,$ 2300.00
11-05-20,370406,190,11-13-20,901,11-13-20,4,FA,887,1293,NN,Semillas,Fuerza Total,Maíz,$ 2300.00
11-05-20,370407,190,11-13-20,905,11-13-20,4,FA,891,1293,NN,Semillas,Poder + Peso,Soja,$ 2200.00
11-05-20,370408,190,11-13-20,904,11-13-20,4,FA,891,1293,NN,Semillas,Poder + Peso,Soja,$ 2200.00
11-06-20,370409,191,11-13-20,910,11-13-20,4,FA,890,392,NN,Semillas,Soja,Soja,$ 1700.00
11-06-20,370410,191,11-13-20,909,11-13-20,4,FA,890,392,NN,Semillas,Soja,Soja,$ 1700.00
11-06-20,370411,191,11-13-20,908,11-13-20,4,FA,890,392,NN,Semillas,Soja,Soja,$ 1700.00
11-06-20,370412,191,11-13-20,907,11-13-20,4,FA,890,392,NN,Semillas,Soja,Soja,$ 1700.00
11-06-20,370413,191,11-13-20,906,11-13-20,4,FA,890,392,NN,Semillas,Soja,Soja,$ 1700.00
11-06-20,370414,192,11-13-20,892,11-13-20,4,FA,885,392,NN,Semillas,Convenio Syngenta Soja Completo,Soja,$ 2000.00
11-06-20,370415,192,11-13-20,891,11-13-20,4,FA,885,392,NN,Semillas,Convenio Syngenta Soja Completo,Soja,$ 2000.00
11-06-20,370416,192,11-13-20,890,11-13-20,4,FA,885,392,NN,Semillas,Convenio Syngenta Soja Completo,Soja,$ 2000.00
11-06-20,370417,192,11-13-20,889,11-13-20,4,FA,885,392,NN,Semillas,Convenio Syngenta Soja Completo,Soja,$ 2000.00
11-06-20,370418,192,11-13-20,888,11-13-20,4,FA,885,392,NN,Semillas,Convenio Syngenta Soja Completo,Soja,$ 2000.00
11-06-20,370419,192,11-13-20,887,11-13-20,4,FA,885,392,NN,Semillas,Convenio Syngenta Soja Completo,Soja,$ 2000.00
11-06-20,370423,194,11-13-20,911,11-13-20,4,FA,892,4119,NN,Semillas,Fuerza Total Curado,Soja,$ 2600.00
11-06-20,370424,195,11-13-20,915,11-13-20,4,FA,889,3,NN,Semillas,Fuerza Total,Soja,$ 2300.00
11-06-20,370425,195,11-13-20,914,11-13-20,4,FA,889,3,NN,Semillas,Fuerza Total,Soja,$ 2300.00
11-06-20,370426,195,11-13-20,913,11-13-20,4,FA,889,3,NN,Semillas,Fuerza Total,Soja,$ 2300.00
11-06-20,370427,195,11-13-20,912,11-13-20,4,FA,889,3,NN,Semillas,Fuerza Total,Soja,$ 2300.00
11-09-20,370437,196,11-18-20,919,11-18-20,4,FA,902,4781,NN,Semillas,Soja,Soja,$ 2050.00
11-09-20,370438,196,11-18-20,918,11-18-20,4,FA,902,4781,NN,Semillas,Soja,Soja,$ 2050.00
11-09-20,370439,196,11-18-20,917,11-18-20,4,FA,902,4781,NN,Semillas,Soja,Soja,$ 2050.00
11-09-20,370440,196,11-18-20,916,11-18-20,4,FA,902,4781,NN,Semillas,Soja,Soja,$ 2050.00
11-10-20,370441,197,11-20-20,933,11-20-20,4,FA,909,960,NN,Semillas,Pack Integral,Centeno,$ 3200.00
11-18-20,370442,209,11-19-20,920,11-20-20,4,FA,907,4784,NN,Semillas,¿Cuántos Kilos Siembro?,Soja,$ 3200.00
11-11-20,370472,198,11-19-20,924,11-20-20,4,FA,903,25,NN,Semillas,Soja,Soja,$ 1700.00
11-11-20,370473,199,11-19-20,926,11-20-20,4,FA,904,908,NN,Semillas,Fuerza Total Curado,Soja,$ 2600.00
11-11-20,370474,199,11-19-20,925,11-20-20,4,FA,904,908,NN,Semillas,Fuerza Total Curado,Soja,$ 2600.00
11-12-20,370508,202,11-19-20,922,11-20-20,4,FA,905,3135,NN,Semillas,Fuerza Total,Maíz,$ 2300.00
11-11-20,370545,200,11-19-20,923,11-20-20,4,FA,906,4339,NN,Semillas,Fuerza Total,Maíz,$ 2300.00
11-11-20,370546,201,11-20-20,935,11-20-20,4,FA,912,4767,NN,Semillas,Fuerza Total,Soja,$ 2300.00
11-11-20,370547,201,11-20-20,934,11-20-20,4,FA,912,4767,NN,Semillas,Fuerza Total,Soja,$ 2300.00
11-12-20,370548,202,11-19-20,921,11-20-20,4,FA,905,3135,NN,Semillas,Fuerza Total,Maíz,$ 2300.00
11-12-20,370550,203,11-20-20,937,11-20-20,4,FB,22,2881,NN,Semillas,Soja,Soja,$ 1700.00
11-12-20,370551,203,11-20-20,936,11-20-20,4,FB,22,2881,NN,Semillas,Soja,Soja,$ 1700.00
11-13-20,370553,204,11-20-20,939,11-20-20,4,FA,913,2211,NN,Semillas,Doble Poder,Soja,$ 3000.00
11-13-20,370554,204,11-20-20,938,11-20-20,4,FA,913,2211,NN,Semillas,Doble Poder,Soja,$ 3000.00
11-13-20,370555,205,11-20-20,940,11-20-20,4,FA,911,4783,NN,Semillas,Fuerza Total Curado,Soja,$ 2600.00
11-13-20,370556,206,11-20-20,943,11-20-20,4,FA,910,4782,NN,Semillas,Fuerza Total Curado,Soja,$ 2600.00
11-13-20,370557,206,11-20-20,942,11-20-20,4,FA,910,4782,NN,Semillas,Fuerza Total Curado,Soja,$ 2900.00
11-13-20,370558,206,11-20-20,941,11-20-20,4,FA,910,4782,NN,Semillas,Fuerza Total Curado,Soja,$ 2600.00
11-16-20,370571,207,11-24-20,946,11-24-20,4,FA,916,392,NN,Semillas,Convenio Syngenta Soja Completo,Soja,$ 2000.00
11-16-20,370572,207,11-24-20,945,11-24-20,4,FA,916,392,NN,Semillas,Convenio Syngenta Soja Completo,Soja,$ 2000.00
11-16-20,370573,207,11-24-20,944,11-24-20,4,FA,916,392,NN,Semillas,Convenio Syngenta Soja Completo,Soja,$ 2000.00
11-18-20,370661,210,11-27-20,951,11-27-20,4,FA,920,52,NN,Semillas,Doble Poder,Soja,$ 3400.00
11-18-20,370662,211,12-01-20,958,12-02-20,4,FA,930,1040,NN,Semillas,Centeno,Centeno,$ 1900.00
11-18-20,370669,212,11-20-20,932,11-20-20,4,FA,908,2853,NN,Semillas,Trigo,Trigo,$ 1150.00
11-18-20,370670,212,11-20-20,931,11-20-20,4,FA,908,2853,NN,Semillas,Trigo,Trigo,$ 1150.00
11-18-20,370671,212,11-20-20,930,11-20-20,4,FA,908,2853,NN,Semillas,Trigo,Trigo,$ 1150.00
11-18-20,370672,212,11-20-20,929,11-20-20,4,FA,908,2853,NN,Semillas,Trigo,Trigo,$ 1150.00
11-18-20,370673,212,11-20-20,928,11-20-20,4,FA,908,2853,NN,Semillas,Trigo,Trigo,$ 1150.00
11-18-20,370674,212,11-20-20,927,11-20-20,4,FA,908,2853,NN,Semillas,Trigo,Trigo,$ 1150.00
11-18-20,370675,213,11-26-20,948,11-27-20,4,FA,922,4785,NN,Semillas,Poroto Mung,Poroto Mung,$ 1900.00
11-18-20,370676,213,11-26-20,947,11-27-20,4,FA,922,4785,NN,Semillas,Poroto Mung,Poroto Mung,$ 1900.00
11-18-20,370677,213,11-27-20,953,11-27-20,4,FA,922,4785,NN,Semillas,Soja,Soja,$ 1900.00
11-18-20,370678,213,11-27-20,952,11-27-20,4,FA,922,4785,NN,Semillas,Fuerza Total,Soja,$ 2600.00
11-19-20,370679,214,11-27-20,955,11-27-20,4,FA,921,3277,NN,Semillas,Soja,Soja,$ 1900.00
11-19-20,370680,214,11-27-20,954,11-27-20,4,FA,921,3277,NN,Semillas,Soja,Soja,$ 1900.00
11-19-20,370683,216,11-27-20,957,11-27-20,4,FA,924,4557,NN,Semillas,Semilla Vital Para Soja,Soja,$ 3400.00
11-24-20,370707,217,12-09-20,988,12-09-20,4,FA,950,4396,NN,Semillas,Fuerza Total,Sorgo,$ 2600.00
11-24-20,370708,217,12-09-20,987,12-09-20,4,FA,950,4396,NN,Semillas,Fuerza Total,Sorgo,$ 2600.00
11-24-20,370709,217,12-09-20,986,12-09-20,4,FA,950,4396,NN,Semillas,Fuerza Total,Sorgo,$ 2600.00
11-24-20,370710,217,12-09-20,985,12-09-20,4,FA,950,4396,NN,Semillas,Fuerza Total,Sorgo,$ 2600.00
11-24-20,370711,217,12-09-20,984,12-09-20,4,FA,950,4396,NN,Semillas,Fuerza Total,Sorgo,$ 2600.00
11-24-20,370712,217,12-09-20,983,12-09-20,4,FA,950,4396,NN,Semillas,Fuerza Total,Sorgo,$ 2600.00
11-24-20,370714,218,12-02-20,961,12-02-20,4,FA,935,4557,NN,Semillas,Semilla Vital Para Soja,Soja,$ 3400.00
11-24-20,370715,218,12-04-20,972,12-04-20,4,FA,940,4557,NN,Semillas,Semilla Vital,Centeno,$ 3400.00
11-25-20,370739,219,12-02-20,959,12-02-20,4,FB,23,9360,NN,Semillas,Fuerza Total,Maíz,$ 2600.00
11-25-20,370740,220,12-03-20,963,12-04-20,4,FA,938,4464,NN,Semillas,¿Cuántos Kilos Siembro?,Soja,$ 3600.00
11-25-20,370741,221,12-02-20,962,12-02-20,4,FA,934,3528,NN,Semillas,Maíz,Maíz,$ 1900.00
11-26-20,370742,222,12-04-20,973,12-04-20,4,FA,942,798,NN,Semillas,Trigo,Trigo,$ 1900.00
11-26-20,370743,223,12-04-20,974,12-04-20,4,FA,939,967,NN,Semillas,Soja,Soja,$ 1900.00
11-27-20,370776,224,12-04-20,975,12-04-20,4,FA,943,2375,NN,Semillas,Fuerza Total,Soja,$ 2600.00
11-27-20,370777,224,12-04-20,976,12-04-20,4,FA,943,2375,NN,Semillas,Fuerza Total,Soja,$ 2600.00
11-27-20,370778,224,12-04-20,977,12-04-20,4,FA,943,2375,NN,Semillas,Fuerza Total,Soja,$ 2600.00
11-27-20,370779,224,12-04-20,978,12-04-20,4,FA,943,2375,NN,Semillas,Fuerza Total,Soja,$ 2600.00
11-27-20,370780,224,12-04-20,979,12-04-20,4,FA,943,2375,NN,Semillas,Fuerza Total,Soja,$ 2600.00
11-27-20,370781,224,12-04-20,980,12-04-20,4,FA,943,2375,NN,Semillas,Fuerza Total,Soja,$ 2600.00
11-27-20,370782,225,12-04-20,971,12-04-20,4,FA,941,392,NN,Semillas,Convenio Syngenta Soja Completo,Soja,$ 2000.00
11-27-20,370783,225,12-04-20,970,12-04-20,4,FA,941,392,NN,Semillas,Convenio Syngenta Soja Completo,Soja,$ 2000.00
11-27-20,370784,225,12-04-20,969,12-04-20,4,FA,941,392,NN,Semillas,Convenio Syngenta Soja Completo,Soja,$ 2000.00
11-27-20,370785,225,12-04-20,968,12-04-20,4,FA,941,392,NN,Semillas,Convenio Syngenta Soja Completo,Soja,$ 2000.00
11-27-20,370786,225,12-04-20,967,12-04-20,4,FA,941,392,NN,Semillas,Convenio Syngenta Soja Completo,Soja,$ 2000.00
11-27-20,370787,225,12-04-20,966,12-04-20,4,FA,941,392,NN,Semillas,Convenio Syngenta Soja Completo,Soja,$ 2000.00
11-27-20,370788,225,12-04-20,965,12-04-20,4,FA,941,392,NN,Semillas,Convenio Syngenta Soja Completo,Soja,$ 2000.00
11-27-20,370789,225,12-04-20,964,12-04-20,4,FA,941,392,NN,Semillas,Convenio Syngenta Soja Completo,Soja,$ 2000.00
11-27-20,370790,226,12-04-20,981,12-04-20,4,FA,941,392,NN,Semillas,Semilla Vital Para Soja,Soja,$ 3400.00
11-27-20,370791,226,12-04-20,982,12-04-20,4,FA,941,392,NN,Semillas,Semilla Vital,Poroto,$ 3400.00
12-01-20,371031,227,12-10-20,994,12-10-20,4,FA,953,392,NN,Semillas,Semilla Vital Para Soja,Soja,$ 3400.00
12-01-20,371032,227,12-10-20,993,12-10-20,4,FA,953,392,NN,Semillas,Semilla Vital Para Soja,Soja,$ 3400.00
12-03-20,371038,231,12-09-20,990,12-09-20,4,FA,951,4786,NN,Semillas,Fuerza Total,Soja,$ 2600.00
12-03-20,371039,231,12-09-20,989,12-09-20,4,FA,951,4786,NN,Semillas,Fuerza Total,Soja,$ 2600.00
12-02-20,371054,228,12-11-20,1001,12-11-20,4,FA,957,4329,NN,Semillas,Semilla Vital,Centeno,$ 3400.00
12-02-20,371055,228,12-11-20,1000,12-11-20,4,FA,957,4329,NN,Semillas,Semilla Vital,Centeno,$ 3400.00
12-02-20,371056,229,12-09-20,991,12-09-20,4,FA,948,3875,NN,Semillas,Fuerza Total,Maíz,$ 2600.00
12-02-20,371057,230,12-09-20,992,12-09-20,4,FA,949,4339,NN,Semillas,Fuerza Total,Maíz,$ 2600.00
12-04-20,371117,232,12-11-20,999,12-11-20,4,FA,956,4763,NN,Semillas,Maíz,Maíz,$ 1900.00
12-04-20,371118,232,12-11-20,998,12-11-20,4,FA,956,4763,NN,Semillas,Maíz,Maíz,$ 1900.00
12-04-20,371119,232,12-11-20,997,12-11-20,4,FA,956,4763,NN,Semillas,Maíz,Maíz,$ 1900.00
12-04-20,371120,232,12-11-20,996,12-11-20,4,FA,956,4763,NN,Semillas,Maíz,Maíz,$ 1900.00
12-04-20,371121,232,12-11-20,995,12-11-20,4,FA,956,4763,NN,Semillas,Maíz,Maíz,$ 1900.00
12-09-20,371171,233,12-17-20,1007,12-17-20,4,FA,967,1040,NN,Semillas,Soja,Soja,$ 2300.00
12-09-20,371172,233,12-17-20,1006,12-17-20,4,FA,967,1040,NN,Semillas,Soja,Soja,$ 2300.00
12-09-20,371173,233,12-17-20,1005,12-17-20,4,FA,967,1040,NN,Semillas,Soja,Soja,$ 2300.00
12-09-20,371206,234,12-18-20,1008,12-18-20,4,FA,971,2888,NN,Semillas,Centeno,Centeno,$ 1900.00
12-10-20,371255,235,12-21-20,1010,12-28-20,4,FA,985,1856,NN,Semillas,Trigo Candeal,Trigo Candeal,$ 2300.00
12-11-20,371347,236,12-18-20,1009,12-18-20,4,FA,970,392,NN,Semillas,Semilla Vital Para Soja,Soja,$ 3000.00
12-14-20,371351,237,12-15-20,1004,12-15-20,4,FA,966,1856,NN,Semillas,Trigo Candeal,Trigo Candeal,$ 1600.00
12-14-20,371352,237,12-15-20,1003,12-15-20,4,FA,966,1856,NN,Semillas,Trigo Candeal,Trigo Candeal,$ 1600.00
12-14-20,371353,237,12-15-20,1002,12-15-20,4,FA,966,1856,NN,Semillas,Trigo Candeal,Trigo Candeal,$ 1600.00
12-14-20,371354,238,12-23-20,1031,12-28-20,4,FA,984,4343,NN,Semillas,Soja,Soja,$ 2300.00
12-14-20,371355,239,12-23-20,1030,12-28-20,4,FA,983,4763,NN,Semillas,Maíz,Maíz,$ 1500.00
12-14-20,371356,239,12-23-20,1029,12-28-20,4,FA,983,4763,NN,Semillas,Maíz,Maíz,$ 1500.00
12-14-20,371357,239,12-23-20,1028,12-28-20,4,FA,983,4763,NN,Semillas,Maíz,Maíz,$ 1500.00
12-14-20,371358,239,12-23-20,1027,12-28-20,4,FA,983,4763,NN,Semillas,Maíz,Maíz,$ 1500.00
12-14-20,371359,239,12-23-20,1026,12-28-20,4,FA,983,4763,NN,Semillas,Maíz,Maíz,$ 1500.00
12-14-20,371360,240,12-23-20,1025,12-28-20,4,FA,986,1171,NN,Semillas,Garbanzo,Garbanzo,$ 2300.00
12-14-20,371361,240,12-23-20,1024,12-28-20,4,FA,986,1171,NN,Semillas,Garbanzo,Garbanzo,$ 2300.00
12-14-20,371362,240,12-23-20,1023,12-28-20,4,FA,986,1171,NN,Semillas,Garbanzo,Garbanzo,$ 2300.00
12-14-20,371363,240,12-23-20,1022,12-28-20,4,FA,986,1171,NN,Semillas,Garbanzo,Garbanzo,$ 2300.00
12-14-20,371364,240,12-23-20,1021,12-28-20,4,FA,986,1171,NN,Semillas,Garbanzo,Garbanzo,$ 2300.00
12-14-20,371365,240,12-23-20,1020,12-28-20,4,FA,986,1171,NN,Semillas,Garbanzo,Garbanzo,$ 2300.00
12-15-20,371433,241,12-28-20,1033,12-28-20,4,FA,989,392,NN,Semillas,Fuerza Total,Trigo,$ 2600.00
12-15-20,371434,242,12-23-20,1019,12-28-20,4,FA,987,392,NN,Semillas,Semilla Vital Para Soja,Soja,$ 3400.00
12-15-20,371435,242,12-23-20,1018,12-28-20,4,FA,987,392,NN,Semillas,Semilla Vital Para Soja,Soja,$ 3400.00
12-15-20,371436,242,12-23-20,1017,12-28-20,4,FA,987,392,NN,Semillas,Semilla Vital Para Soja,Soja,$ 3400.00
12-15-20,371437,242,12-23-20,1016,12-28-20,4,FA,987,392,NN,Semillas,Semilla Vital Para Soja,Soja,$ 3400.00
12-15-20,371438,242,12-23-20,1015,12-28-20,4,FA,987,392,NN,Semillas,Semilla Vital Para Soja,Soja,$ 3400.00
12-15-20,371439,242,12-23-20,1014,12-28-20,4,FA,987,392,NN,Semillas,Semilla Vital Para Soja,Soja,$ 3400.00
12-15-20,371440,242,12-23-20,1013,12-28-20,4,FA,987,392,NN,Semillas,Semilla Vital Para Soja,Soja,$ 3400.00
12-15-20,371441,242,12-23-20,1012,12-28-20,4,FA,987,392,NN,Semillas,Semilla Vital Para Soja,Soja,$ 3400.00
12-16-20,371539,243,12-23-20,1011,12-28-20,4,FA,983,4763,NN,Semillas,Semilla Vital,Maíz,$ 3400.00
12-18-20,371566,244,12-28-20,1032,12-28-20,4,FA,989,392,NN,Semillas,Fuerza Total,Trigo,$ 2600.00
12-18-20,371567,245,12-28-20,1044,12-28-20,4,FA,989,392,NN,Semillas,Convenio Syngenta Trigo,Trigo,$ 2800.00
12-18-20,371568,245,12-28-20,1043,12-28-20,4,FA,989,392,NN,Semillas,Convenio Syngenta Trigo,Trigo,$ 2800.00
12-18-20,371569,245,12-28-20,1042,12-28-20,4,FA,989,392,NN,Semillas,Convenio Syngenta Trigo,Trigo,$ 2800.00
12-18-20,371570,245,12-28-20,1041,12-28-20,4,FA,989,392,NN,Semillas,Convenio Syngenta Trigo,Trigo,$ 2800.00
12-18-20,371571,245,12-28-20,1040,12-28-20,4,FA,989,392,NN,Semillas,Convenio Syngenta Trigo,Trigo,$ 2800.00
12-18-20,371572,245,12-28-20,1039,12-28-20,4,FA,989,392,NN,Semillas,Convenio Syngenta Trigo,Trigo,$ 2800.00
12-18-20,371573,245,12-28-20,1038,12-28-20,4,FA,989,392,NN,Semillas,Convenio Syngenta Trigo,Trigo,$ 2800.00
12-18-20,371574,245,12-28-20,1037,12-28-20,4,FA,989,392,NN,Semillas,Convenio Syngenta Trigo,Trigo,$ 2800.00
12-18-20,371575,245,12-28-20,1036,12-28-20,4,FA,989,392,NN,Semillas,Convenio Syngenta Trigo,Trigo,$ 2800.00
12-18-20,371576,245,12-28-20,1035,12-28-20,4,FA,989,392,NN,Semillas,Convenio Syngenta Trigo,Trigo,$ 2800.00
12-18-20,371577,245,12-28-20,1034,12-28-20,4,FA,989,392,NN,Semillas,Convenio Syngenta Trigo,Trigo,$ 2800.00
12-23-20,371697,247,12-30-20,1056,12-30-20,4,FA,998,4237,NN,Semillas,Maíz,Maíz,$ 1900.00
12-23-20,371698,247,12-30-20,1055,12-30-20,4,FA,998,4237,NN,Semillas,Maíz,Maíz,$ 1900.00
12-23-20,371699,247,12-30-20,1054,12-30-20,4,FA,998,4237,NN,Semillas,Maíz,Maíz,$ 1900.00
12-23-20,371700,247,12-30-20,1053,12-30-20,4,FA,998,4237,NN,Semillas,Maíz,Maíz,$ 1900.00
12-23-20,371701,247,12-30-20,1052,12-30-20,4,FA,998,4237,NN,Semillas,Maíz,Maíz,$ 1900.00
12-23-20,371702,247,12-30-20,1051,12-30-20,4,FA,998,4237,NN,Semillas,Maíz,Maíz,$ 1900.00
12-23-20,371703,247,12-30-20,1050,12-30-20,4,FA,998,4237,NN,Semillas,Maíz,Maíz,$ 1900.00
12-23-20,371704,247,12-30-20,1049,12-30-20,4,FA,998,4237,NN,Semillas,Maíz,Maíz,$ 1900.00
12-29-20,371836,248,01-06-21,1058,01-06-21,4,FA,1001,4237,NN,Semillas,Convenio Syngenta Trigo,Trigo,$ 2800.00
12-29-20,371837,248,01-06-21,1057,01-06-21,4,FA,1001,4237,NN,Semillas,Convenio Syngenta Trigo,Trigo,$ 2800.00
12-30-20,371838,249,01-11-21,1073,01-11-21,4,FA,1006,392,NN,Semillas,Convenio Syngenta Trigo,Trigo,$ 2800.00
12-30-20,371839,249,01-11-21,1072,01-11-21,4,FA,1006,392,NN,Semillas,Convenio Syngenta Trigo,Trigo,$ 2800.00
12-30-20,371840,249,01-11-21,1071,01-11-21,4,FA,1006,392,NN,Semillas,Convenio Syngenta Trigo,Trigo,$ 2800.00
12-30-20,371841,249,01-11-21,1070,01-11-21,4,FA,1006,392,NN,Semillas,Convenio Syngenta Trigo,Trigo,$ 2800.00
12-30-20,371842,249,01-11-21,1069,01-11-21,4,FA,1006,392,NN,Semillas,Convenio Syngenta Trigo,Trigo,$ 2800.00
12-30-20,371843,249,01-11-21,1068,01-11-21,4,FA,1006,392,NN,Semillas,Convenio Syngenta Trigo,Trigo,$ 2800.00
12-30-20,371844,249,01-11-21,1067,01-11-21,4,FA,1006,392,NN,Semillas,Convenio Syngenta Trigo,Trigo,$ 2800.00
12-30-20,371845,249,01-11-21,1066,01-11-21,4,FA,1006,392,NN,Semillas,Convenio Syngenta Trigo,Trigo,$ 2800.00
12-30-20,371846,249,01-11-21,1065,01-11-21,4,FA,1006,392,NN,Semillas,Convenio Syngenta Trigo,Trigo,$ 2800.00
12-30-20,371847,249,01-11-21,1064,01-11-21,4,FA,1006,392,NN,Semillas,Convenio Syngenta Trigo,Trigo,$ 2800.00
12-30-20,371848,249,01-11-21,1063,01-11-21,4,FA,1006,392,NN,Semillas,Convenio Syngenta Trigo,Trigo,$ 2800.00
12-30-20,371849,249,01-11-21,1062,01-11-21,4,FA,1006,392,NN,Semillas,Convenio Syngenta Trigo,Trigo,$ 2800.00
12-30-20,371850,249,01-11-21,1061,01-11-21,4,FA,1006,392,NN,Semillas,Convenio Syngenta Trigo,Trigo,$ 2800.00
12-30-20,371851,249,01-11-21,1060,01-11-21,4,FA,1006,392,NN,Semillas,Convenio Syngenta Trigo,Trigo,$ 2800.00
12-30-20,371852,249,01-11-21,1059,01-11-21,4,FA,1006,392,NN,Semillas,Convenio Syngenta Trigo,Trigo,$ 2800.00
12-30-20,371853,250,01-12-21,1079,01-12-21,4,FA,1007,392,NN,Semillas,Fuerza Total,Trigo,$ 2600.00
12-30-20,371854,250,01-12-21,1078,01-12-21,4,FA,1007,392,NN,Semillas,Fuerza Total,Trigo,$ 2600.00
12-30-20,371855,250,01-12-21,1077,01-12-21,4,FA,1007,392,NN,Semillas,Fuerza Total,Trigo,$ 2600.00
12-30-20,371856,250,01-12-21,1076,01-12-21,4,FA,1007,392,NN,Semillas,Fuerza Total,Trigo,$ 2600.00
12-30-20,371857,250,01-12-21,1075,01-12-21,4,FA,1007,392,NN,Semillas,Fuerza Total,Trigo,$ 2600.00
12-30-20,371858,250,01-12-21,1074,01-12-21,4,FA,1007,392,NN,Semillas,Fuerza Total,Trigo,$ 2600.00
01-05-21,371968,251,01-15-21,1084,01-15-21,4,FA,1016,392,NN,Semillas,Convenio Syngenta Trigo,Trigo,$ 2800.00
01-05-21,371969,251,01-15-21,1083,01-15-21,4,FA,1016,392,NN,Semillas,Convenio Syngenta Trigo,Trigo,$ 2800.00
01-05-21,371970,251,01-15-21,1082,01-15-21,4,FA,1016,392,NN,Semillas,Convenio Syngenta Trigo,Trigo,$ 2800.00
01-07-21,371976,252,01-18-21,1108,01-18-21,4,FA,1017,522,NN,Semillas,Convenio Syngenta Trigo,Trigo,$ 2800.00
01-07-21,371977,252,01-18-21,1107,01-18-21,4,FA,1017,522,NN,Semillas,Convenio Syngenta Trigo,Trigo,$ 2800.00
01-07-21,371978,252,01-18-21,1106,01-18-21,4,FA,1017,522,NN,Semillas,Convenio Syngenta Trigo,Trigo,$ 2800.00
01-07-21,371979,252,01-18-21,1105,01-18-21,4,FA,1017,522,NN,Semillas,Convenio Syngenta Trigo,Trigo,$ 2800.00
01-07-21,371980,252,01-18-21,1104,01-18-21,4,FA,1017,522,NN,Semillas,Convenio Syngenta Trigo,Trigo,$ 2800.00
01-07-21,371981,252,01-18-21,1103,01-18-21,4,FA,1017,522,NN,Semillas,Convenio Syngenta Trigo,Trigo,$ 2800.00
01-07-21,371982,252,01-18-21,1102,01-18-21,4,FA,1017,522,NN,Semillas,Convenio Syngenta Trigo,Trigo,$ 2800.00
01-07-21,371983,252,01-18-21,1101,01-18-21,4,FA,1017,522,NN,Semillas,Convenio Syngenta Trigo,Trigo,$ 2800.00
01-07-21,371984,252,01-18-21,1100,01-18-21,4,FA,1017,522,NN,Semillas,Convenio Syngenta Trigo,Trigo,$ 2800.00
01-07-21,371985,252,01-18-21,1099,01-18-21,4,FA,1017,522,NN,Semillas,Convenio Syngenta Trigo,Trigo,$ 2800.00
01-07-21,371986,252,01-18-21,1098,01-18-21,4,FA,1017,522,NN,Semillas,Convenio Syngenta Trigo,Trigo,$ 2800.00
01-07-21,371987,252,01-18-21,1097,01-18-21,4,FA,1017,522,NN,Semillas,Convenio Syngenta Trigo,Trigo,$ 2800.00
01-07-21,371988,252,01-18-21,1096,01-18-21,4,FA,1017,522,NN,Semillas,Convenio Syngenta Trigo,Trigo,$ 2800.00
01-07-21,371989,252,01-18-21,1095,01-18-21,4,FA,1017,522,NN,Semillas,Convenio Syngenta Trigo,Trigo,$ 2800.00
01-07-21,371990,252,01-18-21,1094,01-18-21,4,FA,1017,522,NN,Semillas,Convenio Syngenta Trigo,Trigo,$ 2800.00
01-07-21,371991,252,01-18-21,1093,01-18-21,4,FA,1017,522,NN,Semillas,Convenio Syngenta Trigo,Trigo,$ 2800.00
01-07-21,371992,252,01-18-21,1092,01-18-21,4,FA,1017,522,NN,Semillas,Convenio Syngenta Trigo,Trigo,$ 2800.00
01-07-21,371993,252,01-18-21,1091,01-18-21,4,FA,1017,522,NN,Semillas,Convenio Syngenta Trigo,Trigo,$ 2800.00
01-07-21,371994,252,01-18-21,1090,01-18-21,4,FA,1017,522,NN,Semillas,Convenio Syngenta Trigo,Trigo,$ 2800.00
01-07-21,371995,252,01-18-21,1089,01-18-21,4,FA,1017,522,NN,Semillas,Convenio Syngenta Trigo,Trigo,$ 2800.00
01-07-21,371996,253,01-18-21,1088,01-18-21,4,FA,1017,522,NN,Semillas,Fuerza Total,Trigo,$ 2600.00
01-07-21,371997,253,01-18-21,1087,01-18-21,4,FA,1017,522,NN,Semillas,Fuerza Total,Trigo,$ 2600.00
01-07-21,371998,253,01-18-21,1086,01-18-21,4,FA,1017,522,NN,Semillas,Fuerza Total,Trigo,$ 2600.00
01-07-21,371999,253,01-18-21,1085,01-18-21,4,FA,1017,522,NN,Semillas,Fuerza Total,Trigo,$ 2600.00
01-11-21,372065,254,01-12-21,1081,01-13-21,4,FA,1009,392,NN,Semillas,Soja,Soja,$ 2300.00
01-11-21,372066,254,01-12-21,1080,01-13-21,4,FA,1009,392,NN,Semillas,Soja,Soja,$ 2300.00
01-11-21,372071,255,01-22-21,1111,01-22-21,4,FA,1023,1171,NN,Semillas,Trigo,Trigo,$ 2300.00
01-11-21,372072,255,01-22-21,1110,01-22-21,4,FA,1023,1171,NN,Semillas,Trigo,Trigo,$ 2300.00
01-12-21,372115,256,01-19-21,1109,01-19-21,4,FA,1019,4680,NN,Semillas,Fuerza Total,Maíz,$ 2600.00
01-21-21,372427,258,02-01-21,1122,02-01-21,4,FA,1034,9261,NN,Semillas,Convenio Syngenta Trigo,Trigo,$ 2800.00
01-21-21,372428,258,02-01-21,1121,02-01-21,4,FA,1034,9261,NN,Semillas,Convenio Syngenta Trigo,Trigo,$ 2800.00
01-21-21,372429,258,02-01-21,1120,02-01-21,4,FA,1034,9261,NN,Semillas,Convenio Syngenta Trigo,Trigo,$ 2800.00
01-21-21,372430,258,02-01-21,1119,02-01-21,4,FA,1034,9261,NN,Semillas,Convenio Syngenta Trigo,Trigo,$ 2800.00
01-21-21,372431,258,02-01-21,1118,02-01-21,4,FA,1034,9261,NN,Semillas,Convenio Syngenta Trigo,Trigo,$ 2800.00
01-21-21,372432,258,02-01-21,1117,02-01-21,4,FA,1034,9261,NN,Semillas,Convenio Syngenta Trigo,Trigo,$ 2800.00
01-22-21,372491,259,02-01-21,1116,02-01-21,4,FA,1033,981,NN,Semillas,Fuerza Total,Trigo,$ 2900.00
01-22-21,372492,259,02-01-21,1115,02-01-21,4,FA,1033,981,NN,Semillas,Fuerza Total,Trigo,$ 2900.00
01-29-21,372499,260,02-08-21,1124,02-09-21,4,FA,1039,4793,NN,Semillas,Avena Blanca / Amarilla/ Byzantina,Avena Blanca / Amarilla/ Byzantina,$ 2100.00
01-29-21,372572,261,02-08-21,1123,02-09-21,4,FA,1038,1930,NN,Semillas,Centeno,Centeno,$ 2100.00
02-03-21,372612,262,02-12-21,1127,02-15-21,4,FA,1043,1915,NN,Semillas,Doble Poder,Garbanzo,$ 5100.00
02-03-21,372613,262,02-12-21,1126,02-15-21,4,FA,1043,1915,NN,Semillas,Doble Poder,Garbanzo,$ 5100.00
02-03-21,372614,263,02-12-21,1125,02-15-21,4,FA,1044,2853,NN,Semillas,Doble Poder,Garbanzo,$ 3800.00
02-08-21,372744,265,02-19-21,1135,02-19-21,4,FA,1053,1286,NN,Semillas,Trigo,Trigo,$ 2100.00
02-08-21,372745,265,02-19-21,1134,02-19-21,4,FA,1053,1286,NN,Semillas,Trigo,Trigo,$ 2100.00
02-08-21,372746,265,02-19-21,1133,02-19-21,4,FA,1053,1286,NN,Semillas,Trigo,Trigo,$ 2100.00
02-08-21,372747,265,02-19-21,1132,02-19-21,4,FA,1053,1286,NN,Semillas,Trigo,Trigo,$ 2100.00
02-08-21,372748,265,02-19-21,1131,02-19-21,4,FA,1053,1286,NN,Semillas,Trigo,Trigo,$ 2100.00
02-08-21,372749,265,02-19-21,1130,02-19-21,4,FA,1053,1286,NN,Semillas,Trigo,Trigo,$ 2100.00
02-08-21,372750,265,02-25-21,1142,02-26-21,4,FA,1058,1286,NN,Semillas,Vicia,Vicia,$ 2100.00
02-08-21,372757,266,02-18-21,1129,02-18-21,4,FA,1048,4216,NN,Semillas,Centeno,Centeno,$ 2100.00
02-09-21,372760,268,02-19-21,1136,02-19-21,4,FA,1052,193,NN,Semillas,Trigo,Trigo,$ 2600.00
02-09-21,372761,267,02-19-21,1137,02-19-21,4,FA,1051,392,NN,Semillas,Centeno,Centeno,$ 2100.00
02-12-21,372858,270,02-25-21,1141,02-26-21,4,FA,1057,1371,NN,Semillas,Fuerza Total,Trigo,$ 3800.00
02-17-21,372894,271,02-26-21,1148,02-28-21,4,FA,1062,760,NN,Semillas,Doble Poder,Trigo,$ 6900.00
02-17-21,372895,271,02-26-21,1147,02-28-21,4,FA,1062,760,NN,Semillas,Doble Poder,Trigo,$ 6900.00
02-17-21,372896,271,02-26-21,1146,02-28-21,4,FA,1062,760,NN,Semillas,Doble Poder,Trigo,$ 6900.00
02-17-21,372897,271,02-26-21,1145,02-28-21,4,FA,1062,760,NN,Semillas,Doble Poder,Trigo,$ 6900.00
02-17-21,372898,271,02-26-21,1144,02-28-21,4,FA,1062,760,NN,Semillas,Doble Poder,Trigo,$ 6900.00
02-17-21,372899,271,02-26-21,1143,02-28-21,4,FA,1062,760,NN,Semillas,Doble Poder,Trigo,$ 6900.00
02-18-21,372906,272,03-01-21,1157,03-02-21,4,FA,1064,4797,NN,Semillas,Fuerza Total,Centeno,$ 2900.00
02-18-21,372907,272,03-01-21,1156,03-02-21,4,FA,1064,4797,NN,Semillas,Fuerza Total,Centeno,$ 2900.00
02-18-21,372908,272,03-01-21,1155,03-02-21,4,FA,1064,4797,NN,Semillas,Fuerza Total,Centeno,$ 2900.00
02-19-21,372911,273,03-05-21,1160,03-05-21,4,FA,1071,1416,NN,Semillas,Fuerza Total,Alfalfa,$ 2900.00
02-19-21,372912,273,03-04-21,1158,03-05-21,4,FA,1068,1416,NN,Semillas,Fuerza Total,Avena Blanca / Amarilla/ Byzantina,$ 2900.00
02-19-21,372913,273,03-05-21,1159,03-05-21,4,FA,1071,1416,NN,Semillas,Fuerza Total,Alfalfa,$ 2900.00
02-23-21,372914,275,03-05-21,1168,03-05-21,4,FA,1070,4557,NN,Semillas,Trigo,Trigo,$ 2100.00
02-23-21,372915,275,03-05-21,1167,03-05-21,4,FA,1070,4557,NN,Semillas,Trigo,Trigo,$ 2100.00
02-23-21,372916,275,03-05-21,1166,03-05-21,4,FA,1070,4557,NN,Semillas,Trigo,Trigo,$ 2100.00
02-23-21,372917,275,03-05-21,1165,03-05-21,4,FA,1070,4557,NN,Semillas,Trigo,Trigo,$ 2100.00
03-04-21,372920,280,03-16-21,1181,03-16-21,4,FA,1084,4673,NN,Semillas,Fuerza Total,Melilotus Albus,$ 2900.00
03-04-21,372921,280,03-16-21,1180,03-16-21,4,FA,1084,4673,NN,Semillas,Fuerza Total,Melilotus Albus,$ 2900.00
02-19-21,372940,274,03-01-21,1154,03-02-21,4,FA,1063,4557,NN,Semillas,Centeno,Centeno,$ 2100.00
02-19-21,372941,274,03-01-21,1153,03-02-21,4,FA,1063,4557,NN,Semillas,Centeno,Centeno,$ 2100.00
02-23-21,373103,276,03-05-21,1164,03-05-21,4,FA,1069,1856,NN,Semillas,Trigo Candeal,Trigo Candeal,$ 2600.00
02-23-21,373104,276,03-05-21,1163,03-05-21,4,FA,1069,1856,NN,Semillas,Trigo Candeal,Trigo Candeal,$ 2600.00
02-23-21,373105,276,03-05-21,1162,03-05-21,4,FA,1069,1856,NN,Semillas,Trigo Candeal,Trigo Candeal,$ 2600.00
02-23-21,373106,276,03-05-21,1161,03-05-21,4,FA,1069,1856,NN,Semillas,Centeno,Centeno,$ 2100.00
02-19-21,373156,274,03-01-21,1152,03-02-21,4,FA,1063,4557,NN,Semillas,Centeno,Centeno,$ 2100.00
02-19-21,373157,274,03-01-21,1151,03-02-21,4,FA,1063,4557,NN,Semillas,Centeno,Centeno,$ 2100.00
02-19-21,373158,274,03-01-21,1150,03-02-21,4,FA,1063,4557,NN,Semillas,Centeno,Centeno,$ 2100.00
02-19-21,373159,274,03-01-21,1149,03-02-21,4,FA,1063,4557,NN,Semillas,Centeno,Centeno,$ 2100.00
02-19-21,373160,274,03-10-21,1173,03-10-21,4,FA,1078,4557,NN,Semillas,Vicia,Vicia,$ 2100.00
03-03-21,373252,279,04-05-21,1223,04-05-21,4,FA,1110,4800,NN,Semillas,Gatton Panic,Gatton Panic,$ 2500.00
02-26-21,373254,277,03-25-21,1183,03-25-21,4,FA,1092,1534,NN,Semillas,Pack Integral Megatérmicas,Panicum Coloratum,$ 3300.00
03-03-21,373370,278,03-12-21,1179,03-15-21,4,FA,1081,43,NN,Semillas,Trigo,Trigo,$ 2100.00
03-03-21,373371,278,03-12-21,1178,03-15-21,4,FA,1081,43,NN,Semillas,Trigo,Trigo,$ 2100.00
03-03-21,373372,278,03-12-21,1176,03-15-21,4,FA,1081,43,NN,Semillas,Centeno,Centeno,$ 2100.00
03-03-21,373373,278,03-12-21,1177,03-15-21,4,FA,1081,43,NN,Semillas,Trigo,Trigo,$ 2100.00
03-03-21,373374,278,03-12-21,1175,03-15-21,4,FA,1081,43,NN,Semillas,Centeno,Centeno,$ 2100.00
03-03-21,373375,278,03-12-21,1174,03-15-21,4,FA,1081,43,NN,Semillas,Centeno,Centeno,$ 2100.00
03-09-21,373471,281,03-09-21,1172,03-10-21,4,FA,1076,1856,NN,Semillas,Trigo,Trigo,$ 1300.00
03-09-21,373472,281,03-09-21,1171,03-10-21,4,FA,1076,1856,NN,Semillas,Trigo,Trigo,$ 1300.00
03-09-21,373473,281,03-09-21,1170,03-10-21,4,FA,1076,1856,NN,Semillas,Trigo,Trigo,$ 1300.00
03-09-21,373474,281,03-09-21,1169,03-10-21,4,FA,1076,1856,NN,Semillas,Centeno,Centeno,$ 1300.00
03-12-21,373663,282,03-23-21,1182,03-25-21,4,FA,1091,2677,NN,Semillas,Trigo,Trigo,$ 2100.00
03-15-21,373725,283,03-26-21,1186,03-29-21,4,FA,1095,981,NN,Semillas,Fuerza Total,Trigo,$ 2900.00
03-15-21,373726,283,03-26-21,1185,03-29-21,4,FA,1095,981,NN,Semillas,Fuerza Total,Trigo,$ 2900.00
03-15-21,373727,283,03-26-21,1184,03-29-21,4,FA,1095,981,NN,Semillas,Fuerza Total,Trigo,$ 2900.00
03-17-21,373728,284,03-29-21,1213,03-29-21,4,FA,1097,2340,NN,Semillas,Doble Poder,Garbanzo,$ 3800.00
03-17-21,373729,285,03-26-21,1187,03-29-21,4,FA,1094,3962,NN,Semillas,Trigo,Trigo,$ 2100.00
03-18-21,373909,286,03-29-21,1211,03-29-21,4,FA,1096,392,NN,Semillas,Convenio Syngenta Trigo,Trigo,$ 2800.00
03-18-21,373910,286,03-29-21,1210,03-29-21,4,FA,1096,392,NN,Semillas,Convenio Syngenta Trigo,Trigo,$ 2800.00
03-18-21,373911,286,03-29-21,1209,03-29-21,4,FA,1096,392,NN,Semillas,Convenio Syngenta Trigo,Trigo,$ 2800.00
03-18-21,373912,286,03-29-21,1208,03-29-21,4,FA,1096,392,NN,Semillas,Convenio Syngenta Trigo,Trigo,$ 2800.00
03-18-21,373913,286,03-29-21,1207,03-29-21,4,FA,1096,392,NN,Semillas,Convenio Syngenta Trigo,Trigo,$ 2800.00
03-18-21,373914,286,03-29-21,1206,03-29-21,4,FA,1096,392,NN,Semillas,Convenio Syngenta Trigo,Trigo,$ 2800.00
03-18-21,373915,286,03-29-21,1205,03-29-21,4,FA,1096,392,NN,Semillas,Convenio Syngenta Trigo,Trigo,$ 2800.00
03-18-21,373916,286,03-29-21,1204,03-29-21,4,FA,1096,392,NN,Semillas,Convenio Syngenta Trigo,Trigo,$ 2800.00
03-18-21,373917,286,03-29-21,1203,03-29-21,4,FA,1096,392,NN,Semillas,Convenio Syngenta Trigo,Trigo,$ 2800.00
03-18-21,373918,286,03-29-21,1202,03-29-21,4,FA,1096,392,NN,Semillas,Convenio Syngenta Trigo,Trigo,$ 2800.00
03-18-21,373919,286,03-29-21,1201,03-29-21,4,FA,1096,392,NN,Semillas,Convenio Syngenta Trigo,Trigo,$ 2800.00
03-18-21,373920,286,03-29-21,1200,03-29-21,4,FA,1096,392,NN,Semillas,Convenio Syngenta Trigo,Trigo,$ 2800.00
03-18-21,373921,286,03-29-21,1199,03-29-21,4,FA,1096,392,NN,Semillas,Convenio Syngenta Trigo,Trigo,$ 2800.00
03-18-21,373922,286,03-29-21,1198,03-29-21,4,FA,1096,392,NN,Semillas,Convenio Syngenta Trigo,Trigo,$ 2800.00
03-18-21,373923,286,03-29-21,1197,03-29-21,4,FA,1096,392,NN,Semillas,Convenio Syngenta Trigo,Trigo,$ 2800.00
03-18-21,373924,286,03-29-21,1196,03-29-21,4,FA,1096,392,NN,Semillas,Convenio Syngenta Trigo,Trigo,$ 2800.00
03-18-21,373925,286,03-29-21,1195,03-29-21,4,FA,1096,392,NN,Semillas,Convenio Syngenta Trigo,Trigo,$ 2800.00
03-18-21,373926,286,03-29-21,1194,03-29-21,4,FA,1096,392,NN,Semillas,Convenio Syngenta Trigo,Trigo,$ 2800.00
03-18-21,373927,286,03-29-21,1193,03-29-21,4,FA,1096,392,NN,Semillas,Convenio Syngenta Trigo,Trigo,$ 2800.00
03-18-21,373928,286,03-29-21,1192,03-29-21,4,FA,1096,392,NN,Semillas,Convenio Syngenta Trigo,Trigo,$ 2800.00
03-18-21,373929,286,03-29-21,1191,03-29-21,4,FA,1096,392,NN,Semillas,Convenio Syngenta Trigo,Trigo,$ 2800.00
03-18-21,373930,286,03-29-21,1190,03-29-21,4,FA,1096,392,NN,Semillas,Convenio Syngenta Trigo,Trigo,$ 2800.00
03-19-21,373932,287,03-29-21,1212,03-29-21,4,FA,1098,109,NN,Semillas,Centeno,Centeno,$ 2100.00
03-19-21,373933,287,03-31-21,1216,03-31-21,4,FA,1103,109,NN,Semillas,Avena Blanca / Amarilla/ Byzantina,Avena Blanca / Amarilla/ Byzantina,$ 2100.00
03-19-21,373934,287,03-31-21,1217,03-31-21,4,FA,1103,109,NN,Semillas,Alfalfa,Alfalfa,$ 2100.00
03-22-21,373969,288,04-05-21,1222,04-05-21,4,FA,1109,4464,NN,Semillas,Fuerza Total,Alfalfa,$ 2900.00
03-22-21,373970,289,03-31-21,1215,03-31-21,4,FA,1104,4807,NN,Semillas,Fuerza Total,Centeno,$ 2900.00
03-22-21,373971,290,03-31-21,1214,03-31-21,4,FA,1105,981,NN,Semillas,Fuerza Total,Trigo,$ 2900.00
03-23-21,373972,291,04-05-21,1221,04-05-21,4,FA,1108,4237,NN,Semillas,Convenio Syngenta Trigo,Trigo,$ 2800.00
03-23-21,373973,291,04-05-21,1220,04-05-21,4,FA,1108,4237,NN,Semillas,Convenio Syngenta Trigo,Trigo,$ 2800.00
03-23-21,373974,292,04-20-21,1252,04-21-21,4,FA,1153,4040,NN,Semillas,Semilla Vital Megatérmicas,Panicum Coloratum,$ 4000.00
03-25-21,373975,293,04-05-21,1219,04-05-21,4,FA,1106,670,NN,Semillas,Trigo,Trigo,$ 2100.00
03-25-21,373976,294,03-26-21,1189,03-29-21,4,FA,1093,3349,NN,Semillas,Avena Blanca / Amarilla/ Byzantina,Avena Blanca / Amarilla/ Byzantina,$ 2600.00
03-25-21,373977,294,03-26-21,1188,03-29-21,4,FA,1093,3349,NN,Semillas,Trigo,Trigo,$ 2600.00
03-26-21,374056,295,04-05-21,1218,04-05-21,4,FA,1107,760,NN,Semillas,Fuerza Total Curado,Trigo,$ 5100.00
03-26-21,374061,296,04-06-21,1225,04-06-21,4,FA,1116,1779,NN,Semillas,Fuerza Total,Trigo,$ 2900.00
03-26-21,374062,296,04-06-21,1224,04-06-21,4,FA,1116,1779,NN,Semillas,Fuerza Total,Trigo,$ 2900.00
03-29-21,374063,297,04-08-21,1232,04-08-21,4,FA,1125,2375,NN,Semillas,Doble Poder,Trigo,$ 3800.00
03-29-21,374064,297,04-08-21,1231,04-08-21,4,FA,1125,2375,NN,Semillas,Doble Poder,Trigo,$ 3800.00
03-29-21,374065,297,04-08-21,1230,04-08-21,4,FA,1125,2375,NN,Semillas,Doble Poder,Trigo,$ 3800.00
03-29-21,374066,297,04-08-21,1229,04-08-21,4,FA,1125,2375,NN,Semillas,Doble Poder,Trigo,$ 3800.00
03-29-21,374067,297,04-08-21,1228,04-08-21,4,FA,1125,2375,NN,Semillas,Doble Poder,Trigo,$ 3800.00
03-30-21,374151,298,04-08-21,1234,04-08-21,4,FA,1123,760,NN,Semillas,Fuerza Total Curado,Trigo,$ 3300.00
03-30-21,374152,298,04-08-21,1233,04-08-21,4,FA,1123,760,NN,Semillas,Fuerza Total Curado,Trigo,$ 3300.00
03-31-21,374203,299,04-08-21,1236,04-08-21,4,FA,1127,25,NN,Semillas,Trigo,Trigo,$ 2600.00
03-31-21,374204,299,04-08-21,1235,04-08-21,4,FA,1127,25,NN,Semillas,Trigo,Trigo,$ 2600.00
03-31-21,374205,299,04-08-21,1239,04-08-21,4,FA,1127,25,NN,Semillas,Garbanzo,Garbanzo,$ 2600.00
03-31-21,374206,299,04-08-21,1238,04-08-21,4,FA,1127,25,NN,Semillas,Garbanzo,Garbanzo,$ 2600.00
03-31-21,374207,300,04-07-21,1227,04-07-21,4,FA,1122,1035,NN,Semillas,Trigo,Trigo,$ 2100.00
03-31-21,374208,300,04-07-21,1226,04-07-21,4,FA,1122,1035,NN,Semillas,Trigo,Trigo,$ 2100.00
03-31-21,374209,301,04-08-21,1237,04-08-21,4,FA,1124,1398,NN,Semillas,Trigo,Trigo,$ 2100.00
03-31-21,374210,302,04-08-21,1241,04-08-21,4,FA,1126,3659,NN,Semillas,Fuerza Total,Garbanzo,$ 2900.00
03-31-21,374211,302,04-08-21,1240,04-08-21,4,FA,1126,3659,NN,Semillas,Fuerza Total,Garbanzo,$ 2900.00
04-05-21,374315,303,04-13-21,1242,04-14-21,4,FA,1132,798,NN,Semillas,Trigo,Trigo,$ 2100.00
04-05-21,374316,304,05-07-21,1266,05-10-21,4,FA,1179,2432,NN,Semillas,Semilla Vital Megatérmicas,Gatton Panic,$ 4000.00
04-05-21,374323,305,04-16-21,1248,04-16-21,4,FA,1143,3519,NN,Semillas,Trigo,Trigo,$ 2100.00
04-07-21,374368,306,04-15-21,1244,04-15-21,4,FA,1138,981,NN,Semillas,Fuerza Total,Trigo,$ 2900.00
04-07-21,374369,306,04-15-21,1243,04-15-21,4,FA,1138,981,NN,Semillas,Fuerza Total,Trigo,$ 2900.00
04-07-21,374370,306,04-16-21,1249,04-16-21,4,FA,1140,981,NN,Semillas,Fuerza Total,Trigo,$ 2900.00
04-07-21,374371,307,04-19-21,1250,04-19-21,4,FA,1149,4557,NN,Semillas,Lenteja,Lenteja,$ 2100.00
04-08-21,374541,308,04-16-21,1247,04-16-21,4,FA,1142,1856,NN,Semillas,Trigo,Trigo,$ 2600.00
04-08-21,374542,308,04-20-21,1253,04-21-21,4,FA,1154,1856,NN,Semillas,Trigo,Trigo,$ 2600.00
04-08-21,374543,308,04-16-21,1246,04-16-21,4,FA,1142,1856,NN,Semillas,Trigo,Trigo,$ 2600.00
04-09-21,374544,309,04-22-21,1254,04-23-21,4,FA,1157,1974,NN,Semillas,Alfalfa,Alfalfa,$ 2100.00
04-09-21,374545,310,04-16-21,1245,04-16-21,4,FA,1139,760,NN,Semillas,Fuerza Total,Maíz,$ 2900.00
04-15-21,374636,312,04-23-21,1256,04-23-21,4,FA,1158,4312,NN,Semillas,Trigo,Trigo,$ 2100.00
04-15-21,374637,312,04-23-21,1255,04-23-21,4,FA,1158,4312,NN,Semillas,Trigo,Trigo,$ 2100.00
04-22-21,374701,313,04-28-21,1262,04-28-21,4,FA,1162,392,NN,Semillas,Trigo,Trigo,$ 2100.00
04-22-21,374702,313,04-28-21,1261,04-28-21,4,FA,1162,392,NN,Semillas,Trigo,Trigo,$ 2100.00
04-22-21,374703,313,04-28-21,1260,04-28-21,4,FA,1162,392,NN,Semillas,Trigo,Trigo,$ 2100.00
04-22-21,374704,313,04-28-21,1259,04-28-21,4,FA,1162,392,NN,Semillas,Trigo,Trigo,$ 2100.00
04-22-21,374705,313,04-28-21,1258,04-28-21,4,FA,1162,392,NN,Semillas,Trigo,Trigo,$ 2100.00
04-22-21,374706,313,04-28-21,1257,04-28-21,4,FA,1162,392,NN,Semillas,Trigo,Trigo,$ 2100.00
04-26-21,374879,314,05-04-21,1263,05-06-21,4,FA,1173,4396,NN,Semillas,Trigo,Trigo,$ 2100.00
04-27-21,374906,315,05-07-21,1265,05-10-21,4,FA,1181,4237,NN,Semillas,Convenio Syngenta Trigo,Trigo,$ 2800.00
04-27-21,374907,315,05-07-21,1264,05-10-21,4,FA,1181,4237,NN,Semillas,Convenio Syngenta Trigo,Trigo,$ 2800.00
04-29-21,374916,316,05-11-21,1277,05-11-21,4,FA,1186,2120,NN,Semillas,Triticale,Triticale,$ 2100.00
04-29-21,375151,317,05-07-21,1268,05-10-21,4,FA,1180,1864,NN,Semillas,Fuerza Total Curado,Trigo,$ 3300.00
04-29-21,375152,317,05-11-21,1276,05-11-21,4,FA,1185,1864,NN,Semillas,Fuerza Total Curado,Trigo,$ 3300.00
04-29-21,375153,317,05-07-21,1267,05-10-21,4,FA,1180,1864,NN,Semillas,Fuerza Total Curado,Trigo,$ 3300.00
04-29-21,375154,317,05-10-21,1275,05-11-21,4,FA,1185,1864,NN,Semillas,Fuerza Total,Centeno,$ 2900.00
04-30-21,375159,318,05-07-21,1274,05-10-21,4,FA,1178,760,NN,Semillas,Fuerza Total Curado,Soja,$ 3300.00
04-30-21,375160,319,05-07-21,1273,05-10-21,4,FA,1178,760,NN,Semillas,Fuerza Total,Trigo,$ 4700.00
04-30-21,375161,320,05-07-21,1272,05-10-21,4,FA,1178,760,NN,Semillas,Maíz,Maíz,$ 2100.00
04-30-21,375162,320,05-07-21,1271,05-10-21,4,FA,1178,760,NN,Semillas,Maíz,Maíz,$ 2100.00
04-30-21,375244,321,05-07-21,1270,05-10-21,4,FA,1177,4396,NN,Semillas,Trigo,Trigo,$ 2100.00
04-30-21,375245,321,05-07-21,1269,05-10-21,4,FA,1177,4396,NN,Semillas,Trigo,Trigo,$ 2100.00
05-04-21,375301,322,05-13-21,1286,05-13-21,4,FA,1191,4797,NN,Semillas,Fuerza Total,Soja,$ 2900.00
05-04-21,375302,322,05-13-21,1285,05-13-21,4,FA,1191,4797,NN,Semillas,Fuerza Total,Soja,$ 2900.00
05-04-21,375303,322,05-13-21,1284,05-13-21,4,FA,1191,4797,NN,Semillas,Fuerza Total,Soja,$ 2900.00
05-04-21,375304,322,05-13-21,1283,05-13-21,4,FA,1191,4797,NN,Semillas,Fuerza Total,Soja,$ 2900.00
05-04-21,375305,322,05-13-21,1282,05-13-21,4,FA,1191,4797,NN,Semillas,Fuerza Total,Soja,$ 2900.00
05-04-21,375306,322,05-13-21,1281,05-13-21,4,FA,1191,4797,NN,Semillas,Fuerza Total,Soja,$ 2900.00
05-04-21,375307,322,05-13-21,1280,05-13-21,4,FA,1191,4797,NN,Semillas,Fuerza Total,Soja,$ 2900.00
05-04-21,375308,322,05-13-21,1279,05-13-21,4,FA,1191,4797,NN,Semillas,Fuerza Total,Soja,$ 2900.00
05-04-21,375309,322,05-13-21,1278,05-13-21,4,FA,1191,4797,NN,Semillas,Fuerza Total,Soja,$ 2900.00
05-07-21,375441,323,05-14-21,1287,05-15-21,4,FA,1194,760,NN,Semillas,Fuerza Total,Trigo,$ 2900.00
05-10-21,375442,324,05-18-21,1288,05-19-21,4,FA,1204,1293,NN,Semillas,Soja,Soja,$ 2100.00
05-14-21,375528,325,05-21-21,1294,05-26-21,4,FA,1207,4108,NN,Semillas,Pack Integral,Poroto,$ 5300.00
05-14-21,375529,325,05-21-21,1293,05-26-21,4,FA,1207,4108,NN,Semillas,Pack Integral,Poroto,$ 5300.00
05-14-21,375530,325,05-21-21,1292,05-26-21,4,FA,1207,4108,NN,Semillas,Pack Integral,Poroto,$ 5300.00
05-17-21,375538,326,05-26-21,1296,05-26-21,4,FA,1211,1856,NN,Semillas,Trigo,Trigo,$ 2600.00
05-17-21,375539,326,05-26-21,1295,05-26-21,4,FA,1211,1856,NN,Semillas,Trigo,Trigo,$ 2600.00
05-18-21,375544,328,06-02-21,1320,06-03-21,4,FA,1223,104,NN,Semillas,Fuerza Total Curado,Sorgo,$ 3300.00
05-18-21,375545,328,06-02-21,1319,06-03-21,4,FA,1223,104,NN,Semillas,Fuerza Total Curado,Sorgo,$ 3300.00
05-18-21,375549,327,05-19-21,1291,05-19-21,4,FA,1203,4835,NN,Semillas,Soja,Soja,$ 1300.00
05-18-21,375550,327,05-19-21,1290,05-19-21,4,FA,1203,4835,NN,Semillas,Soja,Soja,$ 1300.00
05-18-21,375551,327,05-19-21,1289,05-19-21,4,FA,1203,4835,NN,Semillas,Soja,Soja,$ 1300.00
05-18-21,375552,328,06-02-21,1318,06-03-21,4,FA,1223,104,NN,Semillas,Fuerza Total Curado,Sorgo,$ 3300.00
05-18-21,375553,328,06-02-21,1317,06-03-21,4,FA,1223,104,NN,Semillas,Fuerza Total Curado,Sorgo,$ 3300.00
05-19-21,375563,329,05-28-21,1298,05-31-21,4,FA,1212,392,NN,Semillas,Convenio Syngenta Trigo,Trigo,$ 2800.00
05-19-21,375564,329,05-28-21,1297,05-31-21,4,FA,1212,392,NN,Semillas,Convenio Syngenta Trigo,Trigo,$ 2800.00
05-19-21,375565,330,05-28-21,1301,05-31-21,4,FA,1212,392,NN,Semillas,Poroto,Poroto,$ 2100.00
05-19-21,375566,330,05-28-21,1300,05-31-21,4,FA,1212,392,NN,Semillas,Poroto,Poroto,$ 2100.00
05-19-21,375567,330,05-28-21,1299,05-31-21,4,FA,1212,392,NN,Semillas,Poroto,Poroto,$ 2100.00
05-20-21,375571,331,05-31-21,1316,06-01-21,4,FA,1219,25,NN,Semillas,Maní,Maní,$ 2600.00
05-20-21,375572,331,05-31-21,1315,06-01-21,4,FA,1219,25,NN,Semillas,Maní,Maní,$ 2600.00
05-20-21,375573,331,05-31-21,1314,06-01-21,4,FA,1219,25,NN,Semillas,Maní,Maní,$ 2600.00
05-20-21,375574,331,05-31-21,1313,06-01-21,4,FA,1219,25,NN,Semillas,Maní,Maní,$ 2600.00
05-20-21,375575,331,05-31-21,1312,06-01-21,4,FA,1219,25,NN,Semillas,Maní,Maní,$ 2600.00
05-20-21,375576,331,05-31-21,1311,06-01-21,4,FA,1219,25,NN,Semillas,Maní,Maní,$ 2600.00
05-20-21,375577,331,05-31-21,1310,06-01-21,4,FA,1219,25,NN,Semillas,Maní,Maní,$ 2600.00
05-20-21,375578,331,05-31-21,1309,06-01-21,4,FA,1219,25,NN,Semillas,Maní,Maní,$ 2600.00
05-20-21,375579,331,05-31-21,1308,06-01-21,4,FA,1219,25,NN,Semillas,Maní,Maní,$ 2600.00
05-20-21,375580,331,05-31-21,1307,06-01-21,4,FA,1219,25,NN,Semillas,Maní,Maní,$ 2600.00
05-20-21,375581,331,05-31-21,1306,06-01-21,4,FA,1219,25,NN,Semillas,Maní,Maní,$ 2600.00
05-20-21,375582,331,05-31-21,1305,06-01-21,4,FA,1219,25,NN,Semillas,Maní,Maní,$ 2600.00
05-20-21,375583,331,05-31-21,1304,06-01-21,4,FA,1219,25,NN,Semillas,Maní,Maní,$ 2600.00
05-20-21,375584,331,05-31-21,1303,06-01-21,4,FA,1219,25,NN,Semillas,Maní,Maní,$ 2600.00
05-20-21,375585,331,05-31-21,1302,06-01-21,4,FA,1219,25,NN,Semillas,Maní,Maní,$ 2600.00
05-21-21,375621,332,06-11-21,1370,06-14-21,4,FA,1232,3660,NN,Semillas,Semilla Vital,Coriandro,$ 3800.00
05-26-21,375636,333,06-03-21,1322,06-04-21,4,FA,1224,4849,NN,Semillas,¿Cuántos Kilos Siembro?,Soja,$ 4000.00
05-26-21,375637,333,06-03-21,1321,06-04-21,4,FA,1224,4849,NN,Semillas,¿Cuántos Kilos Siembro?,Soja,$ 4000.00
05-28-21,375674,334,06-04-21,1340,06-07-21,4,FA,1225,392,NN,Semillas,Convenio Syngenta Soja Completo,Soja,$ 2800.00
05-28-21,375675,334,06-04-21,1339,06-07-21,4,FA,1225,392,NN,Semillas,Convenio Syngenta Soja Completo,Soja,$ 2800.00
05-28-21,375676,334,06-04-21,1338,06-07-21,4,FA,1225,392,NN,Semillas,Convenio Syngenta Soja Completo,Soja,$ 2800.00
05-28-21,375677,334,06-04-21,1337,06-07-21,4,FA,1225,392,NN,Semillas,Convenio Syngenta Soja Completo,Soja,$ 2800.00
05-28-21,375678,334,06-04-21,1336,06-07-21,4,FA,1225,392,NN,Semillas,Convenio Syngenta Soja Completo,Soja,$ 2800.00
05-28-21,375679,334,06-04-21,1335,06-07-21,4,FA,1225,392,NN,Semillas,Convenio Syngenta Soja Completo,Soja,$ 2800.00
05-28-21,375680,334,06-04-21,1334,06-07-21,4,FA,1225,392,NN,Semillas,Convenio Syngenta Soja Completo,Soja,$ 2800.00
05-28-21,375681,334,06-04-21,1333,06-07-21,4,FA,1225,392,NN,Semillas,Convenio Syngenta Soja Completo,Soja,$ 2800.00
05-28-21,375682,334,06-04-21,1332,06-07-21,4,FA,1225,392,NN,Semillas,Convenio Syngenta Soja Completo,Soja,$ 2800.00
05-28-21,375683,334,06-04-21,1331,06-07-21,4,FA,1225,392,NN,Semillas,Convenio Syngenta Soja Completo,Soja,$ 2800.00
05-28-21,375684,334,06-04-21,1330,06-07-21,4,FA,1225,392,NN,Semillas,Convenio Syngenta Soja Completo,Soja,$ 2800.00
05-28-21,375685,334,06-04-21,1329,06-07-21,4,FA,1225,392,NN,Semillas,Convenio Syngenta Soja Completo,Soja,$ 2800.00
05-28-21,375686,334,06-04-21,1328,06-07-21,4,FA,1225,392,NN,Semillas,Convenio Syngenta Soja Completo,Soja,$ 2800.00
05-28-21,375687,334,06-04-21,1327,06-07-21,4,FA,1225,392,NN,Semillas,Convenio Syngenta Soja Completo,Soja,$ 2800.00
05-28-21,375688,334,06-04-21,1326,06-07-21,4,FA,1225,392,NN,Semillas,Convenio Syngenta Soja Completo,Soja,$ 2800.00
05-28-21,375689,334,06-04-21,1325,06-07-21,4,FA,1225,392,NN,Semillas,Convenio Syngenta Soja Completo,Soja,$ 2800.00
05-28-21,375690,334,06-04-21,1324,06-07-21,4,FA,1225,392,NN,Semillas,Convenio Syngenta Soja Completo,Soja,$ 2800.00
05-28-21,375691,334,06-04-21,1323,06-07-21,4,FA,1225,392,NN,Semillas,Convenio Syngenta Soja Completo,Soja,$ 2800.00
06-02-21,375719,337,06-08-21,1346,06-09-21,4,FA,1229,4237,NN,Semillas,Convenio Syngenta Soja Completo,Soja,$ 2400.00
06-02-21,375720,337,06-08-21,1345,06-09-21,4,FA,1229,4237,NN,Semillas,Convenio Syngenta Soja Completo,Soja,$ 2400.00
06-02-21,375721,337,06-08-21,1344,06-09-21,4,FA,1229,4237,NN,Semillas,Convenio Syngenta Soja Completo,Soja,$ 2400.00
06-02-21,375722,337,06-08-21,1343,06-09-21,4,FA,1229,4237,NN,Semillas,Convenio Syngenta Soja Completo,Soja,$ 2400.00
06-02-21,375723,337,06-08-21,1342,06-09-21,4,FA,1229,4237,NN,Semillas,Convenio Syngenta Soja Completo,Soja,$ 2400.00
06-02-21,375724,337,06-08-21,1341,06-09-21,4,FA,1229,4237,NN,Semillas,Convenio Syngenta Soja Completo,Soja,$ 2400.00
06-01-21,375725,335,06-08-21,1356,06-11-21,4,FA,1231,392,NN,Semillas,Convenio Syngenta Soja Completo,Soja,$ 3300.00
06-01-21,375726,335,06-08-21,1355,06-11-21,4,FA,1231,392,NN,Semillas,Convenio Syngenta Soja Completo,Soja,$ 3300.00
06-01-21,375727,335,06-08-21,1354,06-11-21,4,FA,1231,392,NN,Semillas,Convenio Syngenta Soja Completo,Soja,$ 3300.00
06-01-21,375728,335,06-08-21,1353,06-11-21,4,FA,1231,392,NN,Semillas,Convenio Syngenta Soja Completo,Soja,$ 3300.00
06-01-21,375729,335,06-08-21,1352,06-11-21,4,FA,1231,392,NN,Semillas,Convenio Syngenta Soja Completo,Soja,$ 3300.00
06-01-21,375730,335,06-08-21,1351,06-11-21,4,FA,1231,392,NN,Semillas,Convenio Syngenta Soja Completo,Soja,$ 3300.00
06-08-21,375731,335,06-10-21,1357,06-11-21,4,FA,1231,392,NN,Semillas,Convenio Syngenta Soja Completo,Soja,$ 3300.00
06-01-21,375732,335,06-08-21,1350,06-11-21,4,FA,1231,392,NN,Semillas,Convenio Syngenta Soja Completo,Soja,$ 3300.00
06-01-21,375733,335,06-08-21,1349,06-11-21,4,FA,1231,392,NN,Semillas,Convenio Syngenta Soja Completo,Soja,$ 3300.00
06-01-21,375734,335,06-08-21,1348,06-11-21,4,FA,1231,392,NN,Semillas,Convenio Syngenta Soja Completo,Soja,$ 3300.00
06-01-21,375735,335,06-08-21,1347,06-11-21,4,FA,1231,392,NN,Semillas,Convenio Syngenta Soja Completo,Soja,$ 3300.00
06-02-21,375736,336,06-14-21,1407,06-15-21,4,FA,1239,25,NN,Semillas,Maní,Maní,$ 2800.00
06-02-21,375737,336,06-14-21,1406,06-15-21,4,FA,1239,25,NN,Semillas,Maní,Maní,$ 2800.00
06-02-21,375738,336,06-14-21,1405,06-15-21,4,FA,1239,25,NN,Semillas,Maní,Maní,$ 2800.00
06-02-21,375739,336,06-14-21,1404,06-15-21,4,FA,1239,25,NN,Semillas,Maní,Maní,$ 2800.00
06-02-21,375740,336,06-14-21,1403,06-15-21,4,FA,1239,25,NN,Semillas,Maní,Maní,$ 2800.00
06-02-21,375741,336,06-14-21,1402,06-15-21,4,FA,1239,25,NN,Semillas,Maní,Maní,$ 2800.00
06-02-21,375742,336,06-14-21,1401,06-15-21,4,FA,1239,25,NN,Semillas,Maní,Maní,$ 2800.00
06-02-21,375743,336,06-14-21,1400,06-15-21,4,FA,1239,25,NN,Semillas,Maní,Maní,$ 2800.00
06-02-21,375744,336,06-14-21,1399,06-15-21,4,FA,1239,25,NN,Semillas,Maní,Maní,$ 2800.00
06-02-21,375745,336,06-14-21,1398,06-15-21,4,FA,1239,25,NN,Semillas,Maní,Maní,$ 2800.00
06-02-21,375746,336,06-14-21,1397,06-15-21,4,FA,1239,25,NN,Semillas,Maní,Maní,$ 2800.00
06-02-21,375747,336,06-14-21,1396,06-15-21,4,FA,1239,25,NN,Semillas,Maní,Maní,$ 2800.00
06-02-21,375748,336,06-14-21,1395,06-15-21,4,FA,1239,25,NN,Semillas,Maní,Maní,$ 2800.00
06-02-21,375749,336,06-14-21,1394,06-15-21,4,FA,1239,25,NN,Semillas,Maní,Maní,$ 2800.00
06-02-21,375750,336,06-14-21,1393,06-15-21,4,FA,1239,25,NN,Semillas,Maní,Maní,$ 2800.00
06-02-21,375751,336,06-14-21,1392,06-15-21,4,FA,1239,25,NN,Semillas,Maní,Maní,$ 2800.00
06-02-21,375752,336,06-14-21,1391,06-15-21,4,FA,1239,25,NN,Semillas,Maní,Maní,$ 2800.00
06-02-21,375753,336,06-14-21,1390,06-15-21,4,FA,1239,25,NN,Semillas,Maní,Maní,$ 2800.00
06-02-21,375754,336,06-14-21,1389,06-15-21,4,FA,1239,25,NN,Semillas,Maní,Maní,$ 2800.00
06-02-21,375755,336,06-14-21,1388,06-15-21,4,FA,1239,25,NN,Semillas,Maní,Maní,$ 2800.00
06-02-21,375756,336,06-14-21,1387,06-15-21,4,FA,1239,25,NN,Semillas,Maní,Maní,$ 2800.00
06-02-21,375757,336,06-14-21,1386,06-15-21,4,FA,1239,25,NN,Semillas,Maní,Maní,$ 2800.00
06-02-21,375758,336,06-14-21,1385,06-15-21,4,FA,1239,25,NN,Semillas,Maní,Maní,$ 2800.00
06-02-21,375759,336,06-14-21,1384,06-15-21,4,FA,1239,25,NN,Semillas,Maní,Maní,$ 2800.00
06-02-21,375760,336,06-14-21,1383,06-15-21,4,FA,1239,25,NN,Semillas,Maní,Maní,$ 2800.00
06-02-21,375761,336,06-14-21,1382,06-15-21,4,FA,1239,25,NN,Semillas,Maní,Maní,$ 2800.00
06-02-21,375762,336,06-14-21,1381,06-15-21,4,FA,1239,25,NN,Semillas,Maní,Maní,$ 2800.00
06-02-21,375763,336,06-14-21,1380,06-15-21,4,FA,1239,25,NN,Semillas,Maní,Maní,$ 2800.00
06-02-21,375764,336,06-14-21,1379,06-15-21,4,FA,1239,25,NN,Semillas,Maní,Maní,$ 2800.00
06-02-21,375765,336,06-14-21,1378,06-15-21,4,FA,1239,25,NN,Semillas,Maní,Maní,$ 2800.00
06-02-21,375766,336,06-14-21,1377,06-15-21,4,FA,1239,25,NN,Semillas,Maní,Maní,$ 2800.00
06-02-21,375767,336,06-14-21,1376,06-15-21,4,FA,1239,25,NN,Semillas,Maní,Maní,$ 2800.00
06-02-21,375768,336,06-14-21,1375,06-15-21,4,FA,1239,25,NN,Semillas,Maní,Maní,$ 2800.00
06-02-21,375769,336,06-14-21,1374,06-15-21,4,FA,1239,25,NN,Semillas,Maní,Maní,$ 2800.00
06-02-21,375770,336,06-14-21,1373,06-15-21,4,FA,1239,25,NN,Semillas,Maní,Maní,$ 2800.00
06-02-21,375771,336,06-14-21,1372,06-15-21,4,FA,1239,25,NN,Semillas,Maní,Maní,$ 2800.00
06-02-21,375772,336,06-14-21,1371,06-15-21,4,FA,1239,25,NN,Semillas,Maní,Maní,$ 2800.00
06-03-21,375773,338,06-11-21,1360,06-14-21,4,FA,1234,4738,NN,Semillas,Fuerza Total Curado,Soja,$ 3400.00
06-03-21,375774,338,06-11-21,1359,06-14-21,4,FA,1234,4738,NN,Semillas,Fuerza Total Curado,Soja,$ 3400.00
06-03-21,375775,339,06-11-21,1358,06-14-21,4,FA,1235,4737,NN,Semillas,Fuerza Total Curado,Soja,$ 3400.00
06-03-21,375823,340,06-15-21,1411,06-16-21,4,FA,1243,392,NN,Semillas,Trigo,Trigo,$ 2300.00
06-03-21,375824,340,06-15-21,1410,06-16-21,4,FA,1243,392,NN,Semillas,Trigo,Trigo,$ 2300.00
06-03-21,375825,340,06-15-21,1409,06-16-21,4,FA,1243,392,NN,Semillas,Trigo,Trigo,$ 2300.00
06-03-21,375826,340,06-15-21,1408,06-16-21,4,FA,1243,392,NN,Semillas,Trigo,Trigo,$ 2300.00
06-04-21,375827,341,06-11-21,1369,06-14-21,4,FA,1233,392,NN,Semillas,Convenio Syngenta Soja Completo,Soja,$ 3300.00
06-04-21,375828,341,06-11-21,1368,06-14-21,4,FA,1233,392,NN,Semillas,Convenio Syngenta Soja Completo,Soja,$ 3300.00
06-04-21,375829,341,06-11-21,1367,06-14-21,4,FA,1233,392,NN,Semillas,Convenio Syngenta Soja Completo,Soja,$ 3300.00
06-04-21,375830,341,06-11-21,1366,06-14-21,4,FA,1233,392,NN,Semillas,Convenio Syngenta Soja Completo,Soja,$ 3300.00
06-04-21,375831,341,06-11-21,1365,06-14-21,4,FA,1233,392,NN,Semillas,Convenio Syngenta Soja Completo,Soja,$ 3300.00
06-04-21,375832,341,06-11-21,1364,06-14-21,4,FA,1233,392,NN,Semillas,Convenio Syngenta Soja Completo,Soja,$ 3300.00
06-04-21,375833,341,06-11-21,1363,06-14-21,4,FA,1233,392,NN,Semillas,Convenio Syngenta Soja Completo,Soja,$ 3300.00
06-04-21,375834,341,06-11-21,1362,06-14-21,4,FA,1233,392,NN,Semillas,Convenio Syngenta Soja Completo,Soja,$ 3300.00
06-04-21,375835,341,06-11-21,1361,06-14-21,4,FA,1233,392,NN,Semillas,Convenio Syngenta Soja Completo,Soja,$ 3300.00
06-08-21,375841,342,06-16-21,1418,06-17-21,4,FA,1244,392,NN,Semillas,Convenio Syngenta Soja Completo,Soja,$ 3300.00
06-08-21,375842,342,06-16-21,1417,06-17-21,4,FA,1244,392,NN,Semillas,Convenio Syngenta Soja Completo,Soja,$ 3300.00
06-08-21,375843,342,06-16-21,1416,06-17-21,4,FA,1244,392,NN,Semillas,Convenio Syngenta Soja Completo,Soja,$ 3300.00
06-08-21,375844,342,06-16-21,1415,06-17-21,4,FA,1244,392,NN,Semillas,Convenio Syngenta Soja Completo,Soja,$ 3300.00
06-08-21,375845,342,06-16-21,1414,06-17-21,4,FA,1244,392,NN,Semillas,Convenio Syngenta Soja Completo,Soja,$ 3300.00
06-08-21,375846,342,06-16-21,1413,06-17-21,4,FA,1244,392,NN,Semillas,Convenio Syngenta Soja Completo,Soja,$ 3300.00
06-08-21,375847,342,06-16-21,1412,06-17-21,4,FA,1244,392,NN,Semillas,Convenio Syngenta Soja Completo,Soja,$ 3300.00
06-11-21,375885,343,06-18-21,1423,06-23-21,4,FA,1249,760,NN,Semillas,Doble Poder,Trigo,$ 4100.00
06-11-21,375886,344,06-18-21,1420,06-22-21,4,FA,1246,4339,NN,Semillas,Soja,Soja,$ 2300.00
06-11-21,375887,344,06-18-21,1419,06-22-21,4,FA,1246,4339,NN,Semillas,Soja,Soja,$ 2300.00
06-11-21,375888,345,06-18-21,1422,06-22-21,4,FA,1247,3875,NN,Semillas,Soja,Soja,$ 2300.00
06-11-21,375889,345,06-18-21,1421,06-22-21,4,FA,1247,3875,NN,Semillas,Soja,Soja,$ 2300.00
06-14-21,375891,346,06-30-21,1458,06-30-21,4,FA,1263,392,NN,Semillas,Convenio Syngenta Soja Completo,Soja,$ 3300.00
06-14-21,375892,346,06-30-21,1457,06-30-21,4,FA,1263,392,NN,Semillas,Convenio Syngenta Soja Completo,Soja,$ 3300.00
06-14-21,375893,346,06-30-21,1456,06-30-21,4,FA,1263,392,NN,Semillas,Convenio Syngenta Soja Completo,Soja,$ 3300.00
06-14-21,375894,346,06-30-21,1455,06-30-21,4,FA,1263,392,NN,Semillas,Convenio Syngenta Soja Completo,Soja,$ 3300.00
06-14-21,375895,346,06-30-21,1454,06-30-21,4,FA,1263,392,NN,Semillas,Convenio Syngenta Soja Completo,Soja,$ 3300.00
06-14-21,375896,346,06-30-21,1453,06-30-21,4,FA,1263,392,NN,Semillas,Convenio Syngenta Soja Completo,Soja,$ 3300.00
06-14-21,375897,346,06-30-21,1452,06-30-21,4,FA,1263,392,NN,Semillas,Convenio Syngenta Soja Completo,Soja,$ 3300.00
06-14-21,375898,346,06-30-21,1451,06-30-21,4,FA,1263,392,NN,Semillas,Convenio Syngenta Soja Completo,Soja,$ 3300.00
06-14-21,375899,346,06-30-21,1450,06-30-21,4,FA,1263,392,NN,Semillas,Convenio Syngenta Soja Completo,Soja,$ 3300.00
06-14-21,375900,346,06-30-21,1449,06-30-21,4,FA,1263,392,NN,Semillas,Convenio Syngenta Soja Completo,Soja,$ 3300.00
06-14-21,375901,346,06-30-21,1448,06-30-21,4,FA,1263,392,NN,Semillas,Convenio Syngenta Soja Completo,Soja,$ 3300.00
06-14-21,375902,346,06-30-21,1447,06-30-21,4,FA,1263,392,NN,Semillas,Convenio Syngenta Soja Completo,Soja,$ 3300.00
06-14-21,375903,346,06-30-21,1446,06-30-21,4,FA,1263,392,NN,Semillas,Convenio Syngenta Soja Completo,Soja,$ 3300.00
06-14-21,375904,346,06-30-21,1445,06-30-21,4,FA,1263,392,NN,Semillas,Convenio Syngenta Soja Completo,Soja,$ 3300.00
06-14-21,375905,346,06-30-21,1444,06-30-21,4,FA,1263,392,NN,Semillas,Convenio Syngenta Soja Completo,Soja,$ 3300.00
06-14-21,375906,346,06-30-21,1443,06-30-21,4,FA,1263,392,NN,Semillas,Convenio Syngenta Soja Completo,Soja,$ 3300.00
06-14-21,375907,346,06-30-21,1442,06-30-21,4,FA,1263,392,NN,Semillas,Convenio Syngenta Soja Completo,Soja,$ 3300.00
06-14-21,375908,346,07-05-21,1521,07-08-21,4,FA,1279,392,NN,Semillas,Convenio Syngenta Soja Completo,Soja,$ 3300.00
06-14-21,375909,346,06-30-21,1441,06-30-21,4,FA,1263,392,NN,Semillas,Convenio Syngenta Soja Completo,Soja,$ 3300.00
06-14-21,375910,346,06-30-21,1440,06-30-21,4,FA,1263,392,NN,Semillas,Convenio Syngenta Soja Completo,Soja,$ 3300.00
06-14-21,375911,346,06-30-21,1439,06-30-21,4,FA,1263,392,NN,Semillas,Convenio Syngenta Soja Completo,Soja,$ 3300.00
06-14-21,375912,346,07-05-21,1520,07-08-21,4,FA,1279,392,NN,Semillas,Convenio Syngenta Soja Completo,Soja,$ 3300.00
06-14-21,375913,346,06-30-21,1438,06-30-21,4,FA,1263,392,NN,Semillas,Convenio Syngenta Soja Completo,Soja,$ 3300.00
06-14-21,375914,346,06-30-21,1437,06-30-21,4,FA,1263,392,NN,Semillas,Convenio Syngenta Soja Completo,Soja,$ 3300.00
06-14-21,375915,346,07-06-21,1519,07-08-21,4,FA,1279,392,NN,Semillas,Convenio Syngenta Soja Completo,Soja,$ 3300.00
06-14-21,375916,346,06-30-21,1436,06-30-21,4,FA,1263,392,NN,Semillas,Convenio Syngenta Soja Completo,Soja,$ 3300.00
06-14-21,375917,346,06-30-21,1435,06-30-21,4,FA,1263,392,NN,Semillas,Convenio Syngenta Soja Completo,Soja,$ 3300.00
06-14-21,375918,346,06-30-21,1434,06-30-21,4,FA,1263,392,NN,Semillas,Convenio Syngenta Soja Completo,Soja,$ 3300.00
06-14-21,375919,346,06-30-21,1433,06-30-21,4,FA,1263,392,NN,Semillas,Convenio Syngenta Soja Completo,Soja,$ 3300.00
06-14-21,375920,346,07-05-21,1492,07-08-21,4,FA,1279,392,NN,Semillas,Convenio Syngenta Soja Completo,Soja,$ 3300.00
06-14-21,375921,346,06-30-21,1432,06-30-21,4,FA,1263,392,NN,Semillas,Convenio Syngenta Soja Completo,Soja,$ 3300.00
06-14-21,375922,346,06-30-21,1431,06-30-21,4,FA,1263,392,NN,Semillas,Convenio Syngenta Soja Completo,Soja,$ 3300.00
06-14-21,375923,346,06-30-21,1430,06-30-21,4,FA,1263,392,NN,Semillas,Convenio Syngenta Soja Completo,Soja,$ 3300.00
06-14-21,375924,346,06-30-21,1429,06-30-21,4,FA,1263,392,NN,Semillas,Convenio Syngenta Soja Completo,Soja,$ 3300.00
06-15-21,375925,347,06-23-21,1424,06-24-21,4,FA,1252,2308,NN,Semillas,Soja,Soja,$ 2800.00
06-17-21,375926,348,06-29-21,1428,06-30-21,4,FA,1258,4237,NN,Semillas,Convenio Syngenta Básico,Soja,$ 2400.00
06-17-21,375927,348,06-29-21,1427,06-30-21,4,FA,1258,4237,NN,Semillas,Convenio Syngenta Básico,Soja,$ 2400.00
06-17-21,375928,348,06-29-21,1426,06-30-21,4,FA,1258,4237,NN,Semillas,Convenio Syngenta Básico,Soja,$ 2400.00
06-17-21,375929,348,06-29-21,1425,06-30-21,4,FA,1258,4237,NN,Semillas,Convenio Syngenta Básico,Soja,$ 2400.00
06-23-21,375960,353,07-01-21,1483,07-02-21,4,FA,1269,4237,NN,Semillas,Convenio Syngenta Básico,Soja,$ 2400.00
06-23-21,375961,353,07-01-21,1482,07-02-21,4,FA,1269,4237,NN,Semillas,Convenio Syngenta Básico,Soja,$ 2400.00
06-23-21,375962,353,07-01-21,1481,07-02-21,4,FA,1269,4237,NN,Semillas,Convenio Syngenta Básico,Soja,$ 2400.00
06-23-21,375963,353,07-01-21,1480,07-02-21,4,FA,1269,4237,NN,Semillas,Convenio Syngenta Básico,Soja,$ 2400.00
06-23-21,375964,353,07-01-21,1479,07-02-21,4,FA,1269,4237,NN,Semillas,Convenio Syngenta Básico,Soja,$ 2400.00
06-23-21,375965,353,07-01-21,1478,07-02-21,4,FA,1269,4237,NN,Semillas,Convenio Syngenta Básico,Soja,$ 2400.00
06-23-21,375966,353,07-01-21,1477,07-02-21,4,FA,1269,4237,NN,Semillas,Convenio Syngenta Básico,Soja,$ 2400.00
06-23-21,375967,353,07-01-21,1476,07-02-21,4,FA,1269,4237,NN,Semillas,Convenio Syngenta Básico,Soja,$ 2400.00
06-23-21,375968,353,07-01-21,1475,07-02-21,4,FA,1269,4237,NN,Semillas,Convenio Syngenta Básico,Soja,$ 2400.00
06-23-21,375969,353,07-01-21,1474,07-02-21,4,FA,1269,4237,NN,Semillas,Convenio Syngenta Básico,Soja,$ 2400.00
06-23-21,375970,353,07-01-21,1473,07-02-21,4,FA,1269,4237,NN,Semillas,Convenio Syngenta Básico,Soja,$ 2400.00
06-23-21,375971,353,07-01-21,1472,07-02-21,4,FA,1269,4237,NN,Semillas,Convenio Syngenta Básico,Soja,$ 2400.00
06-22-21,376029,349,07-01-21,1471,07-02-21,4,FA,1268,967,NN,Semillas,Soja,Soja,$ 2300.00
06-22-21,376030,349,07-01-21,1470,07-02-21,4,FA,1268,967,NN,Semillas,Soja,Soja,$ 2300.00
06-22-21,376031,349,07-01-21,1469,07-02-21,4,FA,1268,967,NN,Semillas,Soja,Soja,$ 2300.00
06-22-21,376032,349,07-01-21,1468,07-02-21,4,FA,1268,967,NN,Semillas,Soja,Soja,$ 2300.00
06-22-21,376033,349,07-01-21,1467,07-02-21,4,FA,1268,967,NN,Semillas,Soja,Soja,$ 2300.00
06-22-21,376034,349,07-01-21,1466,07-02-21,4,FA,1268,967,NN,Semillas,Soja,Soja,$ 2300.00
06-22-21,376043,350,06-30-21,1465,06-30-21,4,FA,1264,1171,NN,Semillas,Poroto Mung,Poroto Mung,$ 2800.00
06-22-21,376044,350,06-30-21,1464,06-30-21,4,FA,1264,1171,NN,Semillas,Poroto Mung,Poroto Mung,$ 2800.00
06-22-21,376045,350,06-30-21,1463,06-30-21,4,FA,1264,1171,NN,Semillas,Poroto Mung,Poroto Mung,$ 2800.00
06-22-21,376046,350,06-30-21,1462,06-30-21,4,FA,1264,1171,NN,Semillas,Poroto Mung,Poroto Mung,$ 2800.00
06-22-21,376047,350,06-30-21,1461,06-30-21,4,FA,1264,1171,NN,Semillas,Poroto Mung,Poroto Mung,$ 2800.00
06-22-21,376048,350,06-30-21,1460,06-30-21,4,FA,1264,1171,NN,Semillas,Poroto Mung,Poroto Mung,$ 2800.00
06-22-21,376049,350,06-30-21,1459,06-30-21,4,FA,1264,1171,NN,Semillas,Poroto Mung,Poroto Mung,$ 2800.00
06-23-21,376050,351,07-05-21,1548,07-06-21,4,FA,1274,522,NN,Semillas,Convenio Syngenta Soja Completo,Soja,$ 3300.00
06-23-21,376051,351,07-05-21,1547,07-06-21,4,FA,1274,522,NN,Semillas,Convenio Syngenta Soja Completo,Soja,$ 3300.00
06-23-21,376052,351,07-05-21,1546,07-06-21,4,FA,1274,522,NN,Semillas,Convenio Syngenta Soja Completo,Soja,$ 3300.00
06-23-21,376053,351,07-05-21,1545,07-06-21,4,FA,1274,522,NN,Semillas,Convenio Syngenta Soja Completo,Soja,$ 3300.00
06-23-21,376054,351,07-05-21,1544,07-06-21,4,FA,1274,522,NN,Semillas,Convenio Syngenta Soja Completo,Soja,$ 3300.00
06-23-21,376055,351,07-05-21,1543,07-06-21,4,FA,1274,522,NN,Semillas,Convenio Syngenta Soja Completo,Soja,$ 3300.00
06-23-21,376056,351,07-05-21,1542,07-06-21,4,FA,1274,522,NN,Semillas,Convenio Syngenta Soja Completo,Soja,$ 3300.00
06-23-21,376057,351,07-05-21,1541,07-06-21,4,FA,1274,522,NN,Semillas,Convenio Syngenta Soja Completo,Soja,$ 3300.00
06-23-21,376058,351,07-05-21,1540,07-06-21,4,FA,1274,522,NN,Semillas,Convenio Syngenta Soja Completo,Soja,$ 3300.00
06-23-21,376059,351,07-05-21,1539,07-06-21,4,FA,1274,522,NN,Semillas,Convenio Syngenta Soja Completo,Soja,$ 3300.00
06-23-21,376060,351,07-05-21,1538,07-06-21,4,FA,1274,522,NN,Semillas,Convenio Syngenta Soja Completo,Soja,$ 3300.00
06-23-21,376061,351,07-05-21,1537,07-06-21,4,FA,1274,522,NN,Semillas,Convenio Syngenta Soja Completo,Soja,$ 3300.00
06-23-21,376062,351,07-05-21,1536,07-06-21,4,FA,1274,522,NN,Semillas,Convenio Syngenta Soja Completo,Soja,$ 3300.00
06-23-21,376063,351,07-05-21,1535,07-06-21,4,FA,1274,522,NN,Semillas,Convenio Syngenta Soja Completo,Soja,$ 3300.00
06-23-21,376064,351,07-05-21,1534,07-06-21,4,FA,1274,522,NN,Semillas,Convenio Syngenta Soja Completo,Soja,$ 3300.00
06-23-21,376065,351,07-05-21,1533,07-06-21,4,FA,1274,522,NN,Semillas,Convenio Syngenta Soja Completo,Soja,$ 3300.00
06-23-21,376066,351,07-05-21,1532,07-06-21,4,FA,1274,522,NN,Semillas,Convenio Syngenta Soja Completo,Soja,$ 3300.00
06-23-21,376067,351,07-05-21,1531,07-06-21,4,FA,1274,522,NN,Semillas,Convenio Syngenta Soja Completo,Soja,$ 3300.00
06-23-21,376068,351,07-05-21,1530,07-06-21,4,FA,1274,522,NN,Semillas,Convenio Syngenta Soja Completo,Soja,$ 3300.00
06-23-21,376069,351,07-05-21,1529,07-06-21,4,FA,1274,522,NN,Semillas,Convenio Syngenta Soja Completo,Soja,$ 3300.00
06-23-21,376070,351,07-05-21,1528,07-06-21,4,FA,1274,522,NN,Semillas,Convenio Syngenta Soja Completo,Soja,$ 3300.00
06-23-21,376071,351,07-05-21,1527,07-06-21,4,FA,1274,522,NN,Semillas,Convenio Syngenta Soja Completo,Soja,$ 3300.00
06-23-21,376072,351,07-05-21,1526,07-06-21,4,FA,1274,522,NN,Semillas,Convenio Syngenta Soja Completo,Soja,$ 3300.00
06-23-21,376073,351,07-05-21,1525,07-06-21,4,FA,1274,522,NN,Semillas,Convenio Syngenta Soja Completo,Soja,$ 3300.00
06-23-21,376074,351,07-05-21,1524,07-06-21,4,FA,1274,522,NN,Semillas,Convenio Syngenta Soja Completo,Soja,$ 3300.00
06-23-21,376075,351,07-05-21,1523,07-06-21,4,FA,1274,522,NN,Semillas,Convenio Syngenta Soja Completo,Soja,$ 3300.00
06-23-21,376076,351,07-05-21,1522,07-06-21,4,FA,1274,522,NN,Semillas,Convenio Syngenta Soja Completo,Soja,$ 3300.00
06-23-21,376077,351,07-06-21,1555,07-08-21,4,FA,1285,522,NN,Semillas,Convenio Syngenta Soja Completo,Soja,$ 3300.00
06-23-21,376078,351,07-06-21,1554,07-08-21,4,FA,1285,522,NN,Semillas,Convenio Syngenta Soja Completo,Soja,$ 3300.00
06-23-21,376079,351,07-06-21,1553,07-08-21,4,FA,1285,522,NN,Semillas,Convenio Syngenta Soja Completo,Soja,$ 3300.00
06-23-21,376080,351,07-06-21,1552,07-08-21,4,FA,1285,522,NN,Semillas,Convenio Syngenta Soja Completo,Soja,$ 3300.00
06-23-21,376081,351,07-06-21,1551,07-08-21,4,FA,1285,522,NN,Semillas,Convenio Syngenta Soja Completo,Soja,$ 3300.00
06-23-21,376082,351,07-06-21,1550,07-08-21,4,FA,1285,522,NN,Semillas,Convenio Syngenta Soja Completo,Soja,$ 3300.00
06-23-21,376083,351,07-07-21,1564,07-08-21,4,FA,1285,522,NN,Semillas,Convenio Syngenta Soja Completo,Soja,$ 3300.00
06-23-21,376084,351,07-06-21,1549,07-08-21,4,FA,1285,522,NN,Semillas,Convenio Syngenta Soja Completo,Soja,$ 3300.00
06-23-21,376085,351,07-07-21,1563,07-08-21,4,FA,1285,522,NN,Semillas,Convenio Syngenta Soja Completo,Soja,$ 3300.00
06-23-21,376086,351,07-07-21,1562,07-08-21,4,FA,1285,522,NN,Semillas,Convenio Syngenta Soja Completo,Soja,$ 3300.00
06-23-21,376087,352,07-07-21,1561,07-08-21,4,FA,1284,392,NN,Semillas,Convenio Syngenta Soja Completo,Soja,$ 3300.00
06-23-21,376088,352,07-07-21,1560,07-08-21,4,FA,1284,392,NN,Semillas,Convenio Syngenta Soja Completo,Soja,$ 3300.00
06-23-21,376089,352,07-07-21,1559,07-08-21,4,FA,1284,392,NN,Semillas,Convenio Syngenta Soja Completo,Soja,$ 3300.00
06-23-21,376090,352,07-07-21,1558,07-08-21,4,FA,1284,392,NN,Semillas,Convenio Syngenta Soja Completo,Soja,$ 3300.00
06-23-21,376091,352,07-07-21,1557,07-08-21,4,FA,1284,392,NN,Semillas,Convenio Syngenta Soja Completo,Soja,$ 3300.00
06-23-21,376092,352,07-07-21,1556,07-08-21,4,FA,1284,392,NN,Semillas,Convenio Syngenta Soja Completo,Soja,$ 3300.00
06-25-21,376199,354,07-05-21,1518,07-06-21,4,FA,1275,9261,NN,Semillas,Convenio Syngenta Básico,Soja,$ 2400.00
06-25-21,376200,354,07-05-21,1517,07-06-21,4,FA,1275,9261,NN,Semillas,Convenio Syngenta Básico,Soja,$ 2400.00
06-25-21,376201,354,07-05-21,1516,07-06-21,4,FA,1275,9261,NN,Semillas,Convenio Syngenta Básico,Soja,$ 2400.00
06-25-21,376202,354,07-05-21,1515,07-06-21,4,FA,1275,9261,NN,Semillas,Convenio Syngenta Básico,Soja,$ 2400.00
06-25-21,376203,354,07-05-21,1514,07-06-21,4,FA,1275,9261,NN,Semillas,Convenio Syngenta Básico,Soja,$ 2400.00
06-25-21,376204,354,07-05-21,1513,07-06-21,4,FA,1275,9261,NN,Semillas,Convenio Syngenta Básico,Soja,$ 2400.00
06-25-21,376205,354,07-05-21,1512,07-06-21,4,FA,1275,9261,NN,Semillas,Convenio Syngenta Básico,Soja,$ 2400.00
06-25-21,376206,354,07-05-21,1511,07-06-21,4,FA,1275,9261,NN,Semillas,Convenio Syngenta Básico,Soja,$ 2400.00
06-25-21,376207,354,07-05-21,1510,07-06-21,4,FA,1275,9261,NN,Semillas,Convenio Syngenta Básico,Soja,$ 2400.00
06-25-21,376208,354,07-05-21,1509,07-06-21,4,FA,1275,9261,NN,Semillas,Convenio Syngenta Básico,Soja,$ 2400.00
06-25-21,376209,354,07-05-21,1508,07-06-21,4,FA,1275,9261,NN,Semillas,Convenio Syngenta Básico,Soja,$ 2400.00
06-25-21,376210,354,07-05-21,1507,07-06-21,4,FA,1275,9261,NN,Semillas,Convenio Syngenta Básico,Soja,$ 2400.00
06-25-21,376211,354,07-05-21,1506,07-06-21,4,FA,1275,9261,NN,Semillas,Convenio Syngenta Básico,Soja,$ 2400.00
06-25-21,376212,354,07-05-21,1505,07-06-21,4,FA,1275,9261,NN,Semillas,Convenio Syngenta Básico,Soja,$ 2400.00
06-25-21,376213,354,07-05-21,1504,07-06-21,4,FA,1275,9261,NN,Semillas,Convenio Syngenta Básico,Soja,$ 2400.00
06-25-21,376214,354,07-05-21,1503,07-06-21,4,FA,1275,9261,NN,Semillas,Convenio Syngenta Básico,Soja,$ 2400.00
06-25-21,376215,354,07-05-21,1502,07-06-21,4,FA,1275,9261,NN,Semillas,Convenio Syngenta Básico,Soja,$ 2400.00
06-25-21,376216,354,07-05-21,1501,07-06-21,4,FA,1275,9261,NN,Semillas,Convenio Syngenta Básico,Soja,$ 2400.00
06-25-21,376217,354,07-05-21,1500,07-06-21,4,FA,1275,9261,NN,Semillas,Convenio Syngenta Básico,Soja,$ 2400.00
06-25-21,376218,354,07-05-21,1499,07-06-21,4,FA,1275,9261,NN,Semillas,Convenio Syngenta Básico,Soja,$ 2400.00
06-25-21,376219,354,07-05-21,1498,07-06-21,4,FA,1275,9261,NN,Semillas,Convenio Syngenta Básico,Soja,$ 2400.00
06-25-21,376220,354,07-05-21,1497,07-06-21,4,FA,1275,9261,NN,Semillas,Convenio Syngenta Básico,Soja,$ 2400.00
06-25-21,376221,354,07-05-21,1496,07-06-21,4,FA,1275,9261,NN,Semillas,Convenio Syngenta Básico,Soja,$ 2400.00
06-25-21,376222,354,07-05-21,1495,07-06-21,4,FA,1275,9261,NN,Semillas,Convenio Syngenta Básico,Soja,$ 2400.00
06-25-21,376223,354,07-05-21,1494,07-06-21,4,FA,1275,9261,NN,Semillas,Convenio Syngenta Básico,Soja,$ 2400.00
06-25-21,376224,354,07-05-21,1493,07-06-21,4,FA,1275,9261,NN,Semillas,Convenio Syngenta Básico,Soja,$ 2400.00
06-25-21,376225,355,07-02-21,1491,07-05-21,4,FA,1271,760,NN,Semillas,Fuerza Total,Soja,$ 3000.00
06-25-21,376226,355,07-02-21,1490,07-05-21,4,FA,1271,760,NN,Semillas,Fuerza Total,Soja,$ 3000.00
06-25-21,376227,355,07-02-21,1489,07-05-21,4,FA,1271,760,NN,Semillas,Fuerza Total,Soja,$ 3000.00
06-25-21,376228,355,07-02-21,1488,07-05-21,4,FA,1271,760,NN,Semillas,Fuerza Total,Soja,$ 3000.00
06-25-21,376229,355,07-02-21,1487,07-05-21,4,FA,1271,760,NN,Semillas,Fuerza Total,Soja,$ 3000.00
06-25-21,376230,355,07-02-21,1486,07-05-21,4,FA,1271,760,NN,Semillas,Fuerza Total,Soja,$ 3000.00
06-25-21,376231,355,07-02-21,1485,07-05-21,4,FA,1271,760,NN,Semillas,Fuerza Total,Soja,$ 3000.00
06-25-21,376232,355,07-02-21,1484,07-05-21,4,FA,1271,760,NN,Semillas,Fuerza Total,Soja,$ 3000.00
06-28-21,376298,356,07-07-21,1576,10-26-21,4,FA,1488,4237,NN,Semillas,Convenio Syngenta Básico,Soja,$ 4800.00
06-28-21,376299,356,07-07-21,1575,10-26-21,4,FA,1488,4237,NN,Semillas,Convenio Syngenta Básico,Soja,$ 4800.00
06-28-21,376300,356,07-07-21,1574,10-26-21,4,FA,1488,4237,NN,Semillas,Convenio Syngenta Básico,Soja,$ 4800.00
06-28-21,376301,356,07-07-21,1573,10-26-21,4,FA,1488,4237,NN,Semillas,Convenio Syngenta Básico,Soja,$ 4800.00
06-28-21,376302,356,07-07-21,1572,10-26-21,4,FA,1488,4237,NN,Semillas,Convenio Syngenta Básico,Soja,$ 4800.00
06-28-21,376303,356,07-07-21,1571,10-26-21,4,FA,1488,4237,NN,Semillas,Convenio Syngenta Básico,Soja,$ 4800.00
06-28-21,376304,356,07-07-21,1570,10-26-21,4,FA,1488,4237,NN,Semillas,Convenio Syngenta Básico,Soja,$ 4800.00
06-28-21,376305,356,07-07-21,1569,10-26-21,4,FA,1488,4237,NN,Semillas,Convenio Syngenta Básico,Soja,$ 4800.00
06-28-21,376306,356,07-07-21,1568,10-26-21,4,FA,1488,4237,NN,Semillas,Convenio Syngenta Básico,Soja,$ 4800.00
06-28-21,376307,356,07-07-21,1567,10-26-21,4,FA,1488,4237,NN,Semillas,Convenio Syngenta Básico,Soja,$ 4800.00
06-28-21,376308,356,07-07-21,1566,10-26-21,4,FA,1488,4237,NN,Semillas,Convenio Syngenta Básico,Soja,$ 4800.00
06-28-21,376309,356,07-07-21,1565,10-26-21,4,FA,1488,4237,NN,Semillas,Convenio Syngenta Básico,Soja,$ 4800.00
06-29-21,376313,357,07-07-21,1580,09-07-21,4,FA,1376,2795,NN,Semillas,Convenio Syngenta Básico,Soja,$ 2400.00
06-29-21,376314,357,07-07-21,1579,09-07-21,4,FA,1376,2795,NN,Semillas,Convenio Syngenta Básico,Soja,$ 2400.00
06-29-21,376315,357,07-07-21,1578,09-07-21,4,FA,1376,2795,NN,Semillas,Convenio Syngenta Básico,Soja,$ 2400.00
06-29-21,376316,357,07-07-21,1577,09-07-21,4,FA,1376,2795,NN,Semillas,Convenio Syngenta Básico,Soja,$ 2400.00
06-30-21,376318,358,07-08-21,1583,09-07-21,4,FA,1376,2795,NN,Semillas,Convenio Syngenta Básico,Soja,$ 2400.00
06-30-21,376319,358,07-08-21,1582,09-07-21,4,FA,1376,2795,NN,Semillas,Convenio Syngenta Básico,Soja,$ 2400.00
06-30-21,376320,358,07-08-21,1581,09-07-21,4,FA,1376,2795,NN,Semillas,Convenio Syngenta Básico,Soja,$ 2400.00
07-02-21,376434,359,07-15-21,1593,07-15-21,4,FA,1300,104,NN,Semillas,Fuerza Total Curado,Sorgo,$ 3400.00
07-02-21,376435,359,07-15-21,1592,07-15-21,4,FA,1300,104,NN,Semillas,Fuerza Total Curado,Sorgo,$ 3400.00
07-02-21,376436,359,07-15-21,1591,07-15-21,4,FA,1300,104,NN,Semillas,Fuerza Total Curado,Sorgo,$ 3400.00
07-02-21,376437,359,07-15-21,1590,07-15-21,4,FA,1300,104,NN,Semillas,Fuerza Total Curado,Sorgo,$ 3400.00
07-02-21,376438,359,07-15-21,1589,07-15-21,4,FA,1300,104,NN,Semillas,Fuerza Total Curado,Sorgo,$ 3400.00
07-02-21,376439,359,07-15-21,1588,07-15-21,4,FA,1300,104,NN,Semillas,Fuerza Total Curado,Sorgo,$ 3400.00
07-02-21,376440,359,07-15-21,1587,07-15-21,4,FA,1300,104,NN,Semillas,Fuerza Total Curado,Sorgo,$ 3400.00
07-05-21,376450,360,07-08-21,1586,07-12-21,4,FA,1289,4734,NN,Semillas,Sesamo,Sesamo,$ 2000.00
07-05-21,376451,360,07-08-21,1585,07-12-21,4,FA,1289,4734,NN,Semillas,Sesamo,Sesamo,$ 2000.00
07-05-21,376452,360,07-08-21,1584,07-12-21,4,FA,1289,4734,NN,Semillas,Sesamo,Sesamo,$ 2000.00
07-08-21,376549,361,07-16-21,1594,07-19-21,4,FA,1301,967,NN,Semillas,Soja,Soja,$ 2300.00
07-12-21,376554,362,07-20-21,1602,07-21-21,4,FA,1303,1974,NN,Semillas,Soja,Soja,$ 2300.00
07-12-21,376555,362,07-20-21,1601,07-21-21,4,FA,1303,1974,NN,Semillas,Soja,Soja,$ 2300.00
07-12-21,376556,363,07-19-21,1598,09-07-21,4,FA,1376,2795,NN,Semillas,Convenio Syngenta Básico,Soja,$ 2400.00
07-12-21,376557,363,07-19-21,1597,09-07-21,4,FA,1376,2795,NN,Semillas,Convenio Syngenta Básico,Soja,$ 2400.00
07-12-21,376558,363,07-19-21,1596,09-07-21,4,FA,1376,2795,NN,Semillas,Convenio Syngenta Básico,Soja,$ 2400.00
07-12-21,376559,363,07-19-21,1595,09-07-21,4,FA,1376,2795,NN,Semillas,Convenio Syngenta Básico,Soja,$ 2400.00
07-12-21,376560,364,07-20-21,1600,07-21-21,4,FA,1304,4038,NN,Semillas,Soja,Soja,$ 2600.00
07-12-21,376561,364,07-20-21,1599,07-21-21,4,FA,1304,4038,NN,Semillas,Soja,Soja,$ 2600.00
07-14-21,376568,365,07-26-21,1605,07-27-21,4,FA,1315,25,NN,Semillas,Maní,Maní,$ 2800.00
07-15-21,376673,366,07-22-21,1604,07-22-21,4,FA,1311,981,NN,Semillas,Maíz,Maíz,$ 2300.00
07-15-21,376674,366,07-22-21,1603,07-22-21,4,FA,1311,981,NN,Semillas,Maíz,Maíz,$ 2300.00
07-19-21,376675,367,07-26-21,1610,07-27-21,4,FA,1314,392,NN,Semillas,Convenio Syngenta Soja Completo,Soja,$ 3300.00
07-19-21,376676,367,07-26-21,1609,07-27-21,4,FA,1314,392,NN,Semillas,Convenio Syngenta Soja Completo,Soja,$ 3300.00
07-19-21,376677,367,07-26-21,1608,07-27-21,4,FA,1314,392,NN,Semillas,Convenio Syngenta Soja Completo,Soja,$ 3300.00
07-19-21,376678,367,07-26-21,1607,07-27-21,4,FA,1314,392,NN,Semillas,Convenio Syngenta Soja Completo,Soja,$ 3300.00
07-19-21,376679,367,07-26-21,1606,07-27-21,4,FA,1314,392,NN,Semillas,Convenio Syngenta Soja Completo,Soja,$ 3300.00
07-19-21,376680,368,07-26-21,1622,09-07-21,4,FA,1376,2795,NN,Semillas,Convenio Syngenta Básico,Soja,$ 2400.00
07-19-21,376681,368,07-26-21,1621,09-07-21,4,FA,1376,2795,NN,Semillas,Convenio Syngenta Básico,Soja,$ 2400.00
07-19-21,376682,368,07-26-21,1620,09-07-21,4,FA,1376,2795,NN,Semillas,Convenio Syngenta Básico,Soja,$ 2400.00
07-19-21,376683,368,07-26-21,1619,09-07-21,4,FA,1376,2795,NN,Semillas,Convenio Syngenta Básico,Soja,$ 2400.00
07-19-21,376684,368,07-26-21,1618,09-07-21,4,FA,1376,2795,NN,Semillas,Convenio Syngenta Básico,Soja,$ 2400.00
07-19-21,376685,368,07-26-21,1617,09-07-21,4,FA,1376,2795,NN,Semillas,Convenio Syngenta Básico,Soja,$ 2400.00
07-19-21,376686,368,07-26-21,1616,09-07-21,4,FA,1376,2795,NN,Semillas,Convenio Syngenta Básico,Soja,$ 2400.00
07-19-21,376687,368,07-26-21,1615,09-07-21,4,FA,1376,2795,NN,Semillas,Convenio Syngenta Básico,Soja,$ 2400.00
07-19-21,376688,368,07-26-21,1614,09-07-21,4,FA,1376,2795,NN,Semillas,Convenio Syngenta Básico,Soja,$ 2400.00
07-19-21,376689,368,07-26-21,1613,09-07-21,4,FA,1376,2795,NN,Semillas,Convenio Syngenta Básico,Soja,$ 2400.00
07-19-21,376690,368,07-26-21,1612,09-07-21,4,FA,1376,2795,NN,Semillas,Convenio Syngenta Básico,Soja,$ 2400.00
07-19-21,376691,368,07-26-21,1611,09-07-21,4,FA,1376,2795,NN,Semillas,Convenio Syngenta Básico,Soja,$ 2400.00
07-20-21,376701,369,08-09-21,1634,08-10-21,4,FA,1339,1506,NN,Semillas,Semilla Vital,Setaria,$ 7000.00
07-27-21,376885,371,08-31-21,1707,09-02-21,4,FA,1363,4281,NN,Semillas,Semilla Vital,Gatton Panic,$ 4400.00
07-27-21,376886,371,08-31-21,1706,09-02-21,4,FA,1363,4281,NN,Semillas,Semilla Vital,Gatton Panic,$ 4400.00
07-29-21,376979,372,08-12-21,1647,08-13-21,4,FA,1344,104,NN,Semillas,Fuerza Total Curado,Sorgo,$ 3400.00
07-29-21,376980,372,08-12-21,1646,08-13-21,4,FA,1344,104,NN,Semillas,Fuerza Total Curado,Sorgo,$ 3400.00
07-29-21,376981,372,08-12-21,1645,08-13-21,4,FA,1344,104,NN,Semillas,Fuerza Total Curado,Sorgo,$ 3400.00
07-29-21,376982,372,08-12-21,1644,08-13-21,4,FA,1344,104,NN,Semillas,Fuerza Total Curado,Sorgo,$ 3400.00
07-29-21,376983,372,08-12-21,1643,08-13-21,4,FA,1344,104,NN,Semillas,Fuerza Total Curado,Sorgo,$ 3400.00
07-29-21,376984,372,08-12-21,1642,08-13-21,4,FA,1344,104,NN,Semillas,Fuerza Total Curado,Sorgo,$ 3400.00
07-29-21,376985,372,08-12-21,1641,08-13-21,4,FA,1344,104,NN,Semillas,Fuerza Total Curado,Sorgo,$ 3400.00
07-29-21,376986,372,08-12-21,1640,08-13-21,4,FA,1344,104,NN,Semillas,Fuerza Total Curado,Sorgo,$ 3400.00
07-29-21,376987,372,08-12-21,1639,08-13-21,4,FA,1344,104,NN,Semillas,Fuerza Total Curado,Sorgo,$ 3400.00
07-29-21,376988,372,08-12-21,1638,08-13-21,4,FA,1344,104,NN,Semillas,Fuerza Total Curado,Sorgo,$ 3400.00
07-29-21,376989,372,08-12-21,1637,08-13-21,4,FA,1344,104,NN,Semillas,Fuerza Total Curado,Sorgo,$ 3400.00
07-30-21,377004,373,08-06-21,1633,08-09-21,4,FA,1338,981,NN,Semillas,Fuerza Total,Soja,$ 3000.00
07-30-21,377005,373,08-06-21,1632,08-09-21,4,FA,1338,981,NN,Semillas,Fuerza Total,Soja,$ 3000.00
07-30-21,377006,373,08-06-21,1631,08-09-21,4,FA,1338,981,NN,Semillas,Fuerza Total,Soja,$ 3000.00
08-02-21,377009,374,08-03-21,1628,08-04-21,4,FA,1328,4281,NN,Semillas,Gatton Panic,Gatton Panic,$ 2800.00
08-02-21,377010,374,08-03-21,1627,08-04-21,4,FA,1328,4281,NN,Semillas,Gatton Panic,Gatton Panic,$ 2800.00
08-02-21,377011,374,08-03-21,1626,08-04-21,4,FA,1328,4281,NN,Semillas,Gatton Panic,Gatton Panic,$ 2800.00
08-02-21,377016,376,08-10-21,1636,08-12-21,4,FA,1341,38,NN,Semillas,Fuerza Total,Soja,$ 3000.00
08-02-21,377017,376,08-10-21,1635,08-12-21,4,FA,1341,38,NN,Semillas,Fuerza Total,Soja,$ 3000.00
08-03-21,377019,378,08-05-21,1630,08-05-21,4,FA,1337,4281,NN,Semillas,Gatton Panic,Gatton Panic,$ 2800.00
08-03-21,377020,378,08-05-21,1629,08-05-21,4,FA,1337,4281,NN,Semillas,Gatton Panic,Gatton Panic,$ 2800.00
08-06-21,377036,377,08-13-21,1650,08-14-21,4,FA,1345,392,NN,Semillas,Soja,Soja,$ 2300.00
08-06-21,377037,377,08-13-21,1649,08-14-21,4,FA,1345,392,NN,Semillas,Soja,Soja,$ 2300.00
08-06-21,377038,377,08-13-21,1648,08-14-21,4,FA,1345,392,NN,Semillas,Soja,Soja,$ 2300.00
08-06-21,377039,379,08-13-21,1652,09-07-21,4,FA,1376,2795,NN,Semillas,Convenio Syngenta Básico,Soja,$ 2400.00
08-06-21,377040,379,08-13-21,1651,09-07-21,4,FA,1376,2795,NN,Semillas,Convenio Syngenta Básico,Soja,$ 2400.00
08-10-21,377168,380,08-18-21,1653,08-19-21,4,FA,1347,4878,NN,Semillas,Soja,Soja,$ 2300.00
08-11-21,377169,381,08-20-21,1686,08-23-21,4,FA,1351,798,NN,Semillas,Soja,Soja,$ 2300.00
08-11-21,377170,382,08-20-21,1685,08-23-21,4,FA,1352,4610,NN,Semillas,Fuerza Total,Soja,$ 3000.00
08-11-21,377171,382,08-20-21,1684,08-23-21,4,FA,1352,4610,NN,Semillas,Fuerza Total,Soja,$ 3000.00
08-11-21,377172,382,08-20-21,1683,08-23-21,4,FA,1352,4610,NN,Semillas,Fuerza Total,Soja,$ 3000.00
08-11-21,377173,382,08-20-21,1682,08-23-21,4,FA,1352,4610,NN,Semillas,Fuerza Total,Soja,$ 3000.00
08-12-21,377177,383,08-19-21,1681,09-07-21,4,FA,1376,2795,NN,Semillas,Convenio Syngenta Básico,Soja,$ 2400.00
08-12-21,377178,383,08-19-21,1680,09-07-21,4,FA,1376,2795,NN,Semillas,Convenio Syngenta Básico,Soja,$ 2400.00
08-12-21,377179,383,08-19-21,1679,09-07-21,4,FA,1376,2795,NN,Semillas,Convenio Syngenta Básico,Soja,$ 2400.00
08-12-21,377180,383,08-19-21,1678,09-07-21,4,FA,1376,2795,NN,Semillas,Convenio Syngenta Básico,Soja,$ 2400.00
08-12-21,377181,383,08-19-21,1677,09-07-21,4,FA,1376,2795,NN,Semillas,Convenio Syngenta Básico,Soja,$ 2400.00
08-12-21,377182,383,08-19-21,1676,09-07-21,4,FA,1376,2795,NN,Semillas,Convenio Syngenta Básico,Soja,$ 2400.00
08-12-21,377183,383,08-19-21,1675,09-07-21,4,FA,1376,2795,NN,Semillas,Convenio Syngenta Básico,Soja,$ 2400.00
08-12-21,377184,383,08-19-21,1674,09-07-21,4,FA,1376,2795,NN,Semillas,Convenio Syngenta Básico,Soja,$ 2400.00
08-12-21,377185,383,08-19-21,1673,09-07-21,4,FA,1376,2795,NN,Semillas,Convenio Syngenta Básico,Soja,$ 2400.00
08-12-21,377186,383,08-19-21,1672,09-07-21,4,FA,1376,2795,NN,Semillas,Convenio Syngenta Básico,Soja,$ 2400.00
08-12-21,377187,383,08-19-21,1671,09-07-21,4,FA,1376,2795,NN,Semillas,Convenio Syngenta Básico,Soja,$ 2400.00
08-12-21,377188,383,08-19-21,1670,09-07-21,4,FA,1376,2795,NN,Semillas,Convenio Syngenta Básico,Soja,$ 2400.00
08-12-21,377189,383,08-19-21,1669,09-07-21,4,FA,1376,2795,NN,Semillas,Convenio Syngenta Básico,Soja,$ 2400.00
08-12-21,377190,383,08-19-21,1668,09-07-21,4,FA,1376,2795,NN,Semillas,Convenio Syngenta Básico,Soja,$ 2400.00
08-12-21,377191,383,08-19-21,1667,09-07-21,4,FA,1376,2795,NN,Semillas,Convenio Syngenta Básico,Soja,$ 2400.00
08-12-21,377192,383,08-19-21,1666,09-07-21,4,FA,1376,2795,NN,Semillas,Convenio Syngenta Básico,Soja,$ 2400.00
08-12-21,377193,383,08-19-21,1665,09-07-21,4,FA,1376,2795,NN,Semillas,Convenio Syngenta Básico,Soja,$ 2400.00
08-12-21,377194,383,08-19-21,1664,09-07-21,4,FA,1376,2795,NN,Semillas,Convenio Syngenta Básico,Soja,$ 2400.00
08-12-21,377195,383,08-19-21,1663,09-07-21,4,FA,1376,2795,NN,Semillas,Convenio Syngenta Básico,Soja,$ 2400.00
08-12-21,377196,383,08-19-21,1662,09-07-21,4,FA,1376,2795,NN,Semillas,Convenio Syngenta Básico,Soja,$ 2400.00
08-12-21,377197,383,08-19-21,1661,09-07-21,4,FA,1376,2795,NN,Semillas,Convenio Syngenta Básico,Soja,$ 2400.00
08-12-21,377198,383,08-19-21,1660,09-07-21,4,FA,1376,2795,NN,Semillas,Convenio Syngenta Básico,Soja,$ 2400.00
08-12-21,377199,383,08-19-21,1659,09-07-21,4,FA,1376,2795,NN,Semillas,Convenio Syngenta Básico,Soja,$ 2400.00
08-12-21,377200,383,08-19-21,1658,09-07-21,4,FA,1376,2795,NN,Semillas,Convenio Syngenta Básico,Soja,$ 2400.00
08-12-21,377201,383,08-19-21,1657,09-07-21,4,FA,1376,2795,NN,Semillas,Convenio Syngenta Básico,Soja,$ 2400.00
08-12-21,377202,383,08-19-21,1656,09-07-21,4,FA,1376,2795,NN,Semillas,Convenio Syngenta Básico,Soja,$ 2400.00
08-12-21,377203,383,08-19-21,1655,09-07-21,4,FA,1376,2795,NN,Semillas,Convenio Syngenta Básico,Soja,$ 2400.00
08-12-21,377204,383,08-19-21,1654,09-07-21,4,FA,1376,2795,NN,Semillas,Convenio Syngenta Básico,Soja,$ 2400.00
08-12-21,377279,384,09-07-21,1766,09-06-21,4,FA,1372,1534,NN,Semillas,Semilla Vital Megatérmicas,Urochloa Brizantha,$ 6400.00
10-12-21,377280,454,10-15-21,1951,10-19-21,4,FA,1473,4922,NN,Semillas,Fuerza Total Curado,Soja,$ 4200.00
08-19-21,377298,385,08-26-21,1700,08-27-21,4,FA,1358,392,NN,Semillas,Convenio Syngenta Soja Completo,Soja,$ 3300.00
08-19-21,377299,385,08-26-21,1699,08-27-21,4,FA,1358,392,NN,Semillas,Convenio Syngenta Soja Completo,Soja,$ 3300.00
08-19-21,377300,385,08-26-21,1698,08-27-21,4,FA,1358,392,NN,Semillas,Convenio Syngenta Soja Completo,Soja,$ 3300.00
08-19-21,377301,385,08-26-21,1697,08-27-21,4,FA,1358,392,NN,Semillas,Convenio Syngenta Soja Completo,Soja,$ 3300.00
08-19-21,377302,385,08-26-21,1696,08-27-21,4,FA,1358,392,NN,Semillas,Convenio Syngenta Soja Completo,Soja,$ 3300.00
08-19-21,377303,385,08-26-21,1695,08-27-21,4,FA,1358,392,NN,Semillas,Convenio Syngenta Soja Completo,Soja,$ 3300.00
08-19-21,377304,385,08-26-21,1694,08-27-21,4,FA,1358,392,NN,Semillas,Convenio Syngenta Soja Completo,Soja,$ 3300.00
08-19-21,377305,385,08-26-21,1693,08-27-21,4,FA,1358,392,NN,Semillas,Convenio Syngenta Soja Completo,Soja,$ 3300.00
08-19-21,377306,385,08-26-21,1692,08-27-21,4,FA,1358,392,NN,Semillas,Convenio Syngenta Soja Completo,Soja,$ 3300.00
08-19-21,377307,385,08-26-21,1691,08-27-21,4,FA,1358,392,NN,Semillas,Convenio Syngenta Soja Completo,Soja,$ 3300.00
08-19-21,377308,385,08-26-21,1690,08-27-21,4,FA,1358,392,NN,Semillas,Convenio Syngenta Soja Completo,Soja,$ 3300.00
08-19-21,377309,385,08-26-21,1689,08-27-21,4,FA,1358,392,NN,Semillas,Convenio Syngenta Soja Completo,Soja,$ 3300.00
08-19-21,377310,385,08-26-21,1688,08-27-21,4,FA,1358,392,NN,Semillas,Convenio Syngenta Soja Completo,Soja,$ 3300.00
08-19-21,377311,385,08-26-21,1687,08-27-21,4,FA,1358,392,NN,Semillas,Convenio Syngenta Soja Completo,Soja,$ 3300.00
08-19-21,377312,386,08-27-21,1705,08-29-21,4,FA,1360,2065,NN,Semillas,Soja,Soja,$ 2300.00
08-19-21,377313,386,08-27-21,1704,08-29-21,4,FA,1360,2065,NN,Semillas,Soja,Soja,$ 2300.00
08-19-21,377314,386,08-27-21,1703,08-29-21,4,FA,1360,2065,NN,Semillas,Soja,Soja,$ 2300.00
08-20-21,377324,387,08-27-21,1702,08-29-21,4,FA,1359,4396,NN,Semillas,Soja,Soja,$ 2300.00
08-20-21,377325,387,08-27-21,1701,08-29-21,4,FA,1359,4396,NN,Semillas,Soja,Soja,$ 2300.00
08-24-21,377429,388,09-13-21,1793,09-14-21,4,FA,1389,2820,NN,Semillas,Semilla Vital Megatérmicas,Grama Rhodes,$ 4400.00
08-24-21,377430,388,09-13-21,1792,09-14-21,4,FA,1389,2820,NN,Semillas,Semilla Vital Megatérmicas,Grama Rhodes,$ 4400.00
08-24-21,377431,389,09-02-21,1708,09-03-21,4,FA,1368,350,NN,Semillas,Fuerza Total Curado,Soja,$ 3400.00
08-24-21,377432,390,09-02-21,1711,09-03-21,4,FA,1364,4676,NN,Semillas,Fuerza Total Curado,Soja,$ 3400.00
08-24-21,377433,390,09-02-21,1710,09-03-21,4,FA,1364,4676,NN,Semillas,Fuerza Total Curado,Soja,$ 3400.00
08-24-21,377434,390,09-02-21,1709,09-03-21,4,FA,1364,4676,NN,Semillas,Fuerza Total Curado,Soja,$ 3400.00
08-25-21,377435,391,09-03-21,1731,09-06-21,4,FA,1371,354,NN,Semillas,Soja,Soja,$ 2300.00
08-25-21,377436,391,09-03-21,1730,09-06-21,4,FA,1371,354,NN,Semillas,Soja,Soja,$ 2300.00
08-25-21,377437,392,09-02-21,1715,09-03-21,4,FA,1366,700,NN,Semillas,Fuerza Total Curado,Soja,$ 3400.00
08-25-21,377438,392,09-02-21,1714,09-03-21,4,FA,1366,700,NN,Semillas,Fuerza Total Curado,Soja,$ 3400.00
08-25-21,377439,392,09-02-21,1713,09-03-21,4,FA,1366,700,NN,Semillas,Fuerza Total Curado,Soja,$ 3400.00
08-25-21,377440,392,09-02-21,1712,09-03-21,4,FA,1366,700,NN,Semillas,Fuerza Total Curado,Soja,$ 3400.00
08-27-21,377442,397,09-03-21,1737,09-06-21,4,FA,1374,4882,NN,Semillas,Doble Poder,Soja,$ 4100.00
08-27-21,377443,397,09-03-21,1736,09-06-21,4,FA,1374,4882,NN,Semillas,Doble Poder,Soja,$ 4100.00
08-26-21,377444,393,09-02-21,1729,09-03-21,4,FA,1367,109,NN,Semillas,Maíz,Maíz,$ 2300.00
08-26-21,377445,393,09-02-21,1728,09-03-21,4,FA,1367,109,NN,Semillas,Maíz,Maíz,$ 2300.00
08-26-21,377446,393,09-02-21,1727,09-03-21,4,FA,1367,109,NN,Semillas,Maíz,Maíz,$ 2300.00
08-26-21,377447,393,09-02-21,1726,09-03-21,4,FA,1367,109,NN,Semillas,Maíz,Maíz,$ 2300.00
08-26-21,377448,393,09-02-21,1725,09-03-21,4,FA,1367,109,NN,Semillas,Maíz,Maíz,$ 2300.00
08-26-21,377449,393,09-02-21,1724,09-03-21,4,FA,1367,109,NN,Semillas,Maíz,Maíz,$ 2300.00
08-26-21,377450,393,09-02-21,1723,09-03-21,4,FA,1367,109,NN,Semillas,Maíz,Maíz,$ 2300.00
08-26-21,377451,393,09-02-21,1722,09-03-21,4,FA,1367,109,NN,Semillas,Maíz,Maíz,$ 2300.00
08-26-21,377452,393,09-02-21,1721,09-03-21,4,FA,1367,109,NN,Semillas,Maíz,Maíz,$ 2300.00
08-26-21,377453,393,09-02-21,1720,09-03-21,4,FA,1367,109,NN,Semillas,Maíz,Maíz,$ 2300.00
08-26-21,377454,393,09-02-21,1719,09-03-21,4,FA,1367,109,NN,Semillas,Maíz,Maíz,$ 2300.00
08-26-21,377455,393,09-02-21,1718,09-03-21,4,FA,1367,109,NN,Semillas,Maíz,Maíz,$ 2300.00
08-26-21,377456,393,09-02-21,1717,09-03-21,4,FA,1367,109,NN,Semillas,Maíz,Maíz,$ 2300.00
08-26-21,377457,393,09-02-21,1716,09-03-21,4,FA,1367,109,NN,Semillas,Maíz,Maíz,$ 2300.00
08-26-21,377458,394,09-03-21,1735,09-06-21,4,FA,1373,2375,NN,Semillas,Fuerza Total,Soja,$ 3000.00
08-26-21,377459,394,09-03-21,1734,09-06-21,4,FA,1373,2375,NN,Semillas,Fuerza Total,Soja,$ 3000.00
08-26-21,377460,394,09-03-21,1733,09-06-21,4,FA,1373,2375,NN,Semillas,Fuerza Total,Soja,$ 3000.00
08-26-21,377461,394,09-03-21,1732,09-06-21,4,FA,1373,2375,NN,Semillas,Fuerza Total,Soja,$ 3000.00
08-30-21,377572,395,09-03-21,1741,09-06-21,4,FA,1375,9000,NN,Semillas,Soja,Soja,$ 2800.00
08-30-21,377573,395,09-03-21,1740,09-06-21,4,FA,1375,9000,NN,Semillas,Soja,Soja,$ 2800.00
08-30-21,377574,395,09-03-21,1739,09-06-21,4,FA,1375,9000,NN,Semillas,Soja,Soja,$ 2800.00
08-30-21,377575,395,09-03-21,1738,09-06-21,4,FA,1375,9000,NN,Semillas,Soja,Soja,$ 2800.00
08-27-21,377576,396,09-03-21,1748,09-09-21,4,FA,1377,392,NN,Semillas,Convenio Syngenta Soja Completo,Soja,$ 3300.00
08-27-21,377577,396,09-03-21,1747,09-09-21,4,FA,1377,392,NN,Semillas,Convenio Syngenta Soja Completo,Soja,$ 3300.00
08-27-21,377578,396,09-03-21,1746,09-09-21,4,FA,1377,392,NN,Semillas,Convenio Syngenta Soja Completo,Soja,$ 3300.00
08-27-21,377579,396,09-03-21,1745,09-09-21,4,FA,1377,392,NN,Semillas,Convenio Syngenta Soja Completo,Soja,$ 3300.00
08-27-21,377580,396,09-03-21,1744,09-09-21,4,FA,1377,392,NN,Semillas,Convenio Syngenta Soja Completo,Soja,$ 3300.00
08-27-21,377581,396,09-03-21,1743,09-09-21,4,FA,1377,392,NN,Semillas,Convenio Syngenta Soja Completo,Soja,$ 3300.00
08-30-21,377582,398,09-06-21,1765,10-22-21,4,FA,1480,2795,NN,Semillas,Convenio Syngenta Básico,Soja,$ 2400.00
08-30-21,377583,398,09-06-21,1764,10-22-21,4,FA,1480,2795,NN,Semillas,Convenio Syngenta Básico,Soja,$ 2400.00
08-30-21,377584,398,09-06-21,1763,10-22-21,4,FA,1480,2795,NN,Semillas,Convenio Syngenta Básico,Soja,$ 2400.00
08-30-21,377585,398,09-06-21,1762,10-22-21,4,FA,1480,2795,NN,Semillas,Convenio Syngenta Básico,Soja,$ 2400.00
08-30-21,377586,398,09-06-21,1761,10-22-21,4,FA,1480,2795,NN,Semillas,Convenio Syngenta Básico,Soja,$ 2400.00
08-30-21,377587,398,09-06-21,1760,10-22-21,4,FA,1480,2795,NN,Semillas,Convenio Syngenta Básico,Soja,$ 2400.00
08-30-21,377588,398,09-06-21,1759,10-22-21,4,FA,1480,2795,NN,Semillas,Convenio Syngenta Básico,Soja,$ 2400.00
08-30-21,377589,398,09-06-21,1758,10-22-21,4,FA,1480,2795,NN,Semillas,Convenio Syngenta Básico,Soja,$ 2400.00
08-30-21,377590,398,09-06-21,1757,10-22-21,4,FA,1480,2795,NN,Semillas,Convenio Syngenta Básico,Soja,$ 2400.00
08-30-21,377591,398,09-06-21,1756,10-22-21,4,FA,1480,2795,NN,Semillas,Convenio Syngenta Básico,Soja,$ 2400.00
08-30-21,377592,398,09-06-21,1755,10-22-21,4,FA,1480,2795,NN,Semillas,Convenio Syngenta Básico,Soja,$ 2400.00
08-30-21,377593,398,09-06-21,1754,10-22-21,4,FA,1480,2795,NN,Semillas,Convenio Syngenta Básico,Soja,$ 2400.00
08-30-21,377594,398,09-06-21,1753,10-22-21,4,FA,1480,2795,NN,Semillas,Convenio Syngenta Básico,Soja,$ 2400.00
08-30-21,377595,398,09-06-21,1752,10-22-21,4,FA,1480,2795,NN,Semillas,Convenio Syngenta Básico,Soja,$ 2400.00
08-30-21,377596,398,09-06-21,1751,10-22-21,4,FA,1480,2795,NN,Semillas,Convenio Syngenta Básico,Soja,$ 2400.00
08-30-21,377597,398,09-06-21,1750,10-22-21,4,FA,1480,2795,NN,Semillas,Convenio Syngenta Básico,Soja,$ 2400.00
08-30-21,377598,398,09-06-21,1749,10-22-21,4,FA,1480,2795,NN,Semillas,Convenio Syngenta Básico,Soja,$ 2400.00
08-31-21,377599,399,09-08-21,1774,09-09-21,4,FA,1380,967,NN,Semillas,Soja,Soja,$ 2300.00
08-31-21,377600,399,09-08-21,1773,09-09-21,4,FA,1380,967,NN,Semillas,Soja,Soja,$ 2300.00
08-31-21,377601,399,09-08-21,1772,09-09-21,4,FA,1380,967,NN,Semillas,Soja,Soja,$ 2300.00
08-31-21,377602,399,09-08-21,1771,09-09-21,4,FA,1380,967,NN,Semillas,Soja,Soja,$ 2300.00
08-31-21,377603,399,09-08-21,1770,09-09-21,4,FA,1380,967,NN,Semillas,Soja,Soja,$ 2300.00
08-31-21,377604,399,09-08-21,1769,09-09-21,4,FA,1380,967,NN,Semillas,Soja,Soja,$ 2300.00
08-31-21,377605,400,09-08-21,1781,09-09-21,4,FA,1381,1864,NN,Semillas,Soja,Soja,$ 2800.00
08-31-21,377606,400,09-08-21,1780,09-09-21,4,FA,1381,1864,NN,Semillas,Soja,Soja,$ 2800.00
08-31-21,377607,400,09-08-21,1779,09-09-21,4,FA,1381,1864,NN,Semillas,Soja,Soja,$ 2800.00
08-31-21,377608,400,09-08-21,1778,09-09-21,4,FA,1381,1864,NN,Semillas,Soja,Soja,$ 2800.00
08-31-21,377609,400,09-08-21,1777,09-09-21,4,FA,1381,1864,NN,Semillas,Soja,Soja,$ 2800.00
08-31-21,377610,400,09-08-21,1776,09-09-21,4,FA,1381,1864,NN,Semillas,Soja,Soja,$ 2800.00
08-31-21,377611,400,09-08-21,1775,09-09-21,4,FA,1381,1864,NN,Semillas,Soja,Soja,$ 2800.00
08-31-21,377612,400,09-13-21,1791,09-14-21,4,FA,1388,1864,NN,Semillas,Centeno,Centeno,$ 2300.00
08-31-21,377623,401,09-08-21,1768,09-09-21,4,FA,1379,3225,NN,Semillas,Doble Poder,Soja,$ 4100.00
08-31-21,377624,401,09-08-21,1767,09-09-21,4,FA,1379,3225,NN,Semillas,Doble Poder,Soja,$ 4100.00
09-06-21,377834,407,09-16-21,1809,09-17-21,4,FA,1399,4897,NN,Semillas,Avena Blanca / Amarilla/ Byzantina,Avena Blanca / Amarilla/ Byzantina,$ 2300.00
09-03-21,377837,402,09-10-21,1787,09-13-21,4,FA,1384,3227,NN,Semillas,Soja,Soja,$ 2800.00
09-03-21,377838,403,09-10-21,1786,09-13-21,4,FA,1385,1777,NN,Semillas,Soja,Soja,$ 2300.00
09-03-21,377839,403,09-10-21,1785,09-13-21,4,FA,1385,1777,NN,Semillas,Soja,Soja,$ 2300.00
09-03-21,377840,403,09-10-21,1784,09-13-21,4,FA,1385,1777,NN,Semillas,Soja,Soja,$ 2300.00
09-03-21,377841,403,09-10-21,1783,09-13-21,4,FA,1385,1777,NN,Semillas,Soja,Soja,$ 2300.00
09-03-21,377842,403,09-10-21,1782,09-13-21,4,FA,1385,1777,NN,Semillas,Soja,Soja,$ 2300.00
09-06-21,377843,406,09-10-21,1790,09-13-21,4,FA,1382,4896,NN,Semillas,Doble Poder,Soja,$ 4100.00
09-06-21,377844,406,09-10-21,1789,09-13-21,4,FA,1382,4896,NN,Semillas,Doble Poder,Soja,$ 4100.00
09-06-21,377845,406,09-10-21,1788,09-13-21,4,FA,1382,4896,NN,Semillas,Doble Poder,Soja,$ 4100.00
09-06-21,377848,404,09-14-21,1799,09-15-21,4,FA,1390,1856,NN,Semillas,Fuerza Total,Soja,$ 3000.00
09-06-21,377849,404,09-14-21,1798,09-15-21,4,FA,1390,1856,NN,Semillas,Fuerza Total,Soja,$ 3000.00
09-06-21,377850,404,09-14-21,1797,09-15-21,4,FA,1390,1856,NN,Semillas,Fuerza Total,Soja,$ 3000.00
09-06-21,377851,404,09-14-21,1796,09-15-21,4,FA,1390,1856,NN,Semillas,Fuerza Total,Soja,$ 3000.00
09-06-21,377852,405,09-14-21,1795,09-15-21,4,FA,1393,981,NN,Semillas,Fuerza Total,Soja,$ 3000.00
09-06-21,377853,405,09-14-21,1794,09-15-21,4,FA,1393,981,NN,Semillas,Fuerza Total,Soja,$ 3000.00
09-07-21,377854,408,09-15-21,1802,09-16-21,4,FA,1395,985,NN,Semillas,Fuerza Total Curado,Soja,$ 3400.00
09-07-21,377855,408,09-15-21,1801,09-16-21,4,FA,1395,985,NN,Semillas,Fuerza Total Curado,Soja,$ 3400.00
09-07-21,377856,408,09-15-21,1800,09-16-21,4,FA,1395,985,NN,Semillas,Fuerza Total Curado,Soja,$ 3400.00
09-08-21,377865,409,09-16-21,1805,09-17-21,4,FA,1398,25,NN,Semillas,Soja,Soja,$ 2800.00
09-08-21,377866,409,09-16-21,1804,09-17-21,4,FA,1398,25,NN,Semillas,Soja,Soja,$ 2800.00
09-08-21,377867,409,09-16-21,1803,09-17-21,4,FA,1398,25,NN,Semillas,Soja,Soja,$ 2800.00
09-08-21,377868,410,09-16-21,1808,09-17-21,4,FB,34,4712,NN,Semillas,Soja,Soja,$ 2300.00
09-08-21,377869,410,09-16-21,1807,09-17-21,4,FB,34,4712,NN,Semillas,Soja,Soja,$ 2300.00
09-08-21,377870,410,09-16-21,1806,09-17-21,4,FB,34,4712,NN,Semillas,Soja,Soja,$ 2300.00
09-10-21,378077,411,09-17-21,1811,09-20-21,4,FA,1401,489,NN,Semillas,Soja,Soja,$ 2300.00
09-10-21,378078,411,09-17-21,1810,09-20-21,4,FA,1401,489,NN,Semillas,Soja,Soja,$ 2300.00
09-10-21,378079,412,09-17-21,1817,09-20-21,4,FA,1400,4557,NN,Semillas,Doble Poder,Soja,$ 4100.00
09-10-21,378080,412,09-17-21,1816,09-20-21,4,FA,1400,4557,NN,Semillas,Doble Poder,Soja,$ 4100.00
09-10-21,378081,412,09-17-21,1815,09-20-21,4,FA,1400,4557,NN,Semillas,Doble Poder,Soja,$ 4100.00
09-10-21,378082,412,09-17-21,1814,09-20-21,4,FA,1400,4557,NN,Semillas,Doble Poder,Soja,$ 4100.00
09-10-21,378083,412,09-17-21,1813,09-20-21,4,FA,1400,4557,NN,Semillas,Doble Poder,Soja,$ 4100.00
09-10-21,378084,412,09-17-21,1812,09-20-21,4,FA,1400,4557,NN,Semillas,Doble Poder,Soja,$ 4100.00
09-13-21,378097,413,09-21-21,1827,09-21-21,4,FA,1406,798,NN,Semillas,Soja,Soja,$ 2800.00
09-13-21,378103,414,09-21-21,1823,09-21-21,4,FA,1407,4797,NN,Semillas,Fuerza Total,Soja,$ 3700.00
09-13-21,378104,414,09-21-21,1822,09-21-21,4,FA,1407,4797,NN,Semillas,Fuerza Total,Soja,$ 3700.00
09-13-21,378105,414,09-21-21,1821,09-21-21,4,FA,1407,4797,NN,Semillas,Fuerza Total,Soja,$ 3700.00
09-13-21,378106,414,09-21-21,1820,09-21-21,4,FA,1407,4797,NN,Semillas,Fuerza Total,Soja,$ 3700.00
09-13-21,378107,414,09-21-21,1819,09-21-21,4,FA,1407,4797,NN,Semillas,Fuerza Total,Soja,$ 3700.00
09-13-21,378108,414,09-21-21,1818,09-21-21,4,FA,1407,4797,NN,Semillas,Fuerza Total,Soja,$ 3700.00
09-13-21,378110,415,09-21-21,1826,09-21-21,4,FA,1405,1311,NN,Semillas,Doble Poder,Soja,$ 6700.00
09-13-21,378111,415,09-21-21,1825,09-21-21,4,FA,1405,1311,NN,Semillas,Doble Poder,Soja,$ 6700.00
09-13-21,378112,415,09-21-21,1824,09-21-21,4,FA,1405,1311,NN,Semillas,Doble Poder,Soja,$ 6700.00
09-15-21,378114,416,09-23-21,1837,09-23-21,4,FA,1411,25,NN,Semillas,Soja,Soja,$ 2800.00
09-15-21,378115,416,09-23-21,1836,09-23-21,4,FA,1411,25,NN,Semillas,Soja,Soja,$ 2800.00
09-15-21,378116,416,09-23-21,1835,09-23-21,4,FA,1411,25,NN,Semillas,Soja,Soja,$ 2800.00
09-15-21,378117,417,09-23-21,1834,09-23-21,4,FA,1410,1371,NN,Semillas,Soja,Soja,$ 3500.00
09-15-21,378118,417,09-23-21,1833,09-23-21,4,FA,1410,1371,NN,Semillas,Soja,Soja,$ 3500.00
09-15-21,378119,417,09-23-21,1832,09-23-21,4,FA,1410,1371,NN,Semillas,Soja,Soja,$ 3500.00
09-16-21,378182,418,09-24-21,1840,09-27-21,4,FA,1416,700,NN,Semillas,Fuerza Total Curado,Soja,$ 4200.00
09-16-21,378183,418,09-24-21,1839,09-27-21,4,FA,1416,700,NN,Semillas,Fuerza Total Curado,Soja,$ 4200.00
09-16-21,378184,418,09-24-21,1838,09-27-21,4,FA,1416,700,NN,Semillas,Fuerza Total Curado,Soja,$ 4200.00
09-21-21,378192,429,09-22-21,1831,09-23-21,4,FA,1408,4281,NN,Semillas,Gatton Panic,Gatton Panic,$ 3500.00
09-21-21,378193,429,09-22-21,1830,09-23-21,4,FA,1408,4281,NN,Semillas,Gatton Panic,Gatton Panic,$ 3500.00
09-21-21,378194,429,09-22-21,1829,09-23-21,4,FA,1408,4281,NN,Semillas,Gatton Panic,Gatton Panic,$ 3500.00
09-17-21,378195,419,09-24-21,1844,09-27-21,4,FA,1420,981,NN,Semillas,Fuerza Total,Soja,$ 3700.00
09-17-21,378196,419,09-24-21,1843,09-27-21,4,FA,1420,981,NN,Semillas,Fuerza Total,Soja,$ 3700.00
09-17-21,378197,419,09-24-21,1842,09-27-21,4,FA,1420,981,NN,Semillas,Fuerza Total,Soja,$ 3700.00
09-17-21,378198,419,09-24-21,1841,09-27-21,4,FA,1420,981,NN,Semillas,Fuerza Total,Maíz,$ 3700.00
09-17-21,378199,420,09-24-21,1851,09-27-21,4,FA,1417,109,NN,Semillas,Doble Poder,Soja,$ 5000.00
09-17-21,378200,420,09-24-21,1850,09-27-21,4,FA,1417,109,NN,Semillas,Doble Poder,Soja,$ 5000.00
09-17-21,378201,420,09-24-21,1849,09-27-21,4,FA,1417,109,NN,Semillas,Doble Poder,Soja,$ 5000.00
09-17-21,378202,420,09-24-21,1848,09-27-21,4,FA,1417,109,NN,Semillas,Doble Poder,Soja,$ 5000.00
09-17-21,378203,420,09-24-21,1847,09-27-21,4,FA,1417,109,NN,Semillas,Doble Poder,Soja,$ 5000.00
09-17-21,378204,420,09-24-21,1846,09-27-21,4,FA,1417,109,NN,Semillas,Doble Poder,Soja,$ 5000.00
09-17-21,378205,420,09-24-21,1845,09-27-21,4,FA,1417,109,NN,Semillas,Doble Poder,Soja,$ 5000.00
09-17-21,378206,421,10-01-21,1889,10-04-21,4,FA,1441,853,NN,Semillas,Sorgo,Sorgo,$ 2800.00
09-17-21,378207,421,09-27-21,1864,09-28-21,4,FA,1424,853,NN,Semillas,Moha,Moha,$ 2800.00
09-17-21,378208,421,09-24-21,1852,09-27-21,4,FA,1418,853,NN,Semillas,Mijo,Mijo,$ 2800.00
09-17-21,378209,421,09-24-21,1863,09-27-21,4,FA,1422,853,NN,Semillas,Maíz,Maíz,$ 2800.00
09-17-21,378210,421,09-24-21,1862,09-27-21,4,FA,1422,853,NN,Semillas,Maíz,Maíz,$ 2800.00
09-17-21,378211,422,09-24-21,1855,09-27-21,4,FA,1419,2599,NN,Semillas,Doble Poder,Soja,$ 6700.00
09-17-21,378212,423,09-24-21,1854,09-27-21,4,FA,1415,1856,NN,Semillas,Fuerza Total Curado,Soja,$ 5900.00
09-17-21,378213,423,09-24-21,1853,09-27-21,4,FA,1415,1856,NN,Semillas,Fuerza Total Curado,Soja,$ 5900.00
09-17-21,378214,424,09-24-21,1861,09-27-21,4,FA,1414,392,NN,Semillas,Semilla Vital Para Soja,Soja,$ 5100.00
09-17-21,378215,424,09-24-21,1860,09-27-21,4,FA,1414,392,NN,Semillas,Semilla Vital Para Soja,Soja,$ 5100.00
09-17-21,378216,424,09-24-21,1859,09-27-21,4,FA,1414,392,NN,Semillas,Semilla Vital Para Soja,Soja,$ 5100.00
09-17-21,378217,424,09-24-21,1858,09-27-21,4,FA,1414,392,NN,Semillas,Semilla Vital Para Soja,Soja,$ 5100.00
09-17-21,378218,424,09-24-21,1857,09-27-21,4,FA,1414,392,NN,Semillas,Semilla Vital Para Soja,Soja,$ 5100.00
09-17-21,378219,424,09-24-21,1856,09-27-21,4,FA,1414,392,NN,Semillas,Semilla Vital Para Soja,Soja,$ 5100.00
09-21-21,378220,425,09-29-21,1879,10-01-21,4,FA,1436,3276,NN,Semillas,Soja,Soja,$ 2800.00
09-21-21,378221,425,09-29-21,1878,10-01-21,4,FA,1436,3276,NN,Semillas,Soja,Soja,$ 2800.00
09-21-21,378222,425,09-29-21,1877,10-01-21,4,FA,1436,3276,NN,Semillas,Soja,Soja,$ 2800.00
09-21-21,378223,425,09-29-21,1876,10-01-21,4,FA,1436,3276,NN,Semillas,Soja,Soja,$ 2800.00
09-21-21,378224,427,09-29-21,1880,10-01-21,4,FA,1431,489,NN,Semillas,Fuerza Total,Soja,$ 3700.00
09-23-21,378225,433,09-29-21,1888,10-01-21,4,FA,1435,4910,NN,Semillas,Soja,Soja,$ 2800.00
09-23-21,378226,433,09-29-21,1887,10-01-21,4,FA,1435,4910,NN,Semillas,Soja,Soja,$ 2800.00
09-21-21,378227,430,09-29-21,1881,10-01-21,4,FA,1438,1160,NN,Semillas,Soja,Soja,$ 2800.00
09-21-21,378228,428,09-29-21,1884,10-01-21,4,FA,1429,4557,NN,Semillas,Soja,Soja,$ 2800.00
09-21-21,378229,428,09-29-21,1883,10-01-21,4,FA,1429,4557,NN,Semillas,Soja,Soja,$ 2800.00
09-21-21,378230,426,09-29-21,1882,10-01-21,4,FA,1432,1398,NN,Semillas,Fuerza Total,Soja,$ 3700.00
09-22-21,378247,432,09-29-21,1875,10-01-21,4,FA,1437,4237,NN,Semillas,Convenio Syngenta Soja Completo,Soja,$ 3300.00
09-22-21,378248,432,09-29-21,1874,10-01-21,4,FA,1437,4237,NN,Semillas,Convenio Syngenta Soja Completo,Soja,$ 3300.00
09-22-21,378249,432,09-29-21,1873,10-01-21,4,FA,1437,4237,NN,Semillas,Convenio Syngenta Soja Completo,Soja,$ 3300.00
09-22-21,378250,432,09-29-21,1872,10-01-21,4,FA,1437,4237,NN,Semillas,Convenio Syngenta Soja Completo,Soja,$ 3300.00
09-22-21,378251,432,09-29-21,1871,10-01-21,4,FA,1437,4237,NN,Semillas,Convenio Syngenta Soja Completo,Soja,$ 3300.00
09-22-21,378252,432,09-29-21,1870,10-01-21,4,FA,1437,4237,NN,Semillas,Convenio Syngenta Soja Completo,Soja,$ 3300.00
09-22-21,378253,432,09-29-21,1869,10-01-21,4,FA,1437,4237,NN,Semillas,Convenio Syngenta Soja Completo,Soja,$ 3300.00
09-22-21,378254,432,09-29-21,1868,10-01-21,4,FA,1437,4237,NN,Semillas,Convenio Syngenta Soja Completo,Soja,$ 3300.00
09-22-21,378255,432,09-29-21,1867,10-01-21,4,FA,1437,4237,NN,Semillas,Convenio Syngenta Soja Completo,Soja,$ 3300.00
09-22-21,378256,432,09-29-21,1866,10-01-21,4,FA,1437,4237,NN,Semillas,Convenio Syngenta Soja Completo,Soja,$ 3300.00
09-22-21,378257,432,09-29-21,1865,10-01-21,4,FA,1437,4237,NN,Semillas,Convenio Syngenta Soja Completo,Soja,$ 3300.00
09-24-21,378414,434,09-29-21,1886,10-01-21,4,FA,1434,715,NN,Semillas,Convenio Syngenta Soja Completo,Soja,$ 3300.00
09-24-21,378415,434,09-29-21,1885,10-01-21,4,FA,1434,715,NN,Semillas,Convenio Syngenta Soja Completo,Soja,$ 3300.00
09-24-21,378416,435,10-01-21,1893,10-04-21,4,FA,1443,4911,NN,Semillas,Fuerza Total Curado,Soja,$ 4200.00
09-24-21,378417,435,10-01-21,1892,10-04-21,4,FA,1443,4911,NN,Semillas,Fuerza Total Curado,Soja,$ 4200.00
09-24-21,378418,435,10-01-21,1894,10-04-21,4,FA,1443,4911,NN,Semillas,Fuerza Total Curado,Soja,$ 4200.00
09-24-21,378419,436,10-01-21,1891,10-04-21,4,FA,1442,4762,NN,Semillas,Soja,Soja,$ 2800.00
09-24-21,378420,436,10-01-21,1890,10-04-21,4,FA,1442,4762,NN,Semillas,Soja,Soja,$ 2800.00
10-13-21,378421,456,10-13-21,1944,10-14-21,4,FA,1464,4247,NN,Semillas,Doble Poder,Soja,$ 6700.00
09-27-21,378426,437,10-05-21,1898,10-06-21,4,FA,1449,3337,NN,Semillas,Fuerza Total,Soja,$ 3700.00
09-27-21,378427,438,10-05-21,1897,10-06-21,4,FA,1445,4721,NN,Semillas,Soja,Soja,$ 2800.00
09-27-21,378428,438,10-05-21,1896,10-06-21,4,FA,1445,4721,NN,Semillas,Soja,Soja,$ 2800.00
09-27-21,378429,438,10-05-21,1895,10-06-21,4,FA,1445,4721,NN,Semillas,Soja,Soja,$ 2800.00
09-28-21,378437,439,10-06-21,1900,10-07-21,4,FA,1453,3297,NN,Semillas,Fuerza Total,Soja,$ 3700.00
09-28-21,378438,439,10-06-21,1899,10-07-21,4,FA,1453,3297,NN,Semillas,Fuerza Total,Soja,$ 3700.00
09-29-21,378454,440,10-06-21,1906,10-07-21,4,FA,1454,4237,NN,Semillas,Convenio Syngenta Soja Completo,Soja,$ 3300.00
09-29-21,378455,440,10-06-21,1905,10-07-21,4,FA,1454,4237,NN,Semillas,Convenio Syngenta Soja Completo,Soja,$ 3300.00
09-29-21,378456,440,10-06-21,1904,10-07-21,4,FA,1454,4237,NN,Semillas,Convenio Syngenta Soja Completo,Soja,$ 3300.00
09-29-21,378457,440,10-06-21,1903,10-07-21,4,FA,1454,4237,NN,Semillas,Convenio Syngenta Soja Completo,Soja,$ 3300.00
09-29-21,378458,440,10-06-21,1902,10-07-21,4,FA,1454,4237,NN,Semillas,Convenio Syngenta Soja Completo,Soja,$ 3300.00
09-29-21,378459,440,10-06-21,1901,10-07-21,4,FA,1454,4237,NN,Semillas,Convenio Syngenta Soja Completo,Soja,$ 3300.00
09-29-21,378460,441,10-07-21,1917,10-11-21,4,FA,1458,4715,NN,Semillas,Doble Poder,Soja,$ 5000.00
10-01-21,378464,442,10-07-21,1916,10-11-21,4,FA,1455,4557,NN,Semillas,Soja,Soja,$ 2800.00
10-01-21,378465,442,10-07-21,1915,10-11-21,4,FA,1455,4557,NN,Semillas,Soja,Soja,$ 2800.00
10-01-21,378466,442,10-07-21,1914,10-11-21,4,FA,1455,4557,NN,Semillas,Soja,Soja,$ 2800.00
10-01-21,378467,443,10-07-21,1924,10-11-21,4,FA,1456,760,NN,Semillas,Convenio Syngenta Soja Completo,Soja,$ 3300.00
10-01-21,378469,443,10-07-21,1923,10-11-21,4,FA,1456,760,NN,Semillas,Convenio Syngenta Soja Completo,Soja,$ 3300.00
10-01-21,378470,443,10-07-21,1922,10-11-21,4,FA,1456,760,NN,Semillas,Convenio Syngenta Soja Completo,Soja,$ 3300.00
10-01-21,378471,443,10-07-21,1921,10-11-21,4,FA,1456,760,NN,Semillas,Convenio Syngenta Soja Completo,Soja,$ 3300.00
10-01-21,378472,443,10-07-21,1920,10-11-21,4,FA,1456,760,NN,Semillas,Convenio Syngenta Soja Completo,Soja,$ 3300.00
10-01-21,378473,443,10-07-21,1919,10-11-21,4,FA,1456,760,NN,Semillas,Convenio Syngenta Soja Completo,Soja,$ 3300.00
10-01-21,378474,443,10-07-21,1918,10-11-21,4,FA,1456,760,NN,Semillas,Convenio Syngenta Soja Completo,Soja,$ 3300.00
10-04-21,378665,444,10-12-21,1938,10-12-21,4,FA,1461,1425,NN,Semillas,Fuerza Total,Soja,$ 3700.00
10-04-21,378666,444,10-12-21,1937,10-12-21,4,FA,1461,1425,NN,Semillas,Fuerza Total,Soja,$ 3700.00
10-04-21,378667,444,10-12-21,1936,10-12-21,4,FA,1461,1425,NN,Semillas,Fuerza Total,Soja,$ 3700.00
10-07-21,378672,449,10-12-21,1935,10-12-21,4,FA,1460,392,NN,Semillas,Convenio Syngenta Soja Completo,Soja,$ 3300.00
10-07-21,378673,449,10-12-21,1934,10-12-21,4,FA,1460,392,NN,Semillas,Convenio Syngenta Soja Completo,Soja,$ 3300.00
10-07-21,378674,449,10-12-21,1933,10-12-21,4,FA,1460,392,NN,Semillas,Convenio Syngenta Soja Completo,Soja,$ 3300.00
10-07-21,378675,449,10-12-21,1932,10-12-21,4,FA,1460,392,NN,Semillas,Convenio Syngenta Soja Completo,Soja,$ 3300.00
10-07-21,378676,449,10-12-21,1931,10-12-21,4,FA,1460,392,NN,Semillas,Convenio Syngenta Soja Completo,Soja,$ 3300.00
10-07-21,378677,449,10-12-21,1930,10-12-21,4,FA,1460,392,NN,Semillas,Convenio Syngenta Soja Completo,Soja,$ 3300.00
10-07-21,378678,449,10-12-21,1929,10-12-21,4,FA,1460,392,NN,Semillas,Convenio Syngenta Soja Completo,Soja,$ 3300.00
10-07-21,378679,449,10-12-21,1928,10-12-21,4,FA,1460,392,NN,Semillas,Convenio Syngenta Soja Completo,Soja,$ 3300.00
10-07-21,378680,449,10-12-21,1927,10-12-21,4,FA,1460,392,NN,Semillas,Convenio Syngenta Soja Completo,Soja,$ 3300.00
10-07-21,378681,449,10-12-21,1926,10-12-21,4,FA,1460,392,NN,Semillas,Convenio Syngenta Soja Completo,Soja,$ 3300.00
10-07-21,378682,449,10-12-21,1925,10-12-21,4,FA,1460,392,NN,Semillas,Convenio Syngenta Soja Completo,Soja,$ 3300.00
10-06-21,378683,448,10-14-21,1947,10-15-21,4,FA,1468,4914,NN,Semillas,Fuerza Total,Soja,$ 3700.00
10-06-21,378684,448,10-14-21,1946,10-15-21,4,FA,1468,4914,NN,Semillas,Fuerza Total,Soja,$ 3700.00
10-06-21,378685,448,10-14-21,1945,10-15-21,4,FA,1468,4914,NN,Semillas,Fuerza Total,Soja,$ 3700.00
10-07-21,378686,450,10-13-21,1940,10-14-21,4,FA,1463,4920,NN,Semillas,Fuerza Total,Soja,$ 3700.00
10-06-21,378687,447,10-14-21,1948,10-15-21,4,FA,1469,1897,NN,Semillas,Soja,Soja,$ 2800.00
10-07-21,378688,450,10-13-21,1939,10-14-21,4,FA,1463,4920,NN,Semillas,Fuerza Total Curado,Soja,$ 4200.00
10-07-21,378689,451,10-13-21,1942,10-14-21,4,FA,1462,4921,NN,Semillas,Fuerza Total,Soja,$ 3700.00
10-07-21,378689,451,10-13-21,1942,11-24-21,4,FA,1556,4920,NN,Semillas,Fuerza Total,Soja,$ 3700.00
10-06-21,378690,447,10-13-21,1943,10-14-21,4,FA,1465,1897,NN,Semillas,Soja,Soja,$ 2800.00
10-07-21,378691,451,10-13-21,1941,10-14-21,4,FA,1462,4921,NN,Semillas,Fuerza Total Curado,Soja,$ 4200.00
10-07-21,378691,451,10-13-21,1941,11-24-21,4,FA,1556,4920,NN,Semillas,Fuerza Total Curado,Soja,$ 4200.00
10-05-21,378692,445,10-06-21,1913,10-07-21,4,FA,1452,109,NN,Semillas,Soja,Soja,$ 1700.00
10-05-21,378693,445,10-06-21,1912,10-07-21,4,FA,1452,109,NN,Semillas,Soja,Soja,$ 1700.00
10-05-21,378694,445,10-06-21,1911,10-07-21,4,FA,1452,109,NN,Semillas,Soja,Soja,$ 1700.00
10-05-21,378695,445,10-06-21,1910,10-07-21,4,FA,1452,109,NN,Semillas,Soja,Soja,$ 1700.00
10-05-21,378696,445,10-06-21,1909,10-07-21,4,FA,1452,109,NN,Semillas,Soja,Soja,$ 1700.00
10-05-21,378697,445,10-06-21,1908,10-07-21,4,FA,1452,109,NN,Semillas,Soja,Soja,$ 1700.00
10-05-21,378698,445,10-06-21,1907,10-07-21,4,FA,1452,109,NN,Semillas,Soja,Soja,$ 1700.00
10-05-21,378699,446,10-14-21,1950,10-15-21,4,FA,1466,4913,NN,Semillas,Soja,Soja,$ 2800.00
10-05-21,378700,446,10-14-21,1949,10-15-21,4,FA,1466,4913,NN,Semillas,Soja,Soja,$ 2800.00
10-07-21,378812,452,10-15-21,1953,10-19-21,4,FA,1472,4557,NN,Semillas,Soja,Soja,$ 2800.00
10-07-21,378813,452,10-15-21,1952,10-19-21,4,FA,1472,4557,NN,Semillas,Soja,Soja,$ 2800.00
10-12-21,378814,453,10-20-21,1956,10-21-21,4,FA,1477,1930,NN,Semillas,Fuerza Total Curado,Soja,$ 5000.00
10-12-21,378815,453,10-20-21,1955,10-21-21,4,FA,1477,1930,NN,Semillas,Fuerza Total Curado,Soja,$ 5000.00
10-12-21,378816,453,10-20-21,1954,10-21-21,4,FA,1477,1930,NN,Semillas,Fuerza Total Curado,Soja,$ 5000.00
10-13-21,378829,455,10-21-21,1961,10-21-21,4,FA,1478,1779,NN,Semillas,Fuerza Total,Soja,$ 3700.00
10-13-21,378830,455,10-21-21,1960,10-21-21,4,FA,1478,1779,NN,Semillas,Fuerza Total,Soja,$ 3700.00
10-13-21,378831,455,10-21-21,1959,10-21-21,4,FA,1478,1779,NN,Semillas,Fuerza Total,Soja,$ 3700.00
10-13-21,378832,455,10-21-21,1958,10-21-21,4,FA,1478,1779,NN,Semillas,Fuerza Total,Soja,$ 3700.00
10-13-21,378833,455,10-21-21,1957,10-21-21,4,FA,1478,1779,NN,Semillas,Fuerza Total,Soja,$ 3700.00
10-15-21,378834,462,10-22-21,1963,10-25-21,4,FB,35,4923,NN,Semillas,Fuerza Total,Soja,$ 3700.00
10-15-21,378835,462,10-22-21,1962,10-25-21,4,FB,35,4923,NN,Semillas,Fuerza Total,Soja,$ 3700.00
10-14-21,378840,457,10-22-21,1997,10-25-21,4,FA,1485,4781,NN,Semillas,Soja,Soja,$ 3500.00
10-14-21,378842,457,10-22-21,1996,10-25-21,4,FA,1485,4781,NN,Semillas,Soja,Soja,$ 3500.00
10-14-21,378843,457,10-22-21,1995,10-25-21,4,FA,1485,4781,NN,Semillas,Soja,Soja,$ 3500.00
10-14-21,378844,457,10-22-21,1994,10-25-21,4,FA,1485,4781,NN,Semillas,Soja,Soja,$ 3500.00
10-14-21,378845,458,10-22-21,1993,10-25-21,4,FA,1481,1084,NN,Semillas,Fuerza Total,Soja,$ 3700.00
10-15-21,378846,459,10-22-21,1988,11-01-21,4,FA,1505,392,NN,Semillas,Soja,Soja,$ 2800.00
10-15-21,378847,459,10-22-21,1987,11-01-21,4,FA,1505,392,NN,Semillas,Soja,Soja,$ 2800.00
10-15-21,378848,459,10-22-21,1986,11-01-21,4,FA,1505,392,NN,Semillas,Soja,Soja,$ 2800.00
10-15-21,378849,459,10-22-21,1985,11-01-21,4,FA,1505,392,NN,Semillas,Soja,Soja,$ 2800.00
10-15-21,378850,459,10-22-21,1984,11-01-21,4,FA,1505,392,NN,Semillas,Soja,Soja,$ 2800.00
10-15-21,378851,459,10-22-21,1983,11-01-21,4,FA,1505,392,NN,Semillas,Soja,Soja,$ 2800.00
10-15-21,378852,459,10-22-21,1982,11-01-21,4,FA,1505,392,NN,Semillas,Soja,Soja,$ 2800.00
10-15-21,378853,459,10-22-21,1981,11-01-21,4,FA,1505,392,NN,Semillas,Soja,Soja,$ 2800.00
10-15-21,378854,459,10-22-21,1980,11-01-21,4,FA,1505,392,NN,Semillas,Soja,Soja,$ 2800.00
10-15-21,378855,459,10-22-21,1979,11-01-21,4,FA,1505,392,NN,Semillas,Soja,Soja,$ 2800.00
10-15-21,378856,459,10-22-21,1978,11-01-21,4,FA,1505,392,NN,Semillas,Soja,Soja,$ 2800.00
10-15-21,378857,459,10-22-21,1977,11-01-21,4,FA,1505,392,NN,Semillas,Soja,Soja,$ 2800.00
10-15-21,378858,459,10-22-21,1976,11-01-21,4,FA,1505,392,NN,Semillas,Soja,Soja,$ 2800.00
10-15-21,378859,459,10-22-21,1975,11-01-21,4,FA,1505,392,NN,Semillas,Soja,Soja,$ 2800.00
10-15-21,378860,459,10-22-21,1974,11-01-21,4,FA,1505,392,NN,Semillas,Soja,Soja,$ 2800.00
10-15-21,378861,459,10-22-21,1973,11-01-21,4,FA,1505,392,NN,Semillas,Soja,Soja,$ 2800.00
10-15-21,378862,459,10-22-21,1972,11-01-21,4,FA,1505,392,NN,Semillas,Soja,Soja,$ 2800.00
10-15-21,378863,459,10-22-21,1971,11-01-21,4,FA,1505,392,NN,Semillas,Soja,Soja,$ 2800.00
10-15-21,378864,459,10-22-21,1970,11-01-21,4,FA,1505,392,NN,Semillas,Soja,Soja,$ 2800.00
10-15-21,378865,459,10-22-21,1969,11-01-21,4,FA,1505,392,NN,Semillas,Soja,Soja,$ 2800.00
10-15-21,378866,460,10-22-21,1992,11-01-21,4,FA,1505,392,NN,Semillas,Semilla Vital Para Soja,Soja,$ 5100.00
10-15-21,378867,460,10-22-21,1991,11-01-21,4,FA,1505,392,NN,Semillas,Semilla Vital Para Soja,Soja,$ 5100.00
10-20-21,378868,472,10-22-21,1990,10-25-21,4,FA,1483,2090,NN,Semillas,Fuerza Total,Soja,$ 3700.00
10-20-21,378869,472,10-22-21,1989,10-25-21,4,FA,1483,2090,NN,Semillas,Fuerza Total,Soja,$ 3700.00
10-15-21,378870,461,10-22-21,1968,10-25-21,4,FA,1487,2835,NN,Semillas,Semilla Vital,Maíz,$ 5100.00
10-15-21,378871,461,10-22-21,1967,10-25-21,4,FA,1487,2835,NN,Semillas,Semilla Vital,Maíz,$ 5100.00
10-15-21,378872,461,10-22-21,1966,10-25-21,4,FA,1487,2835,NN,Semillas,Semilla Vital,Maíz,$ 5100.00
10-15-21,378873,461,10-22-21,1965,10-25-21,4,FA,1487,2835,NN,Semillas,Semilla Vital,Maíz,$ 5100.00
10-15-21,378874,461,10-22-21,1964,10-25-21,4,FA,1487,2835,NN,Semillas,Semilla Vital,Maíz,$ 5100.00
10-18-21,379027,463,10-26-21,1998,10-27-21,4,FA,1490,4557,NN,Semillas,Soja,Soja,$ 2800.00
10-18-21,379028,464,10-26-21,2003,10-27-21,4,FA,1492,670,NN,Semillas,Soja,Soja,$ 2800.00
10-18-21,379029,464,10-26-21,2002,10-27-21,4,FA,1492,670,NN,Semillas,Soja,Soja,$ 2800.00
10-18-21,379030,464,10-26-21,2001,10-27-21,4,FA,1492,670,NN,Semillas,Soja,Soja,$ 2800.00
10-18-21,379031,464,10-26-21,2000,10-27-21,4,FA,1492,670,NN,Semillas,Soja,Soja,$ 2800.00
10-18-21,379032,464,10-26-21,1999,10-27-21,4,FA,1492,670,NN,Semillas,Soja,Soja,$ 2800.00
10-20-21,379036,473,10-26-21,2011,10-27-21,4,FA,1493,2342,NN,Semillas,Convenio Syngenta Soja Completo,Soja,$ 3300.00
10-20-21,379037,473,10-26-21,2010,10-27-21,4,FA,1493,2342,NN,Semillas,Convenio Syngenta Soja Completo,Soja,$ 3300.00
10-20-21,379038,473,10-26-21,2009,10-27-21,4,FA,1493,2342,NN,Semillas,Convenio Syngenta Soja Completo,Soja,$ 3300.00
10-20-21,379039,473,10-26-21,2008,10-27-21,4,FA,1493,2342,NN,Semillas,Convenio Syngenta Soja Completo,Soja,$ 3300.00
10-20-21,379040,473,10-26-21,2007,10-27-21,4,FA,1493,2342,NN,Semillas,Convenio Syngenta Soja Completo,Soja,$ 3300.00
10-20-21,379041,473,10-26-21,2006,10-27-21,4,FA,1493,2342,NN,Semillas,Convenio Syngenta Soja Completo,Soja,$ 3300.00
10-20-21,379042,473,10-26-21,2005,10-27-21,4,FA,1493,2342,NN,Semillas,Convenio Syngenta Soja Completo,Soja,$ 3300.00
10-20-21,379043,473,10-26-21,2004,10-27-21,4,FA,1493,2342,NN,Semillas,Convenio Syngenta Soja Completo,Soja,$ 3300.00
10-19-21,379044,465,11-17-21,2081,11-18-21,4,FA,1550,2132,NN,Semillas,Panicum Coloratum,Panicum Coloratum,$ 3500.00
10-19-21,379045,465,11-17-21,2080,11-18-21,4,FA,1550,2132,NN,Semillas,Panicum Coloratum,Panicum Coloratum,$ 3500.00
10-19-21,379046,466,10-28-21,2021,10-29-21,4,FA,1499,3875,NN,Semillas,Poder + Peso,Soja,$ 3700.00
10-19-21,379047,466,10-28-21,2020,10-29-21,4,FA,1499,3875,NN,Semillas,Poder + Peso,Soja,$ 3700.00
10-19-21,379048,466,10-28-21,2019,10-29-21,4,FA,1499,3875,NN,Semillas,Poder + Peso,Soja,$ 3700.00
10-19-21,379049,467,10-28-21,2018,10-29-21,4,FA,1498,4758,NN,Semillas,Soja,Soja,$ 3500.00
10-19-21,379050,468,10-28-21,2017,10-29-21,4,FA,1494,4339,NN,Semillas,Poder + Peso,Soja,$ 3700.00
10-19-21,379051,469,10-28-21,2016,10-29-21,4,FA,1496,4216,NN,Semillas,Fuerza Total,Soja,$ 3700.00
10-19-21,379052,469,10-28-21,2015,10-29-21,4,FA,1496,4216,NN,Semillas,Fuerza Total,Soja,$ 3700.00
10-19-21,379053,469,10-28-21,2014,10-29-21,4,FA,1496,4216,NN,Semillas,Fuerza Total,Soja,$ 3700.00
10-19-21,379054,470,10-28-21,2013,10-29-21,4,FA,1495,3225,NN,Semillas,Doble Poder,Soja,$ 5000.00
10-19-21,379080,471,10-28-21,2012,10-29-21,4,FA,1497,3920,NN,Semillas,Fuerza Total Curado,Soja,$ 4200.00
10-21-21,379185,474,11-02-21,2035,11-02-21,4,FA,1509,392,NN,Semillas,Cold Test,Soja,$ 5000.00
10-21-21,379186,474,10-29-21,2024,11-01-21,4,FA,1505,392,NN,Semillas,Semilla Vital Para Soja,Soja,$ 5100.00
10-21-21,379187,474,11-02-21,2034,11-02-21,4,FA,1509,392,NN,Semillas,Cold Test,Soja,$ 5000.00
10-21-21,379188,474,10-29-21,2023,11-01-21,4,FA,1505,392,NN,Semillas,Semilla Vital Para Soja,Soja,$ 5100.00
10-21-21,379189,474,11-02-21,2033,11-02-21,4,FA,1509,392,NN,Semillas,Cold Test,Soja,$ 5000.00
10-21-21,379190,474,10-29-21,2022,11-01-21,4,FA,1505,392,NN,Semillas,Semilla Vital Para Soja,Soja,$ 5100.00
10-21-21,379191,475,10-29-21,2032,11-01-21,4,FA,1504,4557,NN,Semillas,Soja,Soja,$ 2800.00
10-22-21,379196,476,10-29-21,2031,11-01-21,4,FA,1501,2853,NN,Semillas,Doble Poder,Soja,$ 6700.00
10-22-21,379197,476,10-29-21,2030,11-01-21,4,FA,1501,2853,NN,Semillas,Doble Poder,Soja,$ 6700.00
10-22-21,379198,476,10-29-21,2029,11-01-21,4,FA,1501,2853,NN,Semillas,Doble Poder,Soja,$ 6700.00
10-22-21,379199,476,10-29-21,2028,11-01-21,4,FA,1501,2853,NN,Semillas,Doble Poder,Soja,$ 6700.00
10-22-21,379206,477,10-29-21,2027,11-01-21,4,FA,1503,3277,NN,Semillas,Soja,Soja,$ 2800.00
10-22-21,379207,477,10-29-21,2026,11-01-21,4,FA,1503,3277,NN,Semillas,Soja,Soja,$ 2800.00
10-22-21,379208,477,10-29-21,2025,11-01-21,4,FA,1503,3277,NN,Semillas,Soja,Soja,$ 2800.00
10-25-21,379213,478,11-02-21,2037,11-04-21,4,FA,1511,2257,NN,Semillas,Fuerza Total Curado,Soja,$ 4200.00
10-25-21,379214,478,11-02-21,2036,11-04-21,4,FA,1511,2257,NN,Semillas,Fuerza Total Curado,Soja,$ 4200.00
10-26-21,379215,479,11-02-21,2038,11-04-21,4,FA,1510,2406,NN,Semillas,Soja,Soja,$ 2800.00
10-26-21,379216,479,11-08-21,2051,11-09-21,4,FA,1522,2406,NN,Semillas,Sorgo,Sorgo,$ 2800.00
10-27-21,379230,480,11-04-21,2040,11-05-21,4,FA,1514,772,NN,Semillas,Fuerza Total,Soja,$ 5400.00
10-27-21,379231,481,11-04-21,2045,11-05-21,4,FA,1515,392,NN,Semillas,Soja,Soja,$ 2800.00
10-27-21,379232,481,11-04-21,2044,11-05-21,4,FA,1515,392,NN,Semillas,Soja,Soja,$ 2800.00
10-27-21,379233,481,11-04-21,2043,11-05-21,4,FA,1515,392,NN,Semillas,Soja,Soja,$ 2800.00
10-27-21,379234,481,11-04-21,2042,11-05-21,4,FA,1515,392,NN,Semillas,Soja,Soja,$ 2800.00
10-27-21,379235,481,11-04-21,2041,11-05-21,4,FA,1515,392,NN,Semillas,Soja,Soja,$ 2800.00
10-27-21,379236,482,11-04-21,2039,11-05-21,4,FA,1515,392,NN,Semillas,Convenio Syngenta Soja Completo,Soja,$ 3300.00
10-29-21,379442,483,11-05-21,2050,11-05-21,4,FA,1519,960,NN,Semillas,Fuerza Total,Soja,$ 5400.00
10-29-21,379449,484,11-05-21,2049,11-05-21,4,FA,1516,3299,NN,Semillas,Doble Poder,Soja,$ 6700.00
11-01-21,379450,485,11-05-21,2048,11-05-21,4,FA,1517,691,NN,Semillas,Fuerza Total,Soja,$ 3700.00
11-01-21,379451,485,11-05-21,2047,11-05-21,4,FA,1517,691,NN,Semillas,Fuerza Total,Soja,$ 3700.00
11-01-21,379452,485,11-05-21,2046,11-05-21,4,FA,1517,691,NN,Semillas,Fuerza Total,Soja,$ 3700.00
11-01-21,379455,486,11-09-21,2053,11-10-21,4,FA,1523,1632,NN,Semillas,Fuerza Total Curado,Soja,$ 4200.00
11-01-21,379456,486,11-09-21,2052,11-10-21,4,FA,1523,1632,NN,Semillas,Fuerza Total Curado,Soja,$ 4200.00
11-19-21,379465,510,11-26-21,2108,11-29-21,4,FA,1567,1660,NN,Semillas,Soja,Soja,$ 2800.00
11-02-21,379466,487,11-10-21,2055,11-11-21,4,FA,1527,4849,NN,Semillas,Fuerza Total,Soja,$ 5400.00
11-02-21,379509,488,11-10-21,2054,11-11-21,4,FA,1525,2861,NN,Semillas,Fuerza Total,Soja,$ 3700.00
11-03-21,379512,489,11-30-21,2109,12-02-21,4,FB,38,3577,NN,Semillas,Pack Integral,Gramon,$ 6100.00
11-03-21,379515,490,11-11-21,2064,11-15-21,4,FA,1535,2375,NN,Semillas,Soja,Soja,$ 2800.00
11-03-21,379516,490,11-11-21,2063,11-15-21,4,FA,1535,2375,NN,Semillas,Soja,Soja,$ 2800.00
11-03-21,379517,490,11-11-21,2062,11-15-21,4,FA,1535,2375,NN,Semillas,Soja,Soja,$ 2800.00
11-03-21,379518,490,11-11-21,2061,11-15-21,4,FA,1535,2375,NN,Semillas,Soja,Soja,$ 2800.00
11-03-21,379519,490,11-11-21,2060,11-15-21,4,FA,1535,2375,NN,Semillas,Soja,Soja,$ 2800.00
11-03-21,379520,490,11-11-21,2059,11-15-21,4,FA,1535,2375,NN,Semillas,Soja,Soja,$ 2800.00
11-03-21,379521,491,11-11-21,2058,11-15-21,4,FA,1534,4557,NN,Semillas,Soja,Soja,$ 2800.00
11-03-21,379522,491,11-11-21,2057,11-15-21,4,FA,1534,4557,NN,Semillas,Soja,Soja,$ 2800.00
11-04-21,379668,492,11-12-21,2066,11-15-21,4,FA,1533,921,NN,Semillas,Soja,Soja,$ 2800.00
11-04-21,379669,492,11-12-21,2065,11-15-21,4,FA,1533,921,NN,Semillas,Soja,Soja,$ 2800.00
11-05-21,379670,493,11-12-21,2067,11-15-21,4,FA,1530,4557,NN,Semillas,Soja,Soja,$ 2800.00
11-08-21,379671,494,11-16-21,2069,11-16-21,4,FA,1540,908,NN,Semillas,Fuerza Total Curado,Soja,$ 4200.00
11-08-21,379672,494,11-16-21,2068,11-16-21,4,FA,1540,908,NN,Semillas,Fuerza Total Curado,Soja,$ 4200.00
11-08-21,379675,495,11-16-21,2070,11-16-21,4,FA,1543,4765,NN,Semillas,Doble Poder,Soja,$ 6700.00
11-08-21,379676,496,11-16-21,2071,11-16-21,4,FA,1542,4766,NN,Semillas,Doble Poder,Soja,$ 6700.00
11-09-21,379677,497,11-17-21,2074,11-18-21,4,FA,1544,392,NN,Semillas,Semilla Vital Para Soja,Soja,$ 5100.00
11-09-21,379678,497,11-17-21,2073,11-18-21,4,FA,1544,392,NN,Semillas,Semilla Vital Para Soja,Soja,$ 5100.00
11-09-21,379679,497,11-17-21,2072,11-18-21,4,FA,1544,392,NN,Semillas,Semilla Vital Para Soja,Soja,$ 5100.00
11-09-21,379680,498,11-17-21,2079,11-18-21,4,FA,1544,392,NN,Semillas,Soja,Soja,$ 2800.00
11-09-21,379681,498,11-17-21,2078,11-18-21,4,FA,1544,392,NN,Semillas,Soja,Soja,$ 2800.00
11-09-21,379682,498,11-17-21,2077,11-18-21,4,FA,1544,392,NN,Semillas,Soja,Soja,$ 2800.00
11-09-21,379683,498,11-17-21,2076,11-18-21,4,FA,1544,392,NN,Semillas,Soja,Soja,$ 2800.00
11-09-21,379690,499,11-17-21,2075,11-18-21,4,FA,1549,2308,NN,Semillas,Doble Poder,Soja,$ 5850.00
11-10-21,379693,500,11-18-21,2087,11-23-21,4,FA,1551,392,NN,Semillas,Semilla Vital Para Soja,Soja,$ 5100.00
11-10-21,379694,500,11-18-21,2086,11-23-21,4,FA,1551,392,NN,Semillas,Semilla Vital Para Soja,Soja,$ 5100.00
11-10-21,379695,500,11-18-21,2085,11-23-21,4,FA,1551,392,NN,Semillas,Semilla Vital Para Soja,Soja,$ 5100.00
11-10-21,379696,501,11-18-21,2084,11-23-21,4,FA,1551,392,NN,Semillas,Soja,Soja,$ 2800.00
11-10-21,379697,501,11-18-21,2083,11-23-21,4,FA,1551,392,NN,Semillas,Soja,Soja,$ 2800.00
11-10-21,379698,501,11-18-21,2082,11-23-21,4,FA,1551,392,NN,Semillas,Soja,Soja,$ 2800.00
11-10-21,379699,489,11-10-21,2056,11-11-21,4,FB,36,3577,NN,Semillas,Gramon,Gramon,$ 3500.00
11-16-21,379739,506,11-25-21,2103,11-29-21,4,FA,1574,4938,NN,Semillas,Fuerza Total Curado,Soja,$ 4200.00
11-12-21,379740,503,11-18-21,2088,11-25-21,4,FA,1557,2795,NN,Semillas,Convenio Syngenta Soja Completo,Soja,$ 3300.00
11-12-21,379741,502,11-19-21,2099,11-24-21,4,FA,1555,522,NN,Semillas,Convenio Syngenta Soja Completo,Soja,$ 3300.00
11-12-21,379742,502,11-19-21,2098,11-24-21,4,FA,1555,522,NN,Semillas,Convenio Syngenta Soja Completo,Soja,$ 3300.00
11-12-21,379743,502,11-19-21,2097,11-24-21,4,FA,1555,522,NN,Semillas,Convenio Syngenta Soja Completo,Soja,$ 3300.00
11-12-21,379744,502,11-19-21,2096,11-24-21,4,FA,1555,522,NN,Semillas,Convenio Syngenta Soja Completo,Soja,$ 3300.00
11-12-21,379745,502,11-19-21,2095,11-24-21,4,FA,1555,522,NN,Semillas,Convenio Syngenta Soja Completo,Soja,$ 3300.00
11-12-21,379746,502,11-19-21,2094,11-24-21,4,FA,1555,522,NN,Semillas,Convenio Syngenta Soja Completo,Soja,$ 3300.00
11-12-21,379747,502,11-19-21,2093,11-24-21,4,FA,1555,522,NN,Semillas,Convenio Syngenta Soja Completo,Soja,$ 3300.00
11-12-21,379748,502,11-19-21,2092,11-24-21,4,FA,1555,522,NN,Semillas,Convenio Syngenta Soja Completo,Soja,$ 3300.00
11-12-21,379749,502,11-19-21,2091,11-24-21,4,FA,1555,522,NN,Semillas,Convenio Syngenta Soja Completo,Soja,$ 3300.00
11-12-21,379750,502,11-19-21,2090,11-24-21,4,FA,1555,522,NN,Semillas,Convenio Syngenta Soja Completo,Soja,$ 3300.00
11-12-21,379751,502,11-19-21,2089,11-24-21,4,FA,1555,522,NN,Semillas,Convenio Syngenta Soja Completo,Soja,$ 3300.00
11-16-21,379763,504,11-23-21,2101,11-25-21,4,FA,1559,1171,NN,Semillas,Poroto,Poroto,$ 3500.00
11-16-21,379764,504,11-23-21,2100,11-25-21,4,FA,1559,1171,NN,Semillas,Poroto,Poroto,$ 3500.00
11-16-21,379765,505,11-26-21,2104,11-29-21,4,FA,1566,4528,NN,Semillas,Fuerza Total,Alfalfa,$ 3700.00
11-18-21,379798,507,11-26-21,2106,11-29-21,4,FA,1568,4763,NN,Semillas,Soja,Soja,$ 2800.00
11-18-21,379799,507,11-26-21,2105,11-29-21,4,FA,1568,4763,NN,Semillas,Soja,Soja,$ 2800.00
11-18-21,379803,508,11-25-21,2102,11-29-21,4,FA,1573,4528,NN,Semillas,Maíz,Maíz,$ 2800.00
11-18-21,379863,509,11-26-21,2107,11-29-21,4,FA,1565,392,NN,Semillas,Semilla Vital Para Soja,Soja,$ 5100.00
11-23-21,379896,511,12-01-21,2110,12-02-21,4,FA,1585,4464,NN,Semillas,¿Cuántos Kilos Siembro?,Soja,$ 5600.00
11-23-21,379906,512,12-01-21,2113,12-02-21,4,FA,1584,2555,NN,Semillas,Fuerza Total,Soja,$ 3700.00
11-23-21,379907,512,12-01-21,2112,12-02-21,4,FA,1584,2555,NN,Semillas,Fuerza Total,Soja,$ 3700.00
11-23-21,379908,512,12-01-21,2111,12-02-21,4,FA,1584,2555,NN,Semillas,Fuerza Total,Soja,$ 3700.00
11-26-21,380040,514,12-06-21,2141,12-07-21,4,FA,1597,4943,NN,Semillas,Trigo,Trigo,$ 2800.00
11-26-21,380041,514,12-01-21,2114,12-02-21,4,FA,1586,4943,NN,Semillas,Fuerza Total,Maíz,$ 3700.00
11-25-21,380073,513,12-03-21,2135,12-03-21,4,FA,1588,392,NN,Semillas,Soja,Soja,$ 2800.00
11-25-21,380074,513,12-03-21,2134,12-03-21,4,FA,1588,392,NN,Semillas,Soja,Soja,$ 2800.00
11-25-21,380075,513,12-03-21,2133,12-03-21,4,FA,1588,392,NN,Semillas,Soja,Soja,$ 2800.00
11-25-21,380076,513,12-03-21,2132,12-03-21,4,FA,1588,392,NN,Semillas,Soja,Soja,$ 2800.00
11-25-21,380077,513,12-03-21,2131,12-03-21,4,FA,1588,392,NN,Semillas,Soja,Soja,$ 2800.00
11-25-21,380078,513,12-03-21,2130,12-03-21,4,FA,1588,392,NN,Semillas,Soja,Soja,$ 2800.00
11-25-21,380079,513,12-03-21,2129,12-03-21,4,FA,1588,392,NN,Semillas,Soja,Soja,$ 2800.00
11-25-21,380080,513,12-03-21,2128,12-03-21,4,FA,1588,392,NN,Semillas,Soja,Soja,$ 2800.00
11-25-21,380081,513,12-03-21,2127,12-03-21,4,FA,1588,392,NN,Semillas,Soja,Soja,$ 2800.00
11-25-21,380082,513,12-03-21,2126,12-03-21,4,FA,1588,392,NN,Semillas,Soja,Soja,$ 2800.00
11-25-21,380083,513,12-03-21,2125,12-03-21,4,FA,1588,392,NN,Semillas,Soja,Soja,$ 2800.00
11-25-21,380084,513,12-03-21,2124,12-03-21,4,FA,1588,392,NN,Semillas,Soja,Soja,$ 2800.00
11-25-21,380085,513,12-03-21,2123,12-03-21,4,FA,1588,392,NN,Semillas,Soja,Soja,$ 2800.00
11-25-21,380086,513,12-03-21,2122,12-03-21,4,FA,1588,392,NN,Semillas,Soja,Soja,$ 2800.00
11-25-21,380087,513,12-03-21,2121,12-03-21,4,FA,1588,392,NN,Semillas,Soja,Soja,$ 2800.00
11-25-21,380088,513,12-03-21,2120,12-03-21,4,FA,1588,392,NN,Semillas,Soja,Soja,$ 2800.00
11-25-21,380089,513,12-03-21,2119,12-03-21,4,FA,1588,392,NN,Semillas,Soja,Soja,$ 2800.00
11-25-21,380090,513,12-03-21,2118,12-03-21,4,FA,1588,392,NN,Semillas,Soja,Soja,$ 2800.00
11-25-21,380091,513,12-03-21,2117,12-03-21,4,FA,1588,392,NN,Semillas,Soja,Soja,$ 2800.00
11-26-21,380103,517,12-15-21,2152,12-15-21,4,FA,1619,4945,NN,Semillas,Fuerza Total Megatérmicas,Grama Rhodes,$ 3300.00
11-26-21,380104,517,12-15-21,2151,12-15-21,4,FA,1619,4945,NN,Semillas,Fuerza Total Megatérmicas,Grama Rhodes,$ 3300.00
11-26-21,380105,515,12-13-21,2149,12-14-21,4,FA,1612,4329,NN,Semillas,Vicia,Vicia,$ 2800.00
11-26-21,380106,515,12-13-21,2148,12-14-21,4,FA,1612,4329,NN,Semillas,Vicia,Vicia,$ 2800.00
11-26-21,380107,516,12-13-21,2147,12-14-21,4,FA,1611,4557,NN,Semillas,Vicia,Vicia,$ 2800.00
11-26-21,380108,516,12-07-21,2143,12-14-21,4,FA,1611,4557,NN,Semillas,Trigo,Trigo,$ 2800.00
11-26-21,380109,516,12-07-21,2142,12-14-21,4,FA,1611,4557,NN,Semillas,Trigo,Trigo,$ 2800.00
11-26-21,380224,518,12-03-21,2116,12-03-21,4,FA,1588,392,NN,Semillas,Semilla Vital Para Soja,Soja,$ 5100.00
11-26-21,380225,518,12-03-21,2115,12-03-21,4,FA,1588,392,NN,Semillas,Semilla Vital Para Soja,Soja,$ 5100.00
11-26-21,380226,519,12-07-21,2144,12-14-21,4,FA,1610,4939,NN,Semillas,Trigo,Trigo,$ 2800.00
11-29-21,380227,520,12-06-21,2140,12-07-21,4,FA,1595,1856,NN,Semillas,Poroto Mung,Poroto Mung,$ 2800.00
11-29-21,380228,520,12-06-21,2138,12-07-21,4,FA,1595,1856,NN,Semillas,Poroto Mung,Poroto Mung,$ 2800.00
11-29-21,380232,521,12-06-21,2137,12-07-21,4,FA,1598,4237,NN,Semillas,Convenio Syngenta Soja Completo,Soja,$ 3300.00
11-29-21,380233,521,12-06-21,2136,12-07-21,4,FA,1598,4237,NN,Semillas,Convenio Syngenta Soja Completo,Soja,$ 3300.00
11-29-21,380234,521,12-06-21,2139,12-07-21,4,FA,1598,4237,NN,Semillas,Convenio Syngenta Soja Completo,Soja,$ 3300.00
11-30-21,380236,522,12-07-21,2146,12-14-21,4,FA,1610,4939,NN,Semillas,Fuerza Total,Maíz,$ 3700.00
11-30-21,380237,522,12-07-21,2145,12-14-21,4,FA,1610,4939,NN,Semillas,Fuerza Total,Maíz,$ 3700.00
11-30-21,380238,523,12-15-21,2154,12-17-21,4,FA,1628,4946,NN,Semillas,Fuerza Total,Centeno,$ 6200.00
11-30-21,380239,523,12-15-21,2153,12-17-21,4,FA,1628,4946,NN,Semillas,Fuerza Total,Centeno,$ 6200.00
12-07-21,380604,525,12-15-21,2150,12-15-21,4,FA,1616,4281,NN,Semillas,Soja,Soja,$ 2800.00
12-09-21,380770,526,12-16-21,2155,12-17-21,4,FA,1625,4281,NN,Semillas,Soja,Soja,$ 2800.00
12-09-21,380869,528,12-16-21,2162,12-17-21,4,FA,1625,4281,NN,Semillas,Maíz,Maíz,$ 2800.00
12-09-21,380870,528,12-16-21,2161,12-17-21,4,FA,1625,4281,NN,Semillas,Maíz,Maíz,$ 2800.00
12-09-21,380871,528,12-16-21,2160,12-17-21,4,FA,1625,4281,NN,Semillas,Maíz,Maíz,$ 2800.00
12-09-21,380872,528,12-16-21,2159,12-17-21,4,FA,1625,4281,NN,Semillas,Maíz,Maíz,$ 2800.00
12-09-21,380873,528,12-16-21,2158,12-17-21,4,FA,1625,4281,NN,Semillas,Maíz,Maíz,$ 2800.00
12-09-21,380874,528,12-16-21,2157,12-17-21,4,FA,1625,4281,NN,Semillas,Maíz,Maíz,$ 2800.00
12-09-21,380875,528,12-16-21,2156,12-17-21,4,FA,1625,4281,NN,Semillas,Maíz,Maíz,$ 2800.00
12-16-21,381256,529,12-23-21,2167,12-27-21,4,FA,1638,392,NN,Semillas,Soja,Soja,$ 2800.00
12-16-21,381257,529,12-23-21,2166,12-27-21,4,FA,1638,392,NN,Semillas,Soja,Soja,$ 2800.00
12-20-21,381388,530,01-20-22,2211,01-24-22,4,FA,1683,4945,NN,Semillas,Fuerza Total Megatérmicas,Buffel Grass,$ 4100.00
12-20-21,381389,530,01-20-22,2210,01-24-22,4,FA,1683,4945,NN,Semillas,Fuerza Total Megatérmicas,Buffel Grass,$ 4100.00
12-21-21,381424,531,01-04-22,2168,01-05-22,4,FA,1658,1453,NN,Semillas,Fuerza Total,Sorgo,$ 3700.00
01-04-22,381530,534,01-05-22,2172,01-10-22,4,FA,1665,392,NN,Semillas,Convenio Syngenta Trigo,Trigo,$ 3300.00
01-04-22,381531,534,01-05-22,2171,01-10-22,4,FA,1665,392,NN,Semillas,Convenio Syngenta Trigo,Trigo,$ 3300.00
01-04-22,381532,534,01-05-22,2170,01-10-22,4,FA,1665,392,NN,Semillas,Convenio Syngenta Trigo,Trigo,$ 3300.00
01-04-22,381533,534,01-05-22,2169,01-10-22,4,FA,1665,392,NN,Semillas,Convenio Syngenta Trigo,Trigo,$ 3300.00
01-03-22,381703,533,01-14-22,2206,01-17-22,4,FA,1674,392,NN,Semillas,Trigo,Trigo,$ 3300.00
01-03-22,381704,533,01-14-22,2205,01-17-22,4,FA,1674,392,NN,Semillas,Trigo,Trigo,$ 3300.00
01-03-22,381705,533,01-14-22,2204,01-17-22,4,FA,1674,392,NN,Semillas,Trigo,Trigo,$ 3300.00
01-03-22,381706,533,01-14-22,2203,01-17-22,4,FA,1674,392,NN,Semillas,Trigo,Trigo,$ 3300.00
01-03-22,381707,533,01-14-22,2202,01-17-22,4,FA,1674,392,NN,Semillas,Trigo,Trigo,$ 3300.00
01-03-22,381708,533,01-14-22,2201,01-17-22,4,FA,1674,392,NN,Semillas,Trigo,Trigo,$ 3300.00
01-03-22,381709,533,01-14-22,2200,01-17-22,4,FA,1674,392,NN,Semillas,Trigo,Trigo,$ 3300.00
01-03-22,381710,533,01-14-22,2199,01-17-22,4,FA,1674,392,NN,Semillas,Trigo,Trigo,$ 3300.00
01-04-22,381721,535,01-14-22,2207,01-17-22,4,FA,1675,835,NN,Semillas,Trigo,Trigo,$ 3300.00
01-04-22,381732,536,01-14-22,2198,01-17-22,4,FA,1673,392,NN,Semillas,Convenio Syngenta Trigo,Trigo,$ 3300.00
01-04-22,381733,536,01-14-22,2197,01-17-22,4,FA,1673,392,NN,Semillas,Convenio Syngenta Trigo,Trigo,$ 3300.00
01-04-22,381734,536,01-14-22,2196,01-17-22,4,FA,1673,392,NN,Semillas,Convenio Syngenta Trigo,Trigo,$ 3300.00
01-04-22,381735,536,01-14-22,2195,01-17-22,4,FA,1673,392,NN,Semillas,Convenio Syngenta Trigo,Trigo,$ 3300.00
01-04-22,381736,536,01-14-22,2194,01-17-22,4,FA,1673,392,NN,Semillas,Convenio Syngenta Trigo,Trigo,$ 3300.00
01-04-22,381737,536,01-14-22,2193,01-17-22,4,FA,1673,392,NN,Semillas,Convenio Syngenta Trigo,Trigo,$ 3300.00
01-04-22,381738,536,01-14-22,2192,01-17-22,4,FA,1673,392,NN,Semillas,Convenio Syngenta Trigo,Trigo,$ 3300.00
01-04-22,381739,536,01-14-22,2191,01-17-22,4,FA,1673,392,NN,Semillas,Convenio Syngenta Trigo,Trigo,$ 3300.00
01-04-22,381740,536,01-14-22,2190,01-17-22,4,FA,1673,392,NN,Semillas,Convenio Syngenta Trigo,Trigo,$ 3300.00
01-04-22,381741,536,01-14-22,2189,01-17-22,4,FA,1673,392,NN,Semillas,Convenio Syngenta Trigo,Trigo,$ 3300.00
01-04-22,381742,536,01-14-22,2188,01-17-22,4,FA,1673,392,NN,Semillas,Convenio Syngenta Trigo,Trigo,$ 3300.00
01-04-22,381743,536,01-14-22,2187,01-17-22,4,FA,1673,392,NN,Semillas,Convenio Syngenta Trigo,Trigo,$ 3300.00
01-04-22,381744,536,01-14-22,2186,01-17-22,4,FA,1673,392,NN,Semillas,Convenio Syngenta Trigo,Trigo,$ 3300.00
01-04-22,381745,536,01-14-22,2185,01-17-22,4,FA,1673,392,NN,Semillas,Convenio Syngenta Trigo,Trigo,$ 3300.00
01-04-22,381746,536,01-14-22,2184,01-17-22,4,FA,1673,392,NN,Semillas,Convenio Syngenta Trigo,Trigo,$ 3300.00
01-04-22,381747,536,01-14-22,2183,01-17-22,4,FA,1673,392,NN,Semillas,Convenio Syngenta Trigo,Trigo,$ 3300.00
01-04-22,381748,536,01-14-22,2182,01-17-22,4,FA,1673,392,NN,Semillas,Convenio Syngenta Trigo,Trigo,$ 3300.00
01-04-22,381749,536,01-14-22,2181,01-17-22,4,FA,1673,392,NN,Semillas,Convenio Syngenta Trigo,Trigo,$ 3300.00
01-04-22,381750,536,01-14-22,2180,01-17-22,4,FA,1673,392,NN,Semillas,Convenio Syngenta Trigo,Trigo,$ 3300.00
01-04-22,381751,536,01-14-22,2179,01-17-22,4,FA,1673,392,NN,Semillas,Convenio Syngenta Trigo,Trigo,$ 3300.00
05-27-22,381839,623,06-07-22,2479,06-07-22,4,FA,1895,1856,NN,Semillas,Trigo Candeal,Trigo Candeal,$ 3300.00
05-27-22,381897,622,06-30-22,2621,06-30-22,4,FA,1947,104,NN,Semillas,Semilla Vital,Gatton Panic,$ 6600.00
05-27-22,381898,622,06-30-22,2620,06-30-22,4,FA,1947,104,NN,Semillas,Semilla Vital,Gatton Panic,$ 6600.00
06-06-22,382027,630,06-10-22,2496,06-15-22,4,FA,1910,3243,NN,Semillas,Semilla Vital,Trigo,$ 6000.00
02-23-22,382028,560,03-04-22,2279,03-07-22,4,FA,1743,392,NN,Semillas,Convenio Syngenta Trigo,Trigo,$ 4300.00
02-23-22,382029,560,03-04-22,2278,03-07-22,4,FA,1743,392,NN,Semillas,Convenio Syngenta Trigo,Trigo,$ 4300.00
02-23-22,382030,560,03-04-22,2277,03-07-22,4,FA,1743,392,NN,Semillas,Convenio Syngenta Trigo,Trigo,$ 4300.00
02-23-22,382031,560,03-04-22,2276,03-07-22,4,FA,1743,392,NN,Semillas,Convenio Syngenta Trigo,Trigo,$ 4300.00
02-23-22,382032,560,03-04-22,2275,03-07-22,4,FA,1743,392,NN,Semillas,Convenio Syngenta Trigo,Trigo,$ 4300.00
02-23-22,382033,560,03-04-22,2274,03-07-22,4,FA,1743,392,NN,Semillas,Convenio Syngenta Trigo,Trigo,$ 4300.00
02-23-22,382034,560,03-04-22,2273,03-07-22,4,FA,1743,392,NN,Semillas,Convenio Syngenta Trigo,Trigo,$ 4300.00
02-23-22,382035,560,03-04-22,2272,03-07-22,4,FA,1743,392,NN,Semillas,Convenio Syngenta Trigo,Trigo,$ 4300.00
02-23-22,382036,560,03-04-22,2271,03-07-22,4,FA,1743,392,NN,Semillas,Convenio Syngenta Trigo,Trigo,$ 4300.00
02-23-22,382037,560,03-04-22,2270,03-07-22,4,FA,1743,392,NN,Semillas,Convenio Syngenta Trigo,Trigo,$ 4300.00
02-23-22,382038,560,03-04-22,2269,03-07-22,4,FA,1743,392,NN,Semillas,Convenio Syngenta Trigo,Trigo,$ 4300.00
02-23-22,382039,560,03-04-22,2268,03-07-22,4,FA,1743,392,NN,Semillas,Convenio Syngenta Trigo,Trigo,$ 4300.00
02-23-22,382040,560,03-04-22,2267,03-07-22,4,FA,1743,392,NN,Semillas,Convenio Syngenta Trigo,Trigo,$ 4300.00
01-12-22,382072,538,01-21-22,2213,01-24-22,4,FA,1685,4557,NN,Semillas,Trigo,Trigo,$ 3300.00
01-12-22,382073,539,01-21-22,2212,01-24-22,4,FA,1687,4329,NN,Semillas,Centeno,Centeno,$ 3300.00
01-12-22,382081,540,01-19-22,2209,01-19-22,4,FA,1682,3659,NN,Semillas,Poroto Mung,Poroto Mung,$ 3300.00
01-17-22,382238,541,01-26-22,2215,01-27-22,4,FA,1689,392,NN,Semillas,Semilla Vital Para Soja,Soja,$ 6000.00
01-17-22,382239,541,01-26-22,2214,01-27-22,4,FA,1689,392,NN,Semillas,Fuerza Total,Soja,$ 3300.00
01-19-22,382257,542,02-01-22,2220,02-02-22,4,FA,1696,4464,NN,Semillas,Semilla Vital,Melilotus Albus,$ 6000.00
01-19-22,382258,542,02-01-22,2219,02-02-22,4,FA,1696,4464,NN,Semillas,Semilla Vital,Melilotus Albus,$ 6000.00
01-21-22,382420,543,01-28-22,2218,02-02-22,4,FA,1692,1915,NN,Semillas,Doble Poder,Garbanzo,$ 8000.00
01-21-22,382421,543,01-28-22,2217,02-02-22,4,FA,1692,1915,NN,Semillas,Doble Poder,Garbanzo,$ 8000.00
01-21-22,382422,543,01-28-22,2216,02-02-22,4,FA,1692,1915,NN,Semillas,Doble Poder,Garbanzo,$ 8000.00
01-25-22,382430,544,02-10-22,2223,02-10-22,4,FA,1710,4673,NN,Semillas,Fuerza Total,Alfalfa,$ 4400.00
01-25-22,382431,544,02-07-22,2221,02-10-22,4,FA,1710,4673,NN,Semillas,Fuerza Total,Avena Blanca / Amarilla/ Byzantina,$ 4400.00
02-01-22,382536,545,02-16-22,2238,02-18-22,4,FA,1719,4954,NN,Semillas,Vicia,Vicia,$ 3300.00
02-01-22,382537,545,02-16-22,2237,02-18-22,4,FA,1719,4954,NN,Semillas,Vicia,Vicia,$ 3300.00
02-04-22,382599,550,02-16-22,2236,02-18-22,4,FB,42,4955,NN,Semillas,Fuerza Total,Alfalfa,$ 7400.00
02-02-22,382602,546,02-10-22,2225,02-10-22,4,FA,1709,4557,NN,Semillas,Garbanzo,Garbanzo,$ 3300.00
02-02-22,382603,546,02-10-22,2224,02-10-22,4,FA,1709,4557,NN,Semillas,Garbanzo,Garbanzo,$ 3300.00
02-02-22,382604,546,02-21-22,2251,02-22-22,4,FA,1726,4557,NN,Semillas,Vicia,Vicia,$ 3300.00
02-02-22,382605,546,02-11-22,2226,02-12-22,4,FA,1711,4557,NN,Semillas,Centeno,Centeno,$ 3300.00
02-03-22,382722,547,02-14-22,2235,02-15-22,4,FA,1715,392,NN,Semillas,Doble Poder,Trigo,$ 6000.00
02-03-22,382723,547,02-14-22,2234,02-15-22,4,FA,1715,392,NN,Semillas,Doble Poder,Trigo,$ 6000.00
02-04-22,382733,549,02-09-22,2222,02-10-22,4,FA,1708,4957,NN,Semillas,Alfalfa,Alfalfa,$ 4200.00
02-04-22,382734,548,02-14-22,2233,02-15-22,4,FA,1716,9261,NN,Semillas,Convenio Syngenta Trigo,Trigo,$ 3300.00
02-04-22,382735,548,02-14-22,2232,02-15-22,4,FA,1716,9261,NN,Semillas,Convenio Syngenta Trigo,Trigo,$ 3300.00
02-04-22,382736,548,02-14-22,2231,02-15-22,4,FA,1716,9261,NN,Semillas,Convenio Syngenta Trigo,Trigo,$ 3300.00
02-04-22,382737,548,02-14-22,2230,02-15-22,4,FA,1716,9261,NN,Semillas,Convenio Syngenta Trigo,Trigo,$ 3300.00
02-04-22,382738,548,02-14-22,2229,02-15-22,4,FA,1716,9261,NN,Semillas,Convenio Syngenta Trigo,Trigo,$ 3300.00
02-04-22,382739,548,02-14-22,2228,02-15-22,4,FA,1716,9261,NN,Semillas,Convenio Syngenta Trigo,Trigo,$ 3300.00
02-04-22,382740,548,02-14-22,2227,02-15-22,4,FA,1716,9261,NN,Semillas,Convenio Syngenta Trigo,Trigo,$ 3300.00
02-07-22,382741,551,02-17-22,2239,02-18-22,4,FA,1720,392,NN,Semillas,Fuerza Total,Centeno,$ 4400.00
02-07-22,382742,552,02-21-22,2247,02-22-22,4,FA,1723,9000,NN,Semillas,Fuerza Total Curado,Avena Blanca / Amarilla/ Byzantina,$ 5000.00
02-07-22,382743,552,02-21-22,2246,02-22-22,4,FA,1723,9000,NN,Semillas,Fuerza Total Curado,Avena Blanca / Amarilla/ Byzantina,$ 5000.00
02-07-22,382744,552,02-21-22,2245,02-22-22,4,FA,1723,9000,NN,Semillas,Fuerza Total Curado,Avena Blanca / Amarilla/ Byzantina,$ 5000.00
02-07-22,382745,552,02-21-22,2244,02-22-22,4,FA,1723,9000,NN,Semillas,Fuerza Total Curado,Avena Blanca / Amarilla/ Byzantina,$ 5000.00
02-07-22,382746,552,02-21-22,2243,02-22-22,4,FA,1723,9000,NN,Semillas,Fuerza Total Curado,Avena Blanca / Amarilla/ Byzantina,$ 5000.00
02-08-22,382747,553,02-21-22,2250,02-22-22,4,FA,1722,4039,NN,Semillas,Fuerza Total Curado,Avena Blanca / Amarilla/ Byzantina,$ 5000.00
02-08-22,382748,553,02-21-22,2249,02-22-22,4,FA,1722,4039,NN,Semillas,Fuerza Total Curado,Avena Blanca / Amarilla/ Byzantina,$ 5000.00
02-08-22,382749,553,02-21-22,2248,02-22-22,4,FA,1722,4039,NN,Semillas,Fuerza Total Curado,Avena Blanca / Amarilla/ Byzantina,$ 5000.00
02-07-22,382750,554,02-18-22,2242,02-22-22,4,FA,1721,2677,NN,Semillas,Fuerza Total Curado,Trigo,$ 5000.00
02-07-22,382751,554,02-18-22,2241,02-22-22,4,FA,1721,2677,NN,Semillas,Fuerza Total Curado,Trigo,$ 5000.00
02-07-22,382752,554,02-18-22,2240,02-22-22,4,FA,1721,2677,NN,Semillas,Fuerza Total Curado,Trigo,$ 5000.00
02-15-22,382845,555,02-25-22,2259,03-03-22,4,FA,1735,4311,NN,Semillas,Avena Blanca / Amarilla/ Byzantina,Avena Blanca / Amarilla/ Byzantina,$ 3300.00
02-15-22,382846,555,02-25-22,2258,03-03-22,4,FA,1735,4311,NN,Semillas,Avena Blanca / Amarilla/ Byzantina,Avena Blanca / Amarilla/ Byzantina,$ 3300.00
02-15-22,382847,555,02-25-22,2257,03-03-22,4,FA,1735,4311,NN,Semillas,Avena Blanca / Amarilla/ Byzantina,Avena Blanca / Amarilla/ Byzantina,$ 3300.00
02-15-22,382848,555,02-25-22,2256,03-03-22,4,FA,1735,4311,NN,Semillas,Avena Blanca / Amarilla/ Byzantina,Avena Blanca / Amarilla/ Byzantina,$ 3300.00
02-15-22,382849,555,02-25-22,2255,03-03-22,4,FA,1735,4311,NN,Semillas,Avena Blanca / Amarilla/ Byzantina,Avena Blanca / Amarilla/ Byzantina,$ 3300.00
02-15-22,382850,555,02-25-22,2254,03-03-22,4,FA,1735,4311,NN,Semillas,Avena Blanca / Amarilla/ Byzantina,Avena Blanca / Amarilla/ Byzantina,$ 3300.00
02-15-22,382851,555,02-25-22,2253,03-03-22,4,FA,1735,4311,NN,Semillas,Avena Blanca / Amarilla/ Byzantina,Avena Blanca / Amarilla/ Byzantina,$ 3300.00
02-16-22,382920,556,03-04-22,2266,03-08-22,4,FA,1747,4557,NN,Semillas,Vicia,Vicia,$ 3300.00
02-16-22,382921,556,02-25-22,2252,03-03-22,4,FA,1732,4557,NN,Semillas,Centeno,Centeno,$ 3300.00
02-18-22,382942,557,03-02-22,2263,03-07-22,4,FA,1745,981,NN,Semillas,Fuerza Total,Trigo,$ 4400.00
02-18-22,382943,557,03-02-22,2262,03-07-22,4,FA,1745,981,NN,Semillas,Fuerza Total,Trigo,$ 4400.00
02-18-22,382944,557,03-02-22,2261,03-07-22,4,FA,1745,981,NN,Semillas,Fuerza Total,Trigo,$ 4400.00
02-21-22,382962,558,03-03-22,2265,03-08-22,4,FA,1748,1930,NN,Semillas,Poder + Peso,Centeno,$ 4400.00
02-24-22,382967,563,03-03-22,2264,03-07-22,4,FA,1742,4960,NN,Semillas,Fuerza Total,Soja,$ 4400.00
05-30-22,383036,625,06-01-22,2476,06-01-22,4,FA,1892,1328,NN,Semillas,Gatton Panic,Gatton Panic,$ 7200.00
05-30-22,383037,625,06-01-22,2475,06-01-22,4,FA,1892,1328,NN,Semillas,Gatton Panic,Gatton Panic,$ 7200.00
05-30-22,383038,625,06-01-22,2474,06-01-22,4,FA,1892,1328,NN,Semillas,Gatton Panic,Gatton Panic,$ 7200.00
05-30-22,383039,624,06-07-22,2483,06-09-22,4,FA,1899,2065,NN,Semillas,Soja,Soja,$ 3300.00
05-30-22,383040,624,06-07-22,2482,06-09-22,4,FA,1899,2065,NN,Semillas,Soja,Soja,$ 3300.00
02-23-22,383041,559,02-25-22,2260,03-03-22,4,FA,1734,4464,NN,Semillas,Alfalfa,Alfalfa,$ 4200.00
02-24-22,383131,561,03-11-22,2282,03-14-22,4,FA,1750,1779,NN,Semillas,Alfalfa,Alfalfa,$ 3300.00
02-24-22,383132,562,03-09-22,2281,03-14-22,4,FA,1751,4216,NN,Semillas,Fuerza Total,Centeno,$ 4400.00
02-24-22,383133,562,03-09-22,2280,03-14-22,4,FA,1751,4216,NN,Semillas,Fuerza Total,Centeno,$ 4400.00
03-03-22,383271,564,03-14-22,2285,03-15-22,4,FA,1754,4738,NN,Semillas,Fuerza Total,Trigo,$ 4400.00
03-07-22,383272,566,03-18-22,2288,03-18-22,4,FA,1759,1915,NN,Semillas,Doble Poder,Trigo,$ 8000.00
03-07-22,383273,566,03-18-22,2287,03-18-22,4,FA,1759,1915,NN,Semillas,Doble Poder,Trigo,$ 8000.00
03-04-22,383274,565,03-22-22,2309,03-23-22,4,FA,1763,4557,NN,Semillas,Vicia,Vicia,$ 3300.00
03-04-22,383275,565,03-22-22,2308,03-23-22,4,FA,1763,4557,NN,Semillas,Vicia,Vicia,$ 3300.00
03-04-22,383276,565,03-14-22,2284,03-15-22,4,FA,1755,4557,NN,Semillas,Centeno,Centeno,$ 3300.00
03-04-22,383277,565,03-14-22,2283,03-15-22,4,FA,1755,4557,NN,Semillas,Centeno,Centeno,$ 3300.00
03-04-22,383308,565,03-18-22,2289,03-23-22,4,FA,1767,4464,NN,Semillas,Alfalfa,Alfalfa,$ 3300.00
03-08-22,383312,567,03-21-22,2305,03-23-22,4,FA,1766,9000,NN,Semillas,Avena Blanca / Amarilla/ Byzantina,Avena Blanca / Amarilla/ Byzantina,$ 3300.00
03-10-22,383684,568,03-25-22,2314,03-30-22,4,FA,1775,4557,NN,Semillas,Vicia,Vicia,$ 3300.00
03-10-22,383685,568,03-18-22,2286,03-18-22,4,FA,1760,4557,NN,Semillas,Centeno,Centeno,$ 3300.00
03-11-22,383740,569,03-21-22,2307,03-23-22,4,FA,1764,4557,NN,Semillas,Centeno,Centeno,$ 3300.00
03-11-22,383741,569,03-21-22,2306,03-23-22,4,FA,1764,4557,NN,Semillas,Centeno,Centeno,$ 3300.00
03-11-22,383742,570,03-21-22,2304,03-23-22,4,FA,1768,522,NN,Semillas,Convenio Syngenta Trigo,Trigo,$ 4300.00
03-11-22,383743,570,03-21-22,2303,03-23-22,4,FA,1768,522,NN,Semillas,Convenio Syngenta Trigo,Trigo,$ 4300.00
03-11-22,383744,570,03-21-22,2302,03-23-22,4,FA,1768,522,NN,Semillas,Convenio Syngenta Trigo,Trigo,$ 4300.00
03-11-22,383745,570,03-21-22,2301,03-23-22,4,FA,1768,522,NN,Semillas,Convenio Syngenta Trigo,Trigo,$ 4300.00
03-11-22,383746,570,03-21-22,2300,03-23-22,4,FA,1768,522,NN,Semillas,Convenio Syngenta Trigo,Trigo,$ 4300.00
03-11-22,383747,570,03-21-22,2299,03-23-22,4,FA,1768,522,NN,Semillas,Convenio Syngenta Trigo,Trigo,$ 4300.00
03-11-22,383748,570,03-21-22,2298,03-23-22,4,FA,1768,522,NN,Semillas,Convenio Syngenta Trigo,Trigo,$ 4300.00
03-11-22,383749,570,03-21-22,2297,03-23-22,4,FA,1768,522,NN,Semillas,Convenio Syngenta Trigo,Trigo,$ 4300.00
03-11-22,383750,570,03-21-22,2296,03-23-22,4,FA,1768,522,NN,Semillas,Convenio Syngenta Trigo,Trigo,$ 4300.00
03-11-22,383751,570,03-21-22,2295,03-23-22,4,FA,1768,522,NN,Semillas,Convenio Syngenta Trigo,Trigo,$ 4300.00
03-11-22,383752,570,03-21-22,2294,03-23-22,4,FA,1768,522,NN,Semillas,Convenio Syngenta Trigo,Trigo,$ 4300.00
03-11-22,383753,570,03-21-22,2293,03-23-22,4,FA,1768,522,NN,Semillas,Convenio Syngenta Trigo,Trigo,$ 4300.00
03-11-22,383754,570,03-21-22,2292,03-23-22,4,FA,1768,522,NN,Semillas,Convenio Syngenta Trigo,Trigo,$ 4300.00
03-11-22,383755,570,03-21-22,2291,03-23-22,4,FA,1768,522,NN,Semillas,Convenio Syngenta Trigo,Trigo,$ 4300.00
03-11-22,383756,570,03-21-22,2290,03-23-22,4,FA,1768,522,NN,Semillas,Convenio Syngenta Trigo,Trigo,$ 4300.00
03-11-22,383814,570,03-22-22,2310,03-23-22,4,FA,1769,522,NN,Semillas,¿Cuántos Kilos Siembro?,Trigo,$ 8700.00
03-15-22,383816,571,03-25-22,2315,03-30-22,4,FA,1775,4557,NN,Semillas,Centeno,Centeno,$ 3300.00
03-15-22,383817,572,03-25-22,2317,03-30-22,4,FA,1779,392,NN,Semillas,Trigo,Trigo,$ 3300.00
03-15-22,383818,572,03-25-22,2316,03-30-22,4,FA,1779,392,NN,Semillas,Trigo,Trigo,$ 3300.00
03-15-22,383849,573,03-25-22,2313,03-30-22,4,FA,1777,981,NN,Semillas,Fuerza Total,Trigo,$ 4400.00
03-15-22,383850,573,03-25-22,2312,03-30-22,4,FA,1777,981,NN,Semillas,Fuerza Total,Trigo,$ 4400.00
03-15-22,383851,573,03-25-22,2311,03-30-22,4,FA,1777,981,NN,Semillas,Fuerza Total,Trigo,$ 4400.00
03-16-22,383982,574,03-28-22,2318,03-30-22,4,FA,1772,392,NN,Semillas,Centeno,Centeno,$ 3300.00
03-17-22,384369,575,03-30-22,2320,03-31-22,4,FA,1781,109,NN,Semillas,Poder + Peso,Avena Blanca / Amarilla/ Byzantina,$ 4400.00
03-17-22,384370,575,03-30-22,2319,03-31-22,4,FA,1781,109,NN,Semillas,Poder + Peso,Avena Blanca / Amarilla/ Byzantina,$ 4400.00
03-21-22,384377,577,03-31-22,2323,04-01-22,4,FA,1784,4237,NN,Semillas,Convenio Syngenta Trigo,Trigo,$ 4300.00
03-21-22,384378,577,03-31-22,2322,04-01-22,4,FA,1784,4237,NN,Semillas,Convenio Syngenta Trigo,Trigo,$ 4300.00
03-21-22,384379,577,03-31-22,2321,04-01-22,4,FA,1784,4237,NN,Semillas,Convenio Syngenta Trigo,Trigo,$ 4300.00
03-21-22,384380,576,03-31-22,2324,04-01-22,4,FA,1783,1864,NN,Semillas,Fuerza Total,Centeno,$ 4400.00
03-22-22,384589,578,04-01-22,2325,04-01-22,4,FA,1786,522,NN,Semillas,¿Cuántos Kilos Siembro?,Trigo,$ 8700.00
03-23-22,384626,579,04-04-22,2328,04-04-22,4,FA,1790,2853,NN,Semillas,Doble Poder,Garbanzo,$ 6000.00
03-23-22,384627,579,04-04-22,2327,04-04-22,4,FA,1790,2853,NN,Semillas,Doble Poder,Garbanzo,$ 6000.00
03-23-22,384628,579,04-04-22,2326,04-04-22,4,FA,1790,2853,NN,Semillas,Doble Poder,Garbanzo,$ 6000.00
06-06-22,384871,631,06-06-22,2478,06-07-22,4,FB,45,3193,NN,Semillas,Moha,Moha,$ 3300.00
03-29-22,384961,580,04-08-22,2337,04-13-22,4,FA,1796,392,NN,Semillas,Convenio Syngenta Trigo,Trigo,$ 4300.00
03-29-22,384962,580,04-08-22,2336,04-13-22,4,FA,1796,392,NN,Semillas,Convenio Syngenta Trigo,Trigo,$ 4300.00
03-29-22,384963,580,04-08-22,2335,04-13-22,4,FA,1796,392,NN,Semillas,Convenio Syngenta Trigo,Trigo,$ 4300.00
03-29-22,384964,580,04-08-22,2334,04-13-22,4,FA,1796,392,NN,Semillas,Convenio Syngenta Trigo,Trigo,$ 4300.00
03-29-22,384965,580,04-08-22,2333,04-13-22,4,FA,1796,392,NN,Semillas,Convenio Syngenta Trigo,Trigo,$ 4300.00
03-29-22,384966,580,04-08-22,2332,04-13-22,4,FA,1796,392,NN,Semillas,Convenio Syngenta Trigo,Trigo,$ 4300.00
03-29-22,384967,580,04-08-22,2331,04-13-22,4,FA,1796,392,NN,Semillas,Convenio Syngenta Trigo,Trigo,$ 4300.00
03-29-22,384968,580,04-08-22,2330,04-13-22,4,FA,1796,392,NN,Semillas,Convenio Syngenta Trigo,Trigo,$ 4300.00
03-30-22,385201,581,04-08-22,2339,04-13-22,4,FA,1797,1171,NN,Semillas,Garbanzo,Garbanzo,$ 4200.00
03-30-22,385202,581,04-08-22,2338,04-13-22,4,FA,1797,1171,NN,Semillas,Garbanzo,Garbanzo,$ 4200.00
04-04-22,385301,586,04-26-22,2395,04-27-22,4,FA,1830,37,NN,Semillas,Semilla Vital,Agropiro,$ 9000.00
04-04-22,385302,586,04-26-22,2394,04-27-22,4,FA,1830,37,NN,Semillas,Semilla Vital,Agropiro,$ 9000.00
04-04-22,385303,586,04-26-22,2393,04-27-22,4,FA,1830,37,NN,Semillas,Semilla Vital,Agropiro,$ 9000.00
04-04-22,385304,586,04-26-22,2392,04-27-22,4,FA,1830,37,NN,Semillas,Semilla Vital,Agropiro,$ 9000.00
04-04-22,385305,586,04-26-22,2391,04-27-22,4,FA,1830,37,NN,Semillas,Semilla Vital,Agropiro,$ 9000.00
04-04-22,385310,583,04-11-22,2341,04-12-22,4,FA,1793,4237,NN,Semillas,Convenio Syngenta Trigo,Trigo,$ 4300.00
04-04-22,385311,583,04-11-22,2340,04-12-22,4,FA,1793,4237,NN,Semillas,Convenio Syngenta Trigo,Trigo,$ 4300.00
04-04-22,385341,584,04-13-22,2346,04-21-22,4,FA,1811,392,NN,Semillas,Convenio Syngenta Trigo,Trigo,$ 4300.00
04-04-22,385342,584,04-13-22,2345,04-21-22,4,FA,1811,392,NN,Semillas,Convenio Syngenta Trigo,Trigo,$ 4300.00
04-04-22,385343,584,04-13-22,2344,04-21-22,4,FA,1811,392,NN,Semillas,Convenio Syngenta Trigo,Trigo,$ 4300.00
04-04-22,385344,584,04-13-22,2343,04-21-22,4,FA,1811,392,NN,Semillas,Convenio Syngenta Trigo,Trigo,$ 4300.00
04-04-22,385345,585,04-13-22,2350,04-21-22,4,FA,1811,392,NN,Semillas,Doble Poder,Trigo,$ 6000.00
04-04-22,385346,585,04-13-22,2349,04-21-22,4,FA,1811,392,NN,Semillas,Doble Poder,Trigo,$ 6000.00
04-04-22,385347,585,04-13-22,2348,04-21-22,4,FA,1811,392,NN,Semillas,Doble Poder,Trigo,$ 6000.00
04-04-22,385348,585,04-13-22,2347,04-21-22,4,FA,1811,392,NN,Semillas,Doble Poder,Trigo,$ 6000.00
04-05-22,385349,588,04-18-22,2360,04-21-22,4,FA,1812,1856,NN,Semillas,Trigo,Trigo,$ 4200.00
04-05-22,385350,588,04-18-22,2359,04-21-22,4,FA,1812,1856,NN,Semillas,Trigo,Trigo,$ 4200.00
04-05-22,385351,588,04-18-22,2358,04-21-22,4,FA,1812,1856,NN,Semillas,Trigo,Trigo,$ 4200.00
04-04-22,385353,587,04-12-22,2342,04-18-22,4,FA,1802,4943,NN,Semillas,Soja,Soja,$ 3300.00
04-06-22,385412,589,04-18-22,2357,04-21-22,4,FA,1810,392,NN,Semillas,Convenio Syngenta Trigo,Trigo,$ 4300.00
04-06-22,385413,589,04-18-22,2356,04-21-22,4,FA,1810,392,NN,Semillas,Convenio Syngenta Trigo,Trigo,$ 4300.00
04-06-22,385414,589,04-18-22,2355,04-21-22,4,FA,1810,392,NN,Semillas,Convenio Syngenta Trigo,Trigo,$ 4300.00
04-06-22,385415,589,04-18-22,2354,04-21-22,4,FA,1810,392,NN,Semillas,Convenio Syngenta Trigo,Trigo,$ 4300.00
04-06-22,385416,589,04-18-22,2353,04-21-22,4,FA,1810,392,NN,Semillas,Convenio Syngenta Trigo,Trigo,$ 4300.00
04-06-22,385417,589,04-18-22,2352,04-21-22,4,FA,1810,392,NN,Semillas,Convenio Syngenta Trigo,Trigo,$ 4300.00
04-06-22,385418,589,04-18-22,2351,04-21-22,4,FA,1810,392,NN,Semillas,Convenio Syngenta Trigo,Trigo,$ 4300.00
04-12-22,385511,590,04-20-22,2362,04-22-22,4,FA,1813,4557,NN,Semillas,Garbanzo,Garbanzo,$ 3300.00
04-12-22,385512,590,04-26-22,2390,04-27-22,4,FA,1825,4557,NN,Semillas,Lenteja,Lenteja,$ 3300.00
04-12-22,385513,590,04-20-22,2361,04-22-22,4,FA,1813,4557,NN,Semillas,Arveja,Arveja,$ 3300.00
04-13-22,385514,592,04-21-22,2368,04-22-22,4,FA,1815,104,NN,Semillas,Fuerza Total Curado,Garbanzo,$ 5000.00
04-13-22,385527,591,04-21-22,2365,04-22-22,4,FA,1814,760,NN,Semillas,Fuerza Total,Trigo,$ 4400.00
04-13-22,385528,591,04-21-22,2364,04-22-22,4,FA,1814,760,NN,Semillas,Fuerza Total,Trigo,$ 4400.00
04-13-22,385529,591,04-21-22,2363,04-22-22,4,FA,1814,760,NN,Semillas,Fuerza Total,Trigo,$ 4400.00
04-13-22,385530,593,04-21-22,2367,04-22-22,4,FA,1816,350,NN,Semillas,Fuerza Total Curado,Trigo,$ 5000.00
04-13-22,385531,593,04-21-22,2366,04-22-22,4,FA,1816,350,NN,Semillas,Fuerza Total Curado,Trigo,$ 5000.00
04-19-22,385540,597,04-22-22,2379,04-22-22,4,FA,1818,392,NN,Semillas,Convenio Syngenta Trigo,Trigo,$ 4300.00
04-19-22,385541,597,04-22-22,2378,04-22-22,4,FA,1818,392,NN,Semillas,Convenio Syngenta Trigo,Trigo,$ 4300.00
04-19-22,385542,597,04-22-22,2377,04-22-22,4,FA,1818,392,NN,Semillas,Convenio Syngenta Trigo,Trigo,$ 4300.00
04-19-22,385543,597,04-22-22,2376,04-22-22,4,FA,1818,392,NN,Semillas,Convenio Syngenta Trigo,Trigo,$ 4300.00
04-19-22,385544,597,04-22-22,2375,04-22-22,4,FA,1818,392,NN,Semillas,Convenio Syngenta Trigo,Trigo,$ 4300.00
04-19-22,385545,597,04-22-22,2374,04-22-22,4,FA,1818,392,NN,Semillas,Convenio Syngenta Trigo,Trigo,$ 4300.00
04-19-22,385546,597,04-22-22,2373,04-22-22,4,FA,1818,392,NN,Semillas,Convenio Syngenta Trigo,Trigo,$ 4300.00
04-19-22,385547,597,04-22-22,2372,04-22-22,4,FA,1818,392,NN,Semillas,Convenio Syngenta Trigo,Trigo,$ 4300.00
04-19-22,385548,597,04-22-22,2371,04-22-22,4,FA,1818,392,NN,Semillas,Convenio Syngenta Trigo,Trigo,$ 4300.00
04-19-22,385549,597,04-22-22,2370,04-22-22,4,FA,1818,392,NN,Semillas,Convenio Syngenta Trigo,Trigo,$ 4300.00
04-19-22,385550,597,04-22-22,2369,04-22-22,4,FA,1818,392,NN,Semillas,Convenio Syngenta Trigo,Trigo,$ 4300.00
04-19-22,385680,594,04-29-22,2404,05-02-22,4,FA,1834,104,NN,Semillas,Centeno,Centeno,$ 3300.00
04-19-22,385681,594,04-29-22,2403,05-02-22,4,FA,1834,104,NN,Semillas,Centeno,Centeno,$ 3300.00
04-19-22,385682,594,04-29-22,2402,05-02-22,4,FA,1834,104,NN,Semillas,Centeno,Centeno,$ 3300.00
04-19-22,385683,594,05-02-22,2406,05-03-22,4,FA,1841,104,NN,Semillas,Avena Blanca / Amarilla/ Byzantina,Avena Blanca / Amarilla/ Byzantina,$ 3300.00
04-19-22,385684,594,05-02-22,2405,05-03-22,4,FA,1841,104,NN,Semillas,Avena Blanca / Amarilla/ Byzantina,Avena Blanca / Amarilla/ Byzantina,$ 1900.00
04-19-22,385685,594,04-26-22,2389,04-27-22,4,FA,1828,104,NN,Semillas,Poroto Mung,Poroto Mung,$ 3300.00
04-19-22,385686,594,04-26-22,2388,04-27-22,4,FA,1828,104,NN,Semillas,Poroto Mung,Poroto Mung,$ 3300.00
04-19-22,385687,594,04-26-22,2387,04-27-22,4,FA,1828,104,NN,Semillas,Poroto Mung,Poroto Mung,$ 3300.00
04-19-22,385688,594,04-26-22,2386,04-27-22,4,FA,1828,104,NN,Semillas,Poroto Mung,Poroto Mung,$ 3300.00
04-19-22,385689,594,04-26-22,2385,04-27-22,4,FA,1828,104,NN,Semillas,Poroto Mung,Poroto Mung,$ 3300.00
04-19-22,385690,594,04-26-22,2384,04-27-22,4,FA,1828,104,NN,Semillas,Poroto Mung,Poroto Mung,$ 3300.00
04-19-22,385691,594,04-26-22,2383,04-27-22,4,FA,1828,104,NN,Semillas,Poroto Mung,Poroto Mung,$ 3300.00
04-19-22,385692,594,04-26-22,2382,04-27-22,4,FA,1828,104,NN,Semillas,Poroto Mung,Poroto Mung,$ 3300.00
04-19-22,385693,594,04-26-22,2381,04-27-22,4,FA,1828,104,NN,Semillas,Poroto Mung,Poroto Mung,$ 3300.00
04-19-22,385694,594,04-26-22,2380,04-27-22,4,FA,1828,104,NN,Semillas,Poroto Mung,Poroto Mung,$ 3300.00
04-19-22,385695,594,05-02-22,2408,05-03-22,4,FA,1841,104,NN,Semillas,Sorgo,Sorgo,$ 3300.00
04-19-22,385696,594,05-02-22,2407,05-03-22,4,FA,1841,104,NN,Semillas,Sorgo,Sorgo,$ 3300.00
04-19-22,385706,595,04-27-22,2398,04-27-22,4,FA,1826,3875,NN,Semillas,Soja,Soja,$ 3300.00
04-19-22,385707,595,04-27-22,2397,04-27-22,4,FA,1826,3875,NN,Semillas,Soja,Soja,$ 3300.00
04-19-22,385708,595,04-27-22,2396,04-27-22,4,FA,1826,3875,NN,Semillas,Soja,Soja,$ 3300.00
04-19-22,385711,596,04-27-22,2401,04-27-22,4,FA,1829,981,NN,Semillas,Fuerza Total,Soja,$ 4400.00
04-19-22,385712,596,04-27-22,2400,04-27-22,4,FA,1829,981,NN,Semillas,Fuerza Total,Soja,$ 4400.00
04-19-22,385713,596,04-27-22,2399,04-27-22,4,FA,1829,981,NN,Semillas,Fuerza Total,Soja,$ 4400.00
05-02-22,385723,608,05-03-22,2413,05-03-22,4,FA,1845,4237,NN,Semillas,Convenio Syngenta Trigo,Trigo,$ 4300.00
05-02-22,385724,608,05-03-22,2412,05-03-22,4,FA,1845,4237,NN,Semillas,Convenio Syngenta Trigo,Trigo,$ 4300.00
05-02-22,385725,608,05-03-22,2411,05-03-22,4,FA,1845,4237,NN,Semillas,Convenio Syngenta Trigo,Trigo,$ 4300.00
05-02-22,385726,608,05-03-22,2410,05-03-22,4,FA,1845,4237,NN,Semillas,Convenio Syngenta Trigo,Trigo,$ 4300.00
05-02-22,385727,608,05-03-22,2409,05-03-22,4,FA,1845,4237,NN,Semillas,Convenio Syngenta Trigo,Trigo,$ 4300.00
04-22-22,385849,598,05-16-22,2441,05-19-22,4,FA,1870,664,NN,Semillas,Agropiro,Agropiro,$ 9000.00
04-25-22,385850,599,05-03-22,2423,05-03-22,4,FA,1844,4797,NN,Semillas,Fuerza Total,Soja,$ 4400.00
04-25-22,385851,599,05-03-22,2422,05-03-22,4,FA,1844,4797,NN,Semillas,Fuerza Total,Soja,$ 4400.00
04-25-22,385852,599,05-03-22,2421,05-03-22,4,FA,1844,4797,NN,Semillas,Fuerza Total,Soja,$ 4400.00
04-25-22,385853,599,05-03-22,2420,05-03-22,4,FA,1844,4797,NN,Semillas,Fuerza Total,Soja,$ 4400.00
04-25-22,385854,599,05-03-22,2419,05-03-22,4,FA,1844,4797,NN,Semillas,Fuerza Total,Soja,$ 4400.00
04-25-22,385855,599,05-03-22,2418,05-03-22,4,FA,1844,4797,NN,Semillas,Fuerza Total,Soja,$ 4400.00
04-25-22,385856,599,05-03-22,2417,05-03-22,4,FA,1844,4797,NN,Semillas,Fuerza Total,Soja,$ 4400.00
04-25-22,385857,599,05-03-22,2416,05-03-22,4,FA,1844,4797,NN,Semillas,Fuerza Total,Soja,$ 4400.00
04-25-22,385858,599,05-03-22,2415,05-03-22,4,FA,1844,4797,NN,Semillas,Fuerza Total,Soja,$ 4400.00
04-25-22,385859,599,05-03-22,2414,05-03-22,4,FA,1844,4797,NN,Semillas,Fuerza Total,Soja,$ 4400.00
04-25-22,385860,600,05-03-22,2424,05-03-22,4,FB,44,4923,NN,Semillas,Fuerza Total,Soja,$ 4400.00
04-26-22,385873,601,05-27-22,2469,05-27-22,4,FA,1885,3186,NN,Semillas,Semilla Vital,Gatton Panic,$ 9600.00
04-26-22,385874,602,05-04-22,2426,05-06-22,4,FA,1846,4339,NN,Semillas,Soja,Soja,$ 3300.00
04-26-22,385875,602,05-04-22,2425,05-06-22,4,FA,1846,4339,NN,Semillas,Soja,Soja,$ 3300.00
04-26-22,385876,603,05-06-22,2439,05-09-22,4,FA,1850,1856,NN,Semillas,Trigo Candeal,Trigo Candeal,$ 4200.00
04-26-22,385877,603,05-06-22,2438,05-09-22,4,FA,1850,1856,NN,Semillas,Trigo Candeal,Trigo Candeal,$ 4200.00
04-26-22,385878,603,05-06-22,2437,05-09-22,4,FA,1850,1856,NN,Semillas,Trigo Candeal,Trigo Candeal,$ 4200.00
04-26-22,385935,604,05-04-22,2430,05-06-22,4,FA,1847,1915,NN,Semillas,Fuerza Total,Garbanzo,$ 4400.00
04-26-22,385936,604,05-04-22,2429,05-06-22,4,FA,1847,1915,NN,Semillas,Fuerza Total Curado,Garbanzo,$ 5000.00
04-26-22,385937,604,05-04-22,2428,05-06-22,4,FA,1847,1915,NN,Semillas,Fuerza Total,Garbanzo,$ 4400.00
04-26-22,385938,604,05-04-22,2427,05-06-22,4,FA,1847,1915,NN,Semillas,Fuerza Total Curado,Garbanzo,$ 5000.00
04-27-22,385950,605,05-05-22,2434,05-09-22,4,FA,1852,2375,NN,Semillas,Trigo,Trigo,$ 3300.00
04-27-22,385951,605,05-05-22,2433,05-09-22,4,FA,1852,2375,NN,Semillas,Trigo,Trigo,$ 3300.00
04-27-22,385952,605,05-05-22,2432,05-09-22,4,FA,1852,2375,NN,Semillas,Trigo,Trigo,$ 3300.00
04-27-22,386087,606,05-05-22,2431,05-09-22,4,FA,1855,4943,NN,Semillas,Poder + Peso,Soja,$ 4400.00
04-29-22,386094,607,05-06-22,2436,05-09-22,4,FA,1853,1779,NN,Semillas,Fuerza Total,Trigo,$ 4400.00
05-03-22,386116,609,06-07-22,2484,06-09-22,4,FA,1901,3191,NN,Semillas,Fuerza Total,Gatton Panic,$ 4900.00
05-04-22,386140,610,05-05-22,2435,05-09-22,4,FA,1856,350,NN,Semillas,Centeno,Centeno,$ 4200.00
05-06-22,386226,611,05-19-22,2449,05-23-22,4,FA,1878,104,NN,Semillas,Alfalfa,Alfalfa,$ 10500.00
05-06-22,386227,611,05-19-22,2448,05-23-22,4,FA,1878,104,NN,Semillas,Alfalfa,Alfalfa,$ 10500.00
05-06-22,386230,612,06-03-22,2477,06-07-22,4,FA,1894,4040,NN,Semillas,Semilla Vital Megatérmicas,Panicum Coloratum,$ 6600.00
05-09-22,386234,613,05-19-22,2447,05-23-22,4,FA,1876,1915,NN,Semillas,Fuerza Total,Garbanzo,$ 4400.00
05-09-22,386235,613,05-19-22,2446,05-23-22,4,FA,1876,1915,NN,Semillas,Fuerza Total,Garbanzo,$ 4400.00
05-09-22,386236,613,05-19-22,2445,05-23-22,4,FA,1876,1915,NN,Semillas,Fuerza Total,Garbanzo,$ 4400.00
05-09-22,386238,613,05-19-22,2444,05-23-22,4,FA,1876,1915,NN,Semillas,Fuerza Total Curado,Garbanzo,$ 5000.00
05-09-22,386239,613,05-19-22,2443,05-23-22,4,FA,1876,1915,NN,Semillas,Fuerza Total Curado,Garbanzo,$ 5000.00
05-09-22,386240,613,05-19-22,2442,05-23-22,4,FA,1876,1915,NN,Semillas,Fuerza Total Curado,Garbanzo,$ 5000.00
05-12-22,386258,614,05-20-22,2454,05-23-22,4,FA,1877,4329,NN,Semillas,Soja,Soja,$ 4200.00
05-12-22,386259,614,05-20-22,2453,05-23-22,4,FA,1877,4329,NN,Semillas,Soja,Soja,$ 4200.00
05-12-22,386260,615,05-20-22,2458,05-23-22,4,FA,1874,4557,NN,Semillas,Soja,Soja,$ 3300.00
05-12-22,386261,615,05-20-22,2457,05-23-22,4,FA,1874,4557,NN,Semillas,Soja,Soja,$ 3300.00
05-12-22,386262,615,05-20-22,2456,05-23-22,4,FA,1874,4557,NN,Semillas,Soja,Soja,$ 3300.00
05-12-22,386263,615,05-20-22,2455,05-23-22,4,FA,1874,4557,NN,Semillas,Soja,Soja,$ 3300.00
05-12-22,386264,615,05-20-22,2451,05-23-22,4,FA,1874,4557,NN,Semillas,Trigo,Trigo,$ 3300.00
05-12-22,386265,615,05-20-22,2452,05-23-22,4,FA,1874,4557,NN,Semillas,Arveja,Arveja,$ 3300.00
05-13-22,386300,617,05-20-22,2450,05-23-22,4,FA,1875,4396,NN,Semillas,Fuerza Total,Trigo,$ 4400.00
05-16-22,386372,618,05-24-22,2459,05-27-22,4,FA,1880,1040,NN,Semillas,Soja,Soja,$ 3300.00
05-16-22,386373,618,05-24-22,2460,05-27-22,4,FA,1880,1040,NN,Semillas,Soja,Soja,$ 3300.00
05-16-22,386374,619,05-24-22,2462,05-27-22,4,FA,1881,760,NN,Semillas,Fuerza Total,Soja,$ 4400.00
05-16-22,386375,619,05-24-22,2461,05-27-22,4,FA,1881,760,NN,Semillas,Fuerza Total,Soja,$ 4400.00
05-20-22,386379,620,05-27-22,2470,05-27-22,4,FA,1882,4762,NN,Semillas,Trigo,Trigo,$ 3300.00
05-23-22,386383,621,05-30-22,2473,05-31-22,4,FA,1890,4786,NN,Semillas,Maíz,Maíz,$ 3300.00
05-23-22,386384,621,05-30-22,2472,05-31-22,4,FA,1890,4786,NN,Semillas,Maíz,Maíz,$ 3300.00
05-23-22,386385,621,05-30-22,2471,05-31-22,4,FA,1890,4786,NN,Semillas,Maíz,Maíz,$ 3300.00
05-30-22,386510,624,06-07-22,2481,06-09-22,4,FA,1899,2065,NN,Semillas,Soja,Soja,$ 3300.00
05-30-22,386511,624,06-07-22,2480,06-09-22,4,FA,1899,2065,NN,Semillas,Soja,Soja,$ 3300.00
05-31-22,386512,626,06-08-22,2495,06-09-22,4,FA,1902,798,NN,Semillas,Soja,Soja,$ 3300.00
05-31-22,386513,626,06-08-22,2494,06-09-22,4,FA,1902,798,NN,Semillas,Soja,Soja,$ 3300.00
05-31-22,386514,626,06-08-22,2493,06-09-22,4,FA,1902,798,NN,Semillas,Soja,Soja,$ 3300.00
06-01-22,386515,627,06-10-22,2503,06-15-22,4,FA,1906,25,NN,Semillas,Maní,Maní,$ 4200.00
06-01-22,386516,627,06-10-22,2502,06-15-22,4,FA,1906,25,NN,Semillas,Maní,Maní,$ 4200.00
06-01-22,386517,627,06-10-22,2501,06-15-22,4,FA,1906,25,NN,Semillas,Maní,Maní,$ 4200.00
06-01-22,386518,627,06-10-22,2500,06-15-22,4,FA,1906,25,NN,Semillas,Maní,Maní,$ 4200.00
06-01-22,386519,627,06-10-22,2499,06-15-22,4,FA,1906,25,NN,Semillas,Maní,Maní,$ 4200.00
06-01-22,386520,627,06-10-22,2498,06-15-22,4,FA,1906,25,NN,Semillas,Maní,Maní,$ 4200.00
06-01-22,386521,627,06-10-22,2497,06-15-22,4,FA,1906,25,NN,Semillas,Maní,Maní,$ 4200.00
06-02-22,386562,628,06-08-22,2492,06-09-22,4,FA,1900,1328,NN,Semillas,Gatton Panic,Gatton Panic,$ 7200.00
06-02-22,386563,628,06-08-22,2491,06-09-22,4,FA,1900,1328,NN,Semillas,Gatton Panic,Gatton Panic,$ 7200.00
06-02-22,386564,628,06-08-22,2490,06-09-22,4,FA,1900,1328,NN,Semillas,Gatton Panic,Gatton Panic,$ 7200.00
06-02-22,386565,628,06-08-22,2489,06-09-22,4,FA,1900,1328,NN,Semillas,Gatton Panic,Gatton Panic,$ 7200.00
06-02-22,386566,628,06-08-22,2488,06-09-22,4,FA,1900,1328,NN,Semillas,Gatton Panic,Gatton Panic,$ 7200.00
06-02-22,386567,628,06-08-22,2487,06-09-22,4,FA,1900,1328,NN,Semillas,Gatton Panic,Gatton Panic,$ 7200.00
06-02-22,386568,628,06-08-22,2486,06-09-22,4,FA,1900,1328,NN,Semillas,Gatton Panic,Gatton Panic,$ 7200.00
06-02-22,386569,628,06-08-22,2485,06-09-22,4,FA,1900,1328,NN,Semillas,Gatton Panic,Gatton Panic,$ 7200.00
06-03-22,386570,629,06-10-22,2528,06-15-22,4,FA,1907,392,NN,Semillas,Convenio Syngenta Soja Completo,Soja,$ 4300.00
06-03-22,386571,629,06-10-22,2527,06-15-22,4,FA,1907,392,NN,Semillas,Convenio Syngenta Soja Completo,Soja,$ 4300.00
06-03-22,386572,629,06-10-22,2526,06-15-22,4,FA,1907,392,NN,Semillas,Convenio Syngenta Soja Completo,Soja,$ 3300.00
06-03-22,386573,629,06-10-22,2525,06-15-22,4,FA,1907,392,NN,Semillas,Convenio Syngenta Soja Completo,Soja,$ 4300.00
06-03-22,386574,629,06-10-22,2524,06-15-22,4,FA,1907,392,NN,Semillas,Convenio Syngenta Soja Completo,Soja,$ 4300.00
06-03-22,386575,629,06-10-22,2523,06-15-22,4,FA,1907,392,NN,Semillas,Convenio Syngenta Soja Completo,Soja,$ 4300.00
06-03-22,386576,629,06-10-22,2522,06-15-22,4,FA,1907,392,NN,Semillas,Convenio Syngenta Soja Completo,Soja,$ 4300.00
06-03-22,386577,629,06-10-22,2521,06-15-22,4,FA,1907,392,NN,Semillas,Convenio Syngenta Soja Completo,Soja,$ 4300.00
06-03-22,386578,629,06-10-22,2520,06-15-22,4,FA,1907,392,NN,Semillas,Convenio Syngenta Soja Completo,Soja,$ 4300.00
06-03-22,386579,629,06-10-22,2519,06-15-22,4,FA,1907,392,NN,Semillas,Convenio Syngenta Soja Completo,Soja,$ 4300.00
06-03-22,386580,629,06-10-22,2518,06-15-22,4,FA,1907,392,NN,Semillas,Convenio Syngenta Soja Completo,Soja,$ 4300.00
06-03-22,386581,629,06-10-22,2517,06-15-22,4,FA,1907,392,NN,Semillas,Convenio Syngenta Soja Completo,Soja,$ 4300.00
06-03-22,386582,629,06-10-22,2516,06-15-22,4,FA,1907,392,NN,Semillas,Convenio Syngenta Soja Completo,Soja,$ 4300.00
06-03-22,386583,629,06-10-22,2515,06-15-22,4,FA,1907,392,NN,Semillas,Convenio Syngenta Soja Completo,Soja,$ 4300.00
06-03-22,386584,629,06-10-22,2514,06-15-22,4,FA,1907,392,NN,Semillas,Convenio Syngenta Soja Completo,Soja,$ 4300.00
06-03-22,386585,629,06-10-22,2513,06-15-22,4,FA,1907,392,NN,Semillas,Convenio Syngenta Soja Completo,Soja,$ 4300.00
06-03-22,386586,629,06-10-22,2512,06-15-22,4,FA,1907,392,NN,Semillas,Convenio Syngenta Soja Completo,Soja,$ 4300.00
06-03-22,386587,629,06-10-22,2511,06-15-22,4,FA,1907,392,NN,Semillas,Convenio Syngenta Soja Completo,Soja,$ 4300.00
06-03-22,386588,629,06-10-22,2510,06-15-22,4,FA,1907,392,NN,Semillas,Convenio Syngenta Soja Completo,Soja,$ 4300.00
06-03-22,386589,629,06-10-22,2509,06-15-22,4,FA,1907,392,NN,Semillas,Convenio Syngenta Soja Completo,Soja,$ 4300.00
06-03-22,386590,629,06-10-22,2508,06-15-22,4,FA,1907,392,NN,Semillas,Convenio Syngenta Soja Completo,Soja,$ 4300.00
06-03-22,386591,629,06-10-22,2507,06-15-22,4,FA,1907,392,NN,Semillas,Convenio Syngenta Soja Completo,Soja,$ 4300.00
06-03-22,386592,629,06-10-22,2506,06-15-22,4,FA,1907,392,NN,Semillas,Convenio Syngenta Soja Completo,Soja,$ 4300.00
06-03-22,386593,629,06-10-22,2505,06-15-22,4,FA,1907,392,NN,Semillas,Convenio Syngenta Soja Completo,Soja,$ 4300.00
06-06-22,386605,631,06-21-22,2541,06-22-22,4,FA,1922,4557,NN,Semillas,Lenteja,Lenteja,$ 3300.00
06-07-22,386606,632,06-15-22,2529,06-15-22,4,FA,1917,760,NN,Semillas,Fuerza Total,Soja,$ 4400.00
06-08-22,386623,638,06-16-22,2539,06-22-22,4,FA,1925,25,NN,Semillas,Doble Poder,Soja,$ 6000.00
06-08-22,386624,638,06-16-22,2538,06-22-22,4,FA,1925,25,NN,Semillas,Doble Poder,Soja,$ 6000.00
06-08-22,386625,638,06-16-22,2537,06-22-22,4,FA,1925,25,NN,Semillas,Doble Poder,Soja,$ 6000.00
06-08-22,386626,638,06-16-22,2536,06-22-22,4,FA,1925,25,NN,Semillas,Doble Poder,Soja,$ 6000.00
06-08-22,386627,638,06-16-22,2535,06-22-22,4,FA,1925,25,NN,Semillas,Doble Poder,Soja,$ 6000.00
06-08-22,386628,638,06-16-22,2534,06-22-22,4,FA,1925,25,NN,Semillas,Doble Poder,Soja,$ 6000.00
06-08-22,386629,638,06-21-22,2582,06-22-22,4,FA,1924,25,NN,Semillas,Maní,Maní,$ 4200.00
06-08-22,386630,638,06-21-22,2581,06-22-22,4,FA,1924,25,NN,Semillas,Maní,Maní,$ 4200.00
06-08-22,386631,638,06-21-22,2580,06-22-22,4,FA,1924,25,NN,Semillas,Maní,Maní,$ 4200.00
06-08-22,386632,638,06-21-22,2579,06-22-22,4,FA,1924,25,NN,Semillas,Maní,Maní,$ 4200.00
06-08-22,386633,638,06-21-22,2578,06-22-22,4,FA,1924,25,NN,Semillas,Maní,Maní,$ 4200.00
06-08-22,386634,638,06-21-22,2577,06-22-22,4,FA,1924,25,NN,Semillas,Maní,Maní,$ 4200.00
06-08-22,386635,638,06-21-22,2576,06-22-22,4,FA,1924,25,NN,Semillas,Maní,Maní,$ 4200.00
06-08-22,386636,638,06-21-22,2575,06-22-22,4,FA,1924,25,NN,Semillas,Maní,Maní,$ 4200.00
06-08-22,386637,638,06-21-22,2574,06-22-22,4,FA,1924,25,NN,Semillas,Maní,Maní,$ 4200.00
06-08-22,386638,638,06-21-22,2573,06-22-22,4,FA,1924,25,NN,Semillas,Maní,Maní,$ 4200.00
06-08-22,386639,638,06-21-22,2572,06-22-22,4,FA,1924,25,NN,Semillas,Maní,Maní,$ 4200.00
06-08-22,386640,638,06-21-22,2571,06-22-22,4,FA,1924,25,NN,Semillas,Maní,Maní,$ 4200.00
06-08-22,386641,638,06-21-22,2570,06-22-22,4,FA,1924,25,NN,Semillas,Maní,Maní,$ 4200.00
06-08-22,386642,638,06-21-22,2569,06-22-22,4,FA,1924,25,NN,Semillas,Maní,Maní,$ 4200.00
06-08-22,386643,638,06-21-22,2568,06-22-22,4,FA,1924,25,NN,Semillas,Maní,Maní,$ 4200.00
06-08-22,386644,638,06-21-22,2567,06-22-22,4,FA,1924,25,NN,Semillas,Maní,Maní,$ 4200.00
06-08-22,386645,638,06-21-22,2566,06-22-22,4,FA,1924,25,NN,Semillas,Maní,Maní,$ 4200.00
06-08-22,386653,638,06-10-22,2504,06-15-22,4,FA,1908,760,NN,Semillas,Soja,Soja,$ 4200.00
06-09-22,386656,636,06-24-22,2594,06-28-22,4,FA,1937,104,NN,Semillas,Pack Integral,Alfalfa,$ 6700.00
06-09-22,386657,636,06-24-22,2593,06-28-22,4,FA,1937,104,NN,Semillas,Pack Integral,Alfalfa,$ 6700.00
06-09-22,386658,636,06-24-22,2592,06-28-22,4,FA,1937,104,NN,Semillas,Pack Integral,Alfalfa,$ 6700.00
06-09-22,386659,636,06-24-22,2591,06-28-22,4,FA,1937,104,NN,Semillas,Pack Integral,Alfalfa,$ 6700.00
06-09-22,386660,637,07-13-22,2722,07-14-22,4,FA,1968,104,NN,Semillas,Pack Integral,Gatton Panic,$ 4650.00
06-09-22,386661,637,07-13-22,2721,07-14-22,4,FA,1968,104,NN,Semillas,Pack Integral,Gatton Panic,$ 7300.00
06-09-22,386662,638,06-21-22,2565,06-22-22,4,FA,1926,104,NN,Semillas,Cebada,Cebada,$ 3300.00
06-09-22,386663,638,06-21-22,2564,06-22-22,4,FA,1926,104,NN,Semillas,Cebada,Cebada,$ 3300.00
06-09-22,386664,639,06-16-22,2533,06-22-22,4,FA,1927,104,NN,Semillas,Poroto Mung,Poroto Mung,$ 3300.00
06-09-22,386665,639,06-27-22,2596,06-29-22,4,FA,1945,4379,NN,Semillas,Sorgo,Sorgo,$ 3300.00
06-09-22,386666,639,06-24-22,2595,06-28-22,4,FA,1941,104,NN,Semillas,Pasto Lloron,Pasto Lloron,$ 3300.00
06-14-22,386668,639,06-21-22,2589,06-22-22,4,FA,1929,104,NN,Semillas,Crotalaria,Crotalaria,$ 3300.00
06-14-22,386669,639,06-21-22,2540,06-22-22,4,FA,1929,104,NN,Semillas,Crotalaria,Crotalaria,$ 3300.00
06-14-22,386670,638,06-24-22,2590,06-28-22,4,FA,1937,104,NN,Semillas,Aeschynomene,Aeschynomene,$ 3300.00
06-10-22,386671,640,06-21-22,2588,06-22-22,4,FA,1924,25,NN,Semillas,Maní,Maní,$ 4200.00
06-10-22,386672,640,06-21-22,2587,06-22-22,4,FA,1924,25,NN,Semillas,Maní,Maní,$ 4200.00
06-10-22,386673,640,06-21-22,2586,06-22-22,4,FA,1924,25,NN,Semillas,Maní,Maní,$ 4200.00
06-10-22,386674,640,06-21-22,2585,06-22-22,4,FA,1924,25,NN,Semillas,Maní,Maní,$ 4200.00
06-10-22,386675,640,06-21-22,2584,06-22-22,4,FA,1924,25,NN,Semillas,Maní,Maní,$ 4200.00
06-10-22,386676,640,06-21-22,2583,06-22-22,4,FA,1924,25,NN,Semillas,Maní,Maní,$ 4200.00
06-14-22,386724,643,06-21-22,2563,06-22-22,4,FA,1923,392,NN,Semillas,Convenio Syngenta Soja Completo,Soja,$ 4300.00
06-14-22,386725,643,06-21-22,2562,06-22-22,4,FA,1923,392,NN,Semillas,Convenio Syngenta Soja Completo,Soja,$ 4300.00
06-14-22,386726,643,06-21-22,2561,06-22-22,4,FA,1923,392,NN,Semillas,Convenio Syngenta Soja Completo,Soja,$ 4300.00
06-14-22,386727,643,06-21-22,2560,06-22-22,4,FA,1923,392,NN,Semillas,Convenio Syngenta Soja Completo,Soja,$ 4300.00
06-14-22,386728,643,06-21-22,2559,06-22-22,4,FA,1923,392,NN,Semillas,Convenio Syngenta Soja Completo,Soja,$ 4300.00
06-14-22,386729,643,06-21-22,2558,06-22-22,4,FA,1923,392,NN,Semillas,Convenio Syngenta Soja Completo,Soja,$ 4300.00
06-14-22,386730,643,06-21-22,2557,06-22-22,4,FA,1923,392,NN,Semillas,Convenio Syngenta Soja Completo,Soja,$ 4300.00
06-14-22,386731,643,06-21-22,2556,06-22-22,4,FA,1923,392,NN,Semillas,Convenio Syngenta Soja Completo,Soja,$ 4300.00
06-14-22,386732,643,06-21-22,2555,06-22-22,4,FA,1923,392,NN,Semillas,Convenio Syngenta Soja Completo,Soja,$ 4300.00
06-14-22,386733,643,06-21-22,2554,06-22-22,4,FA,1923,392,NN,Semillas,Convenio Syngenta Soja Completo,Soja,$ 4300.00
06-14-22,386734,643,06-21-22,2553,06-22-22,4,FA,1923,392,NN,Semillas,Convenio Syngenta Soja Completo,Soja,$ 4300.00
06-14-22,386735,643,06-21-22,2552,06-22-22,4,FA,1923,392,NN,Semillas,Convenio Syngenta Soja Completo,Soja,$ 4300.00
06-14-22,386736,643,06-21-22,2551,06-22-22,4,FA,1923,392,NN,Semillas,Convenio Syngenta Soja Completo,Soja,$ 4300.00
06-14-22,386737,643,06-21-22,2550,06-22-22,4,FA,1923,392,NN,Semillas,Convenio Syngenta Soja Completo,Soja,$ 4300.00
06-14-22,386738,643,06-21-22,2549,06-22-22,4,FA,1923,392,NN,Semillas,Convenio Syngenta Soja Completo,Soja,$ 4300.00
06-14-22,386739,643,06-21-22,2548,06-22-22,4,FA,1923,392,NN,Semillas,Convenio Syngenta Soja Completo,Soja,$ 4300.00
06-14-22,386740,643,06-21-22,2547,06-22-22,4,FA,1923,392,NN,Semillas,Convenio Syngenta Soja Completo,Soja,$ 4300.00
06-14-22,386741,643,06-21-22,2546,06-22-22,4,FA,1923,392,NN,Semillas,Convenio Syngenta Soja Completo,Soja,$ 4300.00
06-14-22,386742,643,06-21-22,2545,06-22-22,4,FA,1923,392,NN,Semillas,Convenio Syngenta Soja Completo,Soja,$ 4300.00
06-14-22,386743,643,06-21-22,2544,06-22-22,4,FA,1923,392,NN,Semillas,Convenio Syngenta Soja Completo,Soja,$ 4300.00
06-14-22,386744,643,06-21-22,2543,06-22-22,4,FA,1923,392,NN,Semillas,Convenio Syngenta Soja Completo,Soja,$ 4300.00
06-14-22,386745,643,06-21-22,2542,06-22-22,4,FA,1923,392,NN,Semillas,Convenio Syngenta Soja Completo,Soja,$ 4300.00
06-13-22,386746,641,06-15-22,2532,06-15-22,4,FA,1916,1328,NN,Semillas,Gatton Panic,Gatton Panic,$ 7200.00
06-13-22,386747,641,06-15-22,2531,06-15-22,4,FA,1916,1328,NN,Semillas,Gatton Panic,Gatton Panic,$ 4200.00
06-13-22,386748,641,06-15-22,2530,06-15-22,4,FA,1916,1328,NN,Semillas,Gatton Panic,Gatton Panic,$ 7200.00
06-14-22,386764,642,07-06-22,2679,07-07-22,4,FA,1957,1328,NN,Semillas,Urocloa,Urocloa,$ 3300.00
06-21-22,386787,644,06-28-22,2619,06-29-22,4,FA,1943,2736,NN,Semillas,Convenio Syngenta Soja Completo,Soja,$ 4300.00
06-21-22,386788,644,06-28-22,2618,06-29-22,4,FA,1943,2736,NN,Semillas,Convenio Syngenta Soja Completo,Soja,$ 4300.00
06-21-22,386789,644,06-28-22,2617,06-29-22,4,FA,1943,2736,NN,Semillas,Convenio Syngenta Soja Completo,Soja,$ 4300.00
06-21-22,386790,644,06-28-22,2616,06-29-22,4,FA,1943,2736,NN,Semillas,Convenio Syngenta Soja Completo,Soja,$ 4300.00
06-21-22,386791,644,06-28-22,2615,06-29-22,4,FA,1943,2736,NN,Semillas,Convenio Syngenta Soja Completo,Soja,$ 4300.00
06-21-22,386792,644,06-28-22,2614,06-29-22,4,FA,1943,2736,NN,Semillas,Convenio Syngenta Soja Completo,Soja,$ 4300.00
06-21-22,386793,644,06-28-22,2613,06-29-22,4,FA,1943,2736,NN,Semillas,Convenio Syngenta Soja Completo,Soja,$ 4300.00
06-21-22,386794,644,06-28-22,2612,06-29-22,4,FA,1943,2736,NN,Semillas,Convenio Syngenta Soja Completo,Soja,$ 4300.00
06-21-22,386795,644,06-28-22,2611,06-29-22,4,FA,1943,2736,NN,Semillas,Convenio Syngenta Soja Completo,Soja,$ 4300.00
06-21-22,386796,644,06-28-22,2610,06-29-22,4,FA,1943,2736,NN,Semillas,Convenio Syngenta Soja Completo,Soja,$ 4300.00
06-21-22,386797,644,06-28-22,2609,06-29-22,4,FA,1943,2736,NN,Semillas,Convenio Syngenta Soja Completo,Soja,$ 4300.00
06-21-22,386798,644,06-28-22,2608,06-29-22,4,FA,1943,2736,NN,Semillas,Convenio Syngenta Soja Completo,Soja,$ 4300.00
06-21-22,386799,644,06-28-22,2607,06-29-22,4,FA,1943,2736,NN,Semillas,Convenio Syngenta Soja Completo,Soja,$ 4300.00
06-21-22,386800,644,06-28-22,2606,06-29-22,4,FA,1943,2736,NN,Semillas,Convenio Syngenta Soja Completo,Soja,$ 4300.00
06-21-22,386801,644,06-28-22,2605,06-29-22,4,FA,1943,2736,NN,Semillas,Convenio Syngenta Soja Completo,Soja,$ 4300.00
06-21-22,386802,644,06-28-22,2604,06-29-22,4,FA,1943,2736,NN,Semillas,Convenio Syngenta Soja Completo,Soja,$ 4300.00
06-21-22,386803,644,06-28-22,2603,06-29-22,4,FA,1943,2736,NN,Semillas,Convenio Syngenta Soja Completo,Soja,$ 4300.00
06-21-22,386804,644,06-28-22,2602,06-29-22,4,FA,1943,2736,NN,Semillas,Convenio Syngenta Soja Completo,Soja,$ 4300.00
06-21-22,386805,644,06-28-22,2601,06-29-22,4,FA,1943,2736,NN,Semillas,Convenio Syngenta Soja Completo,Soja,$ 4300.00
06-21-22,386806,644,06-28-22,2600,06-29-22,4,FA,1943,2736,NN,Semillas,Convenio Syngenta Soja Completo,Soja,$ 4300.00
06-21-22,386807,644,06-28-22,2599,06-29-22,4,FA,1943,2736,NN,Semillas,Convenio Syngenta Soja Completo,Soja,$ 4300.00
06-21-22,386808,644,06-28-22,2598,06-29-22,4,FA,1943,2736,NN,Semillas,Convenio Syngenta Soja Completo,Soja,$ 4300.00
06-21-22,386809,644,06-28-22,2597,06-29-22,4,FA,1943,2736,NN,Semillas,Convenio Syngenta Soja Completo,Soja,$ 4300.00
06-23-22,386818,645,06-30-22,2643,06-30-22,4,FA,1948,9261,NN,Semillas,Convenio Syngenta Soja Completo,Soja,$ 4300.00
06-23-22,386819,645,06-30-22,2642,06-30-22,4,FA,1948,9261,NN,Semillas,Convenio Syngenta Soja Completo,Soja,$ 4300.00
06-23-22,386820,645,06-30-22,2641,06-30-22,4,FA,1948,9261,NN,Semillas,Convenio Syngenta Soja Completo,Soja,$ 4300.00
06-23-22,386821,645,06-30-22,2640,06-30-22,4,FA,1948,9261,NN,Semillas,Convenio Syngenta Soja Completo,Soja,$ 4300.00
06-23-22,386822,645,06-30-22,2639,06-30-22,4,FA,1948,9261,NN,Semillas,Convenio Syngenta Soja Completo,Soja,$ 4300.00
06-23-22,386823,645,06-30-22,2638,06-30-22,4,FA,1948,9261,NN,Semillas,Convenio Syngenta Soja Completo,Soja,$ 4300.00
06-23-22,386824,645,06-30-22,2637,06-30-22,4,FA,1948,9261,NN,Semillas,Convenio Syngenta Soja Completo,Soja,$ 4300.00
06-23-22,386825,645,06-30-22,2636,06-30-22,4,FA,1948,9261,NN,Semillas,Convenio Syngenta Soja Completo,Soja,$ 4300.00
06-23-22,386826,645,06-30-22,2635,06-30-22,4,FA,1948,9261,NN,Semillas,Convenio Syngenta Soja Completo,Soja,$ 4300.00
06-23-22,386827,645,06-30-22,2634,06-30-22,4,FA,1948,9261,NN,Semillas,Convenio Syngenta Soja Completo,Soja,$ 4300.00
06-23-22,386828,645,06-30-22,2633,06-30-22,4,FA,1948,9261,NN,Semillas,Convenio Syngenta Soja Completo,Soja,$ 4300.00
06-23-22,386829,645,06-30-22,2632,06-30-22,4,FA,1948,9261,NN,Semillas,Convenio Syngenta Soja Completo,Soja,$ 4300.00
06-23-22,386830,645,06-30-22,2631,06-30-22,4,FA,1948,9261,NN,Semillas,Convenio Syngenta Soja Completo,Soja,$ 4300.00
06-23-22,386831,645,06-30-22,2630,06-30-22,4,FA,1948,9261,NN,Semillas,Convenio Syngenta Soja Completo,Soja,$ 4300.00
06-23-22,386832,645,06-30-22,2629,06-30-22,4,FA,1948,9261,NN,Semillas,Convenio Syngenta Soja Completo,Soja,$ 4300.00
06-23-22,386833,645,06-30-22,2628,06-30-22,4,FA,1948,9261,NN,Semillas,Convenio Syngenta Soja Completo,Soja,$ 4300.00
06-23-22,386834,645,06-30-22,2627,06-30-22,4,FA,1948,9261,NN,Semillas,Convenio Syngenta Soja Completo,Soja,$ 4300.00
06-23-22,386835,645,06-30-22,2626,06-30-22,4,FA,1948,9261,NN,Semillas,Convenio Syngenta Soja Completo,Soja,$ 4300.00
06-23-22,386836,645,06-30-22,2625,06-30-22,4,FA,1948,9261,NN,Semillas,Convenio Syngenta Soja Completo,Soja,$ 4300.00
06-23-22,386837,645,06-30-22,2624,06-30-22,4,FA,1948,9261,NN,Semillas,Convenio Syngenta Soja Completo,Soja,$ 4300.00
06-23-22,386838,645,06-30-22,2623,06-30-22,4,FA,1948,9261,NN,Semillas,Convenio Syngenta Soja Completo,Soja,$ 4300.00
06-23-22,386839,645,06-30-22,2622,06-30-22,4,FA,1948,9261,NN,Semillas,Convenio Syngenta Soja Completo,Soja,$ 4300.00
06-24-22,386875,647,07-04-22,2670,07-14-22,4,FA,1964,392,NN,Semillas,Fuerza Total,Trigo,$ 4400.00
06-24-22,386876,647,07-04-22,2669,07-14-22,4,FA,1964,392,NN,Semillas,Fuerza Total,Trigo,$ 4400.00
06-24-22,386877,646,07-01-22,2663,07-04-22,4,FA,1952,392,NN,Semillas,Convenio Syngenta Soja Completo,Soja,$ 4300.00
06-24-22,386878,646,07-01-22,2662,07-04-22,4,FA,1952,392,NN,Semillas,Convenio Syngenta Soja Completo,Soja,$ 4300.00
06-24-22,386879,646,07-01-22,2661,07-04-22,4,FA,1952,392,NN,Semillas,Convenio Syngenta Soja Completo,Soja,$ 4300.00
06-24-22,386880,646,07-01-22,2660,07-04-22,4,FA,1952,392,NN,Semillas,Convenio Syngenta Soja Completo,Soja,$ 4300.00
06-24-22,386881,646,07-01-22,2659,07-04-22,4,FA,1952,392,NN,Semillas,Convenio Syngenta Soja Completo,Soja,$ 4300.00
06-24-22,386882,646,07-01-22,2658,07-04-22,4,FA,1952,392,NN,Semillas,Convenio Syngenta Soja Completo,Soja,$ 4300.00
06-24-22,386883,646,07-01-22,2657,07-04-22,4,FA,1952,392,NN,Semillas,Convenio Syngenta Soja Completo,Soja,$ 4300.00
06-24-22,386884,646,07-01-22,2656,07-04-22,4,FA,1952,392,NN,Semillas,Convenio Syngenta Soja Completo,Soja,$ 4300.00
06-24-22,386885,646,07-01-22,2655,07-04-22,4,FA,1952,392,NN,Semillas,Convenio Syngenta Soja Completo,Soja,$ 4300.00
06-24-22,386886,646,07-01-22,2654,07-04-22,4,FA,1952,392,NN,Semillas,Convenio Syngenta Soja Completo,Soja,$ 4300.00
06-24-22,386887,646,07-01-22,2653,07-04-22,4,FA,1952,392,NN,Semillas,Convenio Syngenta Soja Completo,Soja,$ 4300.00
06-24-22,386888,646,07-01-22,2652,07-04-22,4,FA,1952,392,NN,Semillas,Convenio Syngenta Soja Completo,Soja,$ 4300.00
06-24-22,386889,646,07-01-22,2651,07-04-22,4,FA,1952,392,NN,Semillas,Convenio Syngenta Soja Completo,Soja,$ 4300.00
06-24-22,386890,646,07-01-22,2650,07-04-22,4,FA,1952,392,NN,Semillas,Convenio Syngenta Soja Completo,Soja,$ 4300.00
06-24-22,386891,646,07-01-22,2649,07-04-22,4,FA,1952,392,NN,Semillas,Convenio Syngenta Soja Completo,Soja,$ 4300.00
06-24-22,386892,646,07-01-22,2648,07-04-22,4,FA,1952,392,NN,Semillas,Convenio Syngenta Soja Completo,Soja,$ 4300.00
06-24-22,386893,646,07-01-22,2647,07-04-22,4,FA,1952,392,NN,Semillas,Convenio Syngenta Soja Completo,Soja,$ 4300.00
06-24-22,386894,646,07-01-22,2646,07-04-22,4,FA,1952,392,NN,Semillas,Convenio Syngenta Soja Completo,Soja,$ 4300.00
06-24-22,386895,646,07-01-22,2645,07-04-22,4,FA,1952,392,NN,Semillas,Convenio Syngenta Soja Completo,Soja,$ 4300.00
06-24-22,386896,646,07-01-22,2644,07-04-22,4,FA,1952,392,NN,Semillas,Convenio Syngenta Soja Completo,Soja,$ 4300.00
06-27-22,386899,648,07-05-22,2678,07-14-22,4,FA,1963,4557,NN,Semillas,Soja,Soja,$ 3300.00
06-27-22,386900,648,07-05-22,2677,07-14-22,4,FA,1963,4557,NN,Semillas,Soja,Soja,$ 3300.00
06-27-22,386901,648,07-05-22,2676,07-14-22,4,FA,1963,4557,NN,Semillas,Soja,Soja,$ 3300.00
06-27-22,386902,648,07-05-22,2675,07-14-22,4,FA,1963,4557,NN,Semillas,Soja,Soja,$ 3300.00
06-27-22,386903,648,07-05-22,2674,07-14-22,4,FA,1963,4557,NN,Semillas,Soja,Soja,$ 3300.00
06-27-22,386904,648,07-05-22,2673,07-14-22,4,FA,1963,4557,NN,Semillas,Soja,Soja,$ 3300.00
06-27-22,386905,648,07-05-22,2672,07-14-22,4,FA,1963,4557,NN,Semillas,Soja,Soja,$ 3300.00
06-27-22,386906,648,07-05-22,2671,07-14-22,4,FA,1963,4557,NN,Semillas,Soja,Soja,$ 3300.00
06-27-22,386909,649,07-04-22,2668,07-04-22,4,FA,1954,1856,NN,Semillas,Poroto Mung,Poroto Mung,$ 3300.00
06-27-22,386910,649,07-04-22,2667,07-04-22,4,FA,1954,1856,NN,Semillas,Poroto Mung,Poroto Mung,$ 3300.00
06-29-22,386942,650,07-06-22,2686,07-07-22,4,FA,1958,4237,NN,Semillas,Convenio Syngenta Soja Completo,Soja,$ 4300.00
06-29-22,386943,650,07-06-22,2685,07-07-22,4,FA,1958,4237,NN,Semillas,Convenio Syngenta Soja Completo,Soja,$ 4300.00
06-29-22,386944,650,07-06-22,2684,07-07-22,4,FA,1958,4237,NN,Semillas,Convenio Syngenta Soja Completo,Soja,$ 4300.00
06-29-22,386945,650,07-06-22,2683,07-07-22,4,FA,1958,4237,NN,Semillas,Convenio Syngenta Soja Completo,Soja,$ 4300.00
06-29-22,386946,650,07-06-22,2682,07-07-22,4,FA,1958,4237,NN,Semillas,Convenio Syngenta Soja Completo,Soja,$ 4300.00
06-29-22,386947,650,07-06-22,2681,07-07-22,4,FA,1958,4237,NN,Semillas,Convenio Syngenta Soja Completo,Soja,$ 4300.00
06-29-22,386948,650,07-06-22,2680,07-07-22,4,FA,1958,4237,NN,Semillas,Convenio Syngenta Soja Completo,Soja,$ 4300.00
06-29-22,386949,651,07-07-22,2693,07-11-22,4,FA,1961,4676,NN,Semillas,Fuerza Total,Soja,$ 4400.00
06-29-22,386950,651,07-07-22,2692,07-11-22,4,FA,1961,4676,NN,Semillas,Fuerza Total,Soja,$ 4400.00
06-29-22,386951,651,07-07-22,2691,07-11-22,4,FA,1961,4676,NN,Semillas,Fuerza Total,Soja,$ 4400.00
06-29-22,386952,651,07-07-22,2690,07-11-22,4,FA,1961,4676,NN,Semillas,Fuerza Total,Soja,$ 4400.00
06-29-22,386953,652,07-01-22,2666,07-04-22,4,FA,1951,1328,NN,Semillas,Gatton Panic,Gatton Panic,$ 4200.00
06-29-22,386954,652,07-01-22,2665,07-04-22,4,FA,1951,1328,NN,Semillas,Gatton Panic,Gatton Panic,$ 4200.00
06-29-22,386955,652,07-01-22,2664,07-04-22,4,FA,1951,1328,NN,Semillas,Gatton Panic,Gatton Panic,$ 4200.00
06-29-22,386956,653,07-06-22,2689,07-07-22,4,FA,1957,1328,NN,Semillas,Gatton Panic,Gatton Panic,$ 7200.00
06-29-22,386957,653,07-06-22,2688,07-07-22,4,FA,1957,1328,NN,Semillas,Gatton Panic,Gatton Panic,$ 7200.00
06-29-22,386958,653,07-06-22,2687,07-07-22,4,FA,1957,1328,NN,Semillas,Gatton Panic,Gatton Panic,$ 7200.00
07-01-22,387003,654,07-08-22,2719,07-11-22,4,FA,1960,760,NN,Semillas,Convenio Syngenta Soja Completo,Soja,$ 4300.00
07-01-22,387004,654,07-08-22,2718,07-11-22,4,FA,1960,760,NN,Semillas,Convenio Syngenta Soja Completo,Soja,$ 4300.00
07-01-22,387005,654,07-08-22,2717,07-11-22,4,FA,1960,760,NN,Semillas,Convenio Syngenta Soja Completo,Soja,$ 4300.00
07-01-22,387006,654,07-08-22,2716,07-11-22,4,FA,1960,760,NN,Semillas,Convenio Syngenta Soja Completo,Soja,$ 4300.00
07-01-22,387007,654,07-08-22,2715,07-11-22,4,FA,1960,760,NN,Semillas,Convenio Syngenta Soja Completo,Soja,$ 4300.00
07-01-22,387008,654,07-08-22,2714,07-11-22,4,FA,1960,760,NN,Semillas,Convenio Syngenta Soja Completo,Soja,$ 4300.00
07-01-22,387009,655,07-08-22,2713,07-11-22,4,FA,1959,392,NN,Semillas,Convenio Syngenta Soja Completo,Soja,$ 4300.00
07-01-22,387010,655,07-08-22,2712,07-11-22,4,FA,1959,392,NN,Semillas,Convenio Syngenta Soja Completo,Soja,$ 4300.00
07-01-22,387011,655,07-08-22,2711,07-11-22,4,FA,1959,392,NN,Semillas,Convenio Syngenta Soja Completo,Soja,$ 4300.00
07-01-22,387012,655,07-08-22,2710,07-11-22,4,FA,1959,392,NN,Semillas,Convenio Syngenta Soja Completo,Soja,$ 4300.00
07-01-22,387013,655,07-08-22,2709,07-11-22,4,FA,1959,392,NN,Semillas,Convenio Syngenta Soja Completo,Soja,$ 4300.00
07-01-22,387014,655,07-08-22,2708,07-11-22,4,FA,1959,392,NN,Semillas,Convenio Syngenta Soja Completo,Soja,$ 4300.00
07-01-22,387015,655,07-08-22,2707,07-11-22,4,FA,1959,392,NN,Semillas,Convenio Syngenta Soja Completo,Soja,$ 4300.00
07-01-22,387016,655,07-08-22,2706,07-11-22,4,FA,1959,392,NN,Semillas,Convenio Syngenta Soja Completo,Soja,$ 4300.00
07-01-22,387017,655,07-08-22,2705,07-11-22,4,FA,1959,392,NN,Semillas,Convenio Syngenta Soja Completo,Soja,$ 4300.00
07-01-22,387018,655,07-08-22,2704,07-11-22,4,FA,1959,392,NN,Semillas,Convenio Syngenta Soja Completo,Soja,$ 4300.00
07-01-22,387019,655,07-08-22,2703,07-11-22,4,FA,1959,392,NN,Semillas,Convenio Syngenta Soja Completo,Soja,$ 4300.00
07-01-22,387020,655,07-08-22,2702,07-11-22,4,FA,1959,392,NN,Semillas,Convenio Syngenta Soja Completo,Soja,$ 4300.00
07-01-22,387021,655,07-08-22,2701,07-11-22,4,FA,1959,392,NN,Semillas,Convenio Syngenta Soja Completo,Soja,$ 4300.00
07-01-22,387022,655,07-08-22,2700,07-11-22,4,FA,1959,392,NN,Semillas,Convenio Syngenta Soja Completo,Soja,$ 4300.00
07-01-22,387023,655,07-08-22,2699,07-11-22,4,FA,1959,392,NN,Semillas,Convenio Syngenta Soja Completo,Soja,$ 4300.00
07-01-22,387024,655,07-08-22,2698,07-11-22,4,FA,1959,392,NN,Semillas,Convenio Syngenta Soja Completo,Soja,$ 4300.00
07-01-22,387025,655,07-08-22,2697,07-11-22,4,FA,1959,392,NN,Semillas,Convenio Syngenta Soja Completo,Soja,$ 4300.00
07-01-22,387026,655,07-08-22,2696,07-11-22,4,FA,1959,392,NN,Semillas,Convenio Syngenta Soja Completo,Soja,$ 4300.00
07-01-22,387027,655,07-08-22,2695,07-11-22,4,FA,1959,392,NN,Semillas,Convenio Syngenta Soja Completo,Soja,$ 4300.00
07-01-22,387028,655,07-08-22,2694,07-11-22,4,FA,1959,392,NN,Semillas,Convenio Syngenta Soja Completo,Soja,$ 4300.00
07-05-22,387045,656,07-19-22,2734,07-22-22,4,FA,1984,104,NN,Semillas,Grama Rhodes,Grama Rhodes,$ 3900.00
07-05-22,387046,656,07-19-22,2733,07-22-22,4,FA,1984,104,NN,Semillas,Grama Rhodes,Grama Rhodes,$ 3900.00
07-05-22,387047,656,07-19-22,2732,07-22-22,4,FA,1984,104,NN,Semillas,Grama Rhodes,Grama Rhodes,$ 3900.00
07-05-22,387048,656,07-19-22,2731,07-22-22,4,FA,1984,104,NN,Semillas,Grama Rhodes,Grama Rhodes,$ 3900.00
07-05-22,387049,656,07-19-22,2730,07-22-22,4,FA,1984,104,NN,Semillas,Grama Rhodes,Grama Rhodes,$ 3900.00
07-05-22,387050,656,08-02-22,2786,08-04-22,4,FA,2017,104,NN,Semillas,Buffel Grass,Buffel Grass,$ 3900.00
07-05-22,387051,656,07-15-22,2728,07-18-22,4,FA,1976,104,NN,Semillas,Avena Strigosa,Avena Strigosa,$ 3300.00
07-05-22,387052,656,07-15-22,2727,07-18-22,4,FA,1976,104,NN,Semillas,Avena Strigosa,Avena Strigosa,$ 3300.00
07-05-22,387053,656,07-15-22,2726,07-18-22,4,FA,1976,104,NN,Semillas,Avena Strigosa,Avena Strigosa,$ 3300.00
07-05-22,387054,656,07-15-22,2725,07-18-22,4,FA,1976,104,NN,Semillas,Avena Blanca / Amarilla/ Byzantina,Avena Blanca / Amarilla/ Byzantina,$ 3300.00
07-05-22,387055,656,08-02-22,2785,08-04-22,4,FA,2017,104,NN,Semillas,Cebadilla Criolla,Cebadilla Criolla,$ 3300.00
07-05-22,387056,656,07-15-22,2724,07-18-22,4,FA,1976,104,NN,Semillas,Trebol Blanco,Trebol Blanco,$ 3300.00
07-05-22,387057,656,07-12-22,2720,07-14-22,4,FA,1968,104,NN,Semillas,Festuca,Festuca,$ 3300.00
07-05-22,387058,656,07-19-22,2729,07-22-22,4,FA,1978,104,NN,Semillas,Vicia,Vicia,$ 3300.00
07-05-22,387059,657,07-22-22,2745,07-22-22,4,FA,1990,2555,NN,Semillas,Semilla Vital Megatérmicas,Grama Rhodes,$ 6600.00
07-12-22,387111,659,07-15-22,2723,07-18-22,4,FA,1975,2392,NN,Semillas,Soja,Soja,$ 3300.00
07-08-22,387112,658,08-11-22,2832,08-12-22,4,FA,2033,1328,NN,Semillas,Gatton Panic,Gatton Panic,$ 3900.00
07-13-22,387135,660,07-22-22,2740,07-22-22,4,FA,1985,967,NN,Semillas,Soja,Soja,$ 3300.00
07-13-22,387136,660,07-22-22,2739,07-22-22,4,FA,1985,967,NN,Semillas,Soja,Soja,$ 3300.00
07-13-22,387137,660,07-22-22,2738,07-22-22,4,FA,1985,967,NN,Semillas,Soja,Soja,$ 3300.00
07-13-22,387138,660,07-22-22,2737,07-22-22,4,FA,1985,967,NN,Semillas,Soja,Soja,$ 3300.00
07-13-22,387139,660,07-22-22,2736,07-22-22,4,FA,1985,967,NN,Semillas,Soja,Soja,$ 3300.00
07-13-22,387140,660,07-22-22,2735,07-22-22,4,FA,1985,967,NN,Semillas,Soja,Soja,$ 3300.00
07-13-22,387145,662,07-22-22,2741,07-22-22,4,FA,1987,1781,NN,Semillas,Fuerza Total Curado,Soja,$ 5000.00
07-13-22,387146,661,07-26-22,2755,07-27-22,4,FA,1996,4237,NN,Semillas,Convenio Syngenta Soja Completo,Soja,$ 4300.00
07-13-22,387147,661,07-26-22,2754,07-27-22,4,FA,1996,4237,NN,Semillas,Convenio Syngenta Soja Completo,Soja,$ 4300.00
07-13-22,387148,661,07-26-22,2753,07-27-22,4,FA,1996,4237,NN,Semillas,Convenio Syngenta Soja Completo,Soja,$ 4300.00
07-13-22,387149,661,07-26-22,2752,07-27-22,4,FA,1996,4237,NN,Semillas,Convenio Syngenta Soja Completo,Soja,$ 4300.00
07-13-22,387150,661,07-26-22,2751,07-27-22,4,FA,1996,4237,NN,Semillas,Convenio Syngenta Soja Completo,Soja,$ 4300.00
07-13-22,387151,661,07-26-22,2750,07-27-22,4,FA,1996,4237,NN,Semillas,Convenio Syngenta Soja Completo,Soja,$ 4300.00
07-13-22,387152,661,07-26-22,2749,07-27-22,4,FA,1996,4237,NN,Semillas,Convenio Syngenta Soja Completo,Soja,$ 4300.00
07-14-22,387159,663,07-26-22,2748,07-27-22,4,FA,1996,4237,NN,Semillas,Convenio Syngenta Soja Completo,Soja,$ 4300.00
07-14-22,387160,663,07-26-22,2747,07-27-22,4,FA,1996,4237,NN,Semillas,Convenio Syngenta Soja Completo,Soja,$ 4300.00
07-15-22,387192,664,07-22-22,2743,07-22-22,4,FA,1988,1915,NN,Semillas,Doble Poder,Soja,$ 8000.00
07-15-22,387193,664,07-22-22,2742,07-22-22,4,FA,1988,1915,NN,Semillas,Doble Poder,Soja,$ 8000.00
07-18-22,387200,665,07-27-22,2759,07-27-22,4,FA,1997,392,NN,Semillas,Semilla Vital Para Soja,Soja,$ 6000.00
07-18-22,387201,665,07-27-22,2758,07-27-22,4,FA,1997,392,NN,Semillas,Semilla Vital Para Soja,Soja,$ 6000.00
07-18-22,387202,665,07-27-22,2757,07-27-22,4,FA,1997,392,NN,Semillas,Semilla Vital Para Soja,Soja,$ 6000.00
07-18-22,387203,666,07-26-22,2756,07-27-22,4,FA,1995,1781,NN,Semillas,Fuerza Total Curado,Soja,$ 5000.00
07-20-22,387216,667,07-28-22,2765,07-28-22,4,FA,1999,2375,NN,Semillas,Fuerza Total Curado,Soja,$ 5000.00
07-20-22,387217,667,07-28-22,2764,07-28-22,4,FA,1999,2375,NN,Semillas,Fuerza Total Curado,Soja,$ 5000.00
07-20-22,387218,667,07-28-22,2763,07-28-22,4,FA,1999,2375,NN,Semillas,Fuerza Total Curado,Soja,$ 5000.00
07-20-22,387219,667,07-28-22,2762,07-28-22,4,FA,1999,2375,NN,Semillas,Fuerza Total Curado,Soja,$ 5000.00
07-20-22,387220,667,07-28-22,2761,07-28-22,4,FA,1999,2375,NN,Semillas,Fuerza Total Curado,Soja,$ 5000.00
07-20-22,387221,667,07-28-22,2760,07-28-22,4,FA,1999,2375,NN,Semillas,Fuerza Total Curado,Soja,$ 5000.00
07-20-22,387222,668,07-22-22,2746,07-25-22,4,FA,1991,1328,NN,Semillas,Buffel Grass,Buffel Grass,$ 4200.00
07-21-22,387223,669,07-29-22,2776,08-01-22,4,FA,2010,1171,NN,Semillas,Fuerza Total Curado,Soja,$ 5000.00
07-21-22,387224,669,07-29-22,2775,08-01-22,4,FA,2010,1171,NN,Semillas,Fuerza Total Curado,Soja,$ 5000.00
07-21-22,387225,669,07-28-22,2767,07-28-22,4,FA,2005,1171,NN,Semillas,Maíz,Maíz,$ 3300.00
07-21-22,387226,669,07-28-22,2766,07-28-22,4,FA,2005,1171,NN,Semillas,Maíz,Maíz,$ 3300.00
07-21-22,387227,670,07-29-22,2778,08-01-22,4,FA,2011,2677,NN,Semillas,Fuerza Total Curado,Soja,$ 5000.00
07-21-22,387228,670,07-29-22,2777,08-01-22,4,FA,2011,2677,NN,Semillas,Fuerza Total Curado,Soja,$ 5000.00
07-21-22,387229,669,07-29-22,2774,08-01-22,4,FA,2010,1171,NN,Semillas,Fuerza Total Curado,Soja,$ 5000.00
07-21-22,387230,669,07-29-22,2773,08-01-22,4,FA,2010,1171,NN,Semillas,Fuerza Total Curado,Soja,$ 5000.00
07-21-22,387231,670,07-28-22,2771,07-28-22,4,FA,2002,2677,NN,Semillas,Maíz,Maíz,$ 3300.00
07-21-22,387232,671,07-29-22,2772,08-01-22,4,FA,2013,9000,NN,Semillas,Fuerza Total Curado,Soja,$ 5000.00
07-21-22,387233,671,07-29-22,2782,08-01-22,4,FA,2013,9000,NN,Semillas,Fuerza Total Curado,Soja,$ 5000.00
07-21-22,387234,671,07-29-22,2781,08-01-22,4,FA,2013,9000,NN,Semillas,Fuerza Total Curado,Soja,$ 5000.00
07-21-22,387235,671,07-29-22,2780,08-01-22,4,FA,2013,9000,NN,Semillas,Fuerza Total Curado,Soja,$ 5000.00
07-21-22,387236,671,07-29-22,2779,08-01-22,4,FA,2013,9000,NN,Semillas,Fuerza Total Curado,Soja,$ 5000.00
07-21-22,387237,671,07-28-22,2770,07-28-22,4,FA,2001,9000,NN,Semillas,Maíz,Maíz,$ 3300.00
07-21-22,387238,671,07-28-22,2769,07-28-22,4,FA,2001,9000,NN,Semillas,Maíz,Maíz,$ 3300.00
07-21-22,387239,672,07-29-22,2783,08-01-22,4,FA,2012,4039,NN,Semillas,Fuerza Total Curado,Soja,$ 5000.00
07-21-22,387240,672,07-28-22,2768,07-28-22,4,FA,2000,4039,NN,Semillas,Maíz,Maíz,$ 3300.00
07-22-22,387281,673,07-29-22,2784,08-01-22,4,FA,2009,700,NN,Semillas,Doble Poder,Soja,$ 8000.00
07-26-22,387349,674,08-05-22,2798,08-10-22,4,FA,2023,1864,NN,Semillas,Moha,Moha,$ 3300.00
07-28-22,387417,675,08-05-22,2794,08-10-22,4,FA,2020,350,NN,Semillas,Fuerza Total Curado,Soja,$ 5000.00
07-28-22,387418,675,08-05-22,2793,08-10-22,4,FA,2020,350,NN,Semillas,Fuerza Total Curado,Soja,$ 5000.00
07-28-22,387419,675,08-05-22,2792,08-10-22,4,FA,2020,350,NN,Semillas,Fuerza Total Curado,Soja,$ 5000.00
07-28-22,387420,675,08-05-22,2791,08-10-22,4,FA,2020,350,NN,Semillas,Fuerza Total Curado,Soja,$ 5000.00
07-28-22,387421,675,08-05-22,2790,08-10-22,4,FA,2020,350,NN,Semillas,Fuerza Total Curado,Soja,$ 5000.00
07-28-22,387422,676,08-05-22,2797,08-10-22,4,FA,2021,2375,NN,Semillas,Fuerza Total Curado,Soja,$ 5000.00
07-28-22,387423,676,08-05-22,2796,08-10-22,4,FA,2021,2375,NN,Semillas,Fuerza Total Curado,Soja,$ 5000.00
07-28-22,387424,676,08-05-22,2795,08-10-22,4,FA,2021,2375,NN,Semillas,Fuerza Total Curado,Soja,$ 5000.00
07-29-22,387425,677,08-09-22,2799,08-11-22,4,FA,2029,700,NN,Semillas,Centeno,Centeno,$ 3300.00
07-29-22,387426,677,08-09-22,2800,08-11-22,4,FA,2029,700,NN,Semillas,Doble Poder,Soja,$ 8000.00
07-29-22,387429,678,08-05-22,2789,08-10-22,4,FA,2022,3687,NN,Semillas,Convenio Syngenta Soja Completo,Soja,$ 4300.00
07-29-22,387430,678,08-05-22,2788,08-10-22,4,FA,2022,3687,NN,Semillas,Convenio Syngenta Soja Completo,Soja,$ 4300.00
07-29-22,387431,678,08-05-22,2787,08-10-22,4,FA,2022,3687,NN,Semillas,Convenio Syngenta Soja Completo,Soja,$ 4300.00
08-02-22,387432,679,08-09-22,2817,08-31-22,4,FA,2064,2795,NN,Semillas,Convenio Syngenta Soja Completo,Soja,$ 4300.00
08-02-22,387433,679,08-09-22,2816,08-31-22,4,FA,2064,2795,NN,Semillas,Convenio Syngenta Soja Completo,Soja,$ 4300.00
08-02-22,387434,679,08-09-22,2815,08-31-22,4,FA,2064,2795,NN,Semillas,Convenio Syngenta Soja Completo,Soja,$ 4300.00
08-02-22,387435,679,08-09-22,2814,08-31-22,4,FA,2064,2795,NN,Semillas,Convenio Syngenta Soja Completo,Soja,$ 4300.00
08-02-22,387436,679,08-09-22,2813,08-31-22,4,FA,2064,2795,NN,Semillas,Convenio Syngenta Soja Completo,Soja,$ 4300.00
08-02-22,387437,679,08-09-22,2812,08-31-22,4,FA,2064,2795,NN,Semillas,Convenio Syngenta Soja Completo,Soja,$ 4300.00
08-02-22,387438,679,08-09-22,2811,08-31-22,4,FA,2064,2795,NN,Semillas,Convenio Syngenta Soja Completo,Soja,$ 4300.00
08-02-22,387439,679,08-09-22,2810,08-31-22,4,FA,2064,2795,NN,Semillas,Convenio Syngenta Soja Completo,Soja,$ 4300.00
08-02-22,387440,679,08-09-22,2809,08-31-22,4,FA,2064,2795,NN,Semillas,Convenio Syngenta Soja Completo,Soja,$ 4300.00
08-02-22,387441,679,08-09-22,2808,08-31-22,4,FA,2064,2795,NN,Semillas,Convenio Syngenta Soja Completo,Soja,$ 4300.00
08-02-22,387442,679,08-09-22,2807,08-31-22,4,FA,2064,2795,NN,Semillas,Convenio Syngenta Soja Completo,Soja,$ 4300.00
08-02-22,387443,679,08-09-22,2806,08-31-22,4,FA,2064,2795,NN,Semillas,Convenio Syngenta Soja Completo,Soja,$ 4300.00
08-02-22,387444,679,08-09-22,2805,08-31-22,4,FA,2064,2795,NN,Semillas,Convenio Syngenta Soja Completo,Soja,$ 4300.00
08-02-22,387445,679,08-09-22,2804,08-31-22,4,FA,2064,2795,NN,Semillas,Convenio Syngenta Soja Completo,Soja,$ 4300.00
08-02-22,387446,679,08-09-22,2803,08-31-22,4,FA,2064,2795,NN,Semillas,Convenio Syngenta Soja Completo,Soja,$ 4300.00
08-02-22,387447,679,08-09-22,2802,08-31-22,4,FA,2064,2795,NN,Semillas,Convenio Syngenta Soja Completo,Soja,$ 4300.00
08-02-22,387448,679,08-09-22,2801,08-31-22,4,FA,2064,2795,NN,Semillas,Convenio Syngenta Soja Completo,Soja,$ 4300.00
08-02-22,387459,680,08-09-22,2821,08-31-22,4,FA,2064,2795,NN,Semillas,Convenio Syngenta Soja Completo,Soja,$ 4300.00
08-02-22,387460,680,08-09-22,2820,08-31-22,4,FA,2064,2795,NN,Semillas,Convenio Syngenta Soja Completo,Soja,$ 4300.00
08-02-22,387461,680,08-09-22,2819,08-31-22,4,FA,2064,2795,NN,Semillas,Convenio Syngenta Soja Completo,Soja,$ 4300.00
08-02-22,387462,680,08-09-22,2818,08-31-22,4,FA,2064,2795,NN,Semillas,Convenio Syngenta Soja Completo,Soja,$ 4300.00
08-02-22,387464,680,08-09-22,2823,08-31-22,4,FA,2064,2795,NN,Semillas,Convenio Syngenta Soja Completo,Soja,$ 4300.00
08-02-22,387465,680,08-09-22,2822,08-31-22,4,FA,2064,2795,NN,Semillas,Convenio Syngenta Soja Completo,Soja,$ 4300.00
08-03-22,387467,681,08-10-22,2826,08-31-22,4,FA,2064,2795,NN,Semillas,Convenio Syngenta Soja Completo,Soja,$ 4300.00
08-03-22,387468,681,08-10-22,2825,08-31-22,4,FA,2064,2795,NN,Semillas,Convenio Syngenta Soja Completo,Soja,$ 4300.00
08-03-22,387469,681,08-10-22,2824,08-31-22,4,FA,2064,2795,NN,Semillas,Convenio Syngenta Soja Completo,Soja,$ 4300.00
08-03-22,387470,682,08-10-22,2831,08-31-22,4,FA,2064,2795,NN,Semillas,Convenio Syngenta Soja Completo,Soja,$ 4300.00
08-03-22,387471,682,08-10-22,2830,08-31-22,4,FA,2064,2795,NN,Semillas,Convenio Syngenta Soja Completo,Soja,$ 4300.00
08-03-22,387472,682,08-10-22,2829,08-31-22,4,FA,2064,2795,NN,Semillas,Convenio Syngenta Soja Completo,Soja,$ 4300.00
08-03-22,387473,682,08-10-22,2828,08-31-22,4,FA,2064,2795,NN,Semillas,Convenio Syngenta Soja Completo,Soja,$ 4300.00
08-03-22,387474,682,08-10-22,2827,08-31-22,4,FA,2064,2795,NN,Semillas,Convenio Syngenta Soja Completo,Soja,$ 4300.00
08-09-22,387551,684,08-17-22,2837,08-18-22,4,FA,2035,967,NN,Semillas,Soja,Soja,$ 3300.00
08-09-22,387552,684,08-17-22,2836,08-18-22,4,FA,2035,967,NN,Semillas,Soja,Soja,$ 3300.00
08-12-22,387572,685,08-19-22,2842,08-22-22,4,FA,2040,4610,NN,Semillas,Doble Poder,Soja,$ 8000.00
08-12-22,387573,685,08-19-22,2841,08-22-22,4,FA,2040,4610,NN,Semillas,Doble Poder,Soja,$ 8000.00
08-12-22,387574,685,08-19-22,2840,08-22-22,4,FA,2040,4610,NN,Semillas,Doble Poder,Soja,$ 8000.00
08-12-22,387575,686,08-19-22,2839,08-22-22,4,FA,2041,1897,NN,Semillas,Soja,Soja,$ 3300.00
08-12-22,387576,686,08-19-22,2838,08-22-22,4,FA,2041,1897,NN,Semillas,Soja,Soja,$ 3300.00
08-17-22,387581,687,09-16-22,2955,09-19-22,4,FA,2093,701,NN,Semillas,Semilla Vital,Gatton Panic,$ 11200.00
08-17-22,387582,687,09-16-22,2954,09-19-22,4,FA,2093,701,NN,Semillas,Semilla Vital,Gatton Panic,$ 11200.00
08-17-22,387584,687,09-16-22,2953,09-19-22,4,FA,2093,701,NN,Semillas,Semilla Vital,Gatton Panic,$ 11200.00
08-17-22,387585,688,08-25-22,2862,08-26-22,4,FA,2051,392,NN,Semillas,Fuerza Total,Soja,$ 5100.00
08-17-22,387586,688,08-25-22,2861,08-26-22,4,FA,2051,392,NN,Semillas,Fuerza Total,Soja,$ 5100.00
08-17-22,387587,688,08-25-22,2860,08-26-22,4,FA,2051,392,NN,Semillas,Fuerza Total,Soja,$ 5100.00
08-17-22,387588,688,08-25-22,2859,08-26-22,4,FA,2051,392,NN,Semillas,Fuerza Total,Soja,$ 5100.00
08-17-22,387589,688,08-25-22,2858,08-26-22,4,FA,2051,392,NN,Semillas,Fuerza Total,Soja,$ 5100.00
08-17-22,387590,688,08-25-22,2857,08-26-22,4,FA,2051,392,NN,Semillas,Fuerza Total,Soja,$ 5100.00
08-17-22,387591,688,08-25-22,2856,08-26-22,4,FA,2051,392,NN,Semillas,Fuerza Total,Soja,$ 5100.00
08-17-22,387592,688,08-25-22,2855,08-26-22,4,FA,2051,392,NN,Semillas,Fuerza Total,Soja,$ 5100.00
08-17-22,387593,688,08-25-22,2854,08-26-22,4,FA,2051,392,NN,Semillas,Fuerza Total,Soja,$ 5100.00
08-17-22,387594,690,08-25-22,2876,08-26-22,4,FA,2051,392,NN,Semillas,Doble Poder,Soja,$ 9300.00
08-17-22,387595,690,08-25-22,2875,08-26-22,4,FA,2051,392,NN,Semillas,Doble Poder,Soja,$ 9300.00
08-17-22,387596,690,08-25-22,2874,08-26-22,4,FA,2051,392,NN,Semillas,Doble Poder,Soja,$ 9300.00
08-17-22,387597,690,08-25-22,2873,08-26-22,4,FA,2051,392,NN,Semillas,Doble Poder,Soja,$ 9300.00
08-17-22,387598,690,08-25-22,2872,08-26-22,4,FA,2051,392,NN,Semillas,Doble Poder,Soja,$ 9300.00
08-17-22,387599,690,08-25-22,2871,08-26-22,4,FA,2051,392,NN,Semillas,Doble Poder,Soja,$ 9300.00
08-17-22,387600,690,08-25-22,2870,08-26-22,4,FA,2051,392,NN,Semillas,Doble Poder,Soja,$ 9300.00
08-17-22,387601,690,08-25-22,2869,08-26-22,4,FA,2051,392,NN,Semillas,Doble Poder,Soja,$ 9300.00
08-17-22,387602,690,08-25-22,2868,08-26-22,4,FA,2051,392,NN,Semillas,Doble Poder,Soja,$ 9300.00
08-17-22,387603,690,08-25-22,2867,08-26-22,4,FA,2051,392,NN,Semillas,Doble Poder,Soja,$ 9300.00
08-17-22,387604,690,08-25-22,2866,08-26-22,4,FA,2051,392,NN,Semillas,Doble Poder,Soja,$ 9300.00
08-17-22,387605,689,08-25-22,2864,08-26-22,4,FA,2052,489,NN,Semillas,Soja,Soja,$ 3800.00
08-17-22,387606,689,08-25-22,2863,08-26-22,4,FA,2052,489,NN,Semillas,Soja,Soja,$ 3800.00
08-17-22,387607,690,08-25-22,2865,08-26-22,4,FA,2051,392,NN,Semillas,Doble Poder,Soja,$ 9300.00
08-18-22,387613,691,08-25-22,2853,08-26-22,4,FA,2050,4763,NN,Semillas,Fuerza Total,Maíz,$ 5100.00
08-18-22,387614,691,08-25-22,2852,08-26-22,4,FA,2050,4763,NN,Semillas,Fuerza Total,Maíz,$ 5100.00
08-18-22,387615,691,08-25-22,2851,08-26-22,4,FA,2050,4763,NN,Semillas,Fuerza Total,Maíz,$ 5100.00
08-18-22,387616,691,08-25-22,2850,08-26-22,4,FA,2050,4763,NN,Semillas,Fuerza Total,Maíz,$ 5100.00
08-18-22,387617,691,08-25-22,2849,08-26-22,4,FA,2050,4763,NN,Semillas,Fuerza Total,Maíz,$ 5100.00
08-18-22,387618,691,08-25-22,2848,08-26-22,4,FA,2050,4763,NN,Semillas,Fuerza Total,Maíz,$ 5100.00
08-18-22,387619,691,08-25-22,2847,08-26-22,4,FA,2050,4763,NN,Semillas,Fuerza Total,Maíz,$ 5100.00
08-18-22,387620,691,08-25-22,2846,08-26-22,4,FA,2050,4763,NN,Semillas,Fuerza Total,Maíz,$ 5100.00
08-18-22,387621,691,08-25-22,2845,08-26-22,4,FA,2050,4763,NN,Semillas,Fuerza Total,Maíz,$ 5100.00
08-18-22,387622,691,08-25-22,2844,08-26-22,4,FA,2050,4763,NN,Semillas,Fuerza Total,Maíz,$ 5100.00
08-18-22,387623,691,08-31-22,2895,08-31-22,4,FA,2062,4763,NN,Semillas,Cold Test,Maíz,$ 7000.00
08-18-22,387624,691,08-31-22,2894,08-31-22,4,FA,2062,4763,NN,Semillas,Cold Test,Maíz,$ 7000.00
08-18-22,387625,691,08-31-22,2893,08-31-22,4,FA,2062,4763,NN,Semillas,Cold Test,Maíz,$ 7000.00
08-18-22,387626,691,08-31-22,2892,08-31-22,4,FA,2062,4763,NN,Semillas,Cold Test,Maíz,$ 7000.00
08-18-22,387627,691,08-25-22,2843,08-26-22,4,FA,2050,4763,NN,Semillas,Maíz,Maíz,$ 3800.00
08-18-22,387628,691,08-29-22,2877,08-29-22,4,FA,2056,4763,NN,Semillas,Girasol,Girasol,$ 3800.00
08-22-22,387695,692,08-31-22,2900,08-31-22,4,FA,2063,4914,NN,Semillas,Fuerza Total,Soja,$ 5100.00
08-22-22,387696,692,08-31-22,2899,08-31-22,4,FA,2063,4914,NN,Semillas,Fuerza Total,Soja,$ 5100.00
08-22-22,387697,692,08-31-22,2898,08-31-22,4,FA,2063,4914,NN,Semillas,Fuerza Total,Soja,$ 5100.00
08-22-22,387698,692,08-31-22,2897,08-31-22,4,FA,2063,4914,NN,Semillas,Fuerza Total,Soja,$ 5100.00
08-22-22,387699,692,08-31-22,2896,08-31-22,4,FA,2063,4914,NN,Semillas,Fuerza Total,Soja,$ 5100.00
08-23-22,387712,693,08-30-22,2891,08-31-22,4,FA,2064,2795,NN,Semillas,Convenio Syngenta Soja Completo,Soja,$ 5600.00
08-23-22,387713,693,08-30-22,2890,08-31-22,4,FA,2064,2795,NN,Semillas,Convenio Syngenta Soja Completo,Soja,$ 5600.00
08-23-22,387714,693,08-30-22,2889,08-31-22,4,FA,2064,2795,NN,Semillas,Convenio Syngenta Soja Completo,Soja,$ 5600.00
08-23-22,387715,693,08-30-22,2888,08-31-22,4,FA,2064,2795,NN,Semillas,Convenio Syngenta Soja Completo,Soja,$ 5600.00
08-23-22,387716,693,08-30-22,2887,08-31-22,4,FA,2064,2795,NN,Semillas,Convenio Syngenta Soja Completo,Soja,$ 5600.00
08-23-22,387717,693,08-30-22,2886,08-31-22,4,FA,2064,2795,NN,Semillas,Convenio Syngenta Soja Completo,Soja,$ 5600.00
08-23-22,387718,693,08-30-22,2885,08-31-22,4,FA,2064,2795,NN,Semillas,Convenio Syngenta Soja Completo,Soja,$ 5600.00
08-23-22,387719,693,08-30-22,2884,08-31-22,4,FA,2064,2795,NN,Semillas,Convenio Syngenta Soja Completo,Soja,$ 5600.00
08-23-22,387720,693,08-30-22,2883,08-31-22,4,FA,2064,2795,NN,Semillas,Convenio Syngenta Soja Completo,Soja,$ 5600.00
08-23-22,387721,693,08-30-22,2882,08-31-22,4,FA,2064,2795,NN,Semillas,Convenio Syngenta Soja Completo,Soja,$ 5600.00
08-23-22,387722,693,08-30-22,2881,08-31-22,4,FA,2064,2795,NN,Semillas,Convenio Syngenta Soja Completo,Soja,$ 5600.00
08-23-22,387723,693,08-30-22,2880,08-31-22,4,FA,2064,2795,NN,Semillas,Convenio Syngenta Soja Completo,Soja,$ 5600.00
08-23-22,387724,693,08-30-22,2879,08-31-22,4,FA,2064,2795,NN,Semillas,Convenio Syngenta Soja Completo,Soja,$ 5600.00
08-23-22,387725,693,08-30-22,2878,08-31-22,4,FA,2064,2795,NN,Semillas,Convenio Syngenta Soja Completo,Soja,$ 5600.00
08-24-22,387784,694,09-01-22,2902,09-05-22,4,FA,2067,2375,NN,Semillas,Soja,Soja,$ 3800.00
08-24-22,387785,694,09-01-22,2901,09-05-22,4,FA,2067,2375,NN,Semillas,Soja,Soja,$ 3800.00
08-25-22,387788,695,09-05-22,2911,09-07-22,4,FA,2071,392,NN,Semillas,Doble Poder,Soja,$ 11800.00
08-25-22,387789,695,09-05-22,2910,09-07-22,4,FA,2071,392,NN,Semillas,Doble Poder,Soja,$ 11800.00
08-25-22,387790,695,09-05-22,2909,09-07-22,4,FA,2071,392,NN,Semillas,Doble Poder,Soja,$ 11800.00
08-25-22,387791,695,09-05-22,2908,09-07-22,4,FA,2071,392,NN,Semillas,Doble Poder,Soja,$ 11800.00
08-25-22,387796,696,09-05-22,2904,09-07-22,4,FA,2072,981,NN,Semillas,Fuerza Total,Soja,$ 5100.00
08-25-22,387797,696,09-05-22,2903,09-07-22,4,FA,2072,981,NN,Semillas,Fuerza Total,Soja,$ 5100.00
08-25-22,387798,697,09-05-22,2912,09-07-22,4,FA,2069,4557,NN,Semillas,Doble Poder,Soja,$ 7000.00
09-08-22,387801,710,09-08-22,2923,09-12-22,4,FA,2080,4982,NN,Semillas,Fuerza Total,Soja,$ 5100.00
08-26-22,387812,698,09-05-22,2907,09-07-22,4,FA,2070,3875,NN,Semillas,Poder + Peso,Soja,$ 5100.00
08-26-22,387813,698,09-05-22,2906,09-07-22,4,FA,2070,3875,NN,Semillas,Poder + Peso,Soja,$ 5100.00
08-26-22,387814,698,09-05-22,2905,09-07-22,4,FA,2070,3875,NN,Semillas,Poder + Peso,Soja,$ 5100.00
08-29-22,387816,699,09-06-22,2917,09-08-22,4,FA,2074,1856,NN,Semillas,Soja,Soja,$ 3800.00
08-29-22,387817,699,09-06-22,2916,09-08-22,4,FA,2074,1856,NN,Semillas,Soja,Soja,$ 3800.00
08-29-22,387818,699,09-06-22,2915,09-08-22,4,FA,2074,1856,NN,Semillas,Soja,Soja,$ 3800.00
08-29-22,387819,700,09-06-22,2914,09-08-22,4,FA,2075,1864,NN,Semillas,Soja,Soja,$ 4900.00
08-29-22,387820,700,09-06-22,2913,09-08-22,4,FA,2075,1864,NN,Semillas,Soja,Soja,$ 4900.00
08-31-22,387834,701,09-07-22,2922,09-29-22,4,FA,2122,2795,NN,Semillas,Convenio Syngenta Soja Completo,Soja,$ 5600.00
08-31-22,387835,701,09-07-22,2921,09-29-22,4,FA,2122,2795,NN,Semillas,Convenio Syngenta Soja Completo,Soja,$ 5600.00
08-31-22,387836,701,09-07-22,2920,09-29-22,4,FA,2122,2795,NN,Semillas,Convenio Syngenta Soja Completo,Soja,$ 5600.00
08-31-22,387837,701,09-07-22,2919,09-29-22,4,FA,2122,2795,NN,Semillas,Convenio Syngenta Soja Completo,Soja,$ 5600.00
08-31-22,387838,701,09-07-22,2918,09-29-22,4,FA,2122,2795,NN,Semillas,Convenio Syngenta Soja Completo,Soja,$ 5600.00
09-01-22,387839,702,09-09-22,2925,09-12-22,4,FA,2078,1915,NN,Semillas,Fuerza Total Curado,Soja,$ 5800.00
09-01-22,387840,702,09-09-22,2924,09-12-22,4,FA,2078,1915,NN,Semillas,Fuerza Total Curado,Soja,$ 5800.00
09-06-22,387933,704,09-14-22,2930,09-15-22,4,FA,2085,981,NN,Semillas,Fuerza Total,Soja,$ 5100.00
09-06-22,387934,704,09-14-22,2929,09-15-22,4,FA,2085,981,NN,Semillas,Fuerza Total,Soja,$ 5100.00
09-06-22,387935,704,09-14-22,2928,09-15-22,4,FA,2085,981,NN,Semillas,Fuerza Total,Soja,$ 5100.00
09-07-22,387938,706,09-15-22,2934,09-15-22,4,FA,2086,3277,NN,Semillas,Soja,Soja,$ 3800.00
09-07-22,387939,706,09-15-22,2933,09-15-22,4,FA,2086,3277,NN,Semillas,Soja,Soja,$ 3800.00
09-07-22,387940,706,09-15-22,2932,09-15-22,4,FA,2086,3277,NN,Semillas,Soja,Soja,$ 3800.00
09-07-22,387941,707,09-15-22,2938,09-15-22,4,FA,2088,3276,NN,Semillas,Soja,Soja,$ 3800.00
09-07-22,387942,707,09-15-22,2937,09-15-22,4,FA,2088,3276,NN,Semillas,Soja,Soja,$ 3800.00
09-07-22,387943,706,09-15-22,2936,09-15-22,4,FA,2088,3276,NN,Semillas,Soja,Soja,$ 3800.00
09-07-22,387944,707,09-15-22,2935,09-15-22,4,FA,2088,3276,NN,Semillas,Soja,Soja,$ 3800.00
09-07-22,387946,708,09-19-22,2962,09-21-22,4,FA,2098,25,NN,Semillas,Maní,Maní,$ 4900.00
09-07-22,387947,708,09-19-22,2961,09-21-22,4,FA,2098,25,NN,Semillas,Maní,Maní,$ 4900.00
09-07-22,387948,708,09-19-22,2960,09-21-22,4,FA,2098,25,NN,Semillas,Maní,Maní,$ 4900.00
09-07-22,387949,708,09-19-22,2959,09-21-22,4,FA,2098,25,NN,Semillas,Maní,Maní,$ 4900.00
09-07-22,387950,708,09-19-22,2958,09-21-22,4,FA,2098,25,NN,Semillas,Maní,Maní,$ 4900.00
09-07-22,387951,708,09-19-22,2957,09-21-22,4,FA,2098,25,NN,Semillas,Maní,Maní,$ 4900.00
09-07-22,387952,708,09-19-22,2956,09-21-22,4,FA,2098,25,NN,Semillas,Maní,Maní,$ 4900.00
09-08-22,387953,712,09-15-22,2942,09-29-22,4,FA,2121,2795,NN,Semillas,Convenio Syngenta Soja Completo,Soja,$ 5600.00
09-08-22,387954,712,09-15-22,2941,09-29-22,4,FA,2121,2795,NN,Semillas,Convenio Syngenta Soja Completo,Soja,$ 5600.00
09-08-22,387955,712,09-15-22,2940,09-29-22,4,FA,2121,2795,NN,Semillas,Convenio Syngenta Soja Completo,Soja,$ 5600.00
09-08-22,387956,712,09-15-22,2939,09-29-22,4,FA,2121,2795,NN,Semillas,Convenio Syngenta Soja Completo,Soja,$ 5600.00
09-07-22,387957,709,10-12-22,3095,10-17-22,4,FA,2148,4281,NN,Semillas,Semilla Vital,Gatton Panic,$ 7700.00
09-08-22,387958,711,09-16-22,2952,09-19-22,4,FA,2092,967,NN,Semillas,Soja,Soja,$ 3800.00
09-08-22,387959,711,09-16-22,2951,09-19-22,4,FA,2092,967,NN,Semillas,Soja,Soja,$ 3800.00
09-08-22,387960,711,09-16-22,2950,09-19-22,4,FA,2092,967,NN,Semillas,Soja,Soja,$ 3800.00
09-08-22,387961,711,09-16-22,2949,09-19-22,4,FA,2092,967,NN,Semillas,Soja,Soja,$ 3800.00
09-08-22,387962,711,09-16-22,2948,09-19-22,4,FA,2092,967,NN,Semillas,Soja,Soja,$ 3800.00
09-08-22,387963,711,09-16-22,2947,09-19-22,4,FA,2092,967,NN,Semillas,Soja,Soja,$ 3800.00
09-08-22,387964,711,09-16-22,2946,09-19-22,4,FA,2092,967,NN,Semillas,Soja,Soja,$ 3800.00
09-08-22,387965,711,09-16-22,2945,09-19-22,4,FA,2092,967,NN,Semillas,Soja,Soja,$ 3800.00
09-08-22,387971,713,09-16-22,2944,09-19-22,4,FA,2091,4339,NN,Semillas,Poder + Peso,Soja,$ 5100.00
09-08-22,387972,713,09-16-22,2943,09-19-22,4,FA,2091,4339,NN,Semillas,Poder + Peso,Soja,$ 5100.00
09-12-22,388038,714,09-19-22,2972,09-21-22,4,FA,2096,392,NN,Semillas,Doble Poder,Soja,$ 11800.00
09-12-22,388039,714,09-19-22,2971,09-21-22,4,FA,2096,392,NN,Semillas,Doble Poder,Soja,$ 11800.00
09-12-22,388040,714,09-19-22,2970,09-21-22,4,FA,2096,392,NN,Semillas,Doble Poder,Soja,$ 11800.00
09-12-22,388041,714,09-19-22,2969,09-21-22,4,FA,2096,392,NN,Semillas,Doble Poder,Soja,$ 11800.00
09-12-22,388042,714,09-19-22,2968,09-21-22,4,FA,2096,392,NN,Semillas,Doble Poder,Soja,$ 11800.00
09-12-22,388043,714,09-19-22,2967,09-21-22,4,FA,2096,392,NN,Semillas,Doble Poder,Soja,$ 11800.00
09-12-22,388044,714,09-19-22,2966,09-21-22,4,FA,2096,392,NN,Semillas,Doble Poder,Soja,$ 11800.00
09-12-22,388045,714,09-19-22,2965,09-21-22,4,FA,2096,392,NN,Semillas,Doble Poder,Soja,$ 11800.00
09-12-22,388046,714,09-19-22,2964,09-21-22,4,FA,2096,392,NN,Semillas,Doble Poder,Soja,$ 11800.00
09-12-22,388047,714,09-19-22,2963,09-21-22,4,FA,2096,392,NN,Semillas,Doble Poder,Soja,$ 11800.00
09-13-22,388048,721,10-13-22,3096,10-17-22,4,FA,2153,2390,NN,Semillas,Semilla Vital Megatérmicas,Buffel Grass,$ 7700.00
09-13-22,388049,721,10-14-22,3099,10-17-22,4,FA,2153,2390,NN,Semillas,Semilla Vital,Gatton Panic,$ 7700.00
09-13-22,388051,715,09-22-22,2978,09-26-22,4,FA,2104,4715,NN,Semillas,Doble Poder,Soja,$ 9300.00
09-13-22,388052,716,09-22-22,2979,09-26-22,4,FA,2101,798,NN,Semillas,Soja,Soja,$ 4900.00
09-13-22,388053,717,09-23-22,2992,09-26-22,4,FA,2112,104,NN,Semillas,Sorgo,Sorgo,$ 3800.00
09-13-22,388054,717,09-23-22,2991,09-26-22,4,FA,2112,104,NN,Semillas,Sorgo,Sorgo,$ 3800.00
09-13-22,388055,717,09-23-22,2990,09-26-22,4,FA,2112,104,NN,Semillas,Sorgo,Sorgo,$ 3800.00
09-13-22,388056,717,09-23-22,2989,09-26-22,4,FA,2112,104,NN,Semillas,Sorgo,Sorgo,$ 3800.00
09-13-22,388057,717,09-23-22,2988,09-26-22,4,FA,2112,104,NN,Semillas,Sorgo,Sorgo,$ 3800.00
09-13-22,388058,717,09-23-22,2987,09-26-22,4,FA,2112,104,NN,Semillas,Sorgo,Sorgo,$ 3800.00
09-13-22,388059,717,09-23-22,2986,09-26-22,4,FA,2112,104,NN,Semillas,Sorgo,Sorgo,$ 3800.00
09-13-22,388060,717,09-23-22,2985,09-26-22,4,FA,2112,104,NN,Semillas,Sorgo,Sorgo,$ 3800.00
09-13-22,388061,717,09-23-22,2984,09-26-22,4,FA,2112,104,NN,Semillas,Sorgo,Sorgo,$ 3800.00
09-13-22,388062,718,09-23-22,2998,09-26-22,4,FA,2112,104,NN,Semillas,Avena Strigosa,Avena Strigosa,$ 3800.00
09-13-22,388063,718,09-23-22,2997,09-26-22,4,FA,2112,104,NN,Semillas,Avena Blanca / Amarilla/ Byzantina,Avena Blanca / Amarilla/ Byzantina,$ 3800.00
09-13-22,388064,718,09-23-22,2996,09-26-22,4,FA,2112,104,NN,Semillas,Avena Strigosa,Avena Strigosa,$ 3800.00
09-13-22,388065,718,09-23-22,2995,09-26-22,4,FA,2112,104,NN,Semillas,Avena Strigosa,Avena Strigosa,$ 3800.00
09-13-22,388066,718,09-23-22,2994,09-26-22,4,FA,2112,104,NN,Semillas,Avena Strigosa,Avena Strigosa,$ 3800.00
09-13-22,388067,718,09-23-22,2993,09-26-22,4,FA,2112,104,NN,Semillas,Avena Strigosa,Avena Strigosa,$ 3800.00
09-13-22,388068,720,09-22-22,2982,09-26-22,4,FA,2103,659,NN,Semillas,Doble Poder,Soja,$ 9300.00
09-13-22,388069,720,09-22-22,2981,09-26-22,4,FA,2103,659,NN,Semillas,Doble Poder,Soja,$ 9300.00
09-13-22,388070,720,09-22-22,2980,09-26-22,4,FA,2103,659,NN,Semillas,Doble Poder,Soja,$ 9300.00
09-13-22,388071,719,09-21-22,2977,09-21-22,4,FA,2097,4396,NN,Semillas,Fuerza Total,Maíz,$ 5100.00
09-13-22,388072,719,09-21-22,2976,09-21-22,4,FA,2097,4396,NN,Semillas,Fuerza Total,Maíz,$ 5100.00
09-13-22,388073,719,09-21-22,2975,09-21-22,4,FA,2097,4396,NN,Semillas,Fuerza Total,Maíz,$ 5100.00
09-13-22,388074,719,09-21-22,2974,09-21-22,4,FA,2097,4396,NN,Semillas,Fuerza Total,Maíz,$ 5100.00
09-13-22,388075,719,09-21-22,2973,09-21-22,4,FA,2097,4396,NN,Semillas,Fuerza Total,Maíz,$ 5100.00
09-14-22,388079,722,09-22-22,2983,09-26-22,4,FA,2100,4251,NN,Semillas,Fuerza Total,Soja,$ 5100.00
09-15-22,388080,723,09-23-22,3000,09-26-22,4,FA,2106,3723,NN,Semillas,Fuerza Total Curado,Soja,$ 5800.00
09-15-22,388081,723,09-23-22,2999,09-26-22,4,FA,2106,3723,NN,Semillas,Fuerza Total Curado,Soja,$ 5800.00
09-16-22,388082,724,09-23-22,3004,09-26-22,4,FA,2110,109,NN,Semillas,Doble Poder,Soja,$ 9300.00
09-16-22,388083,724,09-23-22,3003,09-26-22,4,FA,2110,109,NN,Semillas,Doble Poder,Soja,$ 9300.00
09-16-22,388084,724,09-23-22,3002,09-26-22,4,FA,2110,109,NN,Semillas,Doble Poder,Soja,$ 9300.00
09-16-22,388085,724,09-23-22,3001,09-26-22,4,FA,2110,109,NN,Semillas,Doble Poder,Soja,$ 9300.00
09-16-22,388086,725,09-23-22,3009,09-26-22,4,FA,2110,109,NN,Semillas,Maíz,Maíz,$ 3800.00
09-16-22,388087,725,09-23-22,3008,09-26-22,4,FA,2110,109,NN,Semillas,Maíz,Maíz,$ 3800.00
09-16-22,388088,725,09-23-22,3007,09-26-22,4,FA,2110,109,NN,Semillas,Maíz,Maíz,$ 3800.00
09-16-22,388089,725,09-23-22,3006,09-26-22,4,FA,2110,109,NN,Semillas,Maíz,Maíz,$ 3800.00
09-16-22,388090,725,09-23-22,3005,09-26-22,4,FA,2110,109,NN,Semillas,Maíz,Maíz,$ 3800.00
09-16-22,388091,726,09-23-22,3020,09-26-22,4,FA,2107,392,NN,Semillas,Semilla Vital Para Soja,Soja,$ 7000.00
09-16-22,388092,726,09-23-22,3019,09-26-22,4,FA,2107,392,NN,Semillas,Semilla Vital Para Soja,Soja,$ 7000.00
09-16-22,388093,726,09-23-22,3018,09-26-22,4,FA,2107,392,NN,Semillas,Semilla Vital Para Soja,Soja,$ 7000.00
09-16-22,388094,726,09-23-22,3017,09-26-22,4,FA,2107,392,NN,Semillas,Semilla Vital Para Soja,Soja,$ 7000.00
09-16-22,388095,726,09-23-22,3016,09-26-22,4,FA,2107,392,NN,Semillas,Semilla Vital Para Soja,Soja,$ 7000.00
09-16-22,388096,726,09-23-22,3015,09-26-22,4,FA,2107,392,NN,Semillas,Semilla Vital Para Soja,Soja,$ 7000.00
09-16-22,388097,726,09-23-22,3014,09-26-22,4,FA,2107,392,NN,Semillas,Semilla Vital Para Soja,Soja,$ 7000.00
09-16-22,388098,726,09-23-22,3013,09-26-22,4,FA,2107,392,NN,Semillas,Semilla Vital Para Soja,Soja,$ 7000.00
09-16-22,388099,726,09-23-22,3012,09-26-22,4,FA,2107,392,NN,Semillas,Semilla Vital Para Soja,Soja,$ 7000.00
09-16-22,388100,726,09-23-22,3011,09-26-22,4,FA,2107,392,NN,Semillas,Semilla Vital Para Soja,Soja,$ 7000.00
09-16-22,388101,726,09-23-22,3010,09-26-22,4,FA,2107,392,NN,Semillas,Semilla Vital Para Soja,Soja,$ 7000.00
09-16-22,388104,727,09-23-22,3026,09-26-22,4,FA,2108,798,NN,Semillas,Soja,Soja,$ 4900.00
09-16-22,388105,728,09-23-22,3025,09-26-22,4,FA,2109,1777,NN,Semillas,Soja,Soja,$ 3800.00
09-16-22,388106,728,09-23-22,3024,09-26-22,4,FA,2109,1777,NN,Semillas,Soja,Soja,$ 3800.00
09-16-22,388107,728,09-23-22,3023,09-26-22,4,FA,2109,1777,NN,Semillas,Soja,Soja,$ 3800.00
09-16-22,388108,728,09-23-22,3022,09-26-22,4,FA,2109,1777,NN,Semillas,Soja,Soja,$ 3800.00
09-16-22,388109,728,09-23-22,3021,09-26-22,4,FA,2109,1777,NN,Semillas,Soja,Soja,$ 3800.00
09-16-22,388110,729,10-21-22,3150,10-24-22,4,FA,2170,4281,NN,Semillas,Semilla Vital,Gatton Panic,$ 7700.00
09-16-22,388111,729,10-04-22,3069,10-12-22,4,FA,2132,4281,NN,Semillas,Grama Rhodes,Grama Rhodes,$ 4500.00
09-19-22,388179,730,09-27-22,3027,09-29-22,4,FA,2116,4396,NN,Semillas,Fuerza Total,Soja,$ 5100.00
09-19-22,388200,731,09-29-22,3050,10-03-22,4,FA,2123,104,NN,Semillas,Fuerza Total,Sorgo,$ 5100.00
09-19-22,388201,731,09-29-22,3049,10-03-22,4,FA,2123,104,NN,Semillas,Fuerza Total,Sorgo,$ 5100.00
09-19-22,388202,731,09-29-22,3048,10-03-22,4,FA,2123,104,NN,Semillas,Fuerza Total,Sorgo,$ 5100.00
09-19-22,388203,731,09-29-22,3047,10-03-22,4,FA,2123,104,NN,Semillas,Fuerza Total,Sorgo,$ 5100.00
09-19-22,388204,731,09-29-22,3046,10-03-22,4,FA,2123,104,NN,Semillas,Fuerza Total,Sorgo,$ 5100.00
09-19-22,388205,731,09-29-22,3045,10-03-22,4,FA,2123,104,NN,Semillas,Fuerza Total,Sorgo,$ 5100.00
09-19-22,388206,731,09-29-22,3044,10-03-22,4,FA,2123,104,NN,Semillas,Fuerza Total,Sorgo,$ 5100.00
09-19-22,388207,731,09-29-22,3043,10-03-22,4,FA,2123,104,NN,Semillas,Fuerza Total,Sorgo,$ 5100.00
09-19-22,388208,731,09-29-22,3042,10-03-22,4,FA,2123,104,NN,Semillas,Fuerza Total,Sorgo,$ 5100.00
09-19-22,388209,731,09-29-22,3041,10-03-22,4,FA,2123,104,NN,Semillas,Fuerza Total,Sorgo,$ 5100.00
09-19-22,388210,731,09-29-22,3040,10-03-22,4,FA,2123,104,NN,Semillas,Fuerza Total,Sorgo,$ 5100.00
09-19-22,388211,731,09-29-22,3039,10-03-22,4,FA,2123,104,NN,Semillas,Fuerza Total,Sorgo,$ 5100.00
09-19-22,388212,731,09-29-22,3038,10-03-22,4,FA,2123,104,NN,Semillas,Fuerza Total,Sorgo,$ 5100.00
09-19-22,388213,731,09-29-22,3037,10-03-22,4,FA,2123,104,NN,Semillas,Fuerza Total,Sorgo,$ 5100.00
09-19-22,388214,731,10-17-22,3101,10-20-22,4,FA,2162,104,NN,Semillas,Fuerza Total Megatérmicas,Buffel Grass,$ 5700.00
09-19-22,388215,731,10-17-22,3100,10-20-22,4,FA,2162,104,NN,Semillas,Fuerza Total Megatérmicas,Buffel Grass,$ 5700.00
09-19-22,388217,732,09-27-22,3032,09-29-22,4,FA,2117,4281,NN,Semillas,Soja,Soja,$ 3800.00
09-19-22,388218,732,09-27-22,3031,09-29-22,4,FA,2117,4281,NN,Semillas,Soja,Soja,$ 3800.00
09-19-22,388219,732,09-27-22,3030,09-29-22,4,FA,2117,4281,NN,Semillas,Soja,Soja,$ 3800.00
09-19-22,388220,732,09-27-22,3029,09-29-22,4,FA,2117,4281,NN,Semillas,Soja,Soja,$ 3800.00
09-19-22,388221,732,09-27-22,3028,09-29-22,4,FA,2117,4281,NN,Semillas,Soja,Soja,$ 3800.00
09-21-22,388222,733,09-29-22,3058,10-03-22,4,FA,2127,4922,NN,Semillas,Soja,Soja,$ 3800.00
09-21-22,388223,733,09-29-22,3057,10-03-22,4,FA,2127,4922,NN,Semillas,Soja,Soja,$ 3800.00
09-21-22,388224,733,09-29-22,3056,10-03-22,4,FA,2127,4922,NN,Semillas,Soja,Soja,$ 3800.00
09-21-22,388225,733,09-29-22,3055,10-03-22,4,FA,2127,4922,NN,Semillas,Soja,Soja,$ 3800.00
09-21-22,388226,733,09-29-22,3054,10-03-22,4,FA,2127,4922,NN,Semillas,Soja,Soja,$ 3800.00
09-21-22,388227,734,09-28-22,3036,09-29-22,4,FA,2120,2795,NN,Semillas,Convenio Syngenta Soja Completo,Soja,$ 5600.00
09-21-22,388228,734,09-28-22,3035,09-29-22,4,FA,2120,2795,NN,Semillas,Convenio Syngenta Soja Completo,Soja,$ 5600.00
09-21-22,388229,734,09-28-22,3034,09-29-22,4,FA,2120,2795,NN,Semillas,Convenio Syngenta Soja Completo,Soja,$ 5600.00
09-21-22,388230,734,09-28-22,3033,09-29-22,4,FA,2120,2795,NN,Semillas,Convenio Syngenta Soja Completo,Soja,$ 5600.00
09-21-22,388233,735,09-29-22,3053,10-03-22,4,FA,2125,1453,NN,Semillas,Soja,Soja,$ 4900.00
09-21-22,388234,736,09-29-22,3065,10-03-22,4,FA,2126,4557,NN,Semillas,Doble Poder,Soja,$ 7000.00
09-21-22,388235,736,09-29-22,3064,10-03-22,4,FA,2126,4557,NN,Semillas,Doble Poder,Soja,$ 7000.00
09-21-22,388236,736,09-29-22,3063,10-03-22,4,FA,2126,4557,NN,Semillas,Doble Poder,Soja,$ 7000.00
09-21-22,388237,736,09-29-22,3062,10-03-22,4,FA,2126,4557,NN,Semillas,Doble Poder,Soja,$ 7000.00
09-21-22,388238,736,09-29-22,3061,10-03-22,4,FA,2126,4557,NN,Semillas,Doble Poder,Soja,$ 7000.00
09-21-22,388239,736,09-29-22,3060,10-03-22,4,FA,2126,4557,NN,Semillas,Doble Poder,Soja,$ 7000.00
09-21-22,388240,736,09-29-22,3059,10-03-22,4,FA,2126,4557,NN,Semillas,Doble Poder,Soja,$ 7000.00
09-22-22,388261,737,09-29-22,3052,10-03-22,4,FA,2124,1409,NN,Semillas,Soja,Soja,$ 4900.00
09-22-22,388262,737,09-29-22,3051,10-03-22,4,FA,2124,1409,NN,Semillas,Soja,Soja,$ 4900.00
09-23-22,388343,738,10-25-22,3159,10-26-22,4,FA,2176,1328,NN,Semillas,Semilla Vital Megatérmicas,Panicum Coloratum,$ 10500.00
09-23-22,388344,738,10-21-22,3151,10-24-22,4,FA,2166,1328,NN,Semillas,Semilla Vital Megatérmicas,Panicum Coloratum,$ 10500.00
09-23-22,388345,738,10-26-22,3160,10-27-22,4,FA,2180,1328,NN,Semillas,Semilla Vital,Gatton Panic,$ 10500.00
09-26-22,388355,739,10-04-22,3068,10-12-22,4,FA,2133,1930,NN,Semillas,Soja,Soja,$ 4900.00
09-26-22,388356,739,10-04-22,3067,10-12-22,4,FA,2133,1930,NN,Semillas,Soja,Soja,$ 4900.00
09-26-22,388357,739,10-04-22,3066,10-12-22,4,FA,2133,1930,NN,Semillas,Soja,Soja,$ 4900.00
09-28-22,388361,740,10-06-22,3076,10-12-22,4,FA,2135,2853,NN,Semillas,Doble Poder,Soja,$ 7000.00
09-28-22,388362,740,10-06-22,3075,10-12-22,4,FA,2135,2853,NN,Semillas,Doble Poder,Soja,$ 7000.00
09-28-22,388363,740,10-06-22,3074,10-12-22,4,FA,2135,2853,NN,Semillas,Doble Poder,Soja,$ 7000.00
09-28-22,388364,741,10-06-22,3078,10-12-22,4,FA,2136,1371,NN,Semillas,Soja,Soja,$ 4900.00
09-28-22,388365,741,10-06-22,3077,10-12-22,4,FA,2136,1371,NN,Semillas,Soja,Soja,$ 4900.00
11-04-22,388470,794,11-11-22,3243,11-16-22,4,FA,2228,4740,NN,Semillas,Doble Poder,Soja,$ 12000.00
09-29-22,388471,742,10-11-22,3089,10-17-22,4,FA,2151,104,NN,Semillas,Melilotus Albus,Melilotus Albus,$ 3800.00
09-29-22,388472,742,11-01-22,3203,11-03-22,4,FA,2194,104,NN,Semillas,Buffel Grass,Buffel Grass,$ 4500.00
09-29-22,388473,742,10-27-22,3183,10-31-22,4,FA,2181,104,NN,Semillas,Panicum Coloratum,Panicum Coloratum,$ 4500.00
09-29-22,388474,742,10-27-22,3182,10-31-22,4,FA,2181,104,NN,Semillas,Panicum Coloratum,Panicum Coloratum,$ 4500.00
09-29-22,388475,742,10-25-22,3156,10-26-22,4,FA,2174,104,NN,Semillas,Pasto Ovillo,Pasto Ovillo,$ 3800.00
09-29-22,388476,743,10-06-22,3084,10-12-22,4,FA,2137,392,NN,Semillas,Fuerza Total,Soja,$ 5100.00
09-29-22,388477,743,10-06-22,3083,10-12-22,4,FA,2137,392,NN,Semillas,Fuerza Total,Soja,$ 5100.00
09-29-22,388478,743,10-06-22,3082,10-12-22,4,FA,2137,392,NN,Semillas,Fuerza Total,Soja,$ 5100.00
09-29-22,388479,743,10-06-22,3081,10-12-22,4,FA,2137,392,NN,Semillas,Fuerza Total,Soja,$ 5100.00
09-29-22,388480,743,10-06-22,3080,10-12-22,4,FA,2137,392,NN,Semillas,Fuerza Total,Soja,$ 5100.00
09-29-22,388481,743,10-06-22,3079,10-12-22,4,FA,2137,392,NN,Semillas,Fuerza Total,Soja,$ 5100.00
09-29-22,388482,744,10-06-22,3085,10-12-22,4,FA,2138,1398,NN,Semillas,Fuerza Total,Soja,$ 5100.00
10-03-22,388483,745,10-05-22,3070,10-12-22,4,FA,2141,104,NN,Semillas,Urochloa Brizantha,Urochloa Brizantha,$ 4800.00
10-03-22,388484,746,10-11-22,3088,10-17-22,4,FA,2145,4557,NN,Semillas,Doble Poder,Soja,$ 7000.00
10-03-22,388485,746,10-11-22,3087,10-17-22,4,FA,2145,4557,NN,Semillas,Doble Poder,Soja,$ 7000.00
10-03-22,388486,746,10-11-22,3086,10-17-22,4,FA,2145,4557,NN,Semillas,Doble Poder,Soja,$ 7000.00
10-03-22,388489,747,10-14-22,3098,10-17-22,4,FA,2154,4673,NN,Semillas,Pack Integral,Moha,$ 10100.00
10-04-22,388490,748,10-12-22,3092,10-17-22,4,FA,2150,2555,NN,Semillas,Fuerza Total,Soja,$ 6600.00
10-04-22,388491,748,10-12-22,3091,10-17-22,4,FA,2150,2555,NN,Semillas,Fuerza Total,Soja,$ 6600.00
10-04-22,388492,748,10-12-22,3090,10-17-22,4,FA,2150,2555,NN,Semillas,Fuerza Total,Soja,$ 6600.00
10-04-22,388493,749,10-12-22,3094,10-17-22,4,FA,2147,4762,NN,Semillas,Soja,Soja,$ 4900.00
10-04-22,388494,749,10-12-22,3093,10-17-22,4,FA,2147,4762,NN,Semillas,Soja,Soja,$ 4900.00
10-05-22,388510,750,10-05-22,3073,10-12-22,4,FA,2140,1930,NN,Semillas,Soja,Soja,$ 3000.00
10-05-22,388511,750,10-05-22,3072,10-12-22,4,FA,2140,1930,NN,Semillas,Soja,Soja,$ 3000.00
10-05-22,388512,750,10-05-22,3071,10-12-22,4,FA,2140,1930,NN,Semillas,Soja,Soja,$ 3000.00
10-06-22,388521,751,10-14-22,3097,10-17-22,4,FA,2152,354,NN,Semillas,Soja,Soja,$ 4900.00
10-11-22,388523,752,10-18-22,3105,10-20-22,4,FA,2164,4237,NN,Semillas,Convenio Syngenta Soja Completo,Soja,$ 5600.00
10-11-22,388524,752,10-18-22,3104,10-20-22,4,FA,2164,4237,NN,Semillas,Convenio Syngenta Soja Completo,Soja,$ 5600.00
10-11-22,388525,752,10-18-22,3103,10-20-22,4,FA,2164,4237,NN,Semillas,Convenio Syngenta Soja Completo,Soja,$ 5600.00
10-11-22,388526,752,10-18-22,3102,10-20-22,4,FA,2164,4237,NN,Semillas,Convenio Syngenta Soja Completo,Soja,$ 5600.00
10-11-22,388527,753,10-19-22,3106,10-20-22,4,FA,2159,4938,NN,Semillas,Fuerza Total,Soja,$ 6600.00
10-11-22,388531,754,10-19-22,3107,10-20-22,4,FA,2163,4910,NN,Semillas,Soja,Soja,$ 4900.00
10-12-22,388532,755,10-20-22,3109,10-24-22,4,FA,2169,921,NN,Semillas,Soja,Soja,$ 4900.00
10-12-22,388533,755,10-20-22,3108,10-24-22,4,FA,2169,921,NN,Semillas,Soja,Soja,$ 4900.00
10-12-22,388534,757,10-20-22,3114,10-24-22,4,FA,2167,4557,NN,Semillas,Doble Poder,Soja,$ 9000.00
10-12-22,388535,757,10-20-22,3113,10-24-22,4,FA,2167,4557,NN,Semillas,Doble Poder,Soja,$ 9000.00
10-12-22,388536,757,10-20-22,3112,10-24-22,4,FA,2167,4557,NN,Semillas,Doble Poder,Soja,$ 9000.00
10-12-22,388537,757,10-20-22,3111,10-24-22,4,FA,2167,4557,NN,Semillas,Doble Poder,Soja,$ 9000.00
10-12-22,388538,757,10-20-22,3110,10-24-22,4,FA,2167,4557,NN,Semillas,Doble Poder,Soja,$ 9000.00
10-13-22,388592,758,10-21-22,3118,10-24-22,4,FB,51,685,NN,Semillas,Soja,Soja,$ 4900.00
10-13-22,388593,758,10-21-22,3117,10-24-22,4,FB,51,685,NN,Semillas,Soja,Soja,$ 4900.00
10-12-22,388598,756,10-20-22,3116,10-24-22,4,FA,2173,3297,NN,Semillas,Soja,Soja,$ 4900.00
10-12-22,388599,756,10-20-22,3115,10-24-22,4,FA,2173,3297,NN,Semillas,Soja,Soja,$ 4900.00
10-13-22,388602,759,10-21-22,3124,10-24-22,4,FA,2171,1779,NN,Semillas,Soja,Soja,$ 4900.00
10-13-22,388603,759,10-21-22,3123,10-24-22,4,FA,2171,1779,NN,Semillas,Soja,Soja,$ 4900.00
10-13-22,388604,759,10-21-22,3122,10-24-22,4,FA,2171,1779,NN,Semillas,Soja,Soja,$ 4900.00
10-13-22,388605,759,10-21-22,3121,10-24-22,4,FA,2171,1779,NN,Semillas,Soja,Soja,$ 4900.00
10-13-22,388606,759,10-21-22,3120,10-24-22,4,FA,2171,1779,NN,Semillas,Soja,Soja,$ 4900.00
10-13-22,388607,759,10-21-22,3119,10-24-22,4,FA,2171,1779,NN,Semillas,Soja,Soja,$ 4900.00
10-18-22,388652,766,10-21-22,3126,10-24-22,4,FA,2172,1928,NN,Semillas,Soja,Soja,$ 4900.00
10-18-22,388653,766,10-21-22,3125,10-24-22,4,FA,2172,1928,NN,Semillas,Soja,Soja,$ 4900.00
10-18-22,388654,765,10-21-22,3127,10-24-22,4,FB,50,5007,NN,Semillas,Soja,Soja,$ 4900.00
10-14-22,388655,760,10-21-22,3129,10-24-22,4,FA,2168,392,NN,Semillas,Semilla Vital Para Soja,Soja,$ 12000.00
10-14-22,388656,760,10-21-22,3128,10-24-22,4,FA,2168,392,NN,Semillas,Semilla Vital Para Soja,Soja,$ 12000.00
10-14-22,388657,761,10-21-22,3149,10-24-22,4,FA,2168,392,NN,Semillas,Fuerza Total,Soja,$ 6600.00
10-14-22,388658,761,10-21-22,3148,10-24-22,4,FA,2168,392,NN,Semillas,Fuerza Total,Soja,$ 6600.00
10-14-22,388659,761,10-21-22,3147,10-24-22,4,FA,2168,392,NN,Semillas,Fuerza Total,Soja,$ 6600.00
10-14-22,388660,761,10-21-22,3146,10-24-22,4,FA,2168,392,NN,Semillas,Fuerza Total,Soja,$ 6600.00
10-14-22,388661,761,10-21-22,3145,10-24-22,4,FA,2168,392,NN,Semillas,Fuerza Total,Soja,$ 6600.00
10-14-22,388662,761,10-21-22,3144,10-24-22,4,FA,2168,392,NN,Semillas,Fuerza Total,Soja,$ 6600.00
10-14-22,388663,761,10-21-22,3143,10-24-22,4,FA,2168,392,NN,Semillas,Fuerza Total,Soja,$ 6600.00
10-14-22,388664,761,10-21-22,3142,10-24-22,4,FA,2168,392,NN,Semillas,Fuerza Total,Soja,$ 6600.00
10-14-22,388665,761,10-21-22,3141,10-24-22,4,FA,2168,392,NN,Semillas,Fuerza Total,Soja,$ 6600.00
10-14-22,388666,761,10-21-22,3140,10-24-22,4,FA,2168,392,NN,Semillas,Fuerza Total,Soja,$ 6600.00
10-14-22,388667,761,10-21-22,3139,10-24-22,4,FA,2168,392,NN,Semillas,Fuerza Total,Soja,$ 6600.00
10-14-22,388668,761,10-21-22,3138,10-24-22,4,FA,2168,392,NN,Semillas,Fuerza Total,Soja,$ 6600.00
10-14-22,388669,761,10-21-22,3137,10-24-22,4,FA,2168,392,NN,Semillas,Fuerza Total,Soja,$ 6600.00
10-14-22,388670,761,10-21-22,3136,10-24-22,4,FA,2168,392,NN,Semillas,Fuerza Total,Soja,$ 6600.00
10-14-22,388671,761,10-21-22,3135,10-24-22,4,FA,2168,392,NN,Semillas,Fuerza Total,Soja,$ 6600.00
10-14-22,388672,761,10-21-22,3134,10-24-22,4,FA,2168,392,NN,Semillas,Fuerza Total,Soja,$ 6600.00
10-14-22,388673,761,10-21-22,3133,10-24-22,4,FA,2168,392,NN,Semillas,Fuerza Total,Soja,$ 6600.00
10-14-22,388674,761,10-21-22,3132,10-24-22,4,FA,2168,392,NN,Semillas,Fuerza Total,Soja,$ 6600.00
10-14-22,388675,761,10-21-22,3131,10-24-22,4,FA,2168,392,NN,Semillas,Fuerza Total,Soja,$ 6600.00
10-14-22,388676,761,10-21-22,3130,10-24-22,4,FA,2168,392,NN,Semillas,Fuerza Total,Soja,$ 6600.00
10-17-22,388677,762,10-25-22,3155,10-26-22,4,FB,52,4712,NN,Semillas,Soja,Soja,$ 4900.00
10-17-22,388678,762,10-25-22,3154,10-26-22,4,FB,52,4712,NN,Semillas,Soja,Soja,$ 4900.00
10-17-22,388679,762,10-25-22,3153,10-26-22,4,FB,52,4712,NN,Semillas,Soja,Soja,$ 4900.00
10-17-22,388680,763,10-24-22,3152,10-26-22,4,FA,2175,772,NN,Semillas,Semilla Vital Para Soja,Soja,$ 15000.00
10-18-22,388681,764,10-26-22,3180,10-27-22,4,FA,2178,392,NN,Semillas,Fuerza Total,Soja,$ 6600.00
10-18-22,388682,764,10-26-22,3179,10-27-22,4,FA,2178,392,NN,Semillas,Fuerza Total,Soja,$ 6600.00
10-18-22,388683,764,10-26-22,3178,10-27-22,4,FA,2178,392,NN,Semillas,Fuerza Total,Soja,$ 6600.00
10-18-22,388684,764,10-26-22,3177,10-27-22,4,FA,2178,392,NN,Semillas,Fuerza Total,Soja,$ 6600.00
10-18-22,388685,764,10-26-22,3176,10-27-22,4,FA,2178,392,NN,Semillas,Fuerza Total,Soja,$ 6600.00
10-18-22,388686,764,10-26-22,3175,10-27-22,4,FA,2178,392,NN,Semillas,Fuerza Total,Soja,$ 6600.00
10-18-22,388687,764,10-26-22,3174,10-27-22,4,FA,2178,392,NN,Semillas,Fuerza Total,Soja,$ 6600.00
10-18-22,388688,764,10-26-22,3173,10-27-22,4,FA,2178,392,NN,Semillas,Fuerza Total,Soja,$ 6600.00
10-18-22,388689,764,10-26-22,3172,10-27-22,4,FA,2178,392,NN,Semillas,Fuerza Total,Soja,$ 6600.00
10-18-22,388690,764,10-26-22,3171,10-27-22,4,FA,2178,392,NN,Semillas,Fuerza Total,Soja,$ 6600.00
10-18-22,388691,764,10-26-22,3170,10-27-22,4,FA,2178,392,NN,Semillas,Fuerza Total,Soja,$ 6600.00
10-18-22,388692,764,10-26-22,3169,10-27-22,4,FA,2178,392,NN,Semillas,Fuerza Total,Soja,$ 6600.00
10-18-22,388693,764,10-26-22,3168,10-27-22,4,FA,2178,392,NN,Semillas,Fuerza Total,Soja,$ 6600.00
10-18-22,388694,764,10-26-22,3167,10-27-22,4,FA,2178,392,NN,Semillas,Fuerza Total,Soja,$ 6600.00
10-18-22,388695,764,10-26-22,3166,10-27-22,4,FA,2178,392,NN,Semillas,Fuerza Total,Soja,$ 6600.00
10-18-22,388696,764,10-26-22,3165,10-27-22,4,FA,2178,392,NN,Semillas,Fuerza Total,Soja,$ 6600.00
10-18-22,388697,764,10-26-22,3164,10-27-22,4,FA,2178,392,NN,Semillas,Fuerza Total,Soja,$ 6600.00
10-18-22,388698,764,10-26-22,3163,10-27-22,4,FA,2178,392,NN,Semillas,Fuerza Total,Soja,$ 6600.00
10-18-22,388699,764,10-26-22,3162,10-27-22,4,FA,2178,392,NN,Semillas,Fuerza Total,Soja,$ 6600.00
10-18-22,388700,764,10-26-22,3161,10-27-22,4,FA,2178,392,NN,Semillas,Fuerza Total,Soja,$ 6600.00
10-18-22,388702,767,10-26-22,3181,10-27-22,4,FA,2179,981,NN,Semillas,Fuerza Total,Soja,$ 6600.00
10-19-22,388703,768,10-27-22,3185,10-31-22,4,FA,2187,4557,NN,Semillas,Doble Poder,Soja,$ 9000.00
10-19-22,388704,768,10-27-22,3184,10-31-22,4,FA,2187,4557,NN,Semillas,Doble Poder,Soja,$ 9000.00
10-19-22,388705,769,10-27-22,3186,10-31-22,4,FA,2185,1425,NN,Semillas,Fuerza Total,Soja,$ 6600.00
10-20-22,388708,772,10-25-22,3158,10-26-22,4,FA,2177,5008,NN,Semillas,Sesamo,Sesamo,$ 4900.00
10-20-22,388709,772,10-25-22,3157,10-26-22,4,FA,2177,5008,NN,Semillas,Sesamo,Sesamo,$ 4900.00
10-20-22,388710,770,10-28-22,3188,10-31-22,4,FA,2182,908,NN,Semillas,Doble Poder,Soja,$ 9000.00
10-20-22,388711,770,10-28-22,3187,10-31-22,4,FA,2182,908,NN,Semillas,Doble Poder,Soja,$ 9000.00
10-20-22,388712,771,10-28-22,3192,10-31-22,4,FA,2183,1311,NN,Semillas,Doble Poder,Soja,$ 12000.00
10-20-22,388713,771,10-28-22,3191,10-31-22,4,FA,2183,1311,NN,Semillas,Doble Poder,Soja,$ 12000.00
10-20-22,388714,771,10-28-22,3190,10-31-22,4,FA,2183,1311,NN,Semillas,Doble Poder,Soja,$ 12000.00
10-21-22,388773,773,11-04-22,3213,11-10-22,4,FA,2216,104,NN,Semillas,Sorgo,Sorgo,$ 4900.00
10-21-22,388774,773,11-04-22,3212,11-10-22,4,FA,2216,104,NN,Semillas,Sorgo,Sorgo,$ 4900.00
10-21-22,388775,773,11-15-22,3250,11-17-22,4,FA,2236,104,NN,Semillas,Setaria,Setaria,$ 4900.00
10-21-22,388776,773,11-10-22,3241,11-16-22,4,FA,2227,104,NN,Semillas,Grama Rhodes,Grama Rhodes,$ 5800.00
10-21-22,388777,773,11-10-22,3240,11-16-22,4,FA,2227,104,NN,Semillas,Grama Rhodes,Grama Rhodes,$ 5800.00
10-21-22,388778,773,11-10-22,3239,11-16-22,4,FA,2227,104,NN,Semillas,Grama Rhodes,Grama Rhodes,$ 5800.00
10-21-22,388779,773,11-10-22,3238,11-16-22,4,FA,2227,104,NN,Semillas,Grama Rhodes,Grama Rhodes,$ 5800.00
10-21-22,388780,774,11-03-22,3207,11-07-22,4,FA,2201,392,NN,Semillas,Doble Poder,Soja,$ 9000.00
10-21-22,388781,774,11-03-22,3206,11-07-22,4,FA,2201,392,NN,Semillas,Doble Poder,Soja,$ 9000.00
10-21-22,388782,775,10-31-22,3202,11-03-22,4,FA,2193,392,NN,Semillas,Soja,Soja,$ 15300.00
10-21-22,388783,776,10-28-22,3189,10-31-22,4,FA,2183,1311,NN,Semillas,Doble Poder,Soja,$ 12000.00
10-21-22,388784,777,10-28-22,3194,10-31-22,4,FA,2186,3920,NN,Semillas,Fuerza Total Curado,Soja,$ 7500.00
10-21-22,388785,777,10-28-22,3193,10-31-22,4,FA,2186,3920,NN,Semillas,Fuerza Total Curado,Soja,$ 7500.00
10-21-22,388786,778,10-28-22,3198,10-31-22,4,FA,2184,1416,NN,Semillas,Fuerza Total,Soja,$ 6600.00
10-21-22,388787,778,10-28-22,3197,10-31-22,4,FA,2184,1416,NN,Semillas,Fuerza Total,Soja,$ 6600.00
10-21-22,388788,778,10-28-22,3196,10-31-22,4,FA,2184,1416,NN,Semillas,Fuerza Total,Soja,$ 6600.00
10-21-22,388789,778,10-28-22,3195,10-31-22,4,FA,2184,1416,NN,Semillas,Fuerza Total,Soja,$ 6600.00
10-24-22,388790,781,10-28-22,3200,10-31-22,4,FA,2188,5009,NN,Semillas,Fuerza Total Curado,Soja,$ 7500.00
10-24-22,388791,781,10-28-22,3199,10-31-22,4,FA,2188,5009,NN,Semillas,Fuerza Total Curado,Soja,$ 7500.00
10-24-22,388792,779,11-08-22,3225,11-10-22,4,FA,2212,3660,NN,Semillas,Girasol,Girasol,$ 9400.00
10-24-22,388793,779,11-08-22,3224,11-10-22,4,FA,2212,3660,NN,Semillas,Girasol,Girasol,$ 9400.00
10-24-22,388794,779,11-08-22,3223,11-10-22,4,FA,2212,3660,NN,Semillas,Girasol,Girasol,$ 9400.00
10-24-22,388795,779,11-08-22,3222,11-10-22,4,FA,2212,3660,NN,Semillas,Girasol,Girasol,$ 9400.00
10-24-22,388796,780,11-01-22,3205,11-03-22,4,FA,2197,4038,NN,Semillas,Soja,Soja,$ 4900.00
10-24-22,388797,780,11-01-22,3204,11-03-22,4,FA,2197,4038,NN,Semillas,Soja,Soja,$ 4900.00
10-27-22,388804,782,11-04-22,3211,11-07-22,4,FA,2200,4557,NN,Semillas,Doble Poder,Soja,$ 9000.00
10-27-22,388805,782,11-04-22,3210,11-07-22,4,FA,2200,4557,NN,Semillas,Doble Poder,Soja,$ 9000.00
10-27-22,388806,783,11-04-22,3209,11-07-22,4,FA,2205,3276,NN,Semillas,Soja,Soja,$ 4900.00
10-27-22,388807,783,11-04-22,3208,11-07-22,4,FA,2205,3276,NN,Semillas,Soja,Soja,$ 4900.00
10-28-22,388816,784,11-07-22,3217,11-07-22,4,FA,2201,392,NN,Semillas,Doble Poder,Soja,$ 15300.00
11-04-22,388817,792,11-04-22,3215,11-07-22,4,FA,2199,5011,NN,Semillas,Soja,Soja,$ 6300.00
11-04-22,388818,792,11-04-22,3214,11-07-22,4,FA,2199,5011,NN,Semillas,Soja,Soja,$ 6300.00
10-31-22,388819,785,11-08-22,3221,11-10-22,4,FA,2210,967,NN,Semillas,Soja,Soja,$ 4900.00
10-31-22,388820,785,11-08-22,3220,11-10-22,4,FA,2210,967,NN,Semillas,Soja,Soja,$ 4900.00
10-31-22,388821,785,11-08-22,3219,11-10-22,4,FA,2210,967,NN,Semillas,Soja,Soja,$ 4900.00
10-31-22,388822,785,11-08-22,3218,11-10-22,4,FA,2210,967,NN,Semillas,Soja,Soja,$ 4900.00
10-31-22,388823,786,10-31-22,3201,11-03-22,4,FA,2193,392,NN,Semillas,Soja,Soja,$ 4900.00
11-01-22,388826,787,11-09-22,3226,11-10-22,4,FA,2209,9450,NN,Semillas,Doble Poder,Soja,$ 9000.00
11-04-22,388875,793,11-11-22,3242,11-16-22,4,FA,2219,5012,NN,Semillas,Fuerza Total,Trigo,$ 6600.00
11-01-22,388876,788,11-09-22,3232,11-10-22,4,FA,2208,4763,NN,Semillas,Soja,Soja,$ 12000.00
11-01-22,388877,788,11-09-22,3231,11-10-22,4,FA,2208,4763,NN,Semillas,Soja,Soja,$ 12000.00
11-01-22,388878,788,11-09-22,3230,11-10-22,4,FA,2208,4763,NN,Semillas,Soja,Soja,$ 12000.00
11-01-22,388879,788,11-09-22,3229,11-10-22,4,FA,2208,4763,NN,Semillas,Soja,Soja,$ 12000.00
11-01-22,388880,788,11-09-22,3228,11-10-22,4,FA,2208,4763,NN,Semillas,Soja,Soja,$ 12000.00
11-01-22,388881,788,11-09-22,3227,11-10-22,4,FA,2208,4763,NN,Semillas,Soja,Soja,$ 12000.00
11-02-22,388901,789,11-10-22,3237,11-16-22,4,FA,2221,4557,NN,Semillas,Doble Poder,Soja,$ 9000.00
11-02-22,388902,789,11-10-22,3236,11-16-22,4,FA,2221,4557,NN,Semillas,Doble Poder,Soja,$ 9000.00
11-02-22,388903,789,11-09-22,3235,11-10-22,4,FA,2213,4557,NN,Semillas,Trigo Sarraceno,Trigo Sarraceno,$ 4900.00
11-02-22,388904,789,11-09-22,3234,11-10-22,4,FA,2213,4557,NN,Semillas,Trigo Sarraceno,Trigo Sarraceno,$ 4900.00
11-02-22,388905,789,11-09-22,3233,11-10-22,4,FA,2213,4557,NN,Semillas,Trigo Sarraceno,Trigo Sarraceno,$ 4900.00
11-02-22,388906,790,11-23-22,3278,11-28-22,4,FA,2259,104,NN,Semillas,Fuerza Total Megatérmicas,Urochloa Brizantha,$ 7400.00
11-03-22,388908,791,11-28-22,3286,11-28-22,4,FA,2250,319,NN,Semillas,Gramon,Gramon,$ 4900.00
11-04-22,388944,795,11-11-22,3244,11-16-22,4,FA,2223,392,NN,Semillas,Fuerza Total,Soja,$ 6600.00
11-04-22,388945,796,11-11-22,3245,11-16-22,4,FA,2223,392,NN,Semillas,Soja,Soja,$ 18300.00
11-04-22,388946,797,11-04-22,3216,11-07-22,4,FA,2201,392,NN,Semillas,Doble Poder,Soja,$ 9000.00
11-04-22,388947,798,11-11-22,3247,11-16-22,4,FA,2225,2257,NN,Semillas,Soja,Soja,$ 12000.00
11-04-22,388948,798,11-11-22,3246,11-16-22,4,FA,2225,2257,NN,Semillas,Soja,Soja,$ 12000.00
11-04-22,388949,799,11-14-22,3249,11-16-22,4,FA,2227,104,NN,Semillas,Centeno,Centeno,$ 4900.00
11-04-22,388950,799,11-28-22,3289,11-28-22,4,FA,2253,104,NN,Semillas,Fuerza Total,Dicantium,$ 6600.00
11-04-22,388951,799,11-28-22,3288,11-28-22,4,FA,2253,104,NN,Semillas,Fuerza Total,Dicantium,$ 6600.00
11-04-22,388952,799,11-17-22,3260,11-18-22,4,FA,2241,104,NN,Semillas,Avena Strigosa,Avena Strigosa,$ 4900.00
11-04-22,388953,799,11-17-22,3259,11-18-22,4,FA,2241,104,NN,Semillas,Avena Strigosa,Avena Strigosa,$ 4900.00
11-04-22,388954,799,11-17-22,3258,11-18-22,4,FA,2241,104,NN,Semillas,Avena Strigosa,Avena Strigosa,$ 4900.00
11-04-22,388955,799,11-17-22,3257,11-18-22,4,FA,2241,104,NN,Semillas,Avena Strigosa,Avena Strigosa,$ 4900.00
11-04-22,388956,799,11-17-22,3256,11-18-22,4,FA,2241,104,NN,Semillas,Avena Blanca / Amarilla/ Byzantina,Avena Blanca / Amarilla/ Byzantina,$ 4900.00
11-04-22,388957,799,11-18-22,3265,11-24-22,4,FA,2247,104,NN,Semillas,Alfalfa,Alfalfa,$ 4900.00
11-04-22,388958,799,11-16-22,3252,11-17-22,4,FA,2236,104,NN,Semillas,Melilotus Albus,Melilotus Albus,$ 4900.00
11-04-22,388959,799,11-14-22,3248,11-16-22,4,FA,2227,104,NN,Semillas,Centeno,Centeno,$ 4900.00
11-04-22,388960,799,11-23-22,3272,11-24-22,4,FA,2247,104,NN,Semillas,Vicia,Vicia,$ 4900.00
11-04-22,388961,799,11-17-22,3255,11-18-22,4,FA,2241,104,NN,Semillas,Avena Strigosa,Avena Strigosa,$ 4900.00
11-04-22,388962,799,11-18-22,3264,11-24-22,4,FA,2247,104,NN,Semillas,Trebol Blanco,Trebol Blanco,$ 4900.00
11-08-22,389006,800,11-16-22,3251,11-17-22,4,FA,2235,421,NN,Semillas,Doble Poder,Soja,$ 9000.00
11-16-22,389009,801,11-17-22,3253,11-17-22,4,FA,2237,4619,NN,Semillas,Fuerza Total,Soja,$ 6600.00
11-09-22,389010,802,11-17-22,3254,11-17-22,4,FA,2233,2861,NN,Semillas,Soja,Soja,$ 15000.00
11-10-22,389011,803,11-18-22,3261,11-18-22,4,FA,2240,1425,NN,Semillas,Fuerza Total,Soja,$ 6600.00
11-11-22,389022,804,11-18-22,3262,11-18-22,4,FA,2239,3597,NN,Semillas,Doble Poder,Soja,$ 9000.00
11-11-22,389023,805,11-18-22,3263,11-18-22,4,FA,2238,744,NN,Semillas,Fuerza Total,Soja,$ 6600.00
11-14-22,389068,806,11-22-22,3267,11-24-22,4,FA,2242,4557,NN,Semillas,Doble Poder,Soja,$ 9000.00
11-14-22,389069,806,11-22-22,3266,11-24-22,4,FA,2242,4557,NN,Semillas,Doble Poder,Soja,$ 9000.00
11-14-22,389075,807,11-22-22,3271,11-24-22,4,FA,2243,700,NN,Semillas,Soja,Soja,$ 4900.00
11-14-22,389076,807,11-22-22,3270,11-24-22,4,FA,2243,700,NN,Semillas,Soja,Soja,$ 4900.00
11-14-22,389077,807,11-22-22,3269,11-24-22,4,FA,2243,700,NN,Semillas,Soja,Soja,$ 4900.00
11-14-22,389078,807,11-22-22,3268,11-24-22,4,FA,2243,700,NN,Semillas,Soja,Soja,$ 12000.00
11-15-22,389082,809,11-23-22,3277,11-24-22,4,FA,2244,4782,NN,Semillas,Fuerza Total,Soja,$ 6600.00
11-15-22,389083,809,11-23-22,3276,11-24-22,4,FA,2244,4782,NN,Semillas,Fuerza Total,Soja,$ 6600.00
11-15-22,389084,809,11-23-22,3275,11-24-22,4,FA,2244,4782,NN,Semillas,Fuerza Total,Soja,$ 6600.00
11-15-22,389085,808,11-23-22,3274,11-24-22,4,FA,2245,1864,NN,Semillas,Fuerza Total Curado,Soja,$ 7500.00
11-15-22,389086,808,11-23-22,3273,11-24-22,4,FA,2245,1864,NN,Semillas,Fuerza Total Curado,Soja,$ 7500.00
11-15-22,389087,808,11-28-22,3287,11-28-22,4,FA,2252,1864,NN,Semillas,Fuerza Total Curado,Sorgo,$ 7500.00
11-16-22,389092,810,11-24-22,3279,11-28-22,4,FA,2254,2406,NN,Semillas,Soja,Soja,$ 4900.00
11-16-22,389093,811,11-24-22,3280,11-28-22,4,FA,2258,4765,NN,Semillas,Soja,Soja,$ 12000.00
11-16-22,389094,813,11-24-22,3281,11-28-22,4,FA,2255,4557,NN,Semillas,Doble Poder,Soja,$ 9000.00
11-16-22,389095,812,11-24-22,3283,11-28-22,4,FA,2257,392,NN,Semillas,Fuerza Total,Soja,$ 6600.00
11-16-22,389096,812,11-24-22,3282,11-28-22,4,FA,2257,392,NN,Semillas,Fuerza Total,Soja,$ 6600.00
11-16-22,389097,814,11-24-22,3284,11-28-22,4,FA,2256,4785,NN,Semillas,Fuerza Total,Soja,$ 6600.00
11-22-22,389099,817,12-16-22,3330,12-21-22,4,FB,53,5022,NN,Semillas,Gatton Panic,Gatton Panic,$ 5800.00
11-24-22,389137,814,11-25-22,3285,11-28-22,4,FA,2249,4785,NN,Semillas,Fuerza Total,Poroto Adzuki,$ 6600.00
11-24-22,389138,821,12-02-22,3301,12-07-22,4,FA,2271,3944,NN,Semillas,Fuerza Total,Sorgo,$ 6600.00
11-22-22,389166,815,11-30-22,3296,12-01-22,4,FA,2264,4557,NN,Semillas,Soja,Soja,$ 15200.00
11-22-22,389167,815,11-30-22,3295,12-01-22,4,FA,2264,4557,NN,Semillas,Soja,Soja,$ 15200.00
11-22-22,389168,815,11-30-22,3294,12-01-22,4,FA,2264,4557,NN,Semillas,Soja,Soja,$ 15200.00
11-22-22,389169,815,11-30-22,3293,12-01-22,4,FA,2264,4557,NN,Semillas,Soja,Soja,$ 15200.00
11-22-22,389170,815,11-30-22,3292,12-01-22,4,FA,2264,4557,NN,Semillas,Soja,Soja,$ 9000.00
11-22-22,389171,815,11-30-22,3291,12-01-22,4,FA,2264,4557,NN,Semillas,Soja,Soja,$ 9000.00
11-22-22,389172,815,11-30-22,3290,12-01-22,4,FA,2264,4557,NN,Semillas,Soja,Soja,$ 9000.00
11-22-22,389174,816,11-30-22,3297,12-01-22,4,FA,2267,1897,NN,Semillas,Soja,Soja,$ 4900.00
11-23-22,389175,818,12-01-22,3299,12-07-22,4,FA,2269,4396,NN,Semillas,Fuerza Total,Soja,$ 6600.00
11-23-22,389176,819,12-01-22,3298,12-07-22,4,FA,2272,1915,NN,Semillas,Soja,Soja,$ 6300.00
11-23-22,389177,820,12-26-22,3342,12-30-22,4,FA,2309,104,NN,Semillas,Gatton Panic,Gatton Panic,$ 8000.00
11-23-22,389178,820,12-26-22,3341,12-30-22,4,FA,2309,104,NN,Semillas,Gatton Panic,Gatton Panic,$ 8000.00
11-23-22,389179,820,12-26-22,3340,12-30-22,4,FA,2309,104,NN,Semillas,Gatton Panic,Gatton Panic,$ 8000.00
11-23-22,389180,820,12-26-22,3339,12-30-22,4,FA,2309,104,NN,Semillas,Gatton Panic,Gatton Panic,$ 8000.00
11-23-22,389181,820,12-26-22,3338,12-30-22,4,FA,2309,104,NN,Semillas,Gatton Panic,Gatton Panic,$ 8000.00
11-24-22,389233,822,12-02-22,3300,12-07-22,4,FA,2277,4849,NN,Semillas,Soja,Soja,$ 9600.00
11-28-22,389236,823,12-06-22,3303,12-07-22,4,FA,2274,2340,NN,Semillas,Soja,Soja,$ 6300.00
11-28-22,389237,823,12-06-22,3302,12-07-22,4,FA,2274,2340,NN,Semillas,Soja,Soja,$ 6300.00
11-28-22,389238,824,12-06-22,3305,12-07-22,4,FA,2273,700,NN,Semillas,Soja,Soja,$ 12000.00
11-28-22,389239,824,12-06-22,3304,12-07-22,4,FA,2273,700,NN,Semillas,Soja,Soja,$ 12000.00
11-29-22,389241,825,12-13-22,3310,12-14-22,4,FA,2285,760,NN,Semillas,Fuerza Total,Trigo,$ 6600.00
11-29-22,389242,825,12-13-22,3309,12-14-22,4,FA,2285,760,NN,Semillas,Fuerza Total,Trigo,$ 6600.00
11-29-22,389243,825,12-13-22,3308,12-14-22,4,FA,2285,760,NN,Semillas,Fuerza Total,Trigo,$ 6600.00
11-30-22,389483,826,12-07-22,3307,12-14-22,4,FA,2279,1915,NN,Semillas,Fuerza Total Curado,Soja,$ 7500.00
11-30-22,389484,826,12-07-22,3306,12-14-22,4,FA,2279,1915,NN,Semillas,Fuerza Total Curado,Soja,$ 7500.00
12-02-22,389513,828,12-13-22,3311,12-14-22,4,FA,2288,1127,NN,Semillas,Fuerza Total,Soja,$ 6600.00
12-02-22,389663,827,12-13-22,3312,12-14-22,4,FA,2284,2853,NN,Semillas,Poroto,Poroto,$ 5800.00
12-07-22,389801,830,,,12-16-22,4,FA,2293,392,NN,Semillas,Fuerza Total,Soja,$ 7900.00
12-07-22,389801,830,12-15-22,3329,12-16-22,4,FA,2293,392,NN,Semillas,Fuerza Total,Soja,$ 7900.00
12-07-22,389802,830,12-15-22,3328,12-16-22,4,FA,2293,392,NN,Semillas,Fuerza Total,Soja,$ 7900.00
12-07-22,389803,830,12-15-22,3327,12-16-22,4,FA,2293,392,NN,Semillas,Fuerza Total,Soja,$ 7900.00
12-07-22,389804,830,12-15-22,3326,12-16-22,4,FA,2293,392,NN,Semillas,Fuerza Total,Soja,$ 7900.00
12-07-22,389805,830,12-15-22,3325,12-16-22,4,FA,2293,392,NN,Semillas,Fuerza Total,Soja,$ 7900.00
12-07-22,389806,830,12-15-22,3324,12-16-22,4,FA,2293,392,NN,Semillas,Fuerza Total,Soja,$ 7900.00
12-07-22,389807,830,12-15-22,3323,12-16-22,4,FA,2293,392,NN,Semillas,Fuerza Total,Soja,$ 7900.00
12-07-22,389808,830,12-15-22,3322,12-16-22,4,FA,2293,392,NN,Semillas,Fuerza Total,Soja,$ 7900.00
12-07-22,389809,830,12-15-22,3321,12-16-22,4,FA,2293,392,NN,Semillas,Fuerza Total,Soja,$ 7900.00
12-07-22,389810,830,12-15-22,3320,12-16-22,4,FA,2293,392,NN,Semillas,Fuerza Total,Soja,$ 7900.00
12-07-22,389811,830,12-15-22,3319,12-16-22,4,FA,2293,392,NN,Semillas,Fuerza Total,Soja,$ 7900.00
12-07-22,389812,830,12-15-22,3318,12-16-22,4,FA,2293,392,NN,Semillas,Fuerza Total,Soja,$ 7900.00
12-07-22,389813,830,12-15-22,3317,12-16-22,4,FA,2293,392,NN,Semillas,Fuerza Total,Soja,$ 7900.00
12-07-22,389814,830,12-15-22,3316,12-16-22,4,FA,2293,392,NN,Semillas,Fuerza Total,Soja,$ 7900.00
12-13-22,389862,831,12-13-22,3315,12-14-22,4,FA,2289,350,NN,Semillas,Soja,Soja,$ 7400.00
12-13-22,389863,831,12-13-22,3314,12-14-22,4,FA,2289,350,NN,Semillas,Soja,Soja,$ 7400.00
12-13-22,389864,831,12-13-22,3313,12-14-22,4,FA,2289,350,NN,Semillas,Soja,Soja,$ 7400.00
12-14-22,389927,833,12-23-22,3337,12-30-22,4,FA,2304,1328,NN,Semillas,Melilotus Albus,Melilotus Albus,$ 18600.00
12-16-22,390127,834,12-26-22,3344,12-30-22,4,FA,2308,4329,NN,Semillas,Centeno,Centeno,$ 5800.00
12-16-22,390128,834,12-26-22,3343,12-30-22,4,FA,2308,4329,NN,Semillas,Centeno,Centeno,$ 5800.00
12-19-22,390129,835,12-30-22,3357,01-04-23,4,FA,2311,392,NN,Semillas,Fuerza Total,Trigo,$ 7900.00
12-19-22,390130,835,12-30-22,3356,01-04-23,4,FA,2311,392,NN,Semillas,Fuerza Total,Trigo,$ 7900.00
12-19-22,390131,835,12-30-22,3355,01-04-23,4,FA,2311,392,NN,Semillas,Fuerza Total,Trigo,$ 7900.00
12-19-22,390132,835,12-30-22,3354,01-04-23,4,FA,2311,392,NN,Semillas,Fuerza Total,Trigo,$ 7900.00
12-19-22,390133,835,12-30-22,3353,01-04-23,4,FA,2311,392,NN,Semillas,Fuerza Total,Trigo,$ 7900.00
12-21-22,390237,836,12-29-22,3351,12-30-22,4,FA,2306,4557,NN,Semillas,Arveja,Arveja,$ 5800.00
12-21-22,390238,836,12-30-22,3360,01-04-23,4,FA,2312,4557,NN,Semillas,Centeno,Centeno,$ 5800.00
12-21-22,390240,836,12-30-22,3359,01-04-23,4,FA,2312,4557,NN,Semillas,Centeno,Centeno,$ 5800.00
12-21-22,390241,836,12-29-22,3352,12-30-22,4,FA,2306,4557,NN,Semillas,Garbanzo,Garbanzo,$ 5800.00
12-22-22,390242,838,12-23-22,3336,12-26-22,4,FA,2303,5023,NN,Semillas,Gatton Panic,Gatton Panic,$ 7400.00
12-22-22,390244,836,12-30-22,3358,01-04-23,4,FA,2312,4557,NN,Semillas,Trigo,Trigo,$ 5800.00
12-22-22,390245,839,01-02-23,3368,01-04-23,4,FA,2311,392,NN,Semillas,Convenio Syngenta Trigo,Trigo,$ 5600.00
12-22-22,390246,839,01-02-23,3367,01-04-23,4,FA,2311,392,NN,Semillas,Convenio Syngenta Trigo,Trigo,$ 5600.00
12-22-22,390247,837,01-03-23,3369,01-09-23,4,FA,2315,392,NN,Semillas,Semilla Vital Para Soja,Soja,$ 10800.00
12-22-22,390248,839,01-02-23,3366,01-04-23,4,FA,2311,392,NN,Semillas,Convenio Syngenta Trigo,Trigo,$ 5600.00
12-22-22,390254,839,01-02-23,3365,01-04-23,4,FA,2311,392,NN,Semillas,Convenio Syngenta Trigo,Trigo,$ 5600.00
12-22-22,390255,839,01-02-23,3364,01-04-23,4,FA,2311,392,NN,Semillas,Convenio Syngenta Trigo,Trigo,$ 5600.00
12-22-22,390256,839,01-02-23,3363,01-04-23,4,FA,2311,392,NN,Semillas,Convenio Syngenta Trigo,Trigo,$ 5600.00
12-22-22,390257,839,01-02-23,3362,01-04-23,4,FA,2311,392,NN,Semillas,Convenio Syngenta Trigo,Trigo,$ 5600.00
12-22-22,390258,839,01-02-23,3361,01-04-23,4,FA,2311,392,NN,Semillas,Convenio Syngenta Trigo,Trigo,$ 5600.00
12-27-22,390486,840,01-06-23,3373,01-09-23,4,FA,2319,981,NN,Semillas,Trigo,Trigo,$ 5800.00
12-27-22,390487,840,01-06-23,3372,01-09-23,4,FA,2319,981,NN,Semillas,Trigo,Trigo,$ 5800.00
12-29-22,390488,841,01-09-23,3379,01-11-23,4,FA,2320,4557,NN,Semillas,Trigo,Trigo,$ 5800.00
12-29-22,390489,841,01-09-23,3378,01-11-23,4,FA,2320,4557,NN,Semillas,Trigo,Trigo,$ 5800.00
12-29-22,390490,841,01-09-23,3377,01-11-23,4,FA,2320,4557,NN,Semillas,Trigo,Trigo,$ 5800.00
12-29-22,390491,841,01-09-23,3376,01-11-23,4,FA,2320,4557,NN,Semillas,Trigo,Trigo,$ 5800.00
12-29-22,390492,841,01-09-23,3375,01-11-23,4,FA,2320,4557,NN,Semillas,Trigo,Trigo,$ 5800.00
12-29-22,390493,842,01-06-23,3371,01-09-23,4,FA,2314,4557,NN,Semillas,Arveja,Arveja,$ 5800.00
12-29-22,390794,843,01-05-23,3370,01-09-23,4,FA,2315,392,NN,Semillas,Fuerza Total,Maíz,$ 7900.00
12-29-22,390795,844,01-09-23,3388,01-11-23,4,FA,2321,392,NN,Semillas,Convenio Syngenta Trigo,Trigo,$ 8400.00
12-29-22,390796,844,01-09-23,3387,01-11-23,4,FA,2321,392,NN,Semillas,Convenio Syngenta Trigo,Trigo,$ 8400.00
12-29-22,390797,844,01-09-23,3386,01-11-23,4,FA,2321,392,NN,Semillas,Convenio Syngenta Trigo,Trigo,$ 8400.00
12-29-22,390798,844,01-09-23,3385,01-11-23,4,FA,2321,392,NN,Semillas,Convenio Syngenta Trigo,Trigo,$ 8400.00
12-29-22,390799,844,01-09-23,3384,01-11-23,4,FA,2321,392,NN,Semillas,Convenio Syngenta Trigo,Trigo,$ 8400.00
12-29-22,390800,844,01-09-23,3383,01-11-23,4,FA,2321,392,NN,Semillas,Convenio Syngenta Trigo,Trigo,$ 8400.00
12-29-22,390801,844,01-09-23,3382,01-11-23,4,FA,2321,392,NN,Semillas,Convenio Syngenta Trigo,Trigo,$ 8400.00
12-29-22,390802,844,01-09-23,3381,01-11-23,4,FA,2321,392,NN,Semillas,Convenio Syngenta Trigo,Trigo,$ 8400.00
01-02-23,390808,845,01-09-23,3380,01-11-23,4,FA,2321,392,NN,Semillas,Convenio Syngenta Trigo,Trigo,$ 8400.00
01-09-23,391001,848,01-17-23,3390,01-20-23,4,FA,2329,392,NN,Semillas,Fuerza Total,Soja,$ 7900.00
01-10-23,391007,850,01-18-23,3392,01-20-23,4,FA,2328,4557,NN,Semillas,Arveja,Arveja,$ 5800.00
01-10-23,391008,850,01-18-23,3391,01-20-23,4,FA,2328,4557,NN,Semillas,Arveja,Arveja,$ 5800.00
01-12-23,391024,851,01-23-23,3410,01-24-23,4,FA,2331,714,NN,Semillas,Convenio Syngenta Trigo,Trigo,$ 8400.00
01-12-23,391025,851,01-23-23,3409,01-24-23,4,FA,2331,714,NN,Semillas,Convenio Syngenta Trigo,Trigo,$ 8400.00
01-12-23,391026,851,01-23-23,3408,01-24-23,4,FA,2331,714,NN,Semillas,Convenio Syngenta Trigo,Trigo,$ 8400.00
01-12-23,391027,851,01-23-23,3407,01-24-23,4,FA,2331,714,NN,Semillas,Convenio Syngenta Trigo,Trigo,$ 8400.00
01-12-23,391028,851,01-23-23,3406,01-24-23,4,FA,2331,714,NN,Semillas,Convenio Syngenta Trigo,Trigo,$ 8400.00
01-12-23,391029,851,01-23-23,3405,01-24-23,4,FA,2331,714,NN,Semillas,Convenio Syngenta Trigo,Trigo,$ 8400.00
01-12-23,391030,851,01-23-23,3404,01-24-23,4,FA,2331,714,NN,Semillas,Convenio Syngenta Trigo,Trigo,$ 8400.00
01-12-23,391031,851,01-23-23,3403,01-24-23,4,FA,2331,714,NN,Semillas,Convenio Syngenta Trigo,Trigo,$ 8400.00
01-12-23,391032,851,01-23-23,3402,01-24-23,4,FA,2331,714,NN,Semillas,Convenio Syngenta Trigo,Trigo,$ 8400.00
01-12-23,391033,851,01-23-23,3401,01-24-23,4,FA,2331,714,NN,Semillas,Convenio Syngenta Trigo,Trigo,$ 8400.00
01-12-23,391034,851,01-23-23,3400,01-24-23,4,FA,2331,714,NN,Semillas,Convenio Syngenta Trigo,Trigo,$ 8400.00
01-12-23,391035,851,01-23-23,3399,01-24-23,4,FA,2331,714,NN,Semillas,Convenio Syngenta Trigo,Trigo,$ 8400.00
01-12-23,391036,851,01-23-23,3398,01-24-23,4,FA,2331,714,NN,Semillas,Convenio Syngenta Trigo,Trigo,$ 8400.00
01-12-23,391037,851,01-23-23,3397,01-24-23,4,FA,2331,714,NN,Semillas,Convenio Syngenta Trigo,Trigo,$ 8400.00
01-12-23,391038,851,01-23-23,3396,01-24-23,4,FA,2331,714,NN,Semillas,Convenio Syngenta Trigo,Trigo,$ 8400.00
01-12-23,391039,851,01-23-23,3395,01-24-23,4,FA,2331,714,NN,Semillas,Convenio Syngenta Trigo,Trigo,$ 8400.00
01-12-23,391040,852,01-23-23,3429,01-24-23,4,FA,2332,392,NN,Semillas,Convenio Syngenta Trigo,Trigo,$ 8400.00
01-12-23,391041,852,01-23-23,3428,01-24-23,4,FA,2332,392,NN,Semillas,Convenio Syngenta Trigo,Trigo,$ 8400.00
01-12-23,391042,852,01-23-23,3427,01-24-23,4,FA,2332,392,NN,Semillas,Convenio Syngenta Trigo,Trigo,$ 8400.00
01-12-23,391043,852,01-23-23,3426,01-24-23,4,FA,2332,392,NN,Semillas,Convenio Syngenta Trigo,Trigo,$ 8400.00
01-12-23,391044,852,01-23-23,3425,01-24-23,4,FA,2332,392,NN,Semillas,Convenio Syngenta Trigo,Trigo,$ 8400.00
01-12-23,391045,852,01-23-23,3424,01-24-23,4,FA,2332,392,NN,Semillas,Convenio Syngenta Trigo,Trigo,$ 8400.00
01-12-23,391046,852,01-23-23,3423,01-24-23,4,FA,2332,392,NN,Semillas,Convenio Syngenta Trigo,Trigo,$ 8400.00
01-12-23,391047,852,01-23-23,3422,01-24-23,4,FA,2332,392,NN,Semillas,Convenio Syngenta Trigo,Trigo,$ 8400.00
01-12-23,391048,852,01-23-23,3421,01-24-23,4,FA,2332,392,NN,Semillas,Convenio Syngenta Trigo,Trigo,$ 8400.00
01-12-23,391049,852,01-23-23,3420,01-24-23,4,FA,2332,392,NN,Semillas,Convenio Syngenta Trigo,Trigo,$ 8400.00
01-12-23,391050,852,01-23-23,3419,01-24-23,4,FA,2332,392,NN,Semillas,Convenio Syngenta Trigo,Trigo,$ 8400.00
01-12-23,391051,852,01-23-23,3418,01-24-23,4,FA,2332,392,NN,Semillas,Convenio Syngenta Trigo,Trigo,$ 8400.00
01-12-23,391052,852,01-23-23,3417,01-24-23,4,FA,2332,392,NN,Semillas,Convenio Syngenta Trigo,Trigo,$ 8400.00
01-12-23,391053,852,01-23-23,3416,01-24-23,4,FA,2332,392,NN,Semillas,Convenio Syngenta Trigo,Trigo,$ 8400.00
01-12-23,391054,852,01-23-23,3415,01-24-23,4,FA,2332,392,NN,Semillas,Convenio Syngenta Trigo,Trigo,$ 8400.00
01-12-23,391055,852,01-23-23,3414,01-24-23,4,FA,2332,392,NN,Semillas,Convenio Syngenta Trigo,Trigo,$ 8400.00
01-12-23,391056,852,01-23-23,3413,01-24-23,4,FA,2332,392,NN,Semillas,Convenio Syngenta Trigo,Trigo,$ 8400.00
01-12-23,391057,852,01-23-23,3412,01-24-23,4,FA,2332,392,NN,Semillas,Convenio Syngenta Trigo,Trigo,$ 8400.00
01-12-23,391058,852,01-23-23,3411,01-24-23,4,FA,2332,392,NN,Semillas,Convenio Syngenta Trigo,Trigo,$ 8400.00
01-17-23,391279,853,01-18-23,3393,01-20-23,4,FA,2330,104,NN,Semillas,Avena Strigosa,Avena Strigosa,$ 5400.00
02-01-23,391529,858,02-03-23,3433,02-03-23,4,FA,2342,5029,NN,Semillas,Fuerza Total,Maíz,$ 7900.00
01-31-23,391534,856,02-02-23,3431,02-02-23,4,FA,2341,1328,NN,Semillas,Gatton Panic,Gatton Panic,$ 7400.00
02-01-23,391705,857,02-22-23,3439,02-24-23,4,FA,2357,104,NN,Semillas,Fuerza Total,Vicia,$ 9500.00
02-01-23,391706,857,02-22-23,3438,02-24-23,4,FA,2357,104,NN,Semillas,Fuerza Total,Vicia,$ 9500.00
02-01-23,391707,857,02-22-23,3437,02-24-23,4,FA,2357,104,NN,Semillas,Fuerza Total,Vicia,$ 9500.00
02-01-23,391708,857,02-02-23,3432,02-03-23,4,FA,2343,104,NN,Semillas,Avena Blanca / Amarilla/ Byzantina,Avena Blanca / Amarilla/ Byzantina,$ 6500.00
02-10-23,391867,859,03-01-23,3442,02-28-23,4,FA,2363,772,NN,Semillas,Semilla Vital,Alfalfa,$ 13000.00
02-10-23,391868,860,02-17-23,3435,02-24-23,4,FA,2362,1136,NN,Semillas,Fuerza Total,Maíz,$ 9500.00
02-14-23,391877,861,02-27-23,3447,03-01-23,4,FA,2368,4673,NN,Semillas,Fuerza Total,Alfalfa,$ 9500.00
02-14-23,391878,861,02-27-23,3446,03-01-23,4,FA,2368,4673,NN,Semillas,Fuerza Total,Alfalfa,$ 9500.00
02-14-23,391879,861,02-27-23,3445,03-01-23,4,FA,2368,4673,NN,Semillas,Fuerza Total,Alfalfa,$ 9500.00
02-16-23,391984,863,03-02-23,3451,03-09-23,4,FA,2376,104,NN,Semillas,Melilotus Albus,Melilotus Albus,$ 17300.00
02-16-23,391985,863,03-02-23,3450,03-09-23,4,FA,2376,104,NN,Semillas,Melilotus Albus,Melilotus Albus,$ 17300.00
02-16-23,391986,863,03-02-23,3449,03-09-23,4,FA,2376,104,NN,Semillas,Melilotus Albus,Melilotus Albus,$ 17300.00
02-16-23,391987,863,03-02-23,3448,03-09-23,4,FA,2376,104,NN,Semillas,Melilotus Albus,Melilotus Albus,$ 17300.00
02-17-23,392060,864,02-24-23,3441,02-28-23,4,FA,2364,5031,NN,Semillas,Fuerza Total,Maíz,$ 9500.00
02-17-23,392061,864,02-24-23,3440,02-28-23,4,FA,2364,5031,NN,Semillas,Fuerza Total,Maíz,$ 9500.00
02-23-23,392232,865,03-06-23,3465,03-09-23,4,FA,2375,522,NN,Semillas,Convenio Syngenta Trigo,Trigo,$ 8400.00
02-23-23,392233,865,03-06-23,3464,03-09-23,4,FA,2375,522,NN,Semillas,Convenio Syngenta Trigo,Trigo,$ 8400.00
02-23-23,392234,865,03-06-23,3463,03-09-23,4,FA,2375,522,NN,Semillas,Convenio Syngenta Trigo,Trigo,$ 8400.00
02-23-23,392235,865,03-06-23,3462,03-09-23,4,FA,2375,522,NN,Semillas,Convenio Syngenta Trigo,Trigo,$ 8400.00
02-23-23,392236,865,03-06-23,3461,03-09-23,4,FA,2375,522,NN,Semillas,Convenio Syngenta Trigo,Trigo,$ 8400.00
02-23-23,392237,865,03-06-23,3460,03-09-23,4,FA,2375,522,NN,Semillas,Convenio Syngenta Trigo,Trigo,$ 8400.00
02-23-23,392238,865,03-06-23,3459,03-09-23,4,FA,2375,522,NN,Semillas,Convenio Syngenta Trigo,Trigo,$ 8400.00
02-23-23,392239,865,03-06-23,3458,03-09-23,4,FA,2375,522,NN,Semillas,Convenio Syngenta Trigo,Trigo,$ 8400.00
02-23-23,392240,865,03-06-23,3457,03-09-23,4,FA,2375,522,NN,Semillas,Convenio Syngenta Trigo,Trigo,$ 8400.00
02-23-23,392241,865,03-06-23,3456,03-09-23,4,FA,2375,522,NN,Semillas,Convenio Syngenta Trigo,Trigo,$ 8400.00
02-23-23,392242,865,03-06-23,3455,03-09-23,4,FA,2375,522,NN,Semillas,Convenio Syngenta Trigo,Trigo,$ 8400.00
02-23-23,392243,865,03-06-23,3454,03-09-23,4,FA,2375,522,NN,Semillas,Convenio Syngenta Trigo,Trigo,$ 8400.00
02-23-23,392244,865,03-06-23,3453,03-09-23,4,FA,2375,522,NN,Semillas,Convenio Syngenta Trigo,Trigo,$ 8400.00
02-23-23,392245,865,03-06-23,3452,03-09-23,4,FA,2375,522,NN,Semillas,Convenio Syngenta Trigo,Trigo,$ 8400.00
02-27-23,392249,867,03-07-23,3468,03-09-23,4,FA,2373,4557,NN,Semillas,Arveja,Arveja,$ 7000.00
02-27-23,392250,867,03-07-23,3467,03-09-23,4,FA,2373,4557,NN,Semillas,Arveja,Arveja,$ 7000.00
02-27-23,392261,868,03-08-23,3473,03-09-23,4,FA,2371,2853,NN,Semillas,Fuerza Total,Garbanzo,$ 9500.00
02-27-23,392262,868,03-08-23,3472,03-09-23,4,FA,2371,2853,NN,Semillas,Fuerza Total Curado,Garbanzo,$ 10800.00
02-27-23,392265,869,03-14-23,3484,03-14-23,4,FA,2380,1518,NN,Semillas,Alfalfa,Alfalfa,$ 7000.00
02-28-23,392266,870,03-09-23,3477,03-14-23,4,FA,2378,4557,NN,Semillas,Centeno,Centeno,$ 7000.00
02-28-23,392267,870,03-09-23,3476,03-14-23,4,FA,2378,4557,NN,Semillas,Centeno,Centeno,$ 7000.00
02-28-23,392268,870,03-09-23,3475,03-14-23,4,FA,2378,4557,NN,Semillas,Centeno,Centeno,$ 7000.00
02-28-23,392269,870,03-09-23,3474,03-14-23,4,FA,2378,4557,NN,Semillas,Centeno,Centeno,$ 7000.00
03-01-23,392270,870,03-13-23,3482,03-14-23,4,FA,2382,4557,NN,Semillas,Centeno,Centeno,$ 7000.00
02-28-23,392271,871,03-08-23,3471,03-09-23,4,FA,2373,4557,NN,Semillas,Doble Poder X2,Arveja,$ 13000.00
02-28-23,392272,871,03-08-23,3470,03-09-23,4,FA,2373,4557,NN,Semillas,Doble Poder X2,Arveja,$ 13000.00
02-28-23,392273,871,03-08-23,3469,03-09-23,4,FA,2373,4557,NN,Semillas,Doble Poder X2,Arveja,$ 13000.00
02-28-23,392274,871,03-17-23,3496,03-20-23,4,FA,2387,4557,NN,Semillas,Vicia,Vicia,$ 7000.00
02-28-23,392431,873,03-13-23,3481,03-14-23,4,FA,2379,104,NN,Semillas,Fuerza Total,Centeno,$ 9500.00
02-28-23,392432,873,03-13-23,3480,03-14-23,4,FA,2379,104,NN,Semillas,Fuerza Total,Centeno,$ 9500.00
02-28-23,392433,873,03-13-23,3479,03-14-23,4,FA,2379,104,NN,Semillas,Fuerza Total,Centeno,$ 9500.00
02-28-23,392434,873,03-13-23,3478,03-14-23,4,FA,2379,104,NN,Semillas,Fuerza Total,Centeno,$ 9500.00
03-01-23,392444,883,03-28-23,3518,03-30-23,4,FA,2407,354,NN,Semillas,Fuerza Total,Soja,$ 9500.00
03-01-23,392445,875,03-13-23,3483,03-14-23,4,FA,2381,3337,NN,Semillas,Fuerza Total,Trigo,$ 9500.00
03-01-23,392446,875,03-16-23,3493,03-20-23,4,FA,2388,3337,NN,Semillas,Fuerza Total,Avena Blanca / Amarilla/ Byzantina,$ 9500.00
03-01-23,392447,874,03-14-23,3486,03-20-23,4,FA,2391,981,NN,Semillas,Fuerza Total,Trigo,$ 9500.00
03-01-23,392448,874,03-14-23,3485,03-20-23,4,FA,2391,981,NN,Semillas,Fuerza Total,Trigo,$ 9500.00
03-03-23,392688,876,03-14-23,3492,03-20-23,4,FA,2389,798,NN,Semillas,Trigo,Trigo,$ 7000.00
03-03-23,392689,876,03-14-23,3491,03-20-23,4,FA,2389,798,NN,Semillas,Trigo,Trigo,$ 7000.00
03-03-23,392690,876,03-14-23,3490,03-20-23,4,FA,2389,798,NN,Semillas,Trigo,Trigo,$ 7000.00
03-03-23,392691,876,03-14-23,3489,03-20-23,4,FA,2389,798,NN,Semillas,Trigo,Trigo,$ 7000.00
03-03-23,392692,876,03-14-23,3488,03-20-23,4,FA,2389,798,NN,Semillas,Trigo,Trigo,$ 7000.00
03-03-23,392693,876,03-14-23,3487,03-20-23,4,FA,2389,798,NN,Semillas,Trigo,Trigo,$ 7000.00
03-06-23,392699,877,03-17-23,3495,03-20-23,4,FA,2390,4738,NN,Semillas,Fuerza Total,Trigo,$ 9500.00
03-06-23,392700,877,03-17-23,3494,03-20-23,4,FA,2390,4738,NN,Semillas,Fuerza Total,Trigo,$ 9500.00
03-07-23,392701,878,03-22-23,3514,03-23-23,4,FA,2402,104,NN,Semillas,Sorgo,Sorgo,$ 7000.00
03-07-23,392702,878,03-22-23,3513,03-23-23,4,FA,2402,104,NN,Semillas,Sorgo,Sorgo,$ 7000.00
03-07-23,392703,878,03-22-23,3512,03-23-23,4,FA,2402,104,NN,Semillas,Sorgo,Sorgo,$ 7000.00
03-07-23,392704,878,03-22-23,3511,03-23-23,4,FA,2402,104,NN,Semillas,Sorgo,Sorgo,$ 7000.00
03-07-23,392705,878,03-22-23,3510,03-23-23,4,FA,2402,104,NN,Semillas,Sorgo,Sorgo,$ 7000.00
03-07-23,392706,878,03-22-23,3509,03-23-23,4,FA,2402,104,NN,Semillas,Sorgo,Sorgo,$ 7000.00
03-07-23,392707,878,03-22-23,3508,03-23-23,4,FA,2402,104,NN,Semillas,Sorgo,Sorgo,$ 7000.00
03-07-23,392708,878,03-22-23,3507,03-23-23,4,FA,2402,104,NN,Semillas,Sorgo,Sorgo,$ 7000.00
03-09-23,393450,879,03-21-23,3506,03-23-23,4,FA,2402,104,NN,Semillas,Fuerza Total,Centeno,$ 9500.00
03-09-23,393451,879,03-21-23,3505,03-23-23,4,FA,2402,104,NN,Semillas,Fuerza Total,Centeno,$ 9500.00
03-09-23,393452,879,03-21-23,3504,03-23-23,4,FA,2402,104,NN,Semillas,Fuerza Total,Centeno,$ 9500.00
03-09-23,393453,879,03-21-23,3503,03-23-23,4,FA,2402,104,NN,Semillas,Fuerza Total,Centeno,$ 9500.00
03-09-23,393454,879,03-21-23,3502,03-23-23,4,FA,2402,104,NN,Semillas,Fuerza Total,Centeno,$ 9500.00
03-09-23,393455,879,03-21-23,3501,03-23-23,4,FA,2402,104,NN,Semillas,Fuerza Total,Centeno,$ 9500.00
03-09-23,393456,879,03-21-23,3500,03-23-23,4,FA,2402,104,NN,Semillas,Fuerza Total,Centeno,$ 9500.00
03-09-23,393457,879,03-21-23,3499,03-23-23,4,FA,2402,104,NN,Semillas,Fuerza Total,Centeno,$ 9500.00
03-09-23,393458,879,03-21-23,3498,03-23-23,4,FA,2402,104,NN,Semillas,Fuerza Total,Centeno,$ 9500.00
03-09-23,393459,879,03-21-23,3497,03-23-23,4,FA,2402,104,NN,Semillas,Fuerza Total,Centeno,$ 9500.00
03-14-23,393803,881,03-23-23,3515,03-23-23,4,FA,2403,981,NN,Semillas,Fuerza Total,Trigo,$ 9500.00
03-17-23,394312,882,03-28-23,3520,03-30-23,4,FA,2411,187,NN,Semillas,Fuerza Total,Trigo,$ 9500.00
03-17-23,394313,882,03-28-23,3519,03-30-23,4,FA,2411,187,NN,Semillas,Fuerza Total Curado,Trigo,$ 10800.00
03-22-23,394785,884,04-05-23,3567,04-05-23,4,FA,2420,104,NN,Semillas,Grama Rhodes,Grama Rhodes,$ 8400.00
03-22-23,394786,884,04-05-23,3566,04-05-23,4,FA,2420,104,NN,Semillas,Grama Rhodes,Grama Rhodes,$ 8400.00
03-22-23,394787,884,04-05-23,3565,04-05-23,4,FA,2420,104,NN,Semillas,Grama Rhodes,Grama Rhodes,$ 8400.00
03-22-23,394788,884,04-05-23,3564,04-05-23,4,FA,2420,104,NN,Semillas,Grama Rhodes,Grama Rhodes,$ 8400.00
03-22-23,394789,884,04-05-23,3563,04-05-23,4,FA,2420,104,NN,Semillas,Grama Rhodes,Grama Rhodes,$ 8400.00
03-22-23,394790,884,04-05-23,3562,04-05-23,4,FA,2420,104,NN,Semillas,Grama Rhodes,Grama Rhodes,$ 8400.00
03-22-23,394791,885,04-05-23,3571,04-05-23,4,FA,2420,104,NN,Semillas,Sorgo,Sorgo,$ 7000.00
03-22-23,394792,885,04-05-23,3570,04-05-23,4,FA,2420,104,NN,Semillas,Sorgo,Sorgo,$ 7000.00
03-22-23,394793,885,04-05-23,3569,04-05-23,4,FA,2420,104,NN,Semillas,Sorgo,Sorgo,$ 7000.00
03-22-23,394794,885,04-05-23,3568,04-05-23,4,FA,2420,104,NN,Semillas,Sorgo,Sorgo,$ 7000.00
03-22-23,394795,886,04-03-23,3525,04-05-23,4,FA,2421,187,NN,Semillas,Fuerza Total,Centeno,$ 9500.00
03-23-23,394800,887,03-27-23,3517,03-30-23,4,FA,2406,664,NN,Semillas,Agropiro,Agropiro,$ 6500.00
03-23-23,394801,888,03-31-23,3523,04-05-23,4,FA,2418,4557,NN,Semillas,Garbanzo,Garbanzo,$ 7000.00
03-27-23,394888,889,04-04-23,3532,04-05-23,4,FA,2419,392,NN,Semillas,Trigo,Trigo,$ 17300.00
03-27-23,394889,889,04-04-23,3531,04-05-23,4,FA,2419,392,NN,Semillas,Trigo,Trigo,$ 17300.00
03-27-23,394890,889,04-04-23,3530,04-05-23,4,FA,2419,392,NN,Semillas,Trigo,Trigo,$ 17300.00
03-27-23,394891,889,04-04-23,3529,04-05-23,4,FA,2419,392,NN,Semillas,Trigo,Trigo,$ 17300.00
03-27-23,394892,889,04-04-23,3528,04-05-23,4,FA,2419,392,NN,Semillas,Trigo,Trigo,$ 17300.00
03-27-23,394893,889,04-04-23,3527,04-05-23,4,FA,2419,392,NN,Semillas,Trigo,Trigo,$ 17300.00
03-27-23,394894,889,04-04-23,3526,04-05-23,4,FA,2419,392,NN,Semillas,Trigo,Trigo,$ 17300.00
03-28-23,394895,892,03-28-23,3521,03-30-23,4,FA,2412,5034,NN,Semillas,Trigo,Trigo,$ 4300.00
03-28-23,394896,891,04-05-23,3561,04-05-23,4,FA,2423,2211,NN,Semillas,Fuerza Total,Trigo,$ 9500.00
03-28-23,395305,890,04-05-23,3560,04-05-23,4,FA,2419,392,NN,Semillas,Convenio Syngenta Trigo,Trigo,$ 12700.00
03-28-23,395306,890,04-05-23,3559,04-05-23,4,FA,2419,392,NN,Semillas,Convenio Syngenta Trigo,Trigo,$ 12700.00
03-28-23,395307,890,04-05-23,3558,04-05-23,4,FA,2419,392,NN,Semillas,Convenio Syngenta Trigo,Trigo,$ 12700.00
03-28-23,395308,890,04-05-23,3557,04-05-23,4,FA,2419,392,NN,Semillas,Convenio Syngenta Trigo,Trigo,$ 12700.00
03-28-23,395309,890,04-05-23,3556,04-05-23,4,FA,2419,392,NN,Semillas,Convenio Syngenta Trigo,Trigo,$ 12700.00
03-28-23,395457,890,04-05-23,3555,04-05-23,4,FA,2419,392,NN,Semillas,Convenio Syngenta Trigo,Trigo,$ 12700.00
03-28-23,395458,890,04-05-23,3554,04-05-23,4,FA,2419,392,NN,Semillas,Convenio Syngenta Trigo,Trigo,$ 12700.00
03-28-23,395459,890,04-05-23,3553,04-05-23,4,FA,2419,392,NN,Semillas,Convenio Syngenta Trigo,Trigo,$ 12700.00
03-28-23,395460,890,04-05-23,3552,04-05-23,4,FA,2419,392,NN,Semillas,Convenio Syngenta Trigo,Trigo,$ 12700.00
03-28-23,395461,890,04-05-23,3551,04-05-23,4,FA,2419,392,NN,Semillas,Convenio Syngenta Trigo,Trigo,$ 12700.00
03-28-23,395462,890,04-05-23,3550,04-05-23,4,FA,2419,392,NN,Semillas,Convenio Syngenta Trigo,Trigo,$ 12700.00
03-28-23,395463,890,04-05-23,3549,04-05-23,4,FA,2419,392,NN,Semillas,Convenio Syngenta Trigo,Trigo,$ 12700.00
03-28-23,395464,890,04-05-23,3548,04-05-23,4,FA,2419,392,NN,Semillas,Convenio Syngenta Trigo,Trigo,$ 12700.00
03-28-23,395465,890,04-05-23,3547,04-05-23,4,FA,2419,392,NN,Semillas,Convenio Syngenta Trigo,Trigo,$ 12700.00
03-28-23,395466,890,04-05-23,3546,04-05-23,4,FA,2419,392,NN,Semillas,Convenio Syngenta Trigo,Trigo,$ 12700.00
03-28-23,395467,890,04-05-23,3545,04-05-23,4,FA,2419,392,NN,Semillas,Convenio Syngenta Trigo,Trigo,$ 12700.00
03-28-23,395468,890,04-05-23,3544,04-05-23,4,FA,2419,392,NN,Semillas,Convenio Syngenta Trigo,Trigo,$ 12700.00
03-28-23,395469,890,04-05-23,3543,04-05-23,4,FA,2419,392,NN,Semillas,Convenio Syngenta Trigo,Trigo,$ 12700.00
03-28-23,395470,890,04-05-23,3542,04-05-23,4,FA,2419,392,NN,Semillas,Convenio Syngenta Trigo,Trigo,$ 12700.00
03-28-23,395471,890,04-05-23,3541,04-05-23,4,FA,2419,392,NN,Semillas,Convenio Syngenta Trigo,Trigo,$ 12700.00
03-28-23,395472,890,04-05-23,3540,04-05-23,4,FA,2419,392,NN,Semillas,Convenio Syngenta Trigo,Trigo,$ 12700.00
03-28-23,395473,890,04-05-23,3539,04-05-23,4,FA,2419,392,NN,Semillas,Convenio Syngenta Trigo,Trigo,$ 12700.00
03-28-23,395474,890,04-05-23,3538,04-05-23,4,FA,2419,392,NN,Semillas,Convenio Syngenta Trigo,Trigo,$ 12700.00
03-28-23,395475,890,04-05-23,3537,04-05-23,4,FA,2419,392,NN,Semillas,Convenio Syngenta Trigo,Trigo,$ 12700.00
03-28-23,395476,890,04-05-23,3536,04-05-23,4,FA,2419,392,NN,Semillas,Convenio Syngenta Trigo,Trigo,$ 12700.00
03-28-23,395477,890,04-05-23,3535,04-05-23,4,FA,2419,392,NN,Semillas,Convenio Syngenta Trigo,Trigo,$ 12700.00
03-28-23,395478,890,04-05-23,3534,04-05-23,4,FA,2419,392,NN,Semillas,Convenio Syngenta Trigo,Trigo,$ 12700.00
03-28-23,395479,890,04-05-23,3533,04-05-23,4,FA,2419,392,NN,Semillas,Convenio Syngenta Trigo,Trigo,$ 12700.00
03-28-23,395480,894,04-10-23,3575,04-12-23,4,FA,2434,760,NN,Semillas,Convenio Syngenta Trigo,Trigo,$ 8400.00
03-28-23,395481,894,04-10-23,3574,04-12-23,4,FA,2434,760,NN,Semillas,Convenio Syngenta Trigo,Trigo,$ 8400.00
03-29-23,395482,895,03-30-23,3522,04-05-23,4,FA,2419,392,NN,Semillas,Soja,Soja,$ 8900.00
03-29-23,395552,896,04-10-23,3580,04-12-23,4,FA,2429,104,NN,Semillas,Fuerza Total,Avena Blanca / Amarilla/ Byzantina,$ 9500.00
03-29-23,395553,896,04-13-23,3612,04-17-23,4,FA,2443,104,NN,Semillas,Fuerza Total,Rye Grass Anual,$ 9500.00
03-29-23,395554,896,04-11-23,3581,04-12-23,4,FA,2429,104,NN,Semillas,Fuerza Total,Melilotus Albus,$ 9500.00
03-30-23,395556,898,04-11-23,3584,04-12-23,4,FA,2426,700,NN,Semillas,Trigo,Trigo,$ 7000.00
03-30-23,395557,898,04-11-23,3583,04-12-23,4,FA,2426,700,NN,Semillas,Trigo,Trigo,$ 7000.00
03-30-23,395558,898,04-11-23,3582,04-12-23,4,FA,2426,700,NN,Semillas,Trigo,Trigo,$ 7000.00
03-30-23,395759,897,04-05-23,3573,04-12-23,4,FA,2424,354,NN,Semillas,Fuerza Total,Soja,$ 9500.00
03-30-23,395901,898,04-11-23,3586,04-12-23,4,FA,2426,700,NN,Semillas,Trigo,Trigo,$ 7000.00
03-30-23,395902,898,04-11-23,3585,04-12-23,4,FA,2426,700,NN,Semillas,Trigo,Trigo,$ 7000.00
03-30-23,395903,899,04-10-23,3576,04-12-23,4,FA,2427,2888,NN,Semillas,Centeno,Centeno,$ 7000.00
03-31-23,395941,900,04-11-23,3588,04-12-23,4,FA,2425,392,NN,Semillas,Fuerza Total,Trigo,$ 9500.00
03-31-23,395942,900,04-11-23,3587,04-12-23,4,FA,2425,392,NN,Semillas,Fuerza Total,Trigo,$ 9500.00
03-31-23,395943,901,04-05-23,3572,04-12-23,4,FA,2425,392,NN,Semillas,Soja,Soja,$ 7000.00
03-31-23,395944,902,04-11-23,3589,04-12-23,4,FA,2434,760,NN,Semillas,Fuerza Total,Trigo,$ 9500.00
03-31-23,395945,902,04-10-23,3579,04-12-23,4,FA,2434,760,NN,Semillas,Fuerza Total,Trigo,$ 9500.00
03-31-23,395946,902,04-10-23,3578,04-12-23,4,FA,2434,760,NN,Semillas,Fuerza Total,Trigo,$ 9500.00
03-31-23,395947,902,04-10-23,3577,04-12-23,4,FA,2434,760,NN,Semillas,Fuerza Total,Trigo,$ 9500.00
03-31-23,395948,902,04-11-23,3591,04-12-23,4,FA,2434,760,NN,Semillas,Fuerza Total,Trigo,$ 9500.00
03-31-23,395949,902,04-11-23,3590,04-12-23,4,FA,2434,760,NN,Semillas,Fuerza Total,Trigo,$ 9500.00
03-31-23,395950,903,04-11-23,3592,04-12-23,4,FA,2428,1864,NN,Semillas,Fuerza Total,Trigo,$ 9500.00
04-03-23,396094,904,04-11-23,3594,04-12-23,4,FA,2430,4943,NN,Semillas,Soja,Soja,$ 7000.00
04-03-23,396095,904,04-11-23,3593,04-12-23,4,FA,2430,4943,NN,Semillas,Soja,Soja,$ 7000.00
04-04-23,396096,905,04-20-23,3625,04-20-23,4,FA,2459,104,NN,Semillas,Fuerza Total,Rye Grass Anual,$ 9500.00
04-04-23,396097,905,04-20-23,3624,04-20-23,4,FA,2459,104,NN,Semillas,Fuerza Total,Rye Grass Anual,$ 9500.00
04-04-23,396098,906,04-17-23,3615,04-20-23,4,FA,2454,1779,NN,Semillas,Trigo,Trigo,$ 7000.00
04-04-23,396099,906,04-13-23,3614,04-17-23,4,FA,2441,1779,NN,Semillas,Trigo,Trigo,$ 7000.00
04-04-23,396100,907,04-13-23,3613,04-17-23,4,FA,2440,4762,NN,Semillas,Trigo,Trigo,$ 7000.00
04-05-23,396267,908,04-12-23,3607,04-17-23,4,FA,2438,4557,NN,Semillas,Trigo,Trigo,$ 7000.00
04-05-23,396268,908,04-12-23,3606,04-17-23,4,FA,2438,4557,NN,Semillas,Doble Poder X2,Trigo,$ 13000.00
04-05-23,396269,908,04-12-23,3605,04-17-23,4,FA,2438,4557,NN,Semillas,Trigo,Trigo,$ 7000.00
04-05-23,396270,908,04-12-23,3604,04-17-23,4,FA,2438,4557,NN,Semillas,Trigo,Trigo,$ 7000.00
04-05-23,396271,908,04-12-23,3603,04-17-23,4,FA,2438,4557,NN,Semillas,Trigo,Trigo,$ 7000.00
04-05-23,396272,908,04-12-23,3602,04-17-23,4,FA,2438,4557,NN,Semillas,Trigo,Trigo,$ 7000.00
04-05-23,396273,908,04-12-23,3601,04-17-23,4,FA,2438,4557,NN,Semillas,Doble Poder X2,Trigo,$ 13000.00
04-05-23,396274,908,04-12-23,3600,04-17-23,4,FA,2438,4557,NN,Semillas,Trigo,Trigo,$ 7000.00
04-05-23,396275,908,04-12-23,3599,04-17-23,4,FA,2438,4557,NN,Semillas,Doble Poder X2,Trigo,$ 13000.00
04-05-23,396276,908,04-12-23,3598,04-17-23,4,FA,2438,4557,NN,Semillas,Trigo,Trigo,$ 7000.00
04-05-23,396277,908,04-12-23,3597,04-17-23,4,FA,2438,4557,NN,Semillas,Doble Poder X2,Trigo,$ 13000.00
04-05-23,396278,908,04-12-23,3596,04-17-23,4,FA,2438,4557,NN,Semillas,Trigo,Trigo,$ 7000.00
04-05-23,396279,908,04-12-23,3595,04-17-23,4,FA,2438,4557,NN,Semillas,Doble Poder X2,Trigo,$ 13000.00
04-10-23,396284,909,04-18-23,3622,04-20-23,4,FA,2450,967,NN,Semillas,Fuerza Total,Soja,$ 10800.00
04-10-23,396285,909,04-18-23,3621,04-20-23,4,FA,2450,967,NN,Semillas,Fuerza Total,Soja,$ 10800.00
04-10-23,396286,909,04-18-23,3620,04-20-23,4,FA,2450,967,NN,Semillas,Fuerza Total,Soja,$ 10800.00
04-10-23,396287,909,04-18-23,3619,04-20-23,4,FA,2450,967,NN,Semillas,Fuerza Total,Soja,$ 10800.00
04-13-23,396288,910,04-13-23,3608,04-17-23,4,FA,2444,2892,NN,Semillas,Gatton Panic,Gatton Panic,$ 8900.00
04-10-23,396290,911,04-21-23,3630,04-26-23,4,FA,2469,1453,NN,Semillas,Trigo,Trigo,$ 4900.00
04-10-23,396320,913,04-18-23,3618,04-20-23,4,FA,2452,772,NN,Semillas,Fuerza Total,Soja,$ 10500.00
04-11-23,396492,914,04-19-23,3623,04-20-23,4,FA,2452,772,NN,Semillas,Semilla Vital Para Soja,Soja,$ 14300.00
04-11-23,396493,915,04-13-23,3611,04-17-23,4,FA,2436,1328,NN,Semillas,Gatton Panic,Gatton Panic,$ 9800.00
04-11-23,396494,915,04-13-23,3610,04-17-23,4,FA,2436,1328,NN,Semillas,Gatton Panic,Gatton Panic,$ 9800.00
04-11-23,396495,915,04-13-23,3609,04-17-23,4,FA,2436,1328,NN,Semillas,Gatton Panic,Gatton Panic,$ 9800.00
04-12-23,396523,916,04-20-23,3627,04-20-23,4,FA,2460,1171,NN,Semillas,Soja,Soja,$ 9900.00
04-12-23,396524,917,04-20-23,3629,04-20-23,4,FA,2455,9000,NN,Semillas,Soja,Soja,$ 9900.00
04-12-23,396525,917,04-20-23,3628,04-20-23,4,FA,2455,9000,NN,Semillas,Soja,Soja,$ 9900.00
04-12-23,396526,918,04-20-23,3626,04-20-23,4,FA,2456,2677,NN,Semillas,Soja,Soja,$ 9900.00
04-12-23,396527,919,04-21-23,3635,04-26-23,4,FA,2470,9261,NN,Semillas,Convenio Syngenta Trigo,Trigo,$ 8400.00
04-12-23,396528,919,04-21-23,3634,04-26-23,4,FA,2470,9261,NN,Semillas,Convenio Syngenta Trigo,Trigo,$ 8400.00
04-12-23,396529,919,04-21-23,3633,04-26-23,4,FA,2470,9261,NN,Semillas,Convenio Syngenta Trigo,Trigo,$ 8400.00
04-12-23,396530,919,04-21-23,3632,04-26-23,4,FA,2470,9261,NN,Semillas,Convenio Syngenta Trigo,Trigo,$ 8400.00
04-12-23,396531,919,04-21-23,3631,04-26-23,4,FA,2470,9261,NN,Semillas,Convenio Syngenta Trigo,Trigo,$ 8400.00
04-13-23,396652,920,04-21-23,3639,04-26-23,4,FA,2467,3659,NN,Semillas,Garbanzo,Garbanzo,$ 7700.00
04-13-23,396653,920,04-21-23,3638,04-26-23,4,FA,2467,3659,NN,Semillas,Garbanzo,Garbanzo,$ 7700.00
04-13-23,396654,920,04-21-23,3637,04-26-23,4,FA,2467,3659,NN,Semillas,Garbanzo,Garbanzo,$ 7700.00
04-13-23,396655,920,04-21-23,3636,04-26-23,4,FA,2467,3659,NN,Semillas,Garbanzo,Garbanzo,$ 7700.00
04-19-23,396687,921,04-27-23,3652,05-03-23,4,FA,2475,3875,NN,Semillas,Soja,Soja,$ 7700.00
04-19-23,396688,921,04-27-23,3651,05-03-23,4,FA,2475,3875,NN,Semillas,Soja,Soja,$ 7700.00
04-19-23,396689,922,04-27-23,3654,05-11-23,4,FA,2509,1856,NN,Semillas,Fuerza Total Curado,Garbanzo,$ 11900.00
04-19-23,396690,922,04-27-23,3653,05-11-23,4,FA,2509,1856,NN,Semillas,Fuerza Total Curado,Garbanzo,$ 11900.00
04-19-23,396691,922,05-08-23,3707,05-11-23,4,FA,2509,1856,NN,Semillas,Fuerza Total Curado,Garbanzo,$ 11900.00
04-19-23,396692,922,05-08-23,3706,05-11-23,4,FA,2509,1856,NN,Semillas,Fuerza Total Curado,Garbanzo,$ 11900.00
04-19-23,396693,923,05-04-23,3685,05-08-23,4,FA,2497,104,NN,Semillas,Fuerza Total,Rye Grass Anual,$ 10500.00
04-19-23,396694,923,05-04-23,3684,05-08-23,4,FA,2497,104,NN,Semillas,Fuerza Total,Rye Grass Anual,$ 10500.00
04-19-23,396695,923,05-04-23,3686,05-08-23,4,FA,2497,104,NN,Semillas,Fuerza Total,Sorgo,$ 10500.00
04-20-23,396699,924,05-03-23,3672,05-04-23,4,FA,2483,392,NN,Semillas,Convenio Syngenta Trigo,Trigo,$ 8400.00
04-20-23,396700,924,05-03-23,3671,05-04-23,4,FA,2483,392,NN,Semillas,Convenio Syngenta Trigo,Trigo,$ 8400.00
04-20-23,396701,924,05-03-23,3670,05-04-23,4,FA,2483,392,NN,Semillas,Convenio Syngenta Trigo,Trigo,$ 8400.00
04-20-23,396702,924,05-03-23,3669,05-04-23,4,FA,2483,392,NN,Semillas,Convenio Syngenta Trigo,Trigo,$ 8400.00
04-20-23,396703,924,05-03-23,3668,05-04-23,4,FA,2483,392,NN,Semillas,Convenio Syngenta Trigo,Trigo,$ 8400.00
04-20-23,396704,924,05-03-23,3667,05-04-23,4,FA,2483,392,NN,Semillas,Convenio Syngenta Trigo,Trigo,$ 8400.00
04-20-23,396705,924,05-03-23,3666,05-04-23,4,FA,2483,392,NN,Semillas,Convenio Syngenta Trigo,Trigo,$ 8400.00
04-20-23,396706,924,05-03-23,3665,05-04-23,4,FA,2483,392,NN,Semillas,Convenio Syngenta Trigo,Trigo,$ 3500.00
04-20-23,396707,925,04-28-23,3656,05-03-23,4,FA,2476,392,NN,Semillas,Trigo,Trigo,$ 19000.00
04-20-23,396708,926,04-28-23,3658,05-03-23,4,FA,2481,4329,NN,Semillas,Soja,Soja,$ 7700.00
04-20-23,396709,927,04-28-23,3657,05-03-23,4,FA,2477,760,NN,Semillas,Fuerza Total,Soja,$ 10500.00
04-24-23,396714,928,04-26-23,3650,04-26-23,4,FA,2465,1328,NN,Semillas,Gatton Panic,Gatton Panic,$ 9800.00
04-24-23,396715,928,04-26-23,3649,04-26-23,4,FA,2465,1328,NN,Semillas,Gatton Panic,Gatton Panic,$ 9800.00
04-24-23,396716,928,04-26-23,3648,04-26-23,4,FA,2465,1328,NN,Semillas,Gatton Panic,Gatton Panic,$ 9800.00
04-24-23,396717,928,04-26-23,3647,04-26-23,4,FA,2465,1328,NN,Semillas,Gatton Panic,Gatton Panic,$ 9800.00
04-24-23,396718,928,04-26-23,3646,04-26-23,4,FA,2465,1328,NN,Semillas,Gatton Panic,Gatton Panic,$ 9800.00
04-24-23,396719,928,04-26-23,3645,04-26-23,4,FA,2465,1328,NN,Semillas,Gatton Panic,Gatton Panic,$ 9800.00
04-24-23,396720,928,04-26-23,3644,04-26-23,4,FA,2465,1328,NN,Semillas,Gatton Panic,Gatton Panic,$ 9800.00
04-24-23,396721,928,04-26-23,3643,04-26-23,4,FA,2465,1328,NN,Semillas,Gatton Panic,Gatton Panic,$ 9800.00
04-24-23,396722,928,04-26-23,3642,04-26-23,4,FA,2465,1328,NN,Semillas,Gatton Panic,Gatton Panic,$ 9800.00
04-24-23,396723,928,04-26-23,3641,04-26-23,4,FA,2465,1328,NN,Semillas,Gatton Panic,Gatton Panic,$ 9800.00
04-24-23,396736,930,05-02-23,3664,05-04-23,4,FA,2482,1311,NN,Semillas,Doble Poder X2,Soja,$ 14300.00
04-26-23,396737,933,05-02-23,3660,05-04-23,4,FB,59,2045,NN,Semillas,Fuerza Total Curado,Soja,$ 11900.00
04-24-23,396738,929,04-25-23,3640,04-26-23,4,FA,2468,4610,NN,Semillas,Soja,Soja,$ 9500.00
04-24-23,396852,930,05-02-23,3663,05-04-23,4,FA,2482,1311,NN,Semillas,Doble Poder X2,Soja,$ 14300.00
04-24-23,396853,930,05-02-23,3662,05-04-23,4,FA,2482,1311,NN,Semillas,Doble Poder X2,Soja,$ 14300.00
04-24-23,396854,930,05-02-23,3661,05-04-23,4,FA,2482,1311,NN,Semillas,Doble Poder X2,Soja,$ 14300.00
04-25-23,396856,932,05-03-23,3674,05-04-23,4,FA,2489,328,NN,Semillas,Trigo,Trigo,$ 7700.00
04-25-23,396857,932,05-03-23,3673,05-04-23,4,FA,2489,328,NN,Semillas,Trigo,Trigo,$ 7700.00
04-26-23,396858,934,04-27-23,3655,05-03-23,4,FA,2474,4557,NN,Semillas,Soja,Soja,$ 9800.00
04-26-23,396859,935,05-03-23,3678,05-04-23,4,FA,2488,981,NN,Semillas,Fuerza Total,Soja,$ 10500.00
04-26-23,396860,935,05-03-23,3677,05-04-23,4,FA,2488,981,NN,Semillas,Fuerza Total,Soja,$ 10500.00
04-26-23,396861,935,05-03-23,3676,05-04-23,4,FA,2488,981,NN,Semillas,Fuerza Total,Soja,$ 10500.00
04-26-23,396862,935,05-03-23,3675,05-04-23,4,FA,2488,981,NN,Semillas,Fuerza Total,Soja,$ 10500.00
04-26-23,396872,936,05-03-23,3680,05-04-23,4,FA,2484,2861,NN,Semillas,Soja,Soja,$ 16000.00
04-26-23,396873,936,05-03-23,3679,05-04-23,4,FA,2484,2861,NN,Semillas,Soja,Soja,$ 16000.00
04-27-23,396966,937,05-05-23,3690,05-08-23,4,FA,2502,981,NN,Semillas,Fuerza Total,Soja,$ 10500.00
04-28-23,396976,942,05-05-23,3689,05-08-23,4,FA,2495,4329,NN,Semillas,Soja,Soja,$ 17200.00
04-28-23,396977,942,05-05-23,3688,05-08-23,4,FA,2495,4329,NN,Semillas,Soja,Soja,$ 17200.00
04-28-23,396978,942,05-05-23,3687,05-08-23,4,FA,2495,4329,NN,Semillas,Soja,Soja,$ 17200.00
04-28-23,396979,942,05-09-23,3708,05-11-23,4,FA,2511,4329,NN,Semillas,Centeno,Centeno,$ 7700.00
04-28-23,396980,938,05-05-23,3692,05-08-23,4,FA,2493,760,NN,Semillas,Fuerza Total,Soja,$ 10500.00
04-28-23,396981,938,05-05-23,3691,05-08-23,4,FA,2493,760,NN,Semillas,Fuerza Total,Soja,$ 10500.00
04-28-23,396982,939,05-05-23,3699,05-08-23,4,FA,2492,392,NN,Semillas,Soja,Soja,$ 16000.00
04-28-23,396983,939,05-05-23,3698,05-08-23,4,FA,2492,392,NN,Semillas,Soja,Soja,$ 16000.00
04-28-23,396984,939,05-05-23,3697,05-08-23,4,FA,2492,392,NN,Semillas,Soja,Soja,$ 16000.00
04-28-23,396985,940,05-05-23,3703,05-08-23,4,FA,2492,392,NN,Semillas,Fuerza Total,Trigo,$ 10500.00
04-28-23,396986,941,05-05-23,3695,05-08-23,4,FA,2492,392,NN,Semillas,Soja,Soja,$ 7700.00
04-28-23,396987,941,05-05-23,3694,05-08-23,4,FA,2492,392,NN,Semillas,Soja,Soja,$ 7700.00
04-28-23,396988,941,05-05-23,3693,05-08-23,4,FA,2492,392,NN,Semillas,Soja,Soja,$ 7700.00
04-28-23,396990,943,05-05-23,3702,05-08-23,4,FA,2502,981,NN,Semillas,Fuerza Total,Trigo,$ 10500.00
05-05-23,396991,954,05-05-23,3701,05-08-23,4,FA,2496,5057,NN,Semillas,Soja,Soja,$ 7700.00
05-05-23,396992,954,05-05-23,3700,05-08-23,4,FA,2496,5057,NN,Semillas,Soja,Soja,$ 7700.00
04-28-23,396995,944,05-05-23,3696,05-08-23,4,FA,2490,1161,NN,Semillas,Fuerza Total,Soja,$ 10500.00
04-28-23,396996,945,05-10-23,3709,05-11-23,4,FA,2504,3920,NN,Semillas,Fuerza Total Curado,Soja,$ 11900.00
05-05-23,396997,955,05-10-23,3710,05-11-23,4,FA,2507,5058,NN,Semillas,Fuerza Total,Soja,$ 10500.00
05-02-23,396998,946,05-10-23,3712,05-11-23,4,FA,2512,1453,NN,Semillas,Soja,Soja,$ 9900.00
05-02-23,396999,946,05-10-23,3711,05-11-23,4,FA,2512,1453,NN,Semillas,Soja,Soja,$ 9900.00
05-03-23,397000,949,05-11-23,3724,05-11-23,4,FA,2506,392,NN,Semillas,Soja,Soja,$ 7700.00
05-03-23,397002,947,05-11-23,3725,05-11-23,4,FA,2508,2296,NN,Semillas,Fuerza Total,Soja,$ 10500.00
05-03-23,397003,948,05-11-23,3727,05-11-23,4,FA,2503,3225,NN,Semillas,Doble Poder X2,Soja,$ 14300.00
05-03-23,397004,948,05-11-23,3726,05-11-23,4,FA,2503,3225,NN,Semillas,Doble Poder X2,Soja,$ 14300.00
05-03-23,397005,949,05-11-23,3723,05-11-23,4,FA,2506,392,NN,Semillas,Soja,Soja,$ 7700.00
05-03-23,397006,949,05-11-23,3722,05-11-23,4,FA,2506,392,NN,Semillas,Soja,Soja,$ 7700.00
05-03-23,397007,949,05-11-23,3721,05-11-23,4,FA,2506,392,NN,Semillas,Soja,Soja,$ 7700.00
05-03-23,397008,949,05-11-23,3720,05-11-23,4,FA,2506,392,NN,Semillas,Soja,Soja,$ 7700.00
05-03-23,397009,949,05-11-23,3719,05-11-23,4,FA,2506,392,NN,Semillas,Soja,Soja,$ 7700.00
05-03-23,397010,949,05-11-23,3718,05-11-23,4,FA,2506,392,NN,Semillas,Soja,Soja,$ 7700.00
05-03-23,397011,949,05-11-23,3717,05-11-23,4,FA,2506,392,NN,Semillas,Soja,Soja,$ 7700.00
05-03-23,397012,949,05-11-23,3716,05-11-23,4,FA,2506,392,NN,Semillas,Soja,Soja,$ 7700.00
05-03-23,397013,949,05-11-23,3715,05-11-23,4,FA,2506,392,NN,Semillas,Soja,Soja,$ 7700.00
05-03-23,397014,949,05-11-23,3714,05-11-23,4,FA,2506,392,NN,Semillas,Soja,Soja,$ 7700.00
05-03-23,397015,950,05-03-23,3683,05-04-23,4,FA,2483,392,NN,Semillas,Soja,Soja,$ 9500.00
05-03-23,397016,950,05-03-23,3682,05-04-23,4,FA,2483,392,NN,Semillas,Soja,Soja,$ 9500.00
05-03-23,397017,950,05-03-23,3681,05-04-23,4,FA,2483,392,NN,Semillas,Soja,Soja,$ 9500.00
05-04-23,397018,951,05-22-23,3729,05-15-23,4,FA,2517,4715,NN,Semillas,Soja,Soja,$ 19000.00
05-04-23,397018,951,05-22-23,3729,05-24-23,4,FA,2537,4715,NN,Semillas,Soja,Soja,$ 19000.00
05-04-23,397019,952,05-12-23,3728,05-15-23,4,FA,2515,4911,NN,Semillas,Fuerza Total Curado,Soja,$ 11900.00
05-04-23,397078,953,05-05-23,3705,05-08-23,4,FA,2491,4557,NN,Semillas,Soja,Soja,$ 9500.00
05-04-23,397079,953,05-05-23,3704,05-08-23,4,FA,2491,4557,NN,Semillas,Soja,Soja,$ 9500.00
05-08-23,397091,956,05-16-23,3747,05-19-23,4,FA,2523,967,NN,Semillas,Soja,Soja,$ 7700.00
05-08-23,397092,956,05-16-23,3746,05-19-23,4,FA,2523,967,NN,Semillas,Soja,Soja,$ 7700.00
05-08-23,397093,956,05-16-23,3745,05-19-23,4,FA,2523,967,NN,Semillas,Soja,Soja,$ 7700.00
05-08-23,397094,956,05-16-23,3744,05-19-23,4,FA,2523,967,NN,Semillas,Soja,Soja,$ 7700.00
05-09-23,397099,958,05-12-23,3735,05-15-23,4,FA,2513,1328,NN,Semillas,Gatton Panic,Gatton Panic,$ 9800.00
05-09-23,397100,958,05-12-23,3734,05-15-23,4,FA,2513,1328,NN,Semillas,Gatton Panic,Gatton Panic,$ 9800.00
05-09-23,397101,958,05-12-23,3733,05-15-23,4,FA,2513,1328,NN,Semillas,Gatton Panic,Gatton Panic,$ 9800.00
05-09-23,397102,958,05-12-23,3732,05-15-23,4,FA,2513,1328,NN,Semillas,Gatton Panic,Gatton Panic,$ 9800.00
05-09-23,397103,958,05-12-23,3731,05-15-23,4,FA,2513,1328,NN,Semillas,Gatton Panic,Gatton Panic,$ 9800.00
05-09-23,397104,958,05-12-23,3730,05-15-23,4,FA,2513,1328,NN,Semillas,Gatton Panic,Gatton Panic,$ 9800.00
05-09-23,397105,959,05-17-23,3748,05-19-23,4,FA,2525,4738,NN,Semillas,Fuerza Total Curado,Soja,$ 11900.00
05-09-23,397106,959,05-10-23,3713,05-11-23,4,FA,2510,4738,NN,Semillas,Soja,Soja,$ 9500.00
05-11-23,397107,965,05-17-23,3749,05-19-23,4,FA,2526,2361,NN,Semillas,Soja,Soja,$ 7700.00
05-10-23,397111,960,05-12-23,3742,05-15-23,4,FA,2514,1328,NN,Semillas,Gatton Panic,Gatton Panic,$ 9800.00
05-10-23,397112,960,05-12-23,3741,05-15-23,4,FA,2514,1328,NN,Semillas,Gatton Panic,Gatton Panic,$ 9800.00
05-10-23,397113,960,05-12-23,3740,05-15-23,4,FA,2514,1328,NN,Semillas,Gatton Panic,Gatton Panic,$ 9800.00
05-10-23,397114,960,05-12-23,3739,05-15-23,4,FA,2514,1328,NN,Semillas,Gatton Panic,Gatton Panic,$ 9800.00
05-10-23,397115,960,05-12-23,3738,05-15-23,4,FA,2514,1328,NN,Semillas,Gatton Panic,Gatton Panic,$ 9800.00
05-10-23,397116,960,05-12-23,3737,05-15-23,4,FA,2514,1328,NN,Semillas,Gatton Panic,Gatton Panic,$ 9800.00
05-10-23,397117,960,05-12-23,3736,05-15-23,4,FA,2514,1328,NN,Semillas,Gatton Panic,Gatton Panic,$ 9800.00
05-10-23,397124,961,05-18-23,3751,05-19-23,4,FA,2524,38,NN,Semillas,Doble Poder X2,Trigo,$ 14300.00
05-10-23,397125,961,05-19-23,3763,05-24-23,4,FA,2535,38,NN,Semillas,Doble Poder X2,Trigo,$ 14300.00
05-11-23,397134,962,05-19-23,3753,05-24-23,4,FA,2531,2853,NN,Semillas,Soja,Soja,$ 19000.00
05-11-23,397135,962,05-19-23,3752,05-24-23,4,FA,2531,2853,NN,Semillas,Soja,Soja,$ 19000.00
05-11-23,397136,962,05-19-23,3754,05-24-23,4,FA,2531,2853,NN,Semillas,Soja,Soja,$ 19000.00
05-11-23,397137,963,05-19-23,3755,05-24-23,4,FA,2536,4329,NN,Semillas,Soja,Soja,$ 7700.00
05-11-23,397138,963,05-19-23,3756,05-24-23,4,FA,2536,4329,NN,Semillas,Soja,Soja,$ 7700.00
05-11-23,397139,963,06-14-23,3895,06-22-23,4,FA,2596,4329,NN,Semillas,Gatton Panic,Gatton Panic,$ 9200.00
05-11-23,397140,964,05-19-23,3757,05-24-23,4,FA,2534,489,NN,Semillas,Soja,Soja,$ 7700.00
05-11-23,397231,966,05-19-23,3759,05-24-23,4,FA,2538,981,NN,Semillas,Fuerza Total,Soja,$ 10500.00
05-11-23,397232,966,05-19-23,3758,05-24-23,4,FA,2538,981,NN,Semillas,Fuerza Total,Soja,$ 10500.00
05-12-23,397233,967,05-19-23,3760,05-24-23,4,FA,2539,2308,NN,Semillas,Doble Poder X2,Trigo,$ 19000.00
05-12-23,397234,968,05-19-23,3762,05-24-23,4,FA,2532,908,NN,Semillas,Fuerza Total Curado,Soja,$ 11900.00
05-12-23,397235,968,05-19-23,3761,05-24-23,4,FA,2532,908,NN,Semillas,Fuerza Total Curado,Soja,$ 11900.00
05-12-23,397236,968,05-22-23,3764,05-24-23,4,FA,2532,908,NN,Semillas,Fuerza Total Curado,Soja,$ 11900.00
05-15-23,397240,969,05-23-23,3766,05-31-23,4,FA,2543,392,NN,Semillas,Soja,Soja,$ 7700.00
05-15-23,397241,969,05-23-23,3765,05-31-23,4,FA,2543,392,NN,Semillas,Soja,Soja,$ 7700.00
05-16-23,397244,971,05-18-23,3750,05-19-23,4,FA,2522,1328,NN,Semillas,Gatton Panic,Gatton Panic,$ 9800.00
05-17-23,397246,972,05-24-23,3771,05-31-23,4,FA,2540,5081,NN,Semillas,Soja,Soja,$ 7700.00
05-17-23,397247,972,05-24-23,3770,05-31-23,4,FA,2540,5081,NN,Semillas,Soja,Soja,$ 7700.00
05-17-23,397248,972,05-24-23,3769,05-31-23,4,FA,2540,5081,NN,Semillas,Soja,Soja,$ 7700.00
05-17-23,397252,973,06-21-23,3768,06-22-23,4,FA,2588,37,NN,Semillas,Agropiro,Agropiro,$ 7700.00
05-17-23,397257,974,05-24-23,3772,05-31-23,4,FA,2551,3276,NN,Semillas,Soja,Soja,$ 7700.00
05-18-23,397258,975,05-29-23,3805,05-31-23,4,FA,2549,4329,NN,Semillas,Semilla Vital,Centeno,$ 14300.00
05-18-23,397259,975,05-29-23,3804,05-31-23,4,FA,2549,4329,NN,Semillas,Semilla Vital,Centeno,$ 14300.00
05-19-23,397477,976,05-29-23,3800,05-31-23,4,FA,2553,4237,NN,Semillas,Convenio Syngenta Soja Completo,Soja,$ 8400.00
05-19-23,397478,976,05-29-23,3799,05-31-23,4,FA,2553,4237,NN,Semillas,Convenio Syngenta Soja Completo,Soja,$ 8400.00
05-19-23,397479,976,05-29-23,3798,05-31-23,4,FA,2553,4237,NN,Semillas,Convenio Syngenta Soja Completo,Soja,$ 8400.00
05-22-23,397480,977,05-29-23,3797,05-31-23,4,FA,2543,392,NN,Semillas,Fuerza Total,Soja,$ 10500.00
05-22-23,397481,977,05-29-23,3796,05-31-23,4,FA,2543,392,NN,Semillas,Fuerza Total,Soja,$ 10500.00
05-22-23,397482,977,05-29-23,3795,05-31-23,4,FA,2543,392,NN,Semillas,Fuerza Total,Soja,$ 10500.00
05-22-23,397483,977,05-29-23,3794,05-31-23,4,FA,2543,392,NN,Semillas,Fuerza Total,Soja,$ 10500.00
05-22-23,397484,977,05-29-23,3793,05-31-23,4,FA,2543,392,NN,Semillas,Fuerza Total,Soja,$ 10500.00
05-22-23,397485,977,05-29-23,3792,05-31-23,4,FA,2543,392,NN,Semillas,Fuerza Total,Soja,$ 10500.00
05-22-23,397486,977,05-29-23,3791,05-31-23,4,FA,2543,392,NN,Semillas,Fuerza Total,Soja,$ 10500.00
05-22-23,397487,977,05-29-23,3790,05-31-23,4,FA,2543,392,NN,Semillas,Fuerza Total,Soja,$ 10500.00
05-22-23,397488,977,05-29-23,3789,05-31-23,4,FA,2543,392,NN,Semillas,Fuerza Total,Soja,$ 10500.00
05-22-23,397489,977,05-29-23,3788,05-31-23,4,FA,2543,392,NN,Semillas,Fuerza Total,Soja,$ 10500.00
05-22-23,397490,977,05-29-23,3787,05-31-23,4,FA,2543,392,NN,Semillas,Fuerza Total,Soja,$ 10500.00
05-22-23,397491,977,05-29-23,3786,05-31-23,4,FA,2543,392,NN,Semillas,Fuerza Total,Soja,$ 10500.00
05-22-23,397492,977,05-29-23,3785,05-31-23,4,FA,2543,392,NN,Semillas,Fuerza Total,Soja,$ 10500.00
05-22-23,397493,977,05-29-23,3784,05-31-23,4,FA,2543,392,NN,Semillas,Fuerza Total,Soja,$ 10500.00
05-22-23,397494,977,05-29-23,3783,05-31-23,4,FA,2543,392,NN,Semillas,Fuerza Total,Soja,$ 10500.00
05-22-23,397495,977,05-29-23,3782,05-31-23,4,FA,2543,392,NN,Semillas,Fuerza Total,Soja,$ 10500.00
05-22-23,397521,978,05-24-23,3776,05-31-23,4,FA,2550,2892,NN,Semillas,Gatton Panic,Gatton Panic,$ 9800.00
05-22-23,397522,978,05-24-23,3775,05-31-23,4,FA,2550,2892,NN,Semillas,Gatton Panic,Gatton Panic,$ 9800.00
05-22-23,397523,978,05-24-23,3774,05-31-23,4,FA,2550,2892,NN,Semillas,Gatton Panic,Gatton Panic,$ 9800.00
05-22-23,397524,978,05-24-23,3773,05-31-23,4,FA,2550,2892,NN,Semillas,Gatton Panic,Gatton Panic,$ 9800.00
05-22-23,397530,979,05-29-23,3803,05-31-23,4,FA,2541,1161,NN,Semillas,Semilla Vital,Trigo,$ 14300.00
05-22-23,397531,979,05-29-23,3802,05-31-23,4,FA,2541,1161,NN,Semillas,Semilla Vital,Trigo,$ 14300.00
05-22-23,397532,979,05-29-23,3801,05-31-23,4,FA,2541,1161,NN,Semillas,Semilla Vital,Trigo,$ 14300.00
05-23-23,397534,984,05-29-23,3780,05-31-23,4,FA,2546,5082,NN,Semillas,Gatton Panic,Gatton Panic,$ 9800.00
05-23-23,397535,984,05-29-23,3779,05-31-23,4,FA,2546,5082,NN,Semillas,Gatton Panic,Gatton Panic,$ 9800.00
05-23-23,397536,984,05-29-23,3778,05-31-23,4,FA,2546,5082,NN,Semillas,Gatton Panic,Gatton Panic,$ 9800.00
05-29-23,397537,984,05-31-23,3812,05-31-23,4,FA,2546,5082,NN,Semillas,Gatton Panic,Gatton Panic,$ 9800.00
05-29-23,397538,984,05-31-23,3811,05-31-23,4,FA,2546,5082,NN,Semillas,Gatton Panic,Gatton Panic,$ 9800.00
05-29-23,397539,984,05-31-23,3810,05-31-23,4,FA,2546,5082,NN,Semillas,Gatton Panic,Gatton Panic,$ 9800.00
05-29-23,397540,984,05-31-23,3809,05-31-23,4,FA,2546,5082,NN,Semillas,Gatton Panic,Gatton Panic,$ 9800.00
05-23-23,397541,981,05-31-23,3808,05-31-23,4,FA,2548,1974,NN,Semillas,Fuerza Total,Soja,$ 10500.00
05-23-23,397542,981,05-31-23,3807,05-31-23,4,FA,2548,1974,NN,Semillas,Fuerza Total,Soja,$ 10500.00
05-23-23,397543,982,05-31-23,3806,05-31-23,4,FA,2544,4396,NN,Semillas,Fuerza Total,Soja,$ 10500.00
05-23-23,397544,983,05-24-23,3777,05-31-23,4,FA,2543,392,NN,Semillas,Soja,Soja,$ 9800.00
05-23-23,397545,985,06-01-23,3838,06-06-23,4,FA,2558,392,NN,Semillas,Soja,Soja,$ 7700.00
05-23-23,397546,985,06-01-23,3837,06-06-23,4,FA,2558,392,NN,Semillas,Soja,Soja,$ 7700.00
05-23-23,397547,985,06-01-23,3836,06-06-23,4,FA,2558,392,NN,Semillas,Soja,Soja,$ 7700.00
05-23-23,397548,985,06-01-23,3835,06-06-23,4,FA,2558,392,NN,Semillas,Soja,Soja,$ 7700.00
05-23-23,397549,985,06-01-23,3834,06-06-23,4,FA,2558,392,NN,Semillas,Soja,Soja,$ 7700.00
05-23-23,397550,985,06-01-23,3833,06-06-23,4,FA,2558,392,NN,Semillas,Soja,Soja,$ 7700.00
05-23-23,397551,985,06-01-23,3832,06-06-23,4,FA,2558,392,NN,Semillas,Soja,Soja,$ 7700.00
05-24-23,397552,986,05-31-23,3825,06-06-23,4,FA,2558,392,NN,Semillas,Convenio Syngenta Soja Completo,Soja,$ 8400.00
05-24-23,397553,986,05-31-23,3824,06-06-23,4,FA,2558,392,NN,Semillas,Convenio Syngenta Soja Completo,Soja,$ 8400.00
05-24-23,397554,986,05-31-23,3823,06-06-23,4,FA,2558,392,NN,Semillas,Convenio Syngenta Soja Completo,Soja,$ 8400.00
05-24-23,397555,986,05-31-23,3822,06-06-23,4,FA,2558,392,NN,Semillas,Convenio Syngenta Soja Completo,Soja,$ 8400.00
05-24-23,397556,986,05-31-23,3821,06-06-23,4,FA,2558,392,NN,Semillas,Convenio Syngenta Soja Completo,Soja,$ 8400.00
05-24-23,397557,986,05-31-23,3820,06-06-23,4,FA,2558,392,NN,Semillas,Convenio Syngenta Soja Completo,Soja,$ 8400.00
05-24-23,397558,986,05-31-23,3819,06-06-23,4,FA,2558,392,NN,Semillas,Convenio Syngenta Soja Completo,Soja,$ 8400.00
05-24-23,397559,986,05-31-23,3818,06-06-23,4,FA,2558,392,NN,Semillas,Convenio Syngenta Soja Completo,Soja,$ 8400.00
05-24-23,397560,986,05-31-23,3817,06-06-23,4,FA,2558,392,NN,Semillas,Convenio Syngenta Soja Completo,Soja,$ 8400.00
05-24-23,397561,986,05-31-23,3816,06-06-23,4,FA,2558,392,NN,Semillas,Convenio Syngenta Soja Completo,Soja,$ 8400.00
05-24-23,397562,986,05-31-23,3815,06-06-23,4,FA,2558,392,NN,Semillas,Convenio Syngenta Soja Completo,Soja,$ 8400.00
05-24-23,397563,986,05-31-23,3814,06-06-23,4,FA,2558,392,NN,Semillas,Convenio Syngenta Soja Completo,Soja,$ 8400.00
05-24-23,397564,986,05-31-23,3813,06-06-23,4,FA,2558,392,NN,Semillas,Convenio Syngenta Soja Completo,Soja,$ 8400.00
05-24-23,397565,987,06-01-23,3831,06-06-23,4,FA,2558,392,NN,Semillas,Soja,Soja,$ 7700.00
05-24-23,397566,987,06-01-23,3830,06-06-23,4,FA,2558,392,NN,Semillas,Soja,Soja,$ 7700.00
05-24-23,397567,987,06-01-23,3829,06-06-23,4,FA,2558,392,NN,Semillas,Soja,Soja,$ 7700.00
05-24-23,397568,987,06-01-23,3828,06-06-23,4,FA,2558,392,NN,Semillas,Soja,Soja,$ 7700.00
05-24-23,397569,987,06-01-23,3827,06-06-23,4,FA,2558,392,NN,Semillas,Soja,Soja,$ 7700.00
05-24-23,397570,986,06-01-23,3826,06-06-23,4,FA,2558,392,NN,Semillas,Soja,Soja,$ 7700.00
05-30-23,397599,990,06-07-23,3872,06-07-23,4,FA,2564,5083,NN,Semillas,Soja,Soja,$ 7700.00
05-30-23,397600,990,06-07-23,3871,06-07-23,4,FA,2564,5083,NN,Semillas,Soja,Soja,$ 7700.00
05-30-23,397601,990,06-07-23,3870,06-07-23,4,FA,2564,5083,NN,Semillas,Soja,Soja,$ 7700.00
05-30-23,397602,990,06-07-23,3869,06-07-23,4,FA,2564,5083,NN,Semillas,Soja,Soja,$ 7700.00
05-30-23,397603,990,06-07-23,3868,06-07-23,4,FA,2564,5083,NN,Semillas,Soja,Soja,$ 7700.00
05-30-23,397604,990,06-07-23,3867,06-07-23,4,FA,2564,5083,NN,Semillas,Soja,Soja,$ 7700.00
05-29-23,397605,988,06-09-23,3876,06-12-23,4,FA,2568,392,NN,Semillas,Cold Test,Soja,$ 14300.00
05-30-23,397606,989,06-06-23,3858,06-06-23,4,FA,2558,392,NN,Semillas,Convenio Syngenta Soja Completo,Soja,$ 8400.00
05-30-23,397607,989,06-06-23,3857,06-06-23,4,FA,2558,392,NN,Semillas,Convenio Syngenta Soja Completo,Soja,$ 8400.00
05-30-23,397608,989,06-06-23,3856,06-06-23,4,FA,2558,392,NN,Semillas,Convenio Syngenta Soja Completo,Soja,$ 8400.00
05-30-23,397609,989,06-06-23,3855,06-06-23,4,FA,2558,392,NN,Semillas,Convenio Syngenta Soja Completo,Soja,$ 8400.00
05-30-23,397610,989,06-06-23,3854,06-06-23,4,FA,2558,392,NN,Semillas,Convenio Syngenta Soja Completo,Soja,$ 8400.00
05-30-23,397611,989,06-06-23,3853,06-06-23,4,FA,2558,392,NN,Semillas,Convenio Syngenta Soja Completo,Soja,$ 8400.00
05-30-23,397612,989,06-06-23,3852,06-06-23,4,FA,2558,392,NN,Semillas,Convenio Syngenta Soja Completo,Soja,$ 8400.00
05-30-23,397613,989,06-06-23,3851,06-06-23,4,FA,2558,392,NN,Semillas,Convenio Syngenta Soja Completo,Soja,$ 8400.00
05-30-23,397614,989,06-06-23,3850,06-06-23,4,FA,2558,392,NN,Semillas,Convenio Syngenta Soja Completo,Soja,$ 8400.00
05-30-23,397615,989,06-06-23,3849,06-06-23,4,FA,2558,392,NN,Semillas,Convenio Syngenta Soja Completo,Soja,$ 8400.00
05-30-23,397616,989,06-06-23,3848,06-06-23,4,FA,2558,392,NN,Semillas,Convenio Syngenta Soja Completo,Soja,$ 8400.00
05-30-23,397617,989,06-06-23,3847,06-06-23,4,FA,2558,392,NN,Semillas,Convenio Syngenta Soja Completo,Soja,$ 8400.00
05-30-23,397618,989,06-06-23,3846,06-06-23,4,FA,2558,392,NN,Semillas,Convenio Syngenta Soja Completo,Soja,$ 8400.00
05-30-23,397619,989,06-06-23,3845,06-06-23,4,FA,2558,392,NN,Semillas,Convenio Syngenta Soja Completo,Soja,$ 8400.00
05-30-23,397620,991,06-01-23,3840,06-06-23,4,FA,2559,5082,NN,Semillas,Gatton Panic,Gatton Panic,$ 9800.00
05-30-23,397621,991,06-01-23,3839,06-06-23,4,FA,2559,5082,NN,Semillas,Gatton Panic,Gatton Panic,$ 9800.00
05-30-23,397622,989,06-06-23,3844,06-06-23,4,FA,2558,392,NN,Semillas,Convenio Syngenta Soja Completo,Soja,$ 8400.00
05-31-23,397803,992,06-02-23,3843,06-07-23,4,FA,2563,1328,NN,Semillas,Gatton Panic,Gatton Panic,$ 9800.00
05-31-23,397804,992,06-02-23,3842,06-07-23,4,FA,2563,1328,NN,Semillas,Gatton Panic,Gatton Panic,$ 9800.00
05-31-23,397805,992,06-02-23,3841,06-07-23,4,FA,2563,1328,NN,Semillas,Gatton Panic,Gatton Panic,$ 9800.00
05-31-23,397806,992,06-07-23,3864,06-07-23,4,FA,2563,1328,NN,Semillas,Gatton Panic,Gatton Panic,$ 9800.00
05-31-23,397807,992,06-07-23,3863,06-07-23,4,FA,2563,1328,NN,Semillas,Gatton Panic,Gatton Panic,$ 9800.00
05-31-23,397808,992,06-07-23,3862,06-07-23,4,FA,2563,1328,NN,Semillas,Gatton Panic,Gatton Panic,$ 9800.00
05-31-23,397809,992,06-07-23,3861,06-07-23,4,FA,2563,1328,NN,Semillas,Gatton Panic,Gatton Panic,$ 9800.00
05-31-23,397810,992,06-07-23,3860,06-07-23,4,FA,2563,1328,NN,Semillas,Gatton Panic,Gatton Panic,$ 9800.00
05-31-23,397811,992,06-07-23,3859,06-07-23,4,FA,2563,1328,NN,Semillas,Gatton Panic,Gatton Panic,$ 9800.00
05-31-23,397938,993,06-07-23,3866,06-07-23,4,FA,2565,4982,NN,Semillas,Soja,Soja,$ 7700.00
05-31-23,397939,993,06-07-23,3865,06-07-23,4,FA,2565,4982,NN,Semillas,Soja,Soja,$ 7700.00
06-02-23,397945,994,06-09-23,3879,06-12-23,4,FA,2571,328,NN,Semillas,Soja,Soja,$ 9200.00
06-02-23,397946,994,06-09-23,3878,06-12-23,4,FA,2571,328,NN,Semillas,Soja,Soja,$ 9200.00
06-02-23,397947,994,06-09-23,3877,06-12-23,4,FA,2571,328,NN,Semillas,Soja,Soja,$ 9200.00
06-05-23,398072,995,06-13-23,3888,06-14-23,4,FA,2576,1864,NN,Semillas,Fuerza Total,Soja,$ 12600.00
06-05-23,398073,995,06-13-23,3887,06-14-23,4,FA,2576,1864,NN,Semillas,Fuerza Total,Soja,$ 12600.00
06-05-23,398074,995,06-13-23,3886,06-14-23,4,FA,2576,1864,NN,Semillas,Fuerza Total,Soja,$ 12600.00
06-05-23,398075,995,06-13-23,3885,06-14-23,4,FA,2576,1864,NN,Semillas,Fuerza Total,Soja,$ 12600.00
06-06-23,398077,997,06-12-23,3884,06-14-23,4,FA,2573,392,NN,Semillas,Convenio Syngenta Soja Completo,Soja,$ 12600.00
06-06-23,398078,997,06-12-23,3883,06-14-23,4,FA,2573,392,NN,Semillas,Convenio Syngenta Soja Completo,Soja,$ 12600.00
06-06-23,398079,997,06-12-23,3882,06-14-23,4,FA,2573,392,NN,Semillas,Convenio Syngenta Soja Completo,Soja,$ 12600.00
06-06-23,398080,997,06-12-23,3881,06-14-23,4,FA,2573,392,NN,Semillas,Convenio Syngenta Soja Completo,Soja,$ 12600.00
06-06-23,398081,997,06-12-23,3880,06-14-23,4,FA,2573,392,NN,Semillas,Convenio Syngenta Soja Completo,Soja,$ 12600.00
06-06-23,398082,998,06-14-23,3899,06-22-23,4,FA,2591,392,NN,Semillas,Soja,Soja,$ 9200.00
06-06-23,398083,998,06-14-23,3898,06-22-23,4,FA,2591,392,NN,Semillas,Soja,Soja,$ 9200.00
06-06-23,398084,998,06-14-23,3897,06-22-23,4,FA,2591,392,NN,Semillas,Soja,Soja,$ 9200.00
06-06-23,398085,998,06-14-23,3896,06-22-23,4,FA,2591,392,NN,Semillas,Soja,Soja,$ 9200.00
06-06-23,398086,999,06-16-23,3908,06-22-23,4,FA,2591,392,NN,Semillas,Cold Test,Soja,$ 17100.00
06-06-23,398087,999,06-16-23,3907,06-22-23,4,FA,2591,392,NN,Semillas,Cold Test,Soja,$ 17100.00
06-06-23,398088,999,06-16-23,3906,06-22-23,4,FA,2591,392,NN,Semillas,Cold Test,Soja,$ 17100.00
06-06-23,398089,999,06-16-23,3905,06-22-23,4,FA,2591,392,NN,Semillas,Cold Test,Soja,$ 17100.00
06-06-23,398090,1000,06-14-23,3893,06-22-23,4,FA,2590,908,NN,Semillas,Soja,Soja,$ 11900.00
06-06-23,398091,1000,06-14-23,3892,06-22-23,4,FA,2590,908,NN,Semillas,Soja,Soja,$ 11900.00
06-06-23,398092,1000,06-14-23,3891,06-22-23,4,FA,2590,908,NN,Semillas,Soja,Soja,$ 11900.00
06-06-23,398093,1000,06-14-23,3890,06-22-23,4,FA,2590,908,NN,Semillas,Soja,Soja,$ 11900.00
06-06-23,398094,1001,06-14-23,3900,06-22-23,4,FA,2598,3276,NN,Semillas,Soja,Soja,$ 9200.00
06-06-23,398095,1002,06-14-23,3901,06-22-23,4,FA,2589,5012,NN,Semillas,Fuerza Total,Soja,$ 12600.00
06-06-23,398096,1003,06-14-23,3902,06-22-23,4,FA,2599,4038,NN,Semillas,Soja,Soja,$ 9200.00
06-06-23,398097,1004,06-08-23,3875,06-12-23,4,FA,2569,5082,NN,Semillas,Gatton Panic,Gatton Panic,$ 11700.00
06-06-23,398098,1004,06-08-23,3874,06-12-23,4,FA,2569,5082,NN,Semillas,Gatton Panic,Gatton Panic,$ 11700.00
06-06-23,398099,1004,06-08-23,3873,06-12-23,4,FA,2569,5082,NN,Semillas,Gatton Panic,Gatton Panic,$ 11700.00
06-09-23,398262,1005,06-16-23,3904,06-22-23,4,FA,2592,5087,NN,Semillas,Fuerza Total,Soja,$ 12600.00
06-09-23,398263,1005,06-16-23,3903,06-22-23,4,FA,2592,5087,NN,Semillas,Fuerza Total,Soja,$ 12600.00
06-12-23,398275,1006,06-21-23,3921,06-22-23,4,FA,2595,522,NN,Semillas,Convenio Syngenta Trigo,Trigo,$ 12600.00
06-12-23,398276,1006,06-21-23,3920,06-22-23,4,FA,2595,522,NN,Semillas,Convenio Syngenta Trigo,Trigo,$ 12600.00
06-12-23,398277,1006,06-21-23,3919,06-22-23,4,FA,2595,522,NN,Semillas,Convenio Syngenta Trigo,Trigo,$ 12600.00
06-12-23,398278,1006,06-21-23,3918,06-22-23,4,FA,2595,522,NN,Semillas,Convenio Syngenta Trigo,Trigo,$ 12600.00
06-12-23,398279,1006,06-21-23,3917,06-22-23,4,FA,2595,522,NN,Semillas,Convenio Syngenta Trigo,Trigo,$ 12600.00
06-12-23,398280,1006,06-21-23,3916,06-22-23,4,FA,2595,522,NN,Semillas,Convenio Syngenta Trigo,Trigo,$ 12600.00
06-12-23,398281,1006,06-21-23,3915,06-22-23,4,FA,2595,522,NN,Semillas,Convenio Syngenta Trigo,Trigo,$ 12600.00
06-12-23,398282,1006,06-21-23,3914,06-22-23,4,FA,2595,522,NN,Semillas,Convenio Syngenta Trigo,Trigo,$ 12600.00
06-12-23,398283,1006,06-21-23,3913,06-22-23,4,FA,2595,522,NN,Semillas,Convenio Syngenta Trigo,Trigo,$ 12600.00
06-12-23,398285,1007,06-14-23,3894,06-22-23,4,FA,2597,5086,NN,Semillas,Gatton Panic,Gatton Panic,$ 11700.00
06-12-23,398286,1008,06-21-23,3911,06-22-23,4,FA,2594,3227,NN,Semillas,Fuerza Total,Soja,$ 12600.00
06-12-23,398287,1008,06-21-23,3910,06-22-23,4,FA,2594,3227,NN,Semillas,Fuerza Total,Soja,$ 12600.00
06-12-23,398288,1008,06-21-23,3909,06-22-23,4,FA,2594,3227,NN,Semillas,Fuerza Total,Soja,$ 12600.00
06-15-23,398473,1011,06-23-23,3923,06-28-23,4,FA,2603,25,NN,Semillas,Soja,Soja,$ 11900.00
06-15-23,398474,1011,06-23-23,3922,06-28-23,4,FA,2603,25,NN,Semillas,Soja,Soja,$ 11900.00
06-15-23,398476,1010,06-23-23,3932,06-28-23,4,FA,2602,4797,NN,Semillas,Fuerza Total,Soja,$ 12600.00
06-15-23,398477,1010,06-23-23,3931,06-28-23,4,FA,2602,4797,NN,Semillas,Fuerza Total,Soja,$ 12600.00
06-15-23,398478,1010,06-23-23,3930,06-28-23,4,FA,2602,4797,NN,Semillas,Fuerza Total,Soja,$ 12600.00
06-15-23,398479,1010,06-23-23,3929,06-28-23,4,FA,2602,4797,NN,Semillas,Fuerza Total,Soja,$ 12600.00
06-15-23,398480,1010,06-23-23,3928,06-28-23,4,FA,2602,4797,NN,Semillas,Fuerza Total,Soja,$ 12600.00
06-15-23,398481,1010,06-23-23,3927,06-28-23,4,FA,2602,4797,NN,Semillas,Fuerza Total,Soja,$ 12600.00
06-15-23,398482,1010,06-23-23,3926,06-28-23,4,FA,2602,4797,NN,Semillas,Fuerza Total,Soja,$ 12600.00
06-15-23,398483,1010,06-23-23,3925,06-28-23,4,FA,2602,4797,NN,Semillas,Fuerza Total,Soja,$ 12600.00
06-15-23,398484,1010,06-23-23,3924,06-28-23,4,FA,2602,4797,NN,Semillas,Fuerza Total,Soja,$ 12600.00
06-15-23,398487,1012,06-26-23,3942,06-28-23,4,FA,2604,104,NN,Semillas,Garbanzo,Garbanzo,$ 11900.00
06-15-23,398488,1012,06-26-23,3941,06-28-23,4,FA,2604,104,NN,Semillas,Garbanzo,Garbanzo,$ 9200.00
06-15-23,398489,1012,06-26-23,3940,06-28-23,4,FA,2604,104,NN,Semillas,Garbanzo,Garbanzo,$ 9200.00
06-15-23,398490,1012,07-04-23,3969,07-07-23,4,FA,2621,104,NN,Semillas,Vicia,Vicia,$ 9200.00
07-05-23,398491,1029,07-13-23,4025,07-17-23,4,FA,2636,5092,NN,Semillas,Soja,Soja,$ 9200.00
06-16-23,398492,1013,07-05-23,3973,07-07-23,4,FA,2621,104,NN,Semillas,Fuerza Total,Vicia,$ 12600.00
06-16-23,398493,1013,07-05-23,3972,07-07-23,4,FA,2621,104,NN,Semillas,Fuerza Total,Vicia,$ 12600.00
06-16-23,398494,1013,07-05-23,3971,07-07-23,4,FA,2621,104,NN,Semillas,Fuerza Total,Vicia,$ 12600.00
06-16-23,398495,1013,06-30-23,3959,07-03-23,4,FA,2611,104,NN,Semillas,Fuerza Total,Vicia,$ 12600.00
06-16-23,398496,1013,06-30-23,3958,07-03-23,4,FA,2611,104,NN,Semillas,Fuerza Total,Vicia,$ 12600.00
06-16-23,398497,1013,06-30-23,3957,07-03-23,4,FA,2611,104,NN,Semillas,Fuerza Total,Vicia,$ 12600.00
06-16-23,398498,1014,06-23-23,3933,06-28-23,4,FA,2605,3357,NN,Semillas,Fuerza Total,Soja,$ 12600.00
06-16-23,398499,1015,06-23-23,3934,06-28-23,4,FA,2600,714,NN,Semillas,Soja,Soja,$ 21100.00
06-21-23,398500,1016,06-23-23,3939,06-28-23,4,FA,2601,5082,NN,Semillas,Gatton Panic,Gatton Panic,$ 11700.00
06-21-23,398501,1016,06-23-23,3938,06-28-23,4,FA,2601,5082,NN,Semillas,Gatton Panic,Gatton Panic,$ 11700.00
06-21-23,398502,1016,06-23-23,3937,06-28-23,4,FA,2601,5082,NN,Semillas,Gatton Panic,Gatton Panic,$ 11700.00
06-21-23,398503,1016,06-23-23,3936,06-28-23,4,FA,2601,5082,NN,Semillas,Gatton Panic,Gatton Panic,$ 11700.00
06-21-23,398504,1016,06-23-23,3935,06-28-23,4,FA,2601,5082,NN,Semillas,Gatton Panic,Gatton Panic,$ 11700.00
06-22-23,398508,1018,06-29-23,3948,07-03-23,4,FA,2613,2795,NN,Semillas,Convenio Syngenta Soja Completo,Soja,$ 12600.00
06-22-23,398509,1018,06-29-23,3947,07-03-23,4,FA,2613,2795,NN,Semillas,Convenio Syngenta Soja Completo,Soja,$ 12600.00
06-22-23,398510,1018,06-29-23,3946,07-03-23,4,FA,2613,2795,NN,Semillas,Convenio Syngenta Soja Completo,Soja,$ 12600.00
06-22-23,398511,1018,06-29-23,3945,07-03-23,4,FA,2613,2795,NN,Semillas,Convenio Syngenta Soja Completo,Soja,$ 12600.00
06-22-23,398512,1018,06-29-23,3944,07-03-23,4,FA,2613,2795,NN,Semillas,Convenio Syngenta Soja Completo,Soja,$ 12600.00
06-22-23,398513,1019,07-24-23,4051,07-26-23,4,FA,2662,4947,NN,Semillas,Gatton Panic,Gatton Panic,$ 11100.00
06-23-23,398520,1020,07-06-23,3984,07-07-23,4,FA,2621,104,NN,Semillas,Sorgo,Sorgo,$ 25900.00
06-23-23,398521,1020,07-06-23,3983,07-07-23,4,FA,2621,104,NN,Semillas,Sorgo,Sorgo,$ 25900.00
06-23-23,398522,1020,07-06-23,3982,07-07-23,4,FA,2621,104,NN,Semillas,Sorgo,Sorgo,$ 25900.00
06-23-23,398523,1020,07-06-23,3981,07-07-23,4,FA,2621,104,NN,Semillas,Sorgo,Sorgo,$ 25900.00
06-23-23,398524,1020,07-06-23,3980,07-07-23,4,FA,2621,104,NN,Semillas,Sorgo,Sorgo,$ 25900.00
06-23-23,398525,1020,07-06-23,3979,07-07-23,4,FA,2621,104,NN,Semillas,Sorgo,Sorgo,$ 25900.00
06-23-23,398526,1020,07-06-23,3978,07-07-23,4,FA,2621,104,NN,Semillas,Sorgo,Sorgo,$ 25900.00
06-23-23,398527,1020,07-06-23,3977,07-07-23,4,FA,2621,104,NN,Semillas,Sorgo,Sorgo,$ 25900.00
06-23-23,398528,1020,07-06-23,3976,07-07-23,4,FA,2621,104,NN,Semillas,Sorgo,Sorgo,$ 25900.00
06-23-23,398529,1021,07-03-23,3968,07-07-23,4,FA,2621,104,NN,Semillas,Fuerza Total Curado,Sorgo,$ 14200.00
06-23-23,398530,1021,07-03-23,3967,07-07-23,4,FA,2621,104,NN,Semillas,Fuerza Total Curado,Sorgo,$ 14200.00
06-23-23,398531,1021,07-03-23,3966,07-07-23,4,FA,2621,104,NN,Semillas,Fuerza Total Curado,Sorgo,$ 14200.00
06-23-23,398532,1021,07-03-23,3965,07-07-23,4,FA,2621,104,NN,Semillas,Fuerza Total Curado,Sorgo,$ 14200.00
06-23-23,398533,1021,07-03-23,3964,07-07-23,4,FA,2621,104,NN,Semillas,Fuerza Total Curado,Sorgo,$ 14200.00
06-23-23,398534,1021,07-03-23,3963,07-07-23,4,FA,2621,104,NN,Semillas,Fuerza Total Curado,Sorgo,$ 14200.00
06-23-23,398535,1021,07-03-23,3962,07-07-23,4,FA,2621,104,NN,Semillas,Fuerza Total Curado,Sorgo,$ 14200.00
06-23-23,398536,1021,07-03-23,3961,07-07-23,4,FA,2621,104,NN,Semillas,Fuerza Total Curado,Sorgo,$ 14200.00
06-23-23,398537,1021,07-03-23,3960,07-07-23,4,FA,2621,104,NN,Semillas,Fuerza Total Curado,Sorgo,$ 14200.00
06-23-23,398538,1022,06-30-23,3956,07-03-23,4,FA,2612,9261,NN,Semillas,Convenio Syngenta Soja Completo,Soja,$ 12600.00
06-23-23,398539,1022,06-30-23,3955,07-03-23,4,FA,2612,9261,NN,Semillas,Convenio Syngenta Soja Completo,Soja,$ 12600.00
06-23-23,398540,1022,06-30-23,3954,07-03-23,4,FA,2612,9261,NN,Semillas,Convenio Syngenta Soja Completo,Soja,$ 12600.00
06-23-23,398541,1022,06-30-23,3953,07-03-23,4,FA,2612,9261,NN,Semillas,Convenio Syngenta Soja Completo,Soja,$ 12600.00
06-23-23,398542,1022,06-30-23,3952,07-03-23,4,FA,2612,9261,NN,Semillas,Convenio Syngenta Soja Completo,Soja,$ 12600.00
06-23-23,398543,1020,06-30-23,3951,07-03-23,4,FA,2608,2344,NN,Semillas,Fuerza Total,Soja,$ 12600.00
06-27-23,398663,1021,07-04-23,3970,07-07-23,4,FA,2623,981,NN,Semillas,Fuerza Total,Maíz,$ 12600.00
06-28-23,398668,1022,07-13-23,4026,07-17-23,4,FA,2639,2835,NN,Semillas,Sorgo,Sorgo,$ 9200.00
06-28-23,398700,1023,06-29-23,3950,07-03-23,4,FA,2615,25,NN,Semillas,Soja,Soja,$ 11700.00
06-28-23,398701,1023,06-29-23,3949,07-03-23,4,FA,2615,25,NN,Semillas,Soja,Soja,$ 11700.00
06-28-23,398702,1023,07-06-23,3975,07-07-23,4,FA,2620,25,NN,Semillas,Soja,Soja,$ 11900.00
06-28-23,398703,1023,07-06-23,3974,07-07-23,4,FA,2620,25,NN,Semillas,Soja,Soja,$ 11900.00
06-29-23,398708,1024,07-10-23,4005,07-12-23,4,FA,2629,25,NN,Semillas,Fuerza Total Curado,Maní,$ 14200.00
06-29-23,398709,1024,07-10-23,4004,07-12-23,4,FA,2629,25,NN,Semillas,Fuerza Total Curado,Maní,$ 14200.00
06-29-23,398710,1024,07-10-23,4003,07-12-23,4,FA,2629,25,NN,Semillas,Fuerza Total Curado,Maní,$ 14200.00
06-29-23,398711,1024,07-10-23,4002,07-12-23,4,FA,2629,25,NN,Semillas,Fuerza Total Curado,Maní,$ 14200.00
06-29-23,398712,1024,07-10-23,4001,07-12-23,4,FA,2629,25,NN,Semillas,Fuerza Total Curado,Maní,$ 14200.00
06-29-23,398713,1024,07-10-23,4000,07-12-23,4,FA,2629,25,NN,Semillas,Fuerza Total Curado,Maní,$ 14200.00
06-29-23,398714,1024,07-10-23,3999,07-12-23,4,FA,2629,25,NN,Semillas,Fuerza Total Curado,Maní,$ 14200.00
06-29-23,398715,1024,07-10-23,3998,07-12-23,4,FA,2629,25,NN,Semillas,Fuerza Total Curado,Maní,$ 14200.00
06-29-23,398716,1024,07-10-23,3997,07-12-23,4,FA,2629,25,NN,Semillas,Fuerza Total Curado,Maní,$ 14200.00
06-29-23,398717,1024,07-10-23,3996,07-12-23,4,FA,2629,25,NN,Semillas,Fuerza Total Curado,Maní,$ 14200.00
06-29-23,398718,1024,07-10-23,3995,07-12-23,4,FA,2629,25,NN,Semillas,Fuerza Total Curado,Maní,$ 14200.00
06-29-23,398719,1024,07-10-23,3994,07-12-23,4,FA,2629,25,NN,Semillas,Fuerza Total Curado,Maní,$ 14200.00
06-29-23,398720,1024,07-10-23,3993,07-12-23,4,FA,2629,25,NN,Semillas,Fuerza Total Curado,Maní,$ 14200.00
06-29-23,398721,1024,07-10-23,3992,07-12-23,4,FA,2629,25,NN,Semillas,Fuerza Total Curado,Maní,$ 14200.00
06-29-23,398722,1024,07-10-23,3991,07-12-23,4,FA,2629,25,NN,Semillas,Fuerza Total Curado,Maní,$ 14200.00
06-29-23,398723,1024,07-10-23,3990,07-12-23,4,FA,2629,25,NN,Semillas,Fuerza Total Curado,Maní,$ 14200.00
06-29-23,398724,1024,07-10-23,3989,07-12-23,4,FA,2629,25,NN,Semillas,Maní,Maní,$ 11900.00
06-29-23,398725,1024,07-10-23,3988,07-12-23,4,FA,2629,25,NN,Semillas,Fuerza Total Curado,Maní,$ 14200.00
06-29-23,398726,1024,07-10-23,3987,07-12-23,4,FA,2629,25,NN,Semillas,Fuerza Total Curado,Maní,$ 14200.00
06-30-23,398788,1025,07-07-23,3985,07-12-23,4,FA,2632,1160,NN,Semillas,Soja,Soja,$ 9200.00
06-30-23,398789,1026,07-07-23,3986,07-12-23,4,FA,2631,4910,NN,Semillas,Soja,Soja,$ 9200.00
07-03-23,398811,1027,08-04-23,4091,08-07-23,4,FA,2677,1856,NN,Semillas,Buffel Grass,Buffel Grass,$ 15100.00
07-03-23,398812,1027,08-04-23,4090,08-07-23,4,FA,2677,1856,NN,Semillas,Buffel Grass,Buffel Grass,$ 15100.00
07-03-23,398813,1027,08-04-23,4089,08-07-23,4,FA,2677,1856,NN,Semillas,Buffel Grass,Buffel Grass,$ 15100.00
07-03-23,398814,1027,08-04-23,4088,08-07-23,4,FA,2677,1856,NN,Semillas,Buffel Grass,Buffel Grass,$ 15100.00
07-03-23,398815,1027,08-04-23,4087,08-07-23,4,FA,2677,1856,NN,Semillas,Buffel Grass,Buffel Grass,$ 15100.00
07-03-23,398816,1027,08-04-23,4086,08-07-23,4,FA,2677,1856,NN,Semillas,Buffel Grass,Buffel Grass,$ 15100.00
07-05-23,398974,1030,07-12-23,4022,07-12-23,4,FA,2630,522,NN,Semillas,Convenio Syngenta Soja Completo,Soja,$ 12600.00
07-05-23,398975,1030,07-12-23,4021,07-12-23,4,FA,2630,522,NN,Semillas,Convenio Syngenta Soja Completo,Soja,$ 12600.00
07-05-23,398976,1030,07-12-23,4020,07-12-23,4,FA,2630,522,NN,Semillas,Convenio Syngenta Soja Completo,Soja,$ 12600.00
07-05-23,398977,1030,07-12-23,4019,07-12-23,4,FA,2630,522,NN,Semillas,Convenio Syngenta Soja Completo,Soja,$ 12600.00
07-05-23,398978,1030,07-12-23,4018,07-12-23,4,FA,2630,522,NN,Semillas,Convenio Syngenta Soja Completo,Soja,$ 12600.00
07-05-23,398979,1030,07-12-23,4017,07-12-23,4,FA,2630,522,NN,Semillas,Convenio Syngenta Soja Completo,Soja,$ 12600.00
07-05-23,398980,1030,07-12-23,4016,07-12-23,4,FA,2630,522,NN,Semillas,Convenio Syngenta Soja Completo,Soja,$ 12600.00
07-05-23,398981,1030,07-12-23,4015,07-12-23,4,FA,2630,522,NN,Semillas,Convenio Syngenta Soja Completo,Soja,$ 12600.00
07-05-23,398982,1030,07-12-23,4014,07-12-23,4,FA,2630,522,NN,Semillas,Convenio Syngenta Soja Completo,Soja,$ 12600.00
07-05-23,398983,1030,07-12-23,4013,07-12-23,4,FA,2630,522,NN,Semillas,Convenio Syngenta Soja Completo,Soja,$ 12600.00
07-05-23,398984,1030,07-12-23,4012,07-12-23,4,FA,2630,522,NN,Semillas,Convenio Syngenta Soja Completo,Soja,$ 12600.00
07-05-23,398985,1030,07-12-23,4011,07-12-23,4,FA,2630,522,NN,Semillas,Convenio Syngenta Soja Completo,Soja,$ 12600.00
07-05-23,398986,1030,07-12-23,4010,07-12-23,4,FA,2630,522,NN,Semillas,Convenio Syngenta Soja Completo,Soja,$ 12600.00
07-05-23,398987,1030,07-12-23,4009,07-12-23,4,FA,2630,522,NN,Semillas,Convenio Syngenta Soja Completo,Soja,$ 12600.00
07-05-23,398988,1030,07-12-23,4008,07-12-23,4,FA,2630,522,NN,Semillas,Convenio Syngenta Soja Completo,Soja,$ 12600.00
07-05-23,398989,1030,07-12-23,4007,07-12-23,4,FA,2630,522,NN,Semillas,Convenio Syngenta Soja Completo,Soja,$ 12600.00
07-05-23,398990,1031,07-12-23,4023,07-12-23,4,FA,2627,3687,NN,Semillas,Convenio Syngenta Soja Completo,Soja,$ 12600.00
07-06-23,398992,1032,07-17-23,4030,07-19-23,4,FA,2649,392,NN,Semillas,Cold Test,Soja,$ 17100.00
07-07-23,398994,1033,07-14-23,4029,07-17-23,4,FA,2635,4528,NN,Semillas,Fuerza Total,Maíz,$ 12600.00
07-07-23,398995,1033,07-14-23,4028,07-17-23,4,FA,2635,4528,NN,Semillas,Maíz,Maíz,$ 9200.00
07-07-23,398996,1034,07-25-23,4055,07-26-23,4,FA,2655,3687,NN,Semillas,Convenio Syngenta Soja Completo,Soja,$ 12600.00
07-07-23,398997,1034,07-25-23,4054,07-26-23,4,FA,2655,3687,NN,Semillas,Convenio Syngenta Soja Completo,Soja,$ 12600.00
07-12-23,399060,1040,07-18-23,4032,07-19-23,4,FA,2650,5093,NN,Semillas,Soja,Soja,$ 11900.00
07-11-23,399063,1036,07-19-23,4044,07-19-23,4,FA,2653,2677,NN,Semillas,Soja,Soja,$ 11900.00
07-11-23,399064,1036,07-19-23,4043,07-19-23,4,FA,2653,2677,NN,Semillas,Soja,Soja,$ 11900.00
07-11-23,399065,1036,07-19-23,4042,07-19-23,4,FA,2653,2677,NN,Semillas,Soja,Soja,$ 11900.00
07-11-23,399066,1036,07-19-23,4041,07-19-23,4,FA,2653,2677,NN,Semillas,Soja,Soja,$ 11900.00
07-11-23,399067,1036,07-19-23,4040,07-19-23,4,FA,2653,2677,NN,Semillas,Soja,Soja,$ 11900.00
07-11-23,399068,1037,07-19-23,4046,07-19-23,4,FA,2652,9000,NN,Semillas,Soja,Soja,$ 11900.00
07-11-23,399069,1038,07-19-23,4045,07-19-23,4,FA,2651,4039,NN,Semillas,Soja,Soja,$ 11900.00
07-11-23,399070,1039,07-13-23,4024,07-17-23,4,FA,2634,1328,NN,Semillas,Gatton Panic,Gatton Panic,$ 11700.00
07-12-23,399076,1041,07-13-23,4027,07-17-23,4,FA,2634,1328,NN,Semillas,Gatton Panic,Gatton Panic,$ 8500.00
07-12-23,399077,1042,07-20-23,4048,07-26-23,4,FA,2657,5094,NN,Semillas,Fuerza Total,Soja,$ 12600.00
07-12-23,399078,1042,07-20-23,4047,07-26-23,4,FA,2657,5094,NN,Semillas,Fuerza Total,Soja,$ 12600.00
07-17-23,399088,1043,07-19-23,4039,07-19-23,4,FA,2648,1328,NN,Semillas,Gatton Panic,Gatton Panic,$ 11700.00
07-17-23,399089,1043,07-19-23,4038,07-19-23,4,FA,2648,1328,NN,Semillas,Gatton Panic,Gatton Panic,$ 11700.00
07-17-23,399090,1043,07-19-23,4037,07-19-23,4,FA,2648,1328,NN,Semillas,Gatton Panic,Gatton Panic,$ 11700.00
07-17-23,399091,1043,07-19-23,4036,07-19-23,4,FA,2648,1328,NN,Semillas,Gatton Panic,Gatton Panic,$ 11700.00
07-17-23,399092,1043,07-19-23,4035,07-19-23,4,FA,2648,1328,NN,Semillas,Gatton Panic,Gatton Panic,$ 11700.00
07-17-23,399093,1043,07-19-23,4034,07-19-23,4,FA,2648,1328,NN,Semillas,Gatton Panic,Gatton Panic,$ 11700.00
07-17-23,399094,1043,07-19-23,4033,07-19-23,4,FA,2648,1328,NN,Semillas,Gatton Panic,Gatton Panic,$ 11700.00
07-18-23,399219,1044,07-20-23,4049,07-26-23,4,FA,2659,4281,NN,Semillas,Panicum Coloratum,Panicum Coloratum,$ 11700.00
07-18-23,399220,1044,08-22-23,4136,08-22-23,4,FA,2717,4281,NN,Semillas,Gatton Panic,Gatton Panic,$ 18900.00
07-18-23,399222,1046,07-25-23,4053,07-26-23,4,FA,2655,3687,NN,Semillas,Convenio Syngenta Soja Completo,Soja,$ 12600.00
07-14-23,399223,1039,07-20-23,4050,07-26-23,4,FA,2654,1328,NN,Semillas,Gatton Panic,Gatton Panic,$ 11700.00
07-19-23,399266,1047,07-27-23,4057,08-01-23,4,FA,2666,1389,NN,Semillas,Soja,Soja,$ 22700.00
07-25-23,399285,1051,07-27-23,4056,08-01-23,4,FA,2665,5095,NN,Semillas,Fuerza Total,Maíz,$ 12600.00
07-24-23,399375,1048,08-25-23,4164,08-25-23,4,FA,2723,62,NN,Semillas,Gatton Panic,Gatton Panic,$ 18900.00
07-24-23,399376,1049,08-01-23,4063,08-07-23,4,FA,2679,700,NN,Semillas,Doble Poder X2,Soja,$ 20500.00
07-24-23,399377,1049,08-01-23,4062,08-07-23,4,FA,2679,700,NN,Semillas,Doble Poder X2,Soja,$ 20500.00
07-25-23,399460,1052,07-27-23,4060,08-01-23,4,FA,2670,1328,NN,Semillas,Digitaria,Digitaria,$ 14000.00
07-25-23,399461,1052,07-27-23,4059,08-01-23,4,FA,2670,1328,NN,Semillas,Digitaria,Digitaria,$ 14000.00
07-25-23,399462,1052,07-27-23,4058,08-01-23,4,FA,2670,1328,NN,Semillas,Digitaria,Digitaria,$ 14000.00
07-26-23,399465,1053,08-03-23,4077,08-07-23,4,FA,2674,4339,NN,Semillas,Fuerza Total,Soja,$ 15100.00
07-26-23,399466,1053,08-03-23,4076,08-07-23,4,FA,2674,4339,NN,Semillas,Fuerza Total,Soja,$ 15100.00
07-26-23,399490,1054,08-02-23,4074,08-07-23,4,FA,2676,714,NN,Semillas,Convenio Syngenta Soja Completo,Soja,$ 12600.00
07-26-23,399491,1054,08-02-23,4073,08-07-23,4,FA,2676,714,NN,Semillas,Convenio Syngenta Soja Completo,Soja,$ 12600.00
07-26-23,399492,1054,08-02-23,4072,08-07-23,4,FA,2676,714,NN,Semillas,Convenio Syngenta Soja Completo,Soja,$ 12600.00
07-26-23,399493,1054,08-02-23,4071,08-07-23,4,FA,2676,714,NN,Semillas,Convenio Syngenta Soja Completo,Soja,$ 12600.00
07-26-23,399494,1054,08-02-23,4070,08-07-23,4,FA,2676,714,NN,Semillas,Convenio Syngenta Soja Completo,Soja,$ 12600.00
07-26-23,399495,1054,08-02-23,4069,08-07-23,4,FA,2676,714,NN,Semillas,Convenio Syngenta Soja Completo,Soja,$ 12600.00
07-26-23,399496,1054,08-02-23,4068,08-07-23,4,FA,2676,714,NN,Semillas,Convenio Syngenta Soja Completo,Soja,$ 12600.00
07-26-23,399497,1054,08-02-23,4067,08-07-23,4,FA,2676,714,NN,Semillas,Convenio Syngenta Soja Completo,Soja,$ 12600.00
07-26-23,399498,1054,08-02-23,4066,08-07-23,4,FA,2676,714,NN,Semillas,Convenio Syngenta Soja Completo,Soja,$ 12600.00
07-26-23,399499,1054,08-02-23,4065,08-07-23,4,FA,2676,714,NN,Semillas,Convenio Syngenta Soja Completo,Soja,$ 12600.00
07-26-23,399501,1055,08-04-23,4082,08-07-23,4,FA,2681,3,NN,Semillas,Fuerza Total,Soja,$ 15100.00
07-26-23,399502,1055,08-04-23,4081,08-07-23,4,FA,2681,3,NN,Semillas,Fuerza Total,Soja,$ 15100.00
07-26-23,399503,1055,08-04-23,4080,08-07-23,4,FA,2681,3,NN,Semillas,Fuerza Total,Soja,$ 15100.00
07-26-23,399504,1055,08-04-23,4079,08-07-23,4,FA,2681,3,NN,Semillas,Fuerza Total,Soja,$ 15100.00
07-26-23,399505,1055,08-04-23,4078,08-07-23,4,FA,2681,3,NN,Semillas,Fuerza Total,Soja,$ 15100.00
07-26-23,399506,1055,08-03-23,4075,08-07-23,4,FA,2681,3,NN,Semillas,Fuerza Total,Maíz,$ 15100.00
07-27-23,399649,1056,08-04-23,4085,08-07-23,4,FA,2683,981,NN,Semillas,Fuerza Total,Soja,$ 15100.00
07-31-23,399650,1058,08-01-23,4061,08-14-23,4,FA,2691,1328,NN,Semillas,Gatton Panic,Gatton Panic,$ 14000.00
07-28-23,399655,1057,08-04-23,4084,08-07-23,4,FA,2682,2211,NN,Semillas,Soja,Soja,$ 11000.00
07-28-23,399656,1057,08-04-23,4083,08-07-23,4,FA,2682,2211,NN,Semillas,Soja,Soja,$ 11000.00
07-31-23,399667,1059,08-07-23,4093,08-10-23,4,FA,2686,3687,NN,Semillas,Convenio Syngenta Soja Completo,Soja,$ 12600.00
08-01-23,399668,1060,08-09-23,4094,08-16-23,4,FA,2703,1878,NN,Semillas,Fuerza Total,Soja,$ 15100.00
08-02-23,399689,1061,08-04-23,4092,08-14-23,4,FA,2692,1328,NN,Semillas,Gatton Panic,Gatton Panic,$ 24200.00
08-02-23,399707,1062,08-11-23,4114,08-16-23,4,FA,2696,392,NN,Semillas,Fuerza Total,Soja,$ 15100.00
08-02-23,399708,1062,08-11-23,4113,08-16-23,4,FA,2696,392,NN,Semillas,Fuerza Total,Soja,$ 15100.00
08-02-23,399709,1062,08-11-23,4112,08-16-23,4,FA,2696,392,NN,Semillas,Fuerza Total,Soja,$ 15100.00
08-02-23,399710,1062,08-11-23,4111,08-16-23,4,FA,2696,392,NN,Semillas,Fuerza Total,Soja,$ 15100.00
08-02-23,399711,1063,08-11-23,4110,08-16-23,4,FA,2696,392,NN,Semillas,Semilla Vital Para Soja,Soja,$ 20500.00
08-02-23,399712,1064,08-11-23,4117,08-16-23,4,FA,2704,4610,NN,Semillas,Soja,Soja,$ 27200.00
08-02-23,399713,1064,08-11-23,4116,08-16-23,4,FA,2704,4610,NN,Semillas,Soja,Soja,$ 27200.00
08-02-23,399714,1064,08-11-23,4115,08-16-23,4,FA,2704,4610,NN,Semillas,Soja,Soja,$ 27200.00
08-03-23,399726,1065,08-10-23,4098,08-16-23,4,FA,2697,760,NN,Semillas,Convenio Syngenta Soja Completo,Soja,$ 12600.00
08-03-23,399727,1065,08-10-23,4097,08-16-23,4,FA,2697,760,NN,Semillas,Convenio Syngenta Soja Completo,Soja,$ 12600.00
08-03-23,399728,1065,08-10-23,4096,08-16-23,4,FA,2697,760,NN,Semillas,Convenio Syngenta Soja Completo,Soja,$ 12600.00
08-03-23,399729,1065,08-10-23,4095,08-16-23,4,FA,2697,760,NN,Semillas,Convenio Syngenta Soja Completo,Soja,$ 12600.00
08-03-23,399730,1066,08-11-23,4119,08-16-23,4,FA,2697,760,NN,Semillas,Fuerza Total,Soja,$ 15100.00
08-03-23,399731,1066,08-11-23,4118,08-16-23,4,FA,2697,760,NN,Semillas,Fuerza Total,Soja,$ 15100.00
08-07-23,399736,1070,09-08-23,4231,09-11-23,4,FA,2755,62,NN,Semillas,Gatton Panic,Gatton Panic,$ 32800.00
08-04-23,399968,1067,08-11-23,4120,08-16-23,4,FA,2700,700,NN,Semillas,Soja,Soja,$ 11000.00
08-04-23,399969,1068,08-11-23,4107,08-16-23,4,FA,2706,2795,NN,Semillas,Convenio Syngenta Soja Completo,Soja,$ 12600.00
08-04-23,399970,1068,08-11-23,4106,08-16-23,4,FA,2706,2795,NN,Semillas,Convenio Syngenta Soja Completo,Soja,$ 12600.00
08-04-23,399971,1068,08-11-23,4105,08-16-23,4,FA,2706,2795,NN,Semillas,Convenio Syngenta Soja Completo,Soja,$ 12600.00
08-04-23,399972,1068,08-11-23,4104,08-16-23,4,FA,2706,2795,NN,Semillas,Convenio Syngenta Soja Completo,Soja,$ 12600.00
08-04-23,399973,1068,08-11-23,4103,08-16-23,4,FA,2706,2795,NN,Semillas,Convenio Syngenta Soja Completo,Soja,$ 12600.00
08-04-23,399974,1068,08-11-23,4102,08-16-23,4,FA,2706,2795,NN,Semillas,Convenio Syngenta Soja Completo,Soja,$ 12600.00
08-04-23,399975,1068,08-11-23,4101,08-16-23,4,FA,2706,2795,NN,Semillas,Convenio Syngenta Soja Completo,Soja,$ 12600.00
08-04-23,399976,1068,08-11-23,4100,08-16-23,4,FA,2706,2795,NN,Semillas,Convenio Syngenta Soja Completo,Soja,$ 12600.00
08-04-23,399977,1068,08-11-23,4099,08-16-23,4,FA,2706,2795,NN,Semillas,Convenio Syngenta Soja Completo,Soja,$ 12600.00
08-04-23,399978,1069,08-11-23,4109,08-16-23,4,FA,2696,392,NN,Semillas,Fuerza Total,Soja,$ 15100.00
08-04-23,399979,1069,08-11-23,4108,08-16-23,4,FA,2696,392,NN,Semillas,Fuerza Total,Soja,$ 15100.00
08-07-23,399984,1071,09-01-23,4194,09-04-23,4,FA,2739,37,NN,Semillas,Agropiro,Agropiro,$ 11000.00
08-07-23,399985,1071,08-18-23,4131,08-22-23,4,FA,2713,37,NN,Semillas,Melilotus Albus,Melilotus Albus,$ 11000.00
08-07-23,399986,1071,08-25-23,4163,08-25-23,4,FA,2730,37,NN,Semillas,Festuca,Festuca,$ 11000.00
08-10-23,400000,1073,08-22-23,4137,08-22-23,4,FA,2714,5097,NN,Semillas,Maíz,Maíz,$ 27200.00
08-09-23,400297,1072,08-11-23,4125,08-17-23,4,FA,2709,1328,NN,Semillas,Gatton Panic,Gatton Panic,$ 14000.00
08-09-23,400298,1072,08-11-23,4124,08-17-23,4,FA,2709,1328,NN,Semillas,Gatton Panic,Gatton Panic,$ 14000.00
08-09-23,400299,1072,08-11-23,4123,08-17-23,4,FA,2709,1328,NN,Semillas,Gatton Panic,Gatton Panic,$ 14000.00
08-09-23,400300,1072,08-11-23,4122,08-17-23,4,FA,2709,1328,NN,Semillas,Gatton Panic,Gatton Panic,$ 14000.00
08-09-23,400301,1072,08-11-23,4121,08-17-23,4,FA,2709,1328,NN,Semillas,Gatton Panic,Gatton Panic,$ 14000.00
08-11-23,400307,1074,08-18-23,4132,08-22-23,4,FA,2716,2344,NN,Semillas,Soja,Soja,$ 11000.00
08-14-23,400588,1075,08-16-23,4130,08-17-23,4,FA,2709,1328,NN,Semillas,Gatton Panic,Gatton Panic,$ 14000.00
08-14-23,400589,1075,08-16-23,4129,08-17-23,4,FA,2709,1328,NN,Semillas,Gatton Panic,Gatton Panic,$ 14000.00
08-14-23,400590,1075,08-16-23,4128,08-17-23,4,FA,2709,1328,NN,Semillas,Gatton Panic,Gatton Panic,$ 14000.00
08-14-23,400591,1075,08-16-23,4127,08-17-23,4,FA,2709,1328,NN,Semillas,Gatton Panic,Gatton Panic,$ 14000.00
08-14-23,400592,1075,08-16-23,4126,08-17-23,4,FA,2709,1328,NN,Semillas,Gatton Panic,Gatton Panic,$ 14000.00
08-14-23,400593,1076,08-22-23,4141,08-22-23,4,FA,2718,5057,NN,Semillas,Fuerza Total,Soja,$ 15100.00
08-14-23,400594,1076,08-22-23,4140,08-22-23,4,FA,2718,5057,NN,Semillas,Semilla Vital Para Soja,Soja,$ 20500.00
08-14-23,400595,1077,08-22-23,4142,08-22-23,4,FA,2715,392,NN,Semillas,Fuerza Total,Soja,$ 15100.00
08-14-23,400596,1078,08-22-23,4139,08-22-23,4,FA,2719,1171,NN,Semillas,Poroto Mung,Poroto Mung,$ 11000.00
08-15-23,400599,1080,08-23-23,4144,08-24-23,4,FA,2720,1856,NN,Semillas,Fuerza Total Curado,Soja,$ 17000.00
08-15-23,400600,1080,08-23-23,4143,08-24-23,4,FA,2720,1856,NN,Semillas,Fuerza Total Curado,Soja,$ 17000.00
08-17-23,400892,1082,08-18-23,4135,08-22-23,4,FA,2711,1328,NN,Semillas,Gatton Panic,Gatton Panic,$ 10200.00
08-17-23,400893,1082,08-18-23,4134,08-22-23,4,FA,2711,1328,NN,Semillas,Gatton Panic,Gatton Panic,$ 10200.00
08-17-23,400894,1082,08-18-23,4133,08-22-23,4,FA,2711,1328,NN,Semillas,Gatton Panic,Gatton Panic,$ 10200.00
08-17-23,400895,1083,08-25-23,4162,08-25-23,4,FA,2727,2878,NN,Semillas,Fuerza Total,Soja,$ 15100.00
08-17-23,400896,1083,08-25-23,4161,08-25-23,4,FA,2727,2878,NN,Semillas,Fuerza Total,Soja,$ 15100.00
08-17-23,400897,1083,08-25-23,4160,08-25-23,4,FA,2727,2878,NN,Semillas,Fuerza Total,Soja,$ 15100.00
08-17-23,400898,1084,08-25-23,4159,08-25-23,4,FA,2728,3875,NN,Semillas,Soja,Soja,$ 11000.00
08-17-23,400899,1084,08-25-23,4158,08-25-23,4,FA,2728,3875,NN,Semillas,Soja,Soja,$ 11000.00
08-17-23,400900,1085,08-25-23,4157,08-25-23,4,FA,2729,4339,NN,Semillas,Doble Poder X2,Soja,$ 20500.00
08-18-23,400910,1087,08-25-23,4155,08-25-23,4,FA,2724,392,NN,Semillas,Fuerza Total,Soja,$ 15100.00
08-18-23,400911,1087,08-25-23,4154,08-25-23,4,FA,2724,392,NN,Semillas,Fuerza Total,Soja,$ 15100.00
08-18-23,400912,1087,08-25-23,4153,08-25-23,4,FA,2724,392,NN,Semillas,Fuerza Total,Soja,$ 15100.00
08-18-23,400913,1087,08-25-23,4152,08-25-23,4,FA,2724,392,NN,Semillas,Fuerza Total,Soja,$ 15100.00
08-18-23,400914,1087,08-25-23,4151,08-25-23,4,FA,2724,392,NN,Semillas,Fuerza Total,Soja,$ 15100.00
08-18-23,400915,1087,08-25-23,4150,08-25-23,4,FA,2724,392,NN,Semillas,Fuerza Total,Soja,$ 15100.00
08-18-23,400916,1087,08-25-23,4149,08-25-23,4,FA,2724,392,NN,Semillas,Fuerza Total,Soja,$ 15100.00
08-18-23,400917,1088,08-25-23,4148,08-25-23,4,FA,2725,981,NN,Semillas,Fuerza Total,Soja,$ 15100.00
08-18-23,400918,1088,08-25-23,4147,08-25-23,4,FA,2725,981,NN,Semillas,Fuerza Total,Soja,$ 15100.00
08-22-23,400919,1090,08-25-23,4146,08-25-23,4,FA,2726,1398,NN,Semillas,Fuerza Total,Soja,$ 15100.00
08-22-23,400920,1089,08-29-23,4166,08-31-23,4,FA,2737,1160,NN,Semillas,Maíz,Maíz,$ 11000.00
08-22-23,400921,1089,08-29-23,4165,08-31-23,4,FA,2737,1160,NN,Semillas,Maíz,Maíz,$ 11000.00
08-23-23,400922,1091,09-01-23,4198,09-04-23,4,FA,2741,967,NN,Semillas,Soja,Soja,$ 11000.00
08-23-23,400923,1091,09-01-23,4197,09-04-23,4,FA,2741,967,NN,Semillas,Soja,Soja,$ 11000.00
08-23-23,400924,1091,09-01-23,4196,09-04-23,4,FA,2741,967,NN,Semillas,Soja,Soja,$ 11000.00
08-23-23,400925,1091,09-01-23,4195,09-04-23,4,FA,2741,967,NN,Semillas,Soja,Soja,$ 11000.00
08-23-23,400926,1092,08-31-23,4193,08-31-23,4,FA,2732,4557,NN,Semillas,Fuerza Total,Soja,$ 15100.00
08-23-23,400927,1092,08-31-23,4192,08-31-23,4,FA,2732,4557,NN,Semillas,Fuerza Total,Soja,$ 15100.00
08-23-23,400928,1092,08-31-23,4191,08-31-23,4,FA,2732,4557,NN,Semillas,Fuerza Total,Soja,$ 15100.00
08-23-23,400929,1092,08-31-23,4190,08-31-23,4,FA,2732,4557,NN,Semillas,Fuerza Total,Soja,$ 15100.00
08-23-23,400930,1092,08-31-23,4189,08-31-23,4,FA,2732,4557,NN,Semillas,Fuerza Total,Soja,$ 15100.00
08-23-23,400931,1092,08-31-23,4188,08-31-23,4,FA,2732,4557,NN,Semillas,Fuerza Total,Soja,$ 15100.00
08-23-23,400932,1092,08-31-23,4187,08-31-23,4,FA,2732,4557,NN,Semillas,Fuerza Total,Soja,$ 15100.00
08-23-23,400933,1092,08-31-23,4186,08-31-23,4,FA,2732,4557,NN,Semillas,Fuerza Total,Soja,$ 15100.00
08-23-23,400934,1092,08-31-23,4185,08-31-23,4,FA,2732,4557,NN,Semillas,Fuerza Total,Soja,$ 15100.00
08-23-23,400935,1092,08-31-23,4184,08-31-23,4,FA,2732,4557,NN,Semillas,Fuerza Total,Soja,$ 15100.00
08-23-23,400936,1092,08-31-23,4183,08-31-23,4,FA,2732,4557,NN,Semillas,Fuerza Total,Soja,$ 15100.00
08-23-23,400937,1092,08-31-23,4182,08-31-23,4,FA,2732,4557,NN,Semillas,Fuerza Total,Soja,$ 15100.00
08-23-23,400938,1092,08-31-23,4181,08-31-23,4,FA,2732,4557,NN,Semillas,Fuerza Total,Soja,$ 15100.00
08-23-23,400939,1092,08-31-23,4180,08-31-23,4,FA,2732,4557,NN,Semillas,Fuerza Total,Soja,$ 15100.00
08-23-23,400940,1092,08-31-23,4179,08-31-23,4,FA,2732,4557,NN,Semillas,Fuerza Total,Soja,$ 15100.00
08-23-23,400941,1092,08-31-23,4178,08-31-23,4,FA,2732,4557,NN,Semillas,Fuerza Total,Soja,$ 15100.00
08-23-23,400942,1092,08-31-23,4177,08-31-23,4,FA,2732,4557,NN,Semillas,Fuerza Total,Soja,$ 15100.00
08-23-23,400943,1092,08-31-23,4176,08-31-23,4,FA,2732,4557,NN,Semillas,Fuerza Total,Soja,$ 15100.00
08-23-23,400944,1092,08-31-23,4175,08-31-23,4,FA,2732,4557,NN,Semillas,Fuerza Total,Soja,$ 15100.00
08-23-23,401127,1093,08-31-23,4174,08-31-23,4,FA,2736,328,NN,Semillas,Fuerza Total,Soja,$ 15100.00
08-23-23,401128,1093,08-31-23,4173,08-31-23,4,FA,2736,328,NN,Semillas,Fuerza Total,Soja,$ 15100.00
08-23-23,401129,1093,08-31-23,4172,08-31-23,4,FA,2736,328,NN,Semillas,Fuerza Total,Soja,$ 15100.00
08-23-23,401130,1093,08-31-23,4171,08-31-23,4,FA,2736,328,NN,Semillas,Fuerza Total,Soja,$ 15100.00
08-25-23,401132,1094,09-05-23,4211,09-07-23,4,FA,2747,187,NN,Semillas,Cold Test,Soja,$ 20500.00
08-25-23,401133,1094,09-05-23,4210,09-07-23,4,FA,2747,187,NN,Semillas,Cold Test,Soja,$ 20500.00
08-28-23,401134,1097,08-29-23,4170,08-31-23,4,FA,2735,187,NN,Semillas,Soja,Soja,$ 14000.00
08-28-23,401135,1097,08-29-23,4169,08-31-23,4,FA,2735,187,NN,Semillas,Soja,Soja,$ 14000.00
08-25-23,401136,1095,09-01-23,4209,09-04-23,4,FA,2740,38,NN,Semillas,Fuerza Total,Soja,$ 15100.00
08-25-23,401137,1095,09-01-23,4208,09-04-23,4,FA,2740,38,NN,Semillas,Fuerza Total,Soja,$ 15100.00
08-25-23,401138,1095,09-01-23,4207,09-04-23,4,FA,2740,38,NN,Semillas,Fuerza Total,Soja,$ 15100.00
08-25-23,401139,1095,09-01-23,4206,09-04-23,4,FA,2740,38,NN,Semillas,Fuerza Total,Soja,$ 15100.00
08-25-23,401140,1095,09-01-23,4205,09-04-23,4,FA,2740,38,NN,Semillas,Fuerza Total,Soja,$ 15100.00
08-25-23,401141,1095,09-01-23,4204,09-04-23,4,FA,2740,38,NN,Semillas,Fuerza Total,Soja,$ 15100.00
08-25-23,401142,1095,09-01-23,4203,09-04-23,4,FA,2740,38,NN,Semillas,Fuerza Total,Soja,$ 15100.00
08-25-23,401143,1095,09-01-23,4202,09-04-23,4,FA,2740,38,NN,Semillas,Fuerza Total,Soja,$ 15100.00
08-25-23,401144,1095,09-01-23,4201,09-04-23,4,FA,2740,38,NN,Semillas,Fuerza Total,Soja,$ 15100.00
08-25-23,401145,1095,09-01-23,4200,09-04-23,4,FA,2740,38,NN,Semillas,Fuerza Total,Soja,$ 15100.00
08-25-23,401146,1095,09-01-23,4199,09-04-23,4,FA,2740,38,NN,Semillas,Fuerza Total,Soja,$ 15100.00
08-28-23,401153,1096,09-05-23,4218,09-07-23,4,FA,2745,1856,NN,Semillas,Fuerza Total,Soja,$ 15100.00
08-28-23,401154,1096,09-05-23,4217,09-07-23,4,FA,2745,1856,NN,Semillas,Fuerza Total,Soja,$ 15100.00
08-28-23,401155,1096,09-05-23,4216,09-07-23,4,FA,2745,1856,NN,Semillas,Fuerza Total,Soja,$ 15100.00
08-28-23,401156,1096,09-05-23,4215,09-07-23,4,FA,2745,1856,NN,Semillas,Fuerza Total,Soja,$ 15100.00
08-28-23,401157,1096,09-05-23,4214,09-07-23,4,FA,2745,1856,NN,Semillas,Fuerza Total,Soja,$ 15100.00
08-28-23,401158,1096,09-05-23,4213,09-07-23,4,FA,2745,1856,NN,Semillas,Fuerza Total,Soja,$ 15100.00
08-28-23,401159,1096,09-05-23,4212,09-07-23,4,FA,2745,1856,NN,Semillas,Fuerza Total,Soja,$ 15100.00
08-28-23,401160,1098,08-29-23,4168,08-31-23,4,FA,2731,4339,NN,Semillas,Soja,Soja,$ 6700.00
08-28-23,401161,1099,09-05-23,4219,09-07-23,4,FA,2744,3875,NN,Semillas,Poder Curado + Peso,Soja,$ 17000.00
08-28-23,401162,1099,08-29-23,4167,08-31-23,4,FA,2733,3875,NN,Semillas,Soja,Soja,$ 6700.00
08-28-23,401163,1100,09-05-23,4222,09-07-23,4,FA,2743,4557,NN,Semillas,Fuerza Total,Soja,$ 15100.00
08-28-23,401164,1100,09-05-23,4221,09-07-23,4,FA,2743,4557,NN,Semillas,Fuerza Total,Soja,$ 15100.00
08-28-23,401165,1100,09-05-23,4220,09-07-23,4,FA,2743,4557,NN,Semillas,Fuerza Total,Soja,$ 15100.00
08-29-23,401166,1101,09-08-23,4229,09-11-23,4,FA,2757,104,NN,Semillas,Maíz,Maíz,$ 15100.00
08-29-23,401167,1101,09-08-23,4228,09-11-23,4,FA,2757,104,NN,Semillas,Maíz,Maíz,$ 15100.00
08-29-23,401168,1101,09-18-23,4256,09-20-23,4,FA,2769,104,NN,Semillas,Maíz,Maíz,$ 27200.00
08-29-23,401169,1101,09-18-23,4255,09-20-23,4,FA,2769,104,NN,Semillas,Maíz,Maíz,$ 27200.00
08-29-23,401170,1101,09-18-23,4254,09-20-23,4,FA,2769,104,NN,Semillas,Maíz,Maíz,$ 27200.00
08-29-23,401171,1101,09-18-23,4253,09-20-23,4,FA,2769,104,NN,Semillas,Maíz,Maíz,$ 27200.00
08-29-23,401193,1102,09-06-23,4224,09-07-23,4,FA,2747,187,NN,Semillas,Fuerza Total Curado,Soja,$ 17000.00
08-29-23,401194,1102,09-06-23,4223,09-07-23,4,FA,2747,187,NN,Semillas,Fuerza Total Curado,Soja,$ 17000.00
09-05-23,401366,1109,09-07-23,4226,09-07-23,4,FA,2749,5100,NN,Semillas,Soja,Soja,$ 11000.00
09-05-23,401367,1109,09-07-23,4225,09-07-23,4,FA,2749,5100,NN,Semillas,Soja,Soja,$ 11000.00
08-30-23,401368,1103,09-08-23,4230,09-11-23,4,FA,2756,2801,NN,Semillas,Poroto,Poroto,$ 11000.00
08-30-23,401371,1105,09-07-23,4227,09-07-23,4,FA,2751,4365,NN,Semillas,Fuerza Total,Soja,$ 15100.00
09-04-23,401417,1106,09-12-23,4235,09-14-23,4,FA,2761,4557,NN,Semillas,Fuerza Total,Soja,$ 15100.00
09-04-23,401418,1106,09-12-23,4234,09-14-23,4,FA,2761,4557,NN,Semillas,Fuerza Total,Soja,$ 15100.00
09-04-23,401419,1106,09-12-23,4233,09-14-23,4,FA,2761,4557,NN,Semillas,Fuerza Total,Soja,$ 15100.00
09-05-23,401430,1107,09-13-23,4241,09-14-23,4,FA,2762,4329,NN,Semillas,Fuerza Total,Soja,$ 15100.00
09-05-23,401431,1107,09-13-23,4240,09-14-23,4,FA,2762,4329,NN,Semillas,Fuerza Total,Soja,$ 15100.00
09-05-23,401432,1107,09-13-23,4239,09-14-23,4,FA,2762,4329,NN,Semillas,Fuerza Total,Soja,$ 15100.00
09-05-23,401433,1107,09-13-23,4238,09-14-23,4,FA,2762,4329,NN,Semillas,Fuerza Total,Soja,$ 15100.00
09-05-23,401434,1108,09-13-23,4237,09-14-23,4,FA,2760,3723,NN,Semillas,Fuerza Total Curado,Soja,$ 17000.00
09-05-23,401435,1108,09-13-23,4236,09-14-23,4,FA,2760,3723,NN,Semillas,Fuerza Total Curado,Soja,$ 17000.00
09-06-23,401618,1110,09-14-23,4242,09-14-23,4,FA,2763,5103,NN,Semillas,Fuerza Total Curado,Soja,$ 17000.00
09-07-23,401619,1111,09-15-23,4247,09-20-23,4,FA,2766,392,NN,Semillas,Fuerza Total,Soja,$ 15100.00
09-07-23,401620,1111,09-15-23,4246,09-20-23,4,FA,2766,392,NN,Semillas,Fuerza Total,Soja,$ 15100.00
09-07-23,401621,1111,09-15-23,4245,09-20-23,4,FA,2766,392,NN,Semillas,Fuerza Total,Soja,$ 15100.00
09-07-23,401622,1111,09-15-23,4244,09-20-23,4,FA,2766,392,NN,Semillas,Fuerza Total,Soja,$ 15100.00
09-07-23,401623,1111,09-15-23,4243,09-20-23,4,FA,2766,392,NN,Semillas,Fuerza Total,Soja,$ 15100.00
09-08-23,401624,1112,09-18-23,4249,09-20-23,4,FA,2768,25,NN,Semillas,Fuerza Total Curado,Maní,$ 17000.00
09-08-23,401625,1112,09-18-23,4248,09-20-23,4,FA,2768,25,NN,Semillas,Maní,Maní,$ 14200.00
09-08-23,401626,1113,09-18-23,4252,09-20-23,4,FA,2769,104,NN,Semillas,Cold Test,Maíz,$ 20500.00
09-08-23,401627,1113,09-18-23,4251,09-20-23,4,FA,2769,104,NN,Semillas,Cold Test,Maíz,$ 20500.00
09-11-23,401637,1114,09-25-23,4291,09-27-23,4,FA,2780,5081,NN,Semillas,Girasol,Girasol,$ 11000.00
09-11-23,401640,1117,09-19-23,4259,09-25-23,4,FA,2776,1864,NN,Semillas,Fuerza Total,Soja,$ 15100.00
09-11-23,401641,1117,09-19-23,4258,09-25-23,4,FA,2776,1864,NN,Semillas,Fuerza Total,Soja,$ 15100.00
09-12-23,401642,1118,09-19-23,4262,09-25-23,4,FA,2773,392,NN,Semillas,Fuerza Total,Soja,$ 15100.00
09-12-23,401643,1118,09-19-23,4261,09-25-23,4,FA,2773,392,NN,Semillas,Fuerza Total,Soja,$ 15100.00
09-12-23,401644,1118,09-19-23,4260,09-25-23,4,FA,2773,392,NN,Semillas,Fuerza Total,Soja,$ 15100.00
09-12-23,401645,1119,09-19-23,4266,09-25-23,4,FA,2778,981,NN,Semillas,Fuerza Total,Soja,$ 15100.00
09-12-23,401646,1119,09-19-23,4265,09-25-23,4,FA,2778,981,NN,Semillas,Fuerza Total,Soja,$ 15100.00
09-12-23,401647,1119,09-19-23,4264,09-25-23,4,FA,2778,981,NN,Semillas,Fuerza Total,Soja,$ 15100.00
09-12-23,401648,1119,09-19-23,4263,09-25-23,4,FA,2778,981,NN,Semillas,Fuerza Total,Soja,$ 15100.00
09-13-23,401649,1120,09-28-23,4313,10-02-23,4,FA,2795,772,NN,Semillas,Alfalfa,Alfalfa,$ 27200.00
09-13-23,401650,1120,09-21-23,4272,09-25-23,4,FA,2772,772,NN,Semillas,Soja,Soja,$ 27200.00
09-13-23,401651,1121,09-21-23,4273,09-25-23,4,FA,2771,4557,NN,Semillas,Fuerza Total,Soja,$ 15100.00
09-13-23,401652,1122,09-21-23,4271,09-25-23,4,FA,2775,3227,NN,Semillas,Soja,Soja,$ 21500.00
09-13-23,401653,1122,09-21-23,4270,09-25-23,4,FA,2775,3227,NN,Semillas,Soja,Soja,$ 21500.00
09-13-23,401654,1122,09-21-23,4269,09-25-23,4,FA,2775,3227,NN,Semillas,Soja,Soja,$ 21500.00
09-13-23,401655,1123,09-22-23,4290,09-27-23,4,FA,2781,3687,NN,Semillas,Convenio Syngenta Soja Completo,Soja,$ 12600.00
09-13-23,401656,1123,09-22-23,4289,09-27-23,4,FA,2781,3687,NN,Semillas,Convenio Syngenta Soja Completo,Soja,$ 12600.00
09-14-23,401657,1124,09-22-23,4275,09-25-23,4,FA,2774,921,NN,Semillas,Soja,Soja,$ 11000.00
09-14-23,401658,1124,09-22-23,4274,09-25-23,4,FA,2774,921,NN,Semillas,Soja,Soja,$ 11000.00
09-14-23,401662,1125,09-22-23,4276,09-25-23,4,FA,2777,2476,NN,Semillas,Soja,Soja,$ 27200.00
09-15-23,401760,1126,09-22-23,4280,09-27-23,4,FA,2785,798,NN,Semillas,Soja,Soja,$ 14200.00
09-15-23,401761,1126,09-22-23,4279,09-27-23,4,FA,2785,798,NN,Semillas,Soja,Soja,$ 14200.00
09-15-23,401762,1126,09-22-23,4278,09-27-23,4,FA,2785,798,NN,Semillas,Soja,Soja,$ 14200.00
09-15-23,401763,1127,09-22-23,4285,09-27-23,4,FB,60,4712,NN,Semillas,Soja,Soja,$ 11000.00
09-15-23,401764,1127,09-22-23,4284,09-27-23,4,FB,60,4712,NN,Semillas,Soja,Soja,$ 11000.00
09-15-23,401765,1127,09-22-23,4283,09-27-23,4,FB,60,4712,NN,Semillas,Soja,Soja,$ 11000.00
09-15-23,401766,1127,09-22-23,4282,09-27-23,4,FB,60,4712,NN,Semillas,Soja,Soja,$ 11000.00
09-15-23,401767,1127,09-22-23,4281,09-27-23,4,FB,60,4712,NN,Semillas,Soja,Soja,$ 11000.00
09-15-23,401768,1129,09-22-23,4286,09-27-23,4,FA,2786,4582,NN,Semillas,Fuerza Total,Soja,$ 15100.00
09-15-23,401769,1130,09-22-23,4288,09-27-23,4,FA,2779,3245,NN,Semillas,Soja,Soja,$ 11000.00
09-15-23,401770,1130,09-22-23,4287,09-27-23,4,FA,2779,3245,NN,Semillas,Soja,Soja,$ 11000.00
09-15-23,401771,1128,09-22-23,4277,09-27-23,4,FB,60,4712,NN,Semillas,Maíz,Maíz,$ 11000.00
09-18-23,401780,1131,09-21-23,4268,09-27-23,4,FA,2789,1328,NN,Semillas,Gatton Panic,Gatton Panic,$ 14000.00
09-18-23,401781,1131,09-21-23,4267,09-27-23,4,FA,2789,1328,NN,Semillas,Panicum Coloratum,Panicum Coloratum,$ 14000.00
09-18-23,401783,1133,09-27-23,4311,10-02-23,4,FA,2802,350,NN,Semillas,Soja,Soja,$ 20500.00
09-18-23,401784,1133,09-27-23,4310,10-02-23,4,FA,2802,350,NN,Semillas,Soja,Soja,$ 20500.00
09-18-23,401785,1133,09-27-23,4309,10-02-23,4,FA,2802,350,NN,Semillas,Soja,Soja,$ 20500.00
09-18-23,401786,1133,09-27-23,4308,10-02-23,4,FA,2802,350,NN,Semillas,Soja,Soja,$ 20500.00
09-20-23,401787,1136,09-27-23,4312,10-02-23,4,FA,2796,1069,NN,Semillas,Soja,Soja,$ 27200.00
09-19-23,401788,1134,09-26-23,4307,09-27-23,4,FA,2783,62,NN,Semillas,Fuerza Total,Maíz,$ 15100.00
09-19-23,401789,1134,09-26-23,4306,09-27-23,4,FA,2783,62,NN,Semillas,Fuerza Total,Maíz,$ 15100.00
09-19-23,401790,1134,09-26-23,4305,09-27-23,4,FA,2783,62,NN,Semillas,Fuerza Total,Maíz,$ 15100.00
09-19-23,401791,1134,09-26-23,4304,09-27-23,4,FA,2783,62,NN,Semillas,Fuerza Total,Maíz,$ 15100.00
09-19-23,401792,1134,09-26-23,4303,09-27-23,4,FA,2783,62,NN,Semillas,Fuerza Total,Maíz,$ 15100.00
09-19-23,401793,1134,09-26-23,4302,09-27-23,4,FA,2783,62,NN,Semillas,Fuerza Total,Maíz,$ 15100.00
09-19-23,401794,1134,09-26-23,4301,09-27-23,4,FA,2783,62,NN,Semillas,Fuerza Total,Maíz,$ 15100.00
09-19-23,401795,1134,09-26-23,4300,09-27-23,4,FA,2783,62,NN,Semillas,Fuerza Total,Maíz,$ 15100.00
09-19-23,401796,1134,09-26-23,4299,09-27-23,4,FA,2783,62,NN,Semillas,Fuerza Total,Maíz,$ 15100.00
09-19-23,401797,1134,09-26-23,4298,09-27-23,4,FA,2783,62,NN,Semillas,Fuerza Total,Maíz,$ 15100.00
09-19-23,401798,1134,09-26-23,4297,09-27-23,4,FA,2783,62,NN,Semillas,Fuerza Total,Maíz,$ 15100.00
09-19-23,401799,1134,09-26-23,4296,09-27-23,4,FA,2783,62,NN,Semillas,Fuerza Total,Maíz,$ 15100.00
09-19-23,401800,1134,09-26-23,4295,09-27-23,4,FA,2783,62,NN,Semillas,Fuerza Total,Maíz,$ 15100.00
09-19-23,401801,1134,09-26-23,4294,09-27-23,4,FA,2783,62,NN,Semillas,Fuerza Total,Maíz,$ 15100.00
09-19-23,401802,1134,09-26-23,4293,09-27-23,4,FA,2783,62,NN,Semillas,Fuerza Total,Maíz,$ 15100.00
09-19-23,401803,1135,10-04-23,4340,10-09-23,4,FA,2808,62,NN,Semillas,Fuerza Total,Sorgo,$ 15100.00
09-19-23,401804,1135,10-04-23,4339,10-09-23,4,FA,2808,62,NN,Semillas,Fuerza Total,Sorgo,$ 15100.00
09-19-23,401805,1135,10-04-23,4338,10-09-23,4,FA,2808,62,NN,Semillas,Fuerza Total,Sorgo,$ 15100.00
09-21-23,401806,1137,09-29-23,4332,10-02-23,4,FA,2797,5104,NN,Semillas,Fuerza Total,Soja,$ 15100.00
09-21-23,401807,1138,09-29-23,4331,10-02-23,4,FA,2799,38,NN,Semillas,Fuerza Total,Soja,$ 20000.00
09-21-23,401818,1139,09-29-23,4330,10-02-23,4,FA,2794,4557,NN,Semillas,Fuerza Total,Soja,$ 20000.00
09-21-23,401819,1139,09-29-23,4329,10-02-23,4,FA,2794,4557,NN,Semillas,Fuerza Total,Soja,$ 20000.00
09-21-23,401820,1139,09-29-23,4328,10-02-23,4,FA,2794,4557,NN,Semillas,Fuerza Total,Soja,$ 20000.00
09-21-23,401821,1139,09-29-23,4327,10-02-23,4,FA,2794,4557,NN,Semillas,Fuerza Total,Soja,$ 20000.00
09-21-23,401822,1139,09-29-23,4326,10-02-23,4,FA,2794,4557,NN,Semillas,Fuerza Total,Soja,$ 20000.00
09-21-23,401823,1140,09-29-23,4325,10-02-23,4,FA,2805,1897,NN,Semillas,Soja,Soja,$ 14600.00
09-21-23,401824,1141,10-02-23,4333,10-02-23,4,FA,2800,25,NN,Semillas,Fuerza Total Curado,Maní,$ 22600.00
09-21-23,401825,1142,09-29-23,4324,10-02-23,4,FA,2804,981,NN,Semillas,Fuerza Total,Soja,$ 20000.00
09-21-23,401826,1142,09-29-23,4323,10-02-23,4,FA,2804,981,NN,Semillas,Fuerza Total,Soja,$ 20000.00
09-21-23,401827,1143,09-29-23,4322,10-02-23,4,FA,2803,2211,NN,Semillas,Soja,Soja,$ 14600.00
09-21-23,401828,1143,09-29-23,4321,10-02-23,4,FA,2803,2211,NN,Semillas,Soja,Soja,$ 14600.00
09-22-23,401830,1144,10-02-23,4336,10-09-23,4,FA,2813,104,NN,Semillas,Fuerza Total,Sorgo,$ 20000.00
09-22-23,401831,1144,10-09-23,4349,10-09-23,4,FA,2813,104,NN,Semillas,Fuerza Total,Sorgo,$ 20000.00
09-22-23,401832,1144,10-02-23,4335,10-09-23,4,FA,2813,104,NN,Semillas,Fuerza Total,Sorgo,$ 20000.00
09-22-23,401833,1144,10-09-23,4348,10-09-23,4,FA,2813,104,NN,Semillas,Fuerza Total,Sorgo,$ 20000.00
09-22-23,401834,1145,09-29-23,4320,10-02-23,4,FA,2792,1311,NN,Semillas,Poder + Peso,Soja,$ 19600.00
09-22-23,401835,1145,09-29-23,4319,10-02-23,4,FA,2792,1311,NN,Semillas,Poder + Peso,Soja,$ 19600.00
09-22-23,401836,1145,09-29-23,4318,10-02-23,4,FA,2792,1311,NN,Semillas,Poder + Peso,Soja,$ 19600.00
09-22-23,401837,1145,09-29-23,4317,10-02-23,4,FA,2792,1311,NN,Semillas,Poder + Peso,Soja,$ 19600.00
09-22-23,401838,1145,09-29-23,4316,10-02-23,4,FA,2792,1311,NN,Semillas,Poder + Peso,Soja,$ 19600.00
09-22-23,401841,1146,09-29-23,4315,10-02-23,4,FA,2801,2888,NN,Semillas,Soja,Soja,$ 14600.00
09-22-23,401842,1146,09-29-23,4314,10-02-23,4,FA,2801,2888,NN,Semillas,Soja,Soja,$ 14600.00
09-25-23,401892,1147,10-03-23,4337,10-09-23,4,FA,2816,489,NN,Semillas,Soja,Soja,$ 14600.00
09-26-23,401909,1149,10-04-23,4343,10-09-23,4,FA,2807,2853,NN,Semillas,Doble Poder X2,Soja,$ 27200.00
09-26-23,401910,1149,10-04-23,4342,10-09-23,4,FA,2807,2853,NN,Semillas,Doble Poder X2,Soja,$ 27200.00
09-26-23,401911,1149,10-04-23,4341,10-09-23,4,FA,2807,2853,NN,Semillas,Doble Poder X2,Soja,$ 27200.00
09-27-23,401912,1150,10-05-23,4345,10-09-23,4,FA,2814,4943,NN,Semillas,Poder + Peso,Soja,$ 19600.00
09-27-23,401913,1150,10-05-23,4344,10-09-23,4,FA,2814,4943,NN,Semillas,Poder + Peso,Soja,$ 19600.00
09-27-23,401914,1151,10-09-23,4357,10-09-23,4,FA,2812,25,NN,Semillas,Fuerza Total Curado,Maní,$ 22600.00
09-27-23,401918,1152,10-05-23,4347,10-09-23,4,FA,2806,4339,NN,Semillas,Poder + Peso,Soja,$ 19600.00
09-27-23,401919,1152,10-05-23,4346,10-09-23,4,FA,2806,4339,NN,Semillas,Poder + Peso,Soja,$ 19600.00
09-28-23,401920,1153,10-06-23,4354,10-09-23,4,FA,2809,392,NN,Semillas,Fuerza Total,Soja,$ 20000.00
09-28-23,401921,1153,10-06-23,4353,10-09-23,4,FA,2809,392,NN,Semillas,Fuerza Total,Soja,$ 20000.00
09-28-23,401922,1153,10-06-23,4352,10-09-23,4,FA,2809,392,NN,Semillas,Fuerza Total,Soja,$ 20000.00
09-28-23,401923,1153,10-06-23,4351,10-09-23,4,FA,2809,392,NN,Semillas,Fuerza Total,Soja,$ 20000.00
09-28-23,401924,1153,10-06-23,4350,10-09-23,4,FA,2809,392,NN,Semillas,Fuerza Total,Soja,$ 20000.00
09-29-23,402037,1154,10-06-23,4356,10-09-23,4,FA,2811,853,NN,Semillas,Fuerza Total,Mijo,$ 20000.00
09-29-23,402038,1154,10-06-23,4355,10-09-23,4,FA,2811,853,NN,Semillas,Fuerza Total,Mijo,$ 20000.00
10-02-23,402039,1155,10-10-23,4358,10-12-23,4,FA,2820,1069,NN,Semillas,Soja,Soja,$ 36100.00
10-09-23,402048,1166,10-10-23,4359,10-12-23,4,FA,2825,187,NN,Semillas,Soja,Soja,$ 18600.00
10-03-23,402049,1156,10-11-23,4360,10-12-23,4,FA,2829,2308,NN,Semillas,Fuerza Total,Soja,$ 20000.00
10-03-23,402050,1158,10-11-23,4361,10-12-23,4,FA,2818,5106,NN,Semillas,Fuerza Total,Soja,$ 20000.00
10-03-23,402051,1157,10-17-23,4399,10-18-23,4,FA,2834,25,NN,Semillas,Fuerza Total Curado,Maní,$ 22600.00
10-03-23,402052,1157,10-17-23,4398,10-18-23,4,FA,2834,25,NN,Semillas,Fuerza Total Curado,Maní,$ 22600.00
10-04-23,402073,1159,10-12-23,4364,10-12-23,4,FA,2827,4922,NN,Semillas,Soja,Soja,$ 18800.00
10-05-23,402074,1160,10-12-23,4388,10-12-23,4,FA,2819,392,NN,Semillas,Fuerza Total,Soja,$ 20000.00
10-05-23,402075,1160,10-12-23,4387,10-12-23,4,FA,2819,392,NN,Semillas,Fuerza Total,Soja,$ 20000.00
10-05-23,402076,1160,10-12-23,4386,10-12-23,4,FA,2819,392,NN,Semillas,Fuerza Total,Soja,$ 20000.00
10-05-23,402077,1160,10-12-23,4385,10-12-23,4,FA,2819,392,NN,Semillas,Fuerza Total,Soja,$ 20000.00
10-05-23,402078,1160,10-12-23,4384,10-12-23,4,FA,2819,392,NN,Semillas,Fuerza Total,Soja,$ 20000.00
10-05-23,402079,1160,10-12-23,4383,10-12-23,4,FA,2819,392,NN,Semillas,Fuerza Total,Soja,$ 20000.00
10-05-23,402080,1160,10-12-23,4382,10-12-23,4,FA,2819,392,NN,Semillas,Fuerza Total,Soja,$ 20000.00
10-05-23,402081,1160,10-12-23,4381,10-12-23,4,FA,2819,392,NN,Semillas,Fuerza Total,Soja,$ 20000.00
10-05-23,402082,1160,10-12-23,4380,10-12-23,4,FA,2819,392,NN,Semillas,Fuerza Total,Soja,$ 20000.00
10-05-23,402083,1160,10-12-23,4379,10-12-23,4,FA,2819,392,NN,Semillas,Fuerza Total,Soja,$ 20000.00
10-05-23,402084,1160,10-12-23,4378,10-12-23,4,FA,2819,392,NN,Semillas,Fuerza Total,Soja,$ 20000.00
10-05-23,402085,1160,10-12-23,4377,10-12-23,4,FA,2819,392,NN,Semillas,Fuerza Total,Soja,$ 20000.00
10-05-23,402086,1160,10-12-23,4376,10-12-23,4,FA,2819,392,NN,Semillas,Fuerza Total,Soja,$ 20000.00
10-05-23,402087,1160,10-12-23,4375,10-12-23,4,FA,2819,392,NN,Semillas,Fuerza Total,Soja,$ 20000.00
10-05-23,402088,1160,10-12-23,4374,10-12-23,4,FA,2819,392,NN,Semillas,Fuerza Total,Soja,$ 20000.00
10-05-23,402089,1160,10-12-23,4373,10-12-23,4,FA,2819,392,NN,Semillas,Fuerza Total,Soja,$ 20000.00
10-05-23,402090,1160,10-12-23,4372,10-12-23,4,FA,2819,392,NN,Semillas,Fuerza Total,Soja,$ 20000.00
10-05-23,402091,1160,10-12-23,4371,10-12-23,4,FA,2819,392,NN,Semillas,Fuerza Total,Soja,$ 20000.00
10-05-23,402092,1160,10-12-23,4370,10-12-23,4,FA,2819,392,NN,Semillas,Fuerza Total,Soja,$ 20000.00
10-05-23,402093,1160,10-12-23,4369,10-12-23,4,FA,2819,392,NN,Semillas,Fuerza Total,Soja,$ 20000.00
10-05-23,402094,1160,10-12-23,4368,10-12-23,4,FA,2819,392,NN,Semillas,Fuerza Total,Soja,$ 20000.00
10-05-23,402095,1160,10-12-23,4367,10-12-23,4,FA,2819,392,NN,Semillas,Fuerza Total,Soja,$ 20000.00
10-05-23,402096,1160,10-12-23,4366,10-12-23,4,FA,2819,392,NN,Semillas,Fuerza Total,Soja,$ 20000.00
10-05-23,402097,1160,10-12-23,4365,10-12-23,4,FA,2819,392,NN,Semillas,Fuerza Total,Soja,$ 20000.00
10-05-23,402098,1161,10-17-23,4404,10-18-23,4,FA,2832,33,NN,Semillas,Fuerza Total Curado,Maní,$ 22600.00
10-05-23,402099,1161,10-17-23,4403,10-18-23,4,FA,2832,33,NN,Semillas,Fuerza Total Curado,Maní,$ 22600.00
10-05-23,402100,1161,10-17-23,4402,10-18-23,4,FA,2832,33,NN,Semillas,Fuerza Total Curado,Maní,$ 22600.00
10-05-23,402101,1161,10-17-23,4401,10-18-23,4,FA,2832,33,NN,Semillas,Fuerza Total Curado,Maní,$ 22600.00
10-05-23,402102,1161,10-17-23,4400,10-18-23,4,FA,2832,33,NN,Semillas,Fuerza Total Curado,Maní,$ 22600.00
10-05-23,402196,1162,10-12-23,4363,10-12-23,4,FA,2826,3276,NN,Semillas,Soja,Soja,$ 14600.00
10-05-23,402197,1162,10-12-23,4362,10-12-23,4,FA,2826,3276,NN,Semillas,Soja,Soja,$ 14600.00
10-06-23,402244,1163,10-12-23,4396,10-12-23,4,FA,2822,4797,NN,Semillas,Fuerza Total,Soja,$ 20000.00
10-06-23,402245,1163,10-12-23,4395,10-12-23,4,FA,2822,4797,NN,Semillas,Fuerza Total,Soja,$ 20000.00
10-06-23,402246,1163,10-12-23,4394,10-12-23,4,FA,2822,4797,NN,Semillas,Fuerza Total,Soja,$ 20000.00
10-06-23,402247,1163,10-12-23,4393,10-12-23,4,FA,2822,4797,NN,Semillas,Fuerza Total,Soja,$ 20000.00
10-06-23,402248,1163,10-12-23,4392,10-12-23,4,FA,2822,4797,NN,Semillas,Fuerza Total,Soja,$ 20000.00
10-06-23,402249,1164,10-18-23,4409,10-19-23,4,FA,2837,187,NN,Semillas,Cold Test,Soja,$ 27200.00
10-06-23,402250,1164,10-12-23,4397,10-12-23,4,FA,2825,187,NN,Semillas,Fuerza Total Curado,Soja,$ 22600.00
10-06-23,402253,1165,10-12-23,4391,10-12-23,4,FA,2828,981,NN,Semillas,Fuerza Total,Soja,$ 20000.00
10-06-23,402254,1165,10-12-23,4390,10-12-23,4,FA,2828,981,NN,Semillas,Fuerza Total,Soja,$ 20000.00
10-06-23,402255,1165,10-12-23,4389,10-12-23,4,FA,2828,981,NN,Semillas,Fuerza Total,Soja,$ 20000.00
10-09-23,402262,1167,10-17-23,4407,10-18-23,4,FA,2835,3357,NN,Semillas,Soja,Soja,$ 14600.00
10-09-23,402263,1167,10-17-23,4406,10-18-23,4,FA,2835,3357,NN,Semillas,Soja,Soja,$ 14600.00
10-09-23,402264,1167,10-17-23,4405,10-18-23,4,FA,2835,3357,NN,Semillas,Soja,Soja,$ 14600.00
10-10-23,402266,1168,10-18-23,4426,10-19-23,4,FA,2836,392,NN,Semillas,Fuerza Total,Soja,$ 20000.00
10-10-23,402267,1168,10-18-23,4425,10-19-23,4,FA,2836,392,NN,Semillas,Fuerza Total,Soja,$ 20000.00
10-10-23,402268,1168,10-18-23,4424,10-19-23,4,FA,2836,392,NN,Semillas,Fuerza Total,Soja,$ 20000.00
10-10-23,402269,1168,10-18-23,4423,10-19-23,4,FA,2836,392,NN,Semillas,Fuerza Total,Soja,$ 20000.00
10-10-23,402270,1168,10-18-23,4422,10-19-23,4,FA,2836,392,NN,Semillas,Fuerza Total,Soja,$ 20000.00
10-10-23,402271,1168,10-18-23,4421,10-19-23,4,FA,2836,392,NN,Semillas,Fuerza Total,Soja,$ 20000.00
10-10-23,402272,1168,10-18-23,4420,10-19-23,4,FA,2836,392,NN,Semillas,Fuerza Total,Soja,$ 20000.00
10-10-23,402273,1168,10-18-23,4419,10-19-23,4,FA,2836,392,NN,Semillas,Fuerza Total,Soja,$ 20000.00
10-10-23,402274,1168,10-18-23,4418,10-19-23,4,FA,2836,392,NN,Semillas,Fuerza Total,Soja,$ 20000.00
10-10-23,402275,1168,10-18-23,4417,10-19-23,4,FA,2836,392,NN,Semillas,Fuerza Total,Soja,$ 20000.00
10-10-23,402276,1168,10-18-23,4416,10-19-23,4,FA,2836,392,NN,Semillas,Fuerza Total,Soja,$ 20000.00
10-10-23,402277,1168,10-18-23,4415,10-19-23,4,FA,2836,392,NN,Semillas,Fuerza Total,Soja,$ 20000.00
10-10-23,402278,1168,10-18-23,4414,10-19-23,4,FA,2836,392,NN,Semillas,Fuerza Total,Soja,$ 20000.00
10-10-23,402279,1168,10-18-23,4413,10-19-23,4,FA,2836,392,NN,Semillas,Fuerza Total,Soja,$ 20000.00
10-10-23,402280,1168,10-18-23,4412,10-19-23,4,FA,2836,392,NN,Semillas,Fuerza Total,Soja,$ 20000.00
10-10-23,402281,1168,10-18-23,4411,10-19-23,4,FA,2836,392,NN,Semillas,Fuerza Total,Soja,$ 20000.00
10-10-23,402282,1168,10-18-23,4410,10-19-23,4,FA,2836,392,NN,Semillas,Fuerza Total,Soja,$ 20000.00
10-10-23,402283,1169,10-18-23,4428,10-19-23,4,FA,2839,1425,NN,Semillas,Fuerza Total,Soja,$ 20000.00
10-10-23,402284,1169,10-18-23,4427,10-19-23,4,FA,2839,1425,NN,Semillas,Fuerza Total,Soja,$ 20000.00
10-10-23,402285,1170,10-18-23,4430,10-19-23,4,FA,2838,1069,NN,Semillas,Soja,Soja,$ 36100.00
10-10-23,402286,1170,10-18-23,4429,10-19-23,4,FA,2838,1069,NN,Semillas,Soja,Soja,$ 36100.00
10-11-23,402287,1172,10-18-23,4431,10-19-23,4,FA,2840,1473,NN,Semillas,Fuerza Total,Soja,$ 20000.00
10-10-23,402288,1173,10-18-23,4432,10-19-23,4,FA,2844,3519,NN,Semillas,Fuerza Total,Soja,$ 20000.00
10-11-23,402289,1174,10-18-23,4436,10-19-23,4,FA,2842,5108,NN,Semillas,Fuerza Total,Soja,$ 20000.00
10-11-23,402290,1174,10-18-23,4435,10-19-23,4,FA,2842,5108,NN,Semillas,Fuerza Total,Soja,$ 20000.00
10-11-23,402291,1174,10-18-23,4434,10-19-23,4,FA,2842,5108,NN,Semillas,Fuerza Total,Soja,$ 20000.00
10-11-23,402292,1174,10-18-23,4433,10-19-23,4,FA,2842,5108,NN,Semillas,Fuerza Total,Soja,$ 20000.00
10-10-23,402320,1175,10-18-23,4437,10-19-23,4,FA,2845,9350,NN,Semillas,Soja,Soja,$ 14600.00
10-10-23,402321,1176,10-18-23,4442,10-19-23,4,FA,2841,2065,NN,Semillas,Soja,Soja,$ 14600.00
10-10-23,402322,1176,10-18-23,4441,10-19-23,4,FA,2841,2065,NN,Semillas,Soja,Soja,$ 14600.00
10-10-23,402323,1176,10-18-23,4440,10-19-23,4,FA,2841,2065,NN,Semillas,Soja,Soja,$ 14600.00
10-10-23,402324,1176,10-18-23,4439,10-19-23,4,FA,2841,2065,NN,Semillas,Fuerza Total,Soja,$ 20000.00
10-10-23,402325,1176,10-18-23,4438,10-19-23,4,FA,2841,2065,NN,Semillas,Fuerza Total,Soja,$ 20000.00
10-11-23,402326,1177,10-19-23,4446,10-23-23,4,FA,2846,354,NN,Semillas,Fuerza Total,Soja,$ 20000.00
10-11-23,402327,1178,10-19-23,4449,10-23-23,4,FA,2849,2677,NN,Semillas,Soja,Soja,$ 18800.00
10-11-23,402328,1178,10-19-23,4448,10-23-23,4,FA,2849,2677,NN,Semillas,Soja,Soja,$ 18800.00
10-11-23,402329,1178,10-19-23,4447,10-23-23,4,FA,2849,2677,NN,Semillas,Soja,Soja,$ 18800.00
10-11-23,402330,1179,10-19-23,4451,10-23-23,4,FA,2850,25,NN,Semillas,Doble Poder X2,Soja,$ 27200.00
10-11-23,402331,1179,10-19-23,4450,10-23-23,4,FA,2850,25,NN,Semillas,Doble Poder X2,Soja,$ 27200.00
10-11-23,402332,1177,10-18-23,4443,10-19-23,4,FA,2843,2795,NN,Semillas,Convenio Syngenta Soja Completo,Soja,$ 12600.00
10-11-23,402333,1180,10-18-23,4445,10-19-23,4,FA,2843,2795,NN,Semillas,Convenio Syngenta Soja Completo,Soja,$ 12600.00
10-11-23,402334,1180,10-18-23,4444,10-19-23,4,FA,2843,2795,NN,Semillas,Convenio Syngenta Soja Completo,Soja,$ 12600.00
10-12-23,402335,1181,10-20-23,4457,10-23-23,4,FA,2847,4557,NN,Semillas,Fuerza Total,Soja,$ 20000.00
10-12-23,402336,1181,10-20-23,4456,10-23-23,4,FA,2847,4557,NN,Semillas,Fuerza Total,Soja,$ 20000.00
10-12-23,402337,1181,10-20-23,4455,10-23-23,4,FA,2847,4557,NN,Semillas,Fuerza Total,Soja,$ 20000.00
10-12-23,402338,1181,10-20-23,4454,10-23-23,4,FA,2847,4557,NN,Semillas,Fuerza Total,Soja,$ 20000.00
10-12-23,402339,1181,10-20-23,4453,10-23-23,4,FA,2847,4557,NN,Semillas,Fuerza Total,Soja,$ 20000.00
10-12-23,402340,1181,10-20-23,4452,10-23-23,4,FA,2847,4557,NN,Semillas,Fuerza Total,Soja,$ 20000.00
10-17-23,402341,1182,10-23-23,4458,10-26-23,4,FA,2851,2137,NN,Semillas,Poroto,Poroto,$ 14600.00
10-18-23,402371,1189,10-25-23,4459,10-30-23,4,FA,2859,5107,NN,Semillas,Fuerza Total,Soja,$ 20000.00
10-17-23,402458,1183,10-26-23,4475,10-30-23,4,FA,2854,4339,NN,Semillas,Soja,Soja,$ 14600.00
10-17-23,402459,1184,10-26-23,4474,10-30-23,4,FA,2855,3875,NN,Semillas,Soja,Soja,$ 14600.00
10-17-23,402460,1184,10-26-23,4473,10-30-23,4,FA,2855,3875,NN,Semillas,Soja,Soja,$ 14600.00
10-17-23,402461,1185,10-26-23,4472,10-30-23,4,FA,2856,392,NN,Semillas,Fuerza Total,Soja,$ 20000.00
10-17-23,402462,1185,10-26-23,4471,10-30-23,4,FA,2856,392,NN,Semillas,Fuerza Total,Soja,$ 20000.00
10-17-23,402463,1185,10-26-23,4470,10-30-23,4,FA,2856,392,NN,Semillas,Fuerza Total,Soja,$ 20000.00
10-17-23,402464,1185,10-26-23,4469,10-30-23,4,FA,2856,392,NN,Semillas,Fuerza Total,Soja,$ 20000.00
10-17-23,402465,1185,10-26-23,4468,10-30-23,4,FA,2856,392,NN,Semillas,Fuerza Total,Soja,$ 20000.00
10-17-23,402466,1185,10-26-23,4467,10-30-23,4,FA,2856,392,NN,Semillas,Fuerza Total,Soja,$ 20000.00
10-17-23,402467,1185,10-26-23,4466,10-30-23,4,FA,2856,392,NN,Semillas,Fuerza Total,Soja,$ 20000.00
10-17-23,402468,1185,10-26-23,4465,10-30-23,4,FA,2856,392,NN,Semillas,Fuerza Total,Soja,$ 20000.00
10-18-23,402469,1186,10-27-23,4481,10-30-23,4,FA,2861,25,NN,Semillas,Fuerza Total Curado,Maní,$ 22600.00
10-18-23,402470,1186,10-27-23,4480,10-30-23,4,FA,2861,25,NN,Semillas,Fuerza Total Curado,Maní,$ 22600.00
10-18-23,402471,1186,10-27-23,4479,10-30-23,4,FA,2861,25,NN,Semillas,Fuerza Total Curado,Maní,$ 22600.00
10-18-23,402472,1186,10-27-23,4478,10-30-23,4,FA,2861,25,NN,Semillas,Fuerza Total Curado,Maní,$ 22600.00
10-18-23,402473,1186,10-27-23,4477,10-30-23,4,FA,2861,25,NN,Semillas,Fuerza Total Curado,Maní,$ 22600.00
10-18-23,402474,1187,10-26-23,4464,10-30-23,4,FA,2862,4982,NN,Semillas,Soja,Soja,$ 14600.00
10-18-23,402475,1188,10-26-23,4463,10-30-23,4,FA,2858,2296,NN,Semillas,Fuerza Total Curado,Soja,$ 22600.00
10-18-23,402476,1188,10-26-23,4462,10-30-23,4,FA,2858,2296,NN,Semillas,Fuerza Total Curado,Soja,$ 22600.00
10-18-23,402477,1188,10-26-23,4461,10-30-23,4,FA,2858,2296,NN,Semillas,Fuerza Total Curado,Soja,$ 22600.00
10-18-23,402478,1188,10-26-23,4460,10-30-23,4,FA,2858,2296,NN,Semillas,Fuerza Total Curado,Soja,$ 22600.00
10-19-23,402479,1190,10-27-23,4493,10-30-23,4,FA,2857,5058,NN,Semillas,Fuerza Total,Soja,$ 20000.00
10-19-23,402480,1191,10-30-23,4497,11-01-23,4,FA,2873,104,NN,Semillas,Fuerza Total,Sorgo,$ 20000.00
10-19-23,402481,1191,10-30-23,4496,11-01-23,4,FA,2873,104,NN,Semillas,Fuerza Total,Sorgo,$ 20000.00
10-19-23,402482,1192,10-27-23,4492,10-30-23,4,FA,2864,908,NN,Semillas,Fuerza Total Curado,Soja,$ 22600.00
10-19-23,402483,1192,10-27-23,4491,10-30-23,4,FA,2864,908,NN,Semillas,Fuerza Total Curado,Soja,$ 22600.00
10-20-23,402517,1193,10-27-23,4490,10-30-23,4,FA,2865,981,NN,Semillas,Fuerza Total,Soja,$ 20000.00
10-20-23,402518,1193,10-27-23,4489,10-30-23,4,FA,2865,981,NN,Semillas,Fuerza Total,Soja,$ 20000.00
10-20-23,402519,1194,10-27-23,4488,10-30-23,4,FA,2856,392,NN,Semillas,Fuerza Total,Soja,$ 20000.00
10-20-23,402520,1194,10-27-23,4487,10-30-23,4,FA,2856,392,NN,Semillas,Fuerza Total,Soja,$ 20000.00
10-20-23,402521,1194,10-27-23,4486,10-30-23,4,FA,2856,392,NN,Semillas,Fuerza Total,Soja,$ 20000.00
10-20-23,402522,1194,10-27-23,4485,10-30-23,4,FA,2856,392,NN,Semillas,Fuerza Total,Soja,$ 20000.00
10-20-23,402523,1194,10-27-23,4484,10-30-23,4,FA,2856,392,NN,Semillas,Soja,Soja,$ 18800.00
10-20-23,402524,1195,10-27-23,4483,10-30-23,4,FA,2860,5111,NN,Semillas,Fuerza Total,Soja,$ 20000.00
10-20-23,402525,1195,10-27-23,4482,10-30-23,4,FA,2860,5111,NN,Semillas,Fuerza Total,Soja,$ 20000.00
10-20-23,402526,1196,11-29-23,4625,11-29-23,4,FA,2940,5111,NN,Semillas,Soja,Soja,$ 19000.00
10-20-23,402527,1244,11-29-23,4624,11-29-23,4,FA,2939,5012,NN,Semillas,Soja,Soja,$ 19000.00
10-20-23,402528,1244,11-29-23,4623,11-29-23,4,FA,2939,5012,NN,Semillas,Soja,Soja,$ 19000.00
10-23-23,402531,1197,11-01-23,4504,11-01-23,4,FA,2868,5081,NN,Semillas,Soja,Soja,$ 14600.00
10-23-23,402532,1197,11-01-23,4503,11-01-23,4,FA,2868,5081,NN,Semillas,Soja,Soja,$ 14600.00
10-23-23,402533,1200,11-06-23,4531,11-07-23,4,FA,2886,5110,NN,Semillas,Semilla Vital,Sorgo,$ 27200.00
10-23-23,402534,1198,11-01-23,4502,11-01-23,4,FA,2867,4339,NN,Semillas,Soja,Soja,$ 14600.00
10-24-23,402545,1201,10-31-23,4501,11-01-23,4,FA,2874,1171,NN,Semillas,Poroto Mung,Poroto Mung,$ 14600.00
10-24-23,402546,1201,10-31-23,4500,11-01-23,4,FA,2874,1171,NN,Semillas,Poroto Mung,Poroto Mung,$ 14600.00
10-24-23,402547,1201,10-31-23,4499,11-01-23,4,FA,2874,1171,NN,Semillas,Poroto Mung,Poroto Mung,$ 14600.00
10-24-23,402548,1201,10-31-23,4498,11-01-23,4,FA,2874,1171,NN,Semillas,Poroto Mung,Poroto Mung,$ 14600.00
10-24-23,402549,1202,11-01-23,4511,11-01-23,4,FA,2870,2406,NN,Semillas,Soja,Soja,$ 14600.00
10-24-23,402550,1203,11-01-23,4512,11-01-23,4,FA,2872,1701,NN,Semillas,Fuerza Total,Soja,$ 20000.00
10-24-23,402551,1204,11-01-23,4510,11-01-23,4,FA,2871,392,NN,Semillas,Fuerza Total,Soja,$ 20000.00
10-24-23,402552,1204,11-01-23,4509,11-01-23,4,FA,2871,392,NN,Semillas,Fuerza Total,Soja,$ 20000.00
10-24-23,402553,1204,11-01-23,4508,11-01-23,4,FA,2871,392,NN,Semillas,Fuerza Total,Soja,$ 20000.00
10-24-23,402554,1204,11-01-23,4507,11-01-23,4,FA,2871,392,NN,Semillas,Fuerza Total,Soja,$ 20000.00
10-24-23,402555,1204,11-01-23,4506,11-01-23,4,FA,2871,392,NN,Semillas,Fuerza Total,Soja,$ 20000.00
10-24-23,402556,1204,11-01-23,4505,11-01-23,4,FA,2871,392,NN,Semillas,Fuerza Total,Soja,$ 20000.00
10-25-23,402557,1205,11-02-23,4521,11-07-23,4,FA,2885,421,NN,Semillas,Fuerza Total Curado,Soja,$ 22600.00
10-25-23,402560,1207,11-02-23,4520,11-07-23,4,FA,2880,5113,NN,Semillas,Soja,Soja,$ 14600.00
10-25-23,402561,1207,11-02-23,4519,11-07-23,4,FA,2880,5113,NN,Semillas,Soja,Soja,$ 14600.00
10-25-23,402562,1207,11-02-23,4518,11-07-23,4,FA,2880,5113,NN,Semillas,Soja,Soja,$ 14600.00
10-25-23,402563,1208,11-02-23,4517,11-07-23,4,FA,2878,4557,NN,Semillas,Fuerza Total,Soja,$ 20000.00
10-25-23,402564,1208,11-02-23,4516,11-07-23,4,FA,2878,4557,NN,Semillas,Fuerza Total,Soja,$ 20000.00
10-25-23,402565,1208,11-02-23,4515,11-07-23,4,FA,2878,4557,NN,Semillas,Fuerza Total,Soja,$ 20000.00
10-25-23,402566,1208,11-02-23,4514,11-07-23,4,FA,2878,4557,NN,Semillas,Fuerza Total,Soja,$ 20000.00
10-25-23,402567,1208,11-02-23,4513,11-07-23,4,FA,2878,4557,NN,Semillas,Fuerza Total,Soja,$ 20000.00
10-26-23,402568,1209,11-03-23,4524,11-07-23,4,FA,2882,3337,NN,Semillas,Fuerza Total,Soja,$ 20000.00
10-26-23,402569,1209,11-03-23,4523,11-07-23,4,FA,2882,3337,NN,Semillas,Fuerza Total,Soja,$ 20000.00
10-26-23,402570,1209,11-03-23,4522,11-07-23,4,FA,2882,3337,NN,Semillas,Fuerza Total,Soja,$ 20000.00
10-26-23,402571,1210,11-03-23,4526,11-07-23,4,FA,2883,4251,NN,Semillas,Fuerza Total,Soja,$ 20000.00
10-26-23,402572,1210,11-03-23,4525,11-07-23,4,FA,2883,4251,NN,Semillas,Fuerza Total,Soja,$ 20000.00
10-26-23,402573,1211,11-03-23,4527,11-07-23,4,FA,2881,3196,NN,Semillas,Fuerza Total,Soja,$ 20000.00
10-27-23,402608,1212,11-03-23,4530,11-07-23,4,FA,2877,4339,NN,Semillas,Maíz,Maíz,$ 14600.00
10-27-23,402609,1212,11-03-23,4529,11-07-23,4,FA,2877,4339,NN,Semillas,Maíz,Maíz,$ 14600.00
10-27-23,402610,1212,11-03-23,4528,11-07-23,4,FA,2877,4339,NN,Semillas,Maíz,Maíz,$ 14600.00
10-31-23,402664,1213,11-08-23,4533,11-09-23,4,FA,2887,3920,NN,Semillas,Fuerza Total,Soja,$ 20000.00
10-31-23,402665,1213,11-08-23,4532,11-09-23,4,FA,2887,3920,NN,Semillas,Fuerza Total,Soja,$ 20000.00
10-31-23,402668,1214,11-08-23,4535,11-09-23,4,FA,2889,4763,NN,Semillas,Doble Poder X2,Soja,$ 36100.00
10-31-23,402669,1214,11-08-23,4534,11-09-23,4,FA,2889,4763,NN,Semillas,Doble Poder X2,Soja,$ 36100.00
11-01-23,402670,1215,11-08-23,4539,11-09-23,4,FA,2892,2795,NN,Semillas,Convenio Syngenta Soja Completo,Soja,$ 12600.00
11-01-23,402671,1215,11-08-23,4538,11-09-23,4,FA,2892,2795,NN,Semillas,Convenio Syngenta Soja Completo,Soja,$ 12600.00
11-01-23,402672,1215,11-08-23,4537,11-09-23,4,FA,2892,2795,NN,Semillas,Convenio Syngenta Soja Completo,Soja,$ 12600.00
11-01-23,402673,1215,11-08-23,4536,11-09-23,4,FA,2892,2795,NN,Semillas,Convenio Syngenta Soja Completo,Soja,$ 12600.00
11-01-23,402674,1216,11-16-23,4559,11-21-23,4,FA,2903,3025,NN,Semillas,Fuerza Total,Sorgo,$ 26000.00
11-01-23,402675,1216,11-16-23,4558,11-21-23,4,FA,2903,3025,NN,Semillas,Fuerza Total,Sorgo,$ 26000.00
11-01-23,402676,1216,11-16-23,4557,11-21-23,4,FA,2903,3025,NN,Semillas,Fuerza Total,Sorgo,$ 26000.00
11-02-23,402677,1217,11-09-23,4540,11-09-23,4,FA,2891,4943,NN,Semillas,Maíz,Maíz,$ 19000.00
11-02-23,402678,1218,11-09-23,4541,11-09-23,4,FA,2890,22,NN,Semillas,Maíz,Maíz,$ 19000.00
11-02-23,402679,1219,11-10-23,4544,11-13-23,4,FA,2896,52,NN,Semillas,Doble Poder X2,Soja,$ 35300.00
11-02-23,402680,1219,11-10-23,4543,11-13-23,4,FA,2896,52,NN,Semillas,Doble Poder X2,Soja,$ 35300.00
11-02-23,402681,1219,11-10-23,4542,11-13-23,4,FA,2896,52,NN,Semillas,Doble Poder X2,Soja,$ 35300.00
11-03-23,402683,1220,12-06-23,4643,12-07-23,4,FA,2952,62,NN,Semillas,Fuerza Total Megatérmicas,Buffel Grass,$ 29000.00
11-06-23,402759,1221,11-17-23,4601,11-21-23,4,FA,2913,25,NN,Semillas,Fuerza Total Curado,Maní,$ 29300.00
11-06-23,402760,1221,11-17-23,4600,11-21-23,4,FA,2913,25,NN,Semillas,Maní,Maní,$ 26000.00
11-06-23,402763,1225,11-15-23,4552,11-15-23,4,FA,2901,1864,NN,Semillas,Soja,Soja,$ 40800.00
11-06-23,402764,1225,11-15-23,4551,11-15-23,4,FA,2901,1864,NN,Semillas,Soja,Soja,$ 40800.00
11-06-23,402765,1225,11-15-23,4550,11-15-23,4,FA,2901,1864,NN,Semillas,Soja,Soja,$ 40800.00
11-06-23,402766,1225,11-15-23,4549,11-15-23,4,FA,2901,1864,NN,Semillas,Soja,Soja,$ 40800.00
11-06-23,402767,1225,11-15-23,4548,11-15-23,4,FA,2901,1864,NN,Semillas,Soja,Soja,$ 40800.00
11-07-23,402769,1223,11-14-23,4546,11-23-23,4,FA,2927,3948,NN,Semillas,Maíz,Maíz,$ 19000.00
11-08-23,402770,1224,11-16-23,4556,11-21-23,4,FA,2906,3875,NN,Semillas,Maíz,Maíz,$ 19000.00
11-08-23,402771,1226,11-17-23,4592,11-21-23,4,FA,2904,4339,NN,Semillas,Poder + Peso,Soja,$ 25500.00
11-08-23,402772,1227,11-17-23,4591,11-21-23,4,FA,2908,392,NN,Semillas,Fuerza Total,Soja,$ 26000.00
11-08-23,402773,1227,11-17-23,4590,11-21-23,4,FA,2908,392,NN,Semillas,Fuerza Total,Soja,$ 26000.00
11-08-23,402774,1227,11-17-23,4589,11-21-23,4,FA,2908,392,NN,Semillas,Fuerza Total,Soja,$ 26000.00
11-08-23,402775,1227,11-17-23,4588,11-21-23,4,FA,2908,392,NN,Semillas,Fuerza Total,Soja,$ 26000.00
11-08-23,402776,1227,11-17-23,4587,11-21-23,4,FA,2908,392,NN,Semillas,Fuerza Total,Soja,$ 26000.00
11-08-23,402777,1227,11-17-23,4586,11-21-23,4,FA,2908,392,NN,Semillas,Fuerza Total,Soja,$ 26000.00
11-08-23,402778,1227,11-17-23,4585,11-21-23,4,FA,2908,392,NN,Semillas,Fuerza Total,Soja,$ 26000.00
11-08-23,402779,1227,11-17-23,4584,11-21-23,4,FA,2908,392,NN,Semillas,Fuerza Total,Soja,$ 26000.00
11-08-23,402780,1227,11-17-23,4583,11-21-23,4,FA,2908,392,NN,Semillas,Fuerza Total,Soja,$ 26000.00
11-08-23,402781,1227,11-17-23,4582,11-21-23,4,FA,2908,392,NN,Semillas,Fuerza Total,Soja,$ 26000.00
11-08-23,402782,1227,11-17-23,4581,11-21-23,4,FA,2908,392,NN,Semillas,Fuerza Total,Soja,$ 26000.00
11-08-23,402783,1227,11-17-23,4580,11-21-23,4,FA,2908,392,NN,Semillas,Fuerza Total,Soja,$ 26000.00
11-08-23,402784,1227,11-17-23,4579,11-21-23,4,FA,2908,392,NN,Semillas,Fuerza Total,Soja,$ 26000.00
11-08-23,402785,1227,11-17-23,4578,11-21-23,4,FA,2908,392,NN,Semillas,Fuerza Total,Soja,$ 26000.00
11-08-23,402786,1227,11-17-23,4577,11-21-23,4,FA,2908,392,NN,Semillas,Fuerza Total,Soja,$ 26000.00
11-08-23,402787,1227,11-17-23,4576,11-21-23,4,FA,2908,392,NN,Semillas,Fuerza Total,Soja,$ 26000.00
11-08-23,402788,1227,11-17-23,4575,11-21-23,4,FA,2908,392,NN,Semillas,Fuerza Total,Soja,$ 26000.00
11-08-23,402789,1228,11-17-23,4574,11-21-23,4,FA,2908,392,NN,Semillas,Fuerza Total,Soja,$ 26000.00
11-08-23,402790,1228,11-17-23,4573,11-21-23,4,FA,2908,392,NN,Semillas,Fuerza Total,Soja,$ 26000.00
11-08-23,402791,1228,11-17-23,4572,11-21-23,4,FA,2908,392,NN,Semillas,Fuerza Total,Soja,$ 26000.00
11-08-23,402792,1229,11-17-23,4571,11-21-23,4,FA,2908,392,NN,Semillas,Fuerza Total,Soja,$ 26000.00
11-08-23,402793,1224,11-17-23,4570,11-21-23,4,FA,2908,392,NN,Semillas,Fuerza Total,Soja,$ 26000.00
11-08-23,402794,1229,11-17-23,4569,11-21-23,4,FA,2908,392,NN,Semillas,Fuerza Total,Soja,$ 26000.00
11-08-23,402795,1229,11-17-23,4568,11-21-23,4,FA,2908,392,NN,Semillas,Fuerza Total,Soja,$ 26000.00
11-08-23,402796,1229,11-17-23,4567,11-21-23,4,FA,2908,392,NN,Semillas,Fuerza Total,Soja,$ 26000.00
11-08-23,402797,1229,11-17-23,4566,11-21-23,4,FA,2908,392,NN,Semillas,Fuerza Total,Soja,$ 26000.00
11-08-23,402798,1229,11-17-23,4565,11-21-23,4,FA,2908,392,NN,Semillas,Fuerza Total,Soja,$ 26000.00
11-08-23,402799,1229,11-17-23,4564,11-21-23,4,FA,2908,392,NN,Semillas,Fuerza Total,Soja,$ 26000.00
11-08-23,402800,1229,11-17-23,4563,11-21-23,4,FA,2908,392,NN,Semillas,Fuerza Total,Soja,$ 26000.00
11-08-23,402801,1229,11-17-23,4562,11-21-23,4,FA,2908,392,NN,Semillas,Fuerza Total,Soja,$ 26000.00
11-08-23,402802,1229,11-17-23,4561,11-21-23,4,FA,2908,392,NN,Semillas,Fuerza Total,Soja,$ 26000.00
11-08-23,402803,1229,11-17-23,4560,11-21-23,4,FA,2908,392,NN,Semillas,Fuerza Total,Soja,$ 26000.00
11-08-23,402804,1230,11-16-23,4555,11-21-23,4,FA,2911,1856,NN,Semillas,Maíz,Maíz,$ 19000.00
11-08-23,402805,1231,11-16-23,4554,11-21-23,4,FA,2916,5114,NN,Semillas,Maíz,Maíz,$ 19000.00
11-08-23,402806,1231,11-16-23,4553,11-21-23,4,FA,2916,5114,NN,Semillas,Maíz,Maíz,$ 19000.00
11-08-23,402807,1232,11-17-23,4597,11-21-23,4,FA,2907,2801,NN,Semillas,Poroto,Poroto,$ 19000.00
11-09-23,402808,1233,11-10-23,4545,11-13-23,4,FA,2894,772,NN,Semillas,Soja,Soja,$ 24100.00
11-09-23,402809,1233,11-17-23,4596,11-21-23,4,FA,2905,772,NN,Semillas,Poder + Peso,Soja,$ 37000.00
11-09-23,402811,1234,11-17-23,4595,11-21-23,4,FA,2915,4329,NN,Semillas,Soja,Soja,$ 19000.00
11-10-23,402905,1235,11-17-23,4599,11-21-23,4,FA,2912,700,NN,Semillas,Soja,Soja,$ 24400.00
11-10-23,402906,1235,11-17-23,4598,11-21-23,4,FA,2912,700,NN,Semillas,Soja,Soja,$ 24400.00
11-10-23,402907,1236,11-17-23,4594,11-21-23,4,FA,2904,4339,NN,Semillas,Poder + Peso,Soja,$ 25500.00
11-10-23,402908,1236,11-17-23,4593,11-21-23,4,FA,2904,4339,NN,Semillas,Poder + Peso,Soja,$ 25500.00
11-13-23,402909,1237,11-22-23,4611,11-23-23,4,FA,2921,2257,NN,Semillas,Fuerza Total,Soja,$ 26000.00
11-13-23,402910,1238,11-22-23,4610,11-23-23,4,FA,2923,5115,NN,Semillas,Fuerza Total,Soja,$ 26000.00
11-13-23,402911,1239,11-22-23,4609,11-23-23,4,FA,2920,350,NN,Semillas,Fuerza Total Curado,Soja,$ 29300.00
11-13-23,402912,1239,11-22-23,4608,11-23-23,4,FA,2920,350,NN,Semillas,Fuerza Total Curado,Soja,$ 29300.00
11-13-23,402913,1239,11-22-23,4607,11-23-23,4,FA,2920,350,NN,Semillas,Fuerza Total Curado,Soja,$ 29300.00
11-13-23,402914,1239,11-22-23,4606,11-23-23,4,FA,2920,350,NN,Semillas,Fuerza Total Curado,Soja,$ 29300.00
11-14-23,402915,1240,11-22-23,4605,11-23-23,4,FA,2922,4557,NN,Semillas,Fuerza Total,Soja,$ 26000.00
11-14-23,402916,1240,11-22-23,4604,11-23-23,4,FA,2922,4557,NN,Semillas,Fuerza Total,Soja,$ 26000.00
11-14-23,402917,1240,11-22-23,4603,11-23-23,4,FA,2922,4557,NN,Semillas,Fuerza Total,Soja,$ 26000.00
11-14-23,402918,1240,11-22-23,4602,11-23-23,4,FA,2922,4557,NN,Semillas,Fuerza Total,Soja,$ 26000.00
11-16-23,403210,1241,11-24-23,4613,11-28-23,4,FA,2932,4826,NN,Semillas,Soja,Soja,$ 24400.00
11-16-23,403211,1241,11-24-23,4612,11-28-23,4,FA,2932,4826,NN,Semillas,Soja,Soja,$ 24400.00
11-17-23,403273,1242,11-29-23,4618,11-28-23,4,FA,2929,1286,NN,Semillas,Fuerza Total,Trigo,$ 26000.00
11-17-23,403274,1242,11-29-23,4617,11-28-23,4,FA,2929,1286,NN,Semillas,Fuerza Total,Trigo,$ 26000.00
11-17-23,403275,1242,11-29-23,4616,11-28-23,4,FA,2929,1286,NN,Semillas,Fuerza Total,Trigo,$ 26000.00
11-21-23,403309,1243,12-01-23,4633,12-04-23,4,FA,2948,5057,NN,Semillas,Trigo,Trigo,$ 19000.00
11-21-23,403310,1243,12-01-23,4632,12-04-23,4,FA,2948,5057,NN,Semillas,Trigo,Trigo,$ 19000.00
11-21-23,403311,1243,12-01-23,4631,12-04-23,4,FA,2948,5057,NN,Semillas,Centeno,Centeno,$ 19000.00
11-21-23,403312,1244,11-29-23,4622,11-29-23,4,FA,2939,5012,NN,Semillas,Garbanzo,Garbanzo,$ 19000.00
11-22-23,403313,1245,11-30-23,4630,12-04-23,4,FA,2946,4329,NN,Semillas,Fuerza Total,Soja,$ 26000.00
11-22-23,403314,1245,11-30-23,4629,12-04-23,4,FA,2946,4329,NN,Semillas,Fuerza Total,Soja,$ 19000.00
11-22-23,403315,1245,11-30-23,4628,12-04-23,4,FA,2946,4329,NN,Semillas,Fuerza Total,Soja,$ 26000.00
11-23-23,403330,1247,12-01-23,4635,12-04-23,4,FA,2947,4878,NN,Semillas,Fuerza Total,Soja,$ 26000.00
11-23-23,403331,1247,12-01-23,4634,12-04-23,4,FA,2947,4878,NN,Semillas,Fuerza Total,Soja,$ 26000.00
11-24-23,403338,1247,11-24-23,4615,11-28-23,4,FA,2933,4878,NN,Semillas,Soja,Soja,$ 24200.00
11-24-23,403339,1247,11-24-23,4614,11-28-23,4,FA,2933,4878,NN,Semillas,Soja,Soja,$ 24200.00
11-24-23,403340,1248,12-01-23,4638,12-04-23,4,FA,2947,4878,NN,Semillas,Fuerza Total,Soja,$ 26000.00
11-24-23,403341,1248,12-01-23,4637,12-04-23,4,FA,2947,4878,NN,Semillas,Fuerza Total,Soja,$ 26000.00
11-24-23,403342,1248,12-01-23,4636,12-04-23,4,FA,2947,4878,NN,Semillas,Fuerza Total,Soja,$ 26000.00
11-24-23,403343,1248,11-28-23,4621,11-29-23,4,FA,2938,4878,NN,Semillas,Soja,Soja,$ 24200.00
11-24-23,403344,1248,11-28-23,4620,11-29-23,4,FA,2938,4878,NN,Semillas,Soja,Soja,$ 24200.00
11-24-23,403345,1248,11-28-23,4619,11-29-23,4,FA,2938,4878,NN,Semillas,Soja,Soja,$ 24200.00
11-28-23,403622,1249,12-11-23,4654,12-13-23,4,FA,2960,5117,NN,Semillas,Semilla Vital,Melilotus Albus,$ 35300.00
11-28-23,403623,1249,12-14-23,4658,12-18-23,4,FA,2971,5117,NN,Semillas,Semilla Vital,Avena Blanca / Amarilla/ Byzantina,$ 35300.00
11-28-23,403624,1249,12-29-23,4667,12-29-23,4,FA,2984,5117,NN,Semillas,Semilla Vital,Buffel Grass,$ 39000.00
11-28-23,403625,1249,12-29-23,4666,12-29-23,4,FA,2984,5117,NN,Semillas,Gatton Panic,Gatton Panic,$ 39000.00
11-28-23,403626,1249,,4662,12-21-23,4,FA,2976,5117,NN,Semillas,Grama Rhodes,Grama Rhodes,$ 39000.00
11-29-23,403746,1250,12-06-23,4642,12-07-23,4,FA,2953,392,NN,Semillas,Fuerza Total,Soja,$ 26000.00
11-29-23,403747,1250,12-06-23,4641,12-07-23,4,FA,2953,392,NN,Semillas,Fuerza Total,Soja,$ 26000.00
11-30-23,403748,1251,12-07-23,4645,12-07-23,4,FA,2956,960,NN,Semillas,Soja,Soja,$ 40800.00
11-30-23,403749,1251,12-07-23,4644,12-07-23,4,FA,2956,960,NN,Semillas,Soja,Soja,$ 40800.00
11-30-23,403750,1251,12-01-23,4640,12-04-23,4,FA,2944,960,NN,Semillas,Soja,Soja,$ 24100.00
11-30-23,403751,1251,12-01-23,4639,12-04-23,4,FA,2944,960,NN,Semillas,Soja,Soja,$ 24100.00
12-01-23,403855,1252,12-07-23,4647,12-07-23,4,FA,2951,4557,NN,Semillas,Fuerza Total,Soja,$ 26000.00
12-01-23,403856,1252,12-07-23,4646,12-07-23,4,FA,2951,4557,NN,Semillas,Fuerza Total,Soja,$ 26000.00
12-04-23,403979,1253,12-12-23,4655,12-13-23,4,FA,2962,5114,NN,Semillas,Soja,Soja,$ 19000.00
12-04-23,403983,1254,12-12-23,4657,12-13-23,4,FA,2965,1660,NN,Semillas,Fuerza Total,Soja,$ 26000.00
12-04-23,403984,1254,12-12-23,4656,12-13-23,4,FA,2965,1660,NN,Semillas,Fuerza Total,Soja,$ 26000.00
12-06-23,404094,1255,12-07-23,4653,12-13-23,4,FA,2958,1328,NN,Semillas,Avena Blanca / Amarilla/ Byzantina,Avena Blanca / Amarilla/ Byzantina,$ 17500.00
12-06-23,404095,1255,12-07-23,4652,12-13-23,4,FA,2958,1328,NN,Semillas,Avena Blanca / Amarilla/ Byzantina,Avena Blanca / Amarilla/ Byzantina,$ 17500.00
12-06-23,404096,1255,12-07-23,4651,12-13-23,4,FA,2958,1328,NN,Semillas,Avena Blanca / Amarilla/ Byzantina,Avena Blanca / Amarilla/ Byzantina,$ 17500.00
12-06-23,404097,1255,12-07-23,4650,12-13-23,4,FA,2958,1328,NN,Semillas,Avena Blanca / Amarilla/ Byzantina,Avena Blanca / Amarilla/ Byzantina,$ 17500.00
12-06-23,404098,1255,12-07-23,4649,12-13-23,4,FA,2958,1328,NN,Semillas,Avena Blanca / Amarilla/ Byzantina,Avena Blanca / Amarilla/ Byzantina,$ 17500.00
12-06-23,404099,1255,12-07-23,4648,12-13-23,4,FA,2958,1328,NN,Semillas,Avena Blanca / Amarilla/ Byzantina,Avena Blanca / Amarilla/ Byzantina,$ 17500.00
12-07-23,404189,1257,12-14-23,4660,12-18-23,4,FA,2972,981,NN,Semillas,Fuerza Total,Maíz,$ 26000.00
12-07-23,404190,1257,12-14-23,4659,12-18-23,4,FA,2972,981,NN,Semillas,Fuerza Total,Maíz,$ 26000.00
12-15-23,404410,1258,12-26-23,4663,12-28-23,4,FA,2982,835,NN,Semillas,Trigo,Trigo,$ 19000.00
12-19-23,404412,1260,12-27-23,4665,12-28-23,4,FA,2981,5029,NN,Semillas,Soja,Soja,$ 19000.00
12-28-23,404711,1262,01-12-24,4676,01-16-24,4,FA,2996,104,NN,Semillas,Fuerza Total,Avena Blanca / Amarilla/ Byzantina,$ 26000.00
12-28-23,404712,1262,01-12-24,4675,01-16-24,4,FA,2996,104,NN,Semillas,Fuerza Total,Avena Blanca / Amarilla/ Byzantina,$ 26000.00
12-28-23,404713,1263,01-12-24,4674,01-16-24,4,FA,2997,319,NN,Semillas,Sorgo,Sorgo,$ 19000.00
12-28-23,404714,1264,01-05-24,4669,01-09-24,4,FA,2987,5083,NN,Semillas,Fuerza Total,Soja,$ 26000.00
12-28-23,404715,1264,01-05-24,4668,01-09-24,4,FA,2987,5083,NN,Semillas,Fuerza Total,Soja,$ 26000.00
01-10-24,404963,1265,01-11-24,4673,01-12-24,4,FA,2990,392,NN,Semillas,Maíz,Maíz,$ 24100.00
01-17-24,405039,1271,02-01-24,4696,02-02-24,4,FA,3019,104,NN,Semillas,Avena Blanca / Amarilla/ Byzantina,Avena Blanca / Amarilla/ Byzantina,$ 19000.00
01-16-24,405193,1266,01-26-24,4684,01-26-24,4,FA,3008,981,NN,Semillas,Fuerza Total,Trigo,$ 26000.00
01-16-24,405194,1266,01-26-24,4683,01-26-24,4,FA,3008,981,NN,Semillas,Fuerza Total,Trigo,$ 26000.00
01-16-24,405195,1267,02-01-24,4700,02-02-24,4,FA,3018,5089,NN,Semillas,Fuerza Total,Sorgo,$ 26000.00
01-16-24,405196,1267,02-01-24,4699,02-02-24,4,FA,3018,5089,NN,Semillas,Fuerza Total,Sorgo,$ 26000.00
01-16-24,405197,1267,02-01-24,4698,02-02-24,4,FA,3018,5089,NN,Semillas,Fuerza Total,Sorgo,$ 26000.00
01-16-24,405198,1267,02-01-24,4697,02-02-24,4,FA,3018,5089,NN,Semillas,Fuerza Total,Sorgo,$ 26000.00
01-16-24,405202,1268,01-26-24,4682,01-26-24,4,FA,3007,392,NN,Semillas,Convenio Syngenta Trigo,Trigo,$ 22600.00
01-16-24,405203,1268,01-26-24,4681,01-26-24,4,FA,3007,392,NN,Semillas,Convenio Syngenta Trigo,Trigo,$ 22600.00
01-16-24,405204,1268,01-26-24,4680,01-26-24,4,FA,3007,392,NN,Semillas,Convenio Syngenta Trigo,Trigo,$ 22600.00
01-16-24,405205,1268,01-26-24,4679,01-26-24,4,FA,3007,392,NN,Semillas,Convenio Syngenta Trigo,Trigo,$ 22600.00
01-16-24,405206,1268,01-26-24,4678,01-26-24,4,FA,3007,392,NN,Semillas,Convenio Syngenta Trigo,Trigo,$ 22600.00
01-17-24,405207,1269,01-26-24,4691,01-26-24,4,FA,3007,392,NN,Semillas,Trigo,Trigo,$ 46800.00
01-17-24,405208,1269,01-26-24,4690,01-26-24,4,FA,3007,392,NN,Semillas,Trigo,Trigo,$ 46800.00
01-17-24,405209,1269,01-26-24,4689,01-26-24,4,FA,3007,392,NN,Semillas,Trigo,Trigo,$ 46800.00
01-17-24,405210,1269,01-26-24,4688,01-26-24,4,FA,3007,392,NN,Semillas,Trigo,Trigo,$ 46800.00
01-17-24,405211,1269,01-26-24,4687,01-26-24,4,FA,3007,392,NN,Semillas,Trigo,Trigo,$ 46800.00
01-17-24,405212,1269,01-26-24,4686,01-26-24,4,FA,3007,392,NN,Semillas,Trigo,Trigo,$ 46800.00
01-17-24,405213,1269,01-26-24,4685,01-26-24,4,FA,3007,392,NN,Semillas,Trigo,Trigo,$ 46800.00
01-17-24,405214,1270,01-26-24,4692,01-26-24,4,FA,3009,5087,NN,Semillas,Trigo,Trigo,$ 19000.00
01-17-24,405218,1271,02-01-24,4695,02-02-24,4,FA,3019,104,NN,Semillas,Avena Blanca / Amarilla/ Byzantina,Avena Blanca / Amarilla/ Byzantina,$ 19000.00
01-22-24,405219,1272,01-30-24,4693,02-02-24,4,FA,3015,392,NN,Semillas,Semilla Vital Para Soja,Soja,$ 35300.00
01-22-24,405494,1273,02-01-24,4737,02-02-24,4,FA,3015,392,NN,Semillas,Convenio Syngenta Trigo,Trigo,$ 22600.00
01-22-24,405495,1273,02-01-24,4736,02-02-24,4,FA,3015,392,NN,Semillas,Convenio Syngenta Trigo,Trigo,$ 22600.00
01-22-24,405496,1273,02-01-24,4735,02-02-24,4,FA,3015,392,NN,Semillas,Convenio Syngenta Trigo,Trigo,$ 22600.00
01-22-24,405497,1273,02-01-24,4734,02-02-24,4,FA,3015,392,NN,Semillas,Convenio Syngenta Trigo,Trigo,$ 22600.00
01-22-24,405498,1273,02-01-24,4733,02-02-24,4,FA,3015,392,NN,Semillas,Convenio Syngenta Trigo,Trigo,$ 22600.00
01-22-24,405499,1273,02-01-24,4732,02-02-24,4,FA,3015,392,NN,Semillas,Convenio Syngenta Trigo,Trigo,$ 22600.00
01-22-24,405500,1273,02-01-24,4731,02-02-24,4,FA,3015,392,NN,Semillas,Convenio Syngenta Trigo,Trigo,$ 22600.00
01-22-24,405501,1273,02-01-24,4730,02-02-24,4,FA,3015,392,NN,Semillas,Convenio Syngenta Trigo,Trigo,$ 22600.00
01-22-24,405502,1273,02-01-24,4729,02-02-24,4,FA,3015,392,NN,Semillas,Convenio Syngenta Trigo,Trigo,$ 22600.00
01-22-24,405503,1273,02-01-24,4728,02-02-24,4,FA,3015,392,NN,Semillas,Convenio Syngenta Trigo,Trigo,$ 22600.00
01-22-24,405504,1273,02-01-24,4727,02-02-24,4,FA,3015,392,NN,Semillas,Convenio Syngenta Trigo,Trigo,$ 22600.00
01-22-24,405505,1273,02-01-24,4726,02-02-24,4,FA,3015,392,NN,Semillas,Convenio Syngenta Trigo,Trigo,$ 22600.00
01-22-24,405506,1273,02-01-24,4725,02-02-24,4,FA,3015,392,NN,Semillas,Convenio Syngenta Trigo,Trigo,$ 22600.00
01-22-24,405507,1273,02-01-24,4724,02-02-24,4,FA,3015,392,NN,Semillas,Convenio Syngenta Trigo,Trigo,$ 22600.00
01-22-24,405508,1273,02-01-24,4723,02-02-24,4,FA,3015,392,NN,Semillas,Convenio Syngenta Trigo,Trigo,$ 22600.00
01-22-24,405509,1273,02-01-24,4722,02-02-24,4,FA,3015,392,NN,Semillas,Convenio Syngenta Trigo,Trigo,$ 22600.00
01-22-24,405510,1273,02-01-24,4721,02-02-24,4,FA,3015,392,NN,Semillas,Convenio Syngenta Trigo,Trigo,$ 22600.00
01-22-24,405511,1273,02-01-24,4720,02-02-24,4,FA,3015,392,NN,Semillas,Convenio Syngenta Trigo,Trigo,$ 22600.00
01-22-24,405512,1273,02-01-24,4719,02-02-24,4,FA,3015,392,NN,Semillas,Convenio Syngenta Trigo,Trigo,$ 22600.00
01-22-24,405513,1273,02-01-24,4718,02-02-24,4,FA,3015,392,NN,Semillas,Convenio Syngenta Trigo,Trigo,$ 22600.00
01-22-24,405514,1273,02-01-24,4717,02-02-24,4,FA,3015,392,NN,Semillas,Convenio Syngenta Trigo,Trigo,$ 22600.00
01-22-24,405515,1273,02-01-24,4716,02-02-24,4,FA,3015,392,NN,Semillas,Convenio Syngenta Trigo,Trigo,$ 22600.00
01-22-24,405516,1273,02-01-24,4715,02-02-24,4,FA,3015,392,NN,Semillas,Convenio Syngenta Trigo,Trigo,$ 22600.00
01-22-24,405517,1273,02-01-24,4714,02-02-24,4,FA,3015,392,NN,Semillas,Convenio Syngenta Trigo,Trigo,$ 22600.00
01-22-24,405518,1273,02-01-24,4713,02-02-24,4,FA,3015,392,NN,Semillas,Convenio Syngenta Trigo,Trigo,$ 22600.00
01-22-24,405519,1273,02-01-24,4712,02-02-24,4,FA,3015,392,NN,Semillas,Convenio Syngenta Trigo,Trigo,$ 22600.00
01-22-24,405520,1273,02-01-24,4711,02-02-24,4,FA,3015,392,NN,Semillas,Convenio Syngenta Trigo,Trigo,$ 22600.00
01-22-24,405521,1273,02-01-24,4710,02-02-24,4,FA,3015,392,NN,Semillas,Convenio Syngenta Trigo,Trigo,$ 22600.00
01-22-24,405526,1274,02-01-24,4709,02-02-24,4,FA,3012,714,NN,Semillas,Convenio Syngenta Trigo,Trigo,$ 22600.00
01-22-24,405527,1274,02-01-24,4708,02-02-24,4,FA,3012,714,NN,Semillas,Convenio Syngenta Trigo,Trigo,$ 22600.00
01-22-24,405528,1274,02-01-24,4707,02-02-24,4,FA,3012,714,NN,Semillas,Convenio Syngenta Trigo,Trigo,$ 22600.00
01-22-24,405529,1274,02-01-24,4706,02-02-24,4,FA,3012,714,NN,Semillas,Convenio Syngenta Trigo,Trigo,$ 22600.00
01-22-24,405530,1274,02-01-24,4705,02-02-24,4,FA,3012,714,NN,Semillas,Convenio Syngenta Trigo,Trigo,$ 22600.00
01-22-24,405531,1274,02-01-24,4704,02-02-24,4,FA,3012,714,NN,Semillas,Convenio Syngenta Trigo,Trigo,$ 22600.00
01-22-24,405532,1274,02-01-24,4703,02-02-24,4,FA,3012,714,NN,Semillas,Convenio Syngenta Trigo,Trigo,$ 22600.00
01-22-24,405533,1274,02-01-24,4702,02-02-24,4,FA,3012,714,NN,Semillas,Convenio Syngenta Trigo,Trigo,$ 22600.00
01-22-24,405534,1274,02-01-24,4701,02-02-24,4,FA,3012,714,NN,Semillas,Convenio Syngenta Trigo,Trigo,$ 22600.00
01-23-24,405535,1275,02-02-24,4742,02-08-24,4,FA,3022,392,NN,Semillas,Convenio Syngenta Trigo,Trigo,$ 22600.00
01-23-24,405536,1275,02-02-24,4741,02-08-24,4,FA,3022,392,NN,Semillas,Convenio Syngenta Trigo,Trigo,$ 22600.00
01-23-24,405537,1275,02-02-24,4740,02-08-24,4,FA,3022,392,NN,Semillas,Convenio Syngenta Trigo,Trigo,$ 22600.00
01-23-24,405538,1275,02-02-24,4739,02-08-24,4,FA,3022,392,NN,Semillas,Convenio Syngenta Trigo,Trigo,$ 22600.00
01-23-24,405539,1275,02-02-24,4738,02-08-24,4,FA,3022,392,NN,Semillas,Convenio Syngenta Trigo,Trigo,$ 22600.00
01-23-24,405540,1276,01-25-24,4677,01-26-24,4,FA,3006,4947,NN,Semillas,Buffel Grass,Buffel Grass,$ 24100.00
01-24-24,405719,1277,02-06-24,4751,02-08-24,4,FA,3024,9261,NN,Semillas,Convenio Syngenta Trigo,Trigo,$ 22600.00
01-24-24,405720,1277,02-06-24,4750,02-08-24,4,FA,3024,9261,NN,Semillas,Convenio Syngenta Trigo,Trigo,$ 22600.00
01-24-24,405721,1277,02-06-24,4749,02-08-24,4,FA,3024,9261,NN,Semillas,Convenio Syngenta Trigo,Trigo,$ 22600.00
01-24-24,405722,1277,02-06-24,4748,02-08-24,4,FA,3024,9261,NN,Semillas,Convenio Syngenta Trigo,Trigo,$ 22600.00
01-24-24,405723,1277,02-06-24,4747,02-08-24,4,FA,3024,9261,NN,Semillas,Convenio Syngenta Trigo,Trigo,$ 22600.00
01-24-24,405724,1277,02-06-24,4746,02-08-24,4,FA,3024,9261,NN,Semillas,Convenio Syngenta Trigo,Trigo,$ 22600.00
01-24-24,405725,1277,02-06-24,4745,02-08-24,4,FA,3024,9261,NN,Semillas,Convenio Syngenta Trigo,Trigo,$ 22600.00
01-24-24,405726,1277,02-06-24,4744,02-08-24,4,FA,3024,9261,NN,Semillas,Convenio Syngenta Trigo,Trigo,$ 22600.00
01-24-24,405727,1277,02-06-24,4743,02-08-24,4,FA,3024,9261,NN,Semillas,Convenio Syngenta Trigo,Trigo,$ 22600.00
01-25-24,405926,1278,02-01-24,4694,02-02-24,4,FA,3013,3344,NN,Semillas,Fuerza Total,Maíz,$ 26000.00
01-29-24,406103,1279,02-08-24,4756,02-14-24,4,FA,3026,392,NN,Semillas,Convenio Syngenta Trigo,Trigo,$ 22600.00
01-29-24,406104,1279,02-08-24,4755,02-14-24,4,FA,3026,392,NN,Semillas,Convenio Syngenta Trigo,Trigo,$ 22600.00
01-29-24,406105,1279,02-08-24,4754,02-14-24,4,FA,3026,392,NN,Semillas,Convenio Syngenta Trigo,Trigo,$ 22600.00
02-02-24,406304,1280,02-26-24,4765,02-29-24,4,FA,3046,104,NN,Semillas,Urochloa Brizantha,Urochloa Brizantha,$ 31000.00
02-02-24,406305,1280,02-19-24,4760,02-22-24,4,FA,3038,104,NN,Semillas,Vicia,Vicia,$ 31000.00
02-02-24,406306,1280,02-15-24,4758,02-16-24,4,FA,3030,104,NN,Semillas,Avena Blanca / Amarilla/ Byzantina,Avena Blanca / Amarilla/ Byzantina,$ 31000.00
02-02-24,406307,1281,02-14-24,4757,02-16-24,4,FA,3029,392,NN,Semillas,Trigo,Trigo,$ 19000.00
02-07-24,406381,1284,02-07-24,4753,02-08-24,4,FA,3023,5123,NN,Semillas,Gatton Panic,Gatton Panic,$ 39000.00
02-07-24,406382,1284,02-07-24,4752,02-08-24,4,FA,3023,5123,NN,Semillas,Gatton Panic,Gatton Panic,$ 39000.00
02-06-24,406451,1282,02-27-24,4766,02-29-24,4,FA,3046,104,NN,Semillas,Urochloa Brizantha,Urochloa Brizantha,$ 57000.00
02-06-24,406452,1283,02-16-24,4759,02-22-24,4,FA,3037,4329,NN,Semillas,Centeno,Centeno,$ 42000.00
02-09-24,406641,1285,03-13-24,4778,03-18-24,4,FA,3070,2892,NN,Semillas,Semilla Vital,Gatton Panic,$ 57000.00
02-09-24,406642,1285,03-13-24,4777,03-18-24,4,FA,3070,2892,NN,Semillas,Semilla Vital,Gatton Panic,$ 57000.00
02-09-24,406643,1285,03-13-24,4776,03-18-24,4,FA,3070,2892,NN,Semillas,Semilla Vital,Gatton Panic,$ 57000.00
02-14-24,406681,1287,02-26-24,4764,02-29-24,4,FA,3047,5128,NN,Semillas,Moha,Moha,$ 85000.00
02-14-24,406682,1286,03-04-24,4768,03-13-24,4,FA,3060,4528,NN,Semillas,Fuerza Total,Vicia,$ 42000.00
02-21-24,406833,1288,03-07-24,4770,03-08-24,4,FA,3051,921,NN,Semillas,Alfalfa,Alfalfa,$ 31000.00
02-28-24,407383,1291,03-08-24,4773,03-13-24,4,FA,3059,392,NN,Semillas,Convenio Syngenta Trigo,Trigo,$ 22600.00
02-28-24,407384,1291,03-08-24,4772,03-13-24,4,FA,3059,392,NN,Semillas,Convenio Syngenta Trigo,Trigo,$ 22600.00
02-28-24,407385,1291,03-08-24,4771,03-13-24,4,FA,3059,392,NN,Semillas,Convenio Syngenta Trigo,Trigo,$ 22600.00
02-28-24,407392,1292,03-08-24,4775,03-13-24,4,FA,3062,4849,NN,Semillas,Centeno,Centeno,$ 59000.00
02-28-24,407393,1292,03-08-24,4774,03-13-24,4,FA,3062,4849,NN,Semillas,Centeno,Centeno,$ 59000.00
03-01-24,407398,1293,03-14-24,4782,03-18-24,4,FA,3069,25,NN,Semillas,Doble Poder X2,Avena Blanca / Amarilla/ Byzantina,$ 25000.00
03-01-24,407399,1293,03-14-24,4781,03-18-24,4,FA,3069,25,NN,Semillas,Doble Poder X2,Avena Blanca / Amarilla/ Byzantina,$ 25000.00
03-01-24,407400,1293,03-14-24,4780,03-18-24,4,FA,3069,25,NN,Semillas,Doble Poder X2,Avena Blanca / Amarilla/ Byzantina,$ 25000.00
03-01-24,407401,1293,03-14-24,4779,03-18-24,4,FA,3069,25,NN,Semillas,Doble Poder X2,Avena Blanca / Amarilla/ Byzantina,$ 25000.00
03-05-24,407606,1295,03-15-24,4789,03-18-24,4,FA,3066,392,NN,Semillas,Convenio Syngenta Trigo,Trigo,$ 22600.00
03-08-24,407951,1296,03-19-24,4810,03-22-24,4,FA,3072,4039,NN,Semillas,Trigo,Trigo,$ 31000.00
03-08-24,407952,1298,03-19-24,4809,03-22-24,4,FA,3073,9000,NN,Semillas,Trigo,Trigo,$ 31000.00
03-08-24,407953,1299,03-19-24,4808,03-22-24,4,FA,3074,2677,NN,Semillas,Trigo,Trigo,$ 31000.00
03-08-24,407954,1299,03-19-24,4807,03-22-24,4,FA,3074,2677,NN,Semillas,Trigo,Trigo,$ 31000.00
03-08-24,407955,1296,03-19-24,4812,03-22-24,4,FA,3072,4039,NN,Semillas,Avena Blanca / Amarilla/ Byzantina,Avena Blanca / Amarilla/ Byzantina,$ 31000.00
03-08-24,407956,1296,03-19-24,4811,03-22-24,4,FA,3072,4039,NN,Semillas,Avena Blanca / Amarilla/ Byzantina,Avena Blanca / Amarilla/ Byzantina,$ 31000.00
03-08-24,408001,1297,03-18-24,4806,03-22-24,4,FA,3075,522,NN,Semillas,Convenio Syngenta Trigo,Trigo,$ 22600.00
03-08-24,408002,1297,03-18-24,4805,03-22-24,4,FA,3075,522,NN,Semillas,Convenio Syngenta Trigo,Trigo,$ 22600.00
03-08-24,408003,1297,03-18-24,4804,03-22-24,4,FA,3075,522,NN,Semillas,Convenio Syngenta Trigo,Trigo,$ 22600.00
03-08-24,408004,1297,03-18-24,4803,03-22-24,4,FA,3075,522,NN,Semillas,Convenio Syngenta Trigo,Trigo,$ 22600.00
03-08-24,408005,1297,03-18-24,4802,03-22-24,4,FA,3075,522,NN,Semillas,Convenio Syngenta Trigo,Trigo,$ 22600.00
03-08-24,408006,1297,03-18-24,4801,03-22-24,4,FA,3075,522,NN,Semillas,Convenio Syngenta Trigo,Trigo,$ 22600.00
03-08-24,408007,1297,03-18-24,4800,03-22-24,4,FA,3075,522,NN,Semillas,Convenio Syngenta Trigo,Trigo,$ 30000.00
03-08-24,408008,1297,03-18-24,4799,03-22-24,4,FA,3075,522,NN,Semillas,Convenio Syngenta Trigo,Trigo,$ 22600.00
03-08-24,408009,1297,03-18-24,4798,03-22-24,4,FA,3075,522,NN,Semillas,Convenio Syngenta Trigo,Trigo,$ 22600.00
03-08-24,408010,1297,03-18-24,4797,03-22-24,4,FA,3075,522,NN,Semillas,Convenio Syngenta Trigo,Trigo,$ 22600.00
03-08-24,408011,1297,03-18-24,4796,03-22-24,4,FA,3075,522,NN,Semillas,Convenio Syngenta Trigo,Trigo,$ 22600.00
03-08-24,408012,1297,03-18-24,4795,03-22-24,4,FA,3075,522,NN,Semillas,Convenio Syngenta Trigo,Trigo,$ 22600.00
03-08-24,408013,1297,03-18-24,4794,03-22-24,4,FA,3075,522,NN,Semillas,Convenio Syngenta Trigo,Trigo,$ 22600.00
03-08-24,408014,1297,03-18-24,4793,03-22-24,4,FA,3075,522,NN,Semillas,Convenio Syngenta Trigo,Trigo,$ 22300.00
03-08-24,408015,1297,03-18-24,4792,03-22-24,4,FA,3075,522,NN,Semillas,Convenio Syngenta Trigo,Trigo,$ 22600.00
03-08-24,408016,1297,03-18-24,4791,03-22-24,4,FA,3075,522,NN,Semillas,Convenio Syngenta Trigo,Trigo,$ 22600.00
03-08-24,408017,1297,03-18-24,4790,03-22-24,4,FA,3075,522,NN,Semillas,Convenio Syngenta Trigo,Trigo,$ 22600.00
03-14-24,408473,1300,03-26-24,4813,03-27-24,4,FA,3079,2375,NN,Semillas,Calidad Trigo/Soja,Trigo,$ 30000.00
03-14-24,408476,1301,03-26-24,4815,03-27-24,4,FA,3081,981,NN,Semillas,Fuerza Total,Trigo,$ 42000.00
03-14-24,408477,1301,03-26-24,4814,03-27-24,4,FA,3081,981,NN,Semillas,Fuerza Total,Trigo,$ 42000.00
03-15-24,408479,1302,04-10-24,4828,04-15-24,4,FA,3092,104,NN,Semillas,Semilla Vital,Pasto Ovillo,$ 57000.00
03-15-24,408480,1302,04-03-24,4817,04-15-24,4,FA,3092,104,NN,Semillas,Vicia,Vicia,$ 31000.00
03-21-24,408859,1303,04-03-24,4816,04-03-24,4,FA,3085,3659,NN,Semillas,Garbanzo,Garbanzo,$ 31000.00
03-25-24,409277,1304,04-03-24,4818,04-15-24,4,FA,3093,4849,NN,Semillas,Centeno,Centeno,$ 31000.00
03-26-24,409292,1305,04-08-24,4827,04-15-24,4,FA,3090,392,NN,Semillas,Calidad Trigo/Soja,Trigo,$ 30000.00
03-26-24,409293,1305,04-08-24,4826,04-15-24,4,FA,3090,392,NN,Semillas,Calidad Trigo/Soja,Trigo,$ 30000.00
03-26-24,409294,1305,04-08-24,4825,04-15-24,4,FA,3090,392,NN,Semillas,Calidad Trigo/Soja,Trigo,$ 30000.00
03-26-24,409295,1305,04-08-24,4824,04-15-24,4,FA,3090,392,NN,Semillas,Calidad Trigo/Soja,Trigo,$ 30000.00
03-26-24,409296,1305,04-08-24,4823,04-15-24,4,FA,3090,392,NN,Semillas,Calidad Trigo/Soja,Trigo,$ 30000.00
03-26-24,409297,1305,04-08-24,4822,04-15-24,4,FA,3090,392,NN,Semillas,Calidad Trigo/Soja,Trigo,$ 30000.00
03-26-24,409331,1306,04-08-24,4820,04-15-24,4,FA,3094,981,NN,Semillas,Fuerza Total,Trigo,$ 42000.00
03-27-24,409337,1307,04-05-24,4819,04-15-24,4,FA,3092,104,NN,Semillas,Alfalfa,Alfalfa,$ 57000.00
03-27-24,409338,1307,04-12-24,4833,04-17-24,4,FA,3112,104,NN,Semillas,Alfalfa,Alfalfa,$ 31000.00
03-27-24,409386,1308,04-08-24,4821,04-15-24,4,FA,3091,1864,NN,Semillas,Fuerza Total,Trigo,$ 42000.00
04-03-24,409542,1309,04-26-24,4893,04-30-24,4,FA,3131,62,NN,Semillas,Agropiro,Agropiro,$ 45000.00
04-03-24,409543,1309,04-26-24,4892,04-30-24,4,FA,3131,62,NN,Semillas,Agropiro,Agropiro,$ 45000.00
04-03-24,409544,1309,04-22-24,4871,04-24-24,4,FA,3123,62,NN,Semillas,Festuca,Festuca,$ 45000.00
04-03-24,409545,1309,04-22-24,4870,04-24-24,4,FA,3123,62,NN,Semillas,Festuca,Festuca,$ 45000.00
04-03-24,409546,1309,04-22-24,4873,04-24-24,4,FA,3123,62,NN,Semillas,Grama Rhodes,Grama Rhodes,$ 45000.00
04-03-24,409547,1309,04-22-24,4872,04-24-24,4,FA,3123,62,NN,Semillas,Grama Rhodes,Grama Rhodes,$ 45000.00
04-03-24,409548,1309,04-18-24,4853,04-19-24,4,FA,3115,62,NN,Semillas,Alfalfa,Alfalfa,$ 45000.00
04-03-24,409549,1309,04-18-24,4852,04-19-24,4,FA,3115,62,NN,Semillas,Alfalfa,Alfalfa,$ 45000.00
04-03-24,409550,1309,04-18-24,4854,04-19-24,4,FA,3115,62,NN,Semillas,Trebol Rojo,Trebol Rojo,$ 45000.00
04-03-24,409551,1309,04-15-24,4840,04-17-24,4,FA,3109,62,NN,Semillas,Melilotus Albus,Melilotus Albus,$ 45000.00
04-03-24,409552,1310,04-17-24,4844,04-19-24,4,FA,3115,62,NN,Semillas,Achicoria,Achicoria,$ 31000.00
04-03-24,409553,1311,04-15-24,4838,04-17-24,4,FA,3109,62,NN,Semillas,Agropiro,Agropiro,$ 28000.00
04-03-24,409554,1311,04-15-24,4837,04-17-24,4,FA,3109,62,NN,Semillas,Agropiro,Agropiro,$ 28000.00
04-03-24,409555,1311,04-15-24,4836,04-17-24,4,FA,3109,62,NN,Semillas,Festuca,Festuca,$ 28000.00
04-03-24,409556,1311,04-15-24,4835,04-17-24,4,FA,3109,62,NN,Semillas,Festuca,Festuca,$ 28000.00
04-03-24,409557,1311,04-26-24,4895,04-30-24,4,FA,3131,62,NN,Semillas,Festuca,Festuca,$ 93000.00
04-03-24,409558,1311,04-26-24,4894,04-30-24,4,FA,3131,62,NN,Semillas,Festuca,Festuca,$ 93000.00
04-05-24,409562,1312,04-18-24,4856,04-19-24,4,FA,3115,62,NN,Semillas,Alfalfa,Alfalfa,$ 31000.00
04-05-24,409568,1312,04-18-24,4855,04-19-24,4,FA,3115,62,NN,Semillas,Alfalfa,Alfalfa,$ 31000.00
04-05-24,409571,1312,04-22-24,4874,04-24-24,4,FA,3123,62,NN,Semillas,Semilla Vital,Vicia,$ 57000.00
04-08-24,409841,1313,04-10-24,4830,04-17-24,4,FA,3108,1328,NN,Semillas,Gatton Panic,Gatton Panic,$ 39000.00
04-08-24,409842,1313,04-10-24,4829,04-17-24,4,FA,3108,1328,NN,Semillas,Gatton Panic,Gatton Panic,$ 39000.00
04-08-24,409843,1314,04-15-24,4839,04-17-24,4,FA,3111,25,NN,Semillas,Mijo,Mijo,$ 31000.00
04-08-24,409844,1314,04-18-24,4851,04-19-24,4,FA,3116,25,NN,Semillas,Moha,Moha,$ 31000.00
04-08-24,409845,1315,04-25-24,4888,04-30-24,4,FA,3135,104,NN,Semillas,Semilla Vital,Vicia,$ 57000.00
04-08-24,409846,1315,04-22-24,4869,04-24-24,4,FA,3127,104,NN,Semillas,Vicia,Vicia,$ 31000.00
04-08-24,409876,1316,04-26-24,4897,04-30-24,4,FA,3131,62,NN,Semillas,Semilla Vital,Vicia,$ 57000.00
04-08-24,409877,1316,04-26-24,4896,04-30-24,4,FA,3131,62,NN,Semillas,Semilla Vital,Vicia,$ 57000.00
04-08-24,409878,1316,05-02-24,4908,05-07-24,4,FA,3149,62,NN,Semillas,Semilla Vital,Agropiro,$ 57000.00
04-08-24,409879,1316,04-15-24,4834,04-17-24,4,FA,3109,62,NN,Semillas,Agropiro,Agropiro,$ 28000.00
04-08-24,409880,1317,04-11-24,4832,04-17-24,4,FB,61,5135,NN,Semillas,Gatton Panic,Gatton Panic,$ 39000.00
04-08-24,409881,1317,04-11-24,4831,04-17-24,4,FB,61,5135,NN,Semillas,Grama Rhodes,Grama Rhodes,$ 39000.00
04-09-24,410105,1318,04-17-24,4848,04-19-24,4,FA,3113,392,NN,Semillas,Calidad Trigo/Soja,Trigo,$ 30000.00
04-09-24,410106,1318,04-17-24,4847,04-19-24,4,FA,3113,392,NN,Semillas,Calidad Trigo/Soja,Trigo,$ 30000.00
04-09-24,410107,1318,04-17-24,4846,04-19-24,4,FA,3113,392,NN,Semillas,Calidad Trigo/Soja,Trigo,$ 30000.00
04-09-24,410108,1318,04-17-24,4845,04-19-24,4,FA,3113,392,NN,Semillas,Calidad Trigo/Soja,Trigo,$ 30000.00
04-09-24,410109,1319,04-19-24,4858,04-24-24,4,FA,3124,392,NN,Semillas,Trigo,Trigo,$ 40600.00
04-09-24,410110,1319,04-19-24,4857,04-24-24,4,FA,3124,392,NN,Semillas,Trigo,Trigo,$ 40600.00
04-10-24,410324,1320,04-18-24,4850,04-19-24,4,FA,3114,4339,NN,Semillas,Soja,Soja,$ 31000.00
04-10-24,410325,1320,04-18-24,4849,04-19-24,4,FA,3114,4339,NN,Semillas,Soja,Soja,$ 3100.00
04-10-24,410326,1321,04-23-24,4878,04-24-24,4,FA,3125,1856,NN,Semillas,Fuerza Total,Trigo,$ 42000.00
04-10-24,410327,1321,04-23-24,4877,04-24-24,4,FA,3125,1856,NN,Semillas,Fuerza Total,Trigo,$ 42000.00
04-10-24,410328,1321,04-23-24,4876,04-24-24,4,FA,3125,1856,NN,Semillas,Fuerza Total,Trigo,$ 42000.00
04-10-24,410329,1322,04-15-24,4843,04-17-24,4,FA,3110,1856,NN,Semillas,Trigo,Trigo,$ 28000.00
04-10-24,410330,1322,04-15-24,4842,04-17-24,4,FA,3110,1856,NN,Semillas,Trigo,Trigo,$ 28000.00
04-10-24,410331,1322,04-15-24,4841,04-17-24,4,FA,3110,1856,NN,Semillas,Trigo,Trigo,$ 28000.00
04-12-24,410533,1323,04-19-24,4868,04-24-24,4,FA,3126,798,NN,Semillas,Trigo,Trigo,$ 31000.00
04-12-24,410534,1323,04-23-24,4875,04-24-24,4,FA,3126,798,NN,Semillas,Trigo,Trigo,$ 31000.00
04-12-24,410535,1323,04-19-24,4867,04-24-24,4,FA,3126,798,NN,Semillas,Trigo,Trigo,$ 31000.00
04-12-24,410536,1323,04-19-24,4866,04-24-24,4,FA,3126,798,NN,Semillas,Trigo,Trigo,$ 31000.00
04-12-24,410537,1323,04-19-24,4865,04-24-24,4,FA,3126,798,NN,Semillas,Trigo,Trigo,$ 31000.00
04-12-24,410538,1323,04-19-24,4864,04-24-24,4,FA,3126,798,NN,Semillas,Trigo,Trigo,$ 31000.00
04-12-24,410539,1323,04-19-24,4863,04-24-24,4,FA,3126,798,NN,Semillas,Trigo,Trigo,$ 31000.00
04-12-24,410540,1323,04-19-24,4862,04-24-24,4,FA,3126,798,NN,Semillas,Trigo,Trigo,$ 31000.00
04-12-24,410541,1323,04-19-24,4861,04-24-24,4,FA,3126,798,NN,Semillas,Trigo,Trigo,$ 31000.00
04-12-24,410542,1323,04-19-24,4860,04-24-24,4,FA,3126,798,NN,Semillas,Trigo,Trigo,$ 31000.00
04-12-24,410543,1323,04-19-24,4859,04-24-24,4,FA,3126,798,NN,Semillas,Trigo,Trigo,$ 31000.00
04-12-24,410544,1324,04-24-24,4884,04-30-24,4,FA,3133,3659,NN,Semillas,Garbanzo,Garbanzo,$ 31000.00
04-12-24,410545,1324,04-24-24,4883,04-30-24,4,FA,3133,3659,NN,Semillas,Garbanzo,Garbanzo,$ 31000.00
04-12-24,410546,1324,04-24-24,4882,04-30-24,4,FA,3133,3659,NN,Semillas,Garbanzo,Garbanzo,$ 31000.00
04-12-24,410547,1324,04-24-24,4881,04-30-24,4,FA,3133,3659,NN,Semillas,Garbanzo,Garbanzo,$ 31000.00
04-12-24,410548,1324,04-24-24,4880,04-30-24,4,FA,3134,3659,NN,Semillas,Garbanzo,Garbanzo,$ 31000.00
04-12-24,410549,1324,04-24-24,4879,04-30-24,4,FA,3134,3659,NN,Semillas,Garbanzo,Garbanzo,$ 31000.00
04-15-24,410576,1325,04-25-24,4887,04-30-24,4,FA,3130,5081,NN,Semillas,Fuerza Total,Centeno,$ 42000.00
04-22-24,410704,1326,04-24-24,4886,04-30-24,4,FA,3129,1328,NN,Semillas,Gatton Panic,Gatton Panic,$ 39000.00
04-22-24,410705,1326,04-24-24,4885,04-30-24,4,FA,3129,1328,NN,Semillas,Gatton Panic,Gatton Panic,$ 39000.00
04-22-24,410710,1327,04-30-24,4899,04-30-24,4,FA,3132,2801,NN,Semillas,Garbanzo,Garbanzo,$ 31000.00
04-22-24,410711,1327,04-30-24,4898,04-30-24,4,FA,3132,2801,NN,Semillas,Garbanzo,Garbanzo,$ 31000.00
04-23-24,410714,1328,04-25-24,4891,04-30-24,4,FA,3129,1328,NN,Semillas,Gatton Panic,Gatton Panic,$ 39000.00
04-23-24,410715,1328,04-25-24,4890,04-30-24,4,FA,3129,1328,NN,Semillas,Gatton Panic,Gatton Panic,$ 39000.00
04-23-24,410716,1328,04-25-24,4889,04-30-24,4,FA,3129,1328,NN,Semillas,Buffel Grass,Buffel Grass,$ 39000.00
04-23-24,410717,1329,04-30-24,4905,05-07-24,4,FA,3147,967,NN,Semillas,Soja,Soja,$ 31000.00
04-23-24,410718,1329,04-30-24,4904,05-07-24,4,FA,3148,967,NN,Semillas,Soja,Soja,$ 31000.00
04-23-24,410719,1329,04-30-24,4903,05-07-24,4,FA,3148,967,NN,Semillas,Soja,Soja,$ 31000.00
04-23-24,410720,1329,04-30-24,4902,05-07-24,4,FA,3148,967,NN,Semillas,Soja,Soja,$ 31000.00
04-23-24,410721,1330,04-30-24,4901,04-30-24,4,FA,3136,981,NN,Semillas,Fuerza Total,Trigo,$ 42000.00
04-23-24,410722,1330,04-30-24,4900,04-30-24,4,FA,3136,981,NN,Semillas,Fuerza Total,Trigo,$ 42000.00
04-23-24,410723,1330,04-30-24,4907,05-07-24,4,FA,3154,981,NN,Semillas,Fuerza Total,Soja,$ 42000.00
04-23-24,410724,1330,04-30-24,4906,05-07-24,4,FA,3154,981,NN,Semillas,Fuerza Total,Soja,$ 42000.00
04-24-24,410725,1331,05-02-24,4910,05-07-24,4,FA,3152,392,NN,Semillas,Calidad Soja,Soja,$ 33000.00
04-24-24,410726,1331,05-02-24,4909,05-07-24,4,FA,3152,392,NN,Semillas,Calidad Soja,Soja,$ 33000.00
04-24-24,410727,1332,05-02-24,4912,05-07-24,4,FA,3153,4943,NN,Semillas,Doble Poder X2,Soja,$ 25000.00
04-24-24,410728,1332,05-02-24,4911,05-07-24,4,FA,3153,4943,NN,Semillas,Doble Poder X2,Soja,$ 25000.00
04-24-24,410735,1333,05-02-24,4914,05-07-24,4,FA,3150,3875,NN,Semillas,Doble Poder X2,Soja,$ 25000.00
04-24-24,410736,1333,05-02-24,4913,05-07-24,4,FA,3151,3875,NN,Semillas,Doble Poder X2,Soja,$ 25000.00
04-24-24,410737,1334,05-06-24,4917,05-09-24,4,FA,3158,2476,NN,Semillas,Fuerza Total,Cebada,$ 42000.00
04-24-24,410738,1334,05-06-24,4916,05-09-24,4,FA,3158,2476,NN,Semillas,Fuerza Total,Centeno,$ 42000.00
04-25-24,410739,1335,05-07-24,4927,05-09-24,4,FA,3156,714,NN,Semillas,Trigo,Trigo,$ 31000.00
04-25-24,410740,1335,05-07-24,4926,05-09-24,4,FA,3156,714,NN,Semillas,Trigo,Trigo,$ 31000.00
04-25-24,410741,1335,05-07-24,4925,05-09-24,4,FA,3156,714,NN,Semillas,Trigo,Trigo,$ 31000.00
04-25-24,410742,1335,05-07-24,4924,05-09-24,4,FA,3156,714,NN,Semillas,Trigo,Trigo,$ 31000.00
04-25-24,410743,1335,05-07-24,4923,05-09-24,4,FA,3156,714,NN,Semillas,Trigo,Trigo,$ 31000.00
04-25-24,410744,1335,05-07-24,4922,05-09-24,4,FA,3156,714,NN,Semillas,Trigo,Trigo,$ 31000.00
04-25-24,410745,1335,05-07-24,4921,05-09-24,4,FA,3156,714,NN,Semillas,Trigo,Trigo,$ 31000.00
04-25-24,410746,1335,05-03-24,4915,05-07-24,4,FA,3146,714,NN,Semillas,Calidad Soja,Soja,$ 33000.00
04-29-24,410878,1336,05-07-24,4918,05-09-24,4,FA,3157,2853,NN,Semillas,Doble Poder X2,Garbanzo,$ 25000.00
04-29-24,410879,1337,05-07-24,4920,05-09-24,4,FA,3159,328,NN,Semillas,Calidad Trigo/Soja,Trigo,$ 30000.00
04-29-24,410880,1337,05-07-24,4919,05-09-24,4,FA,3159,328,NN,Semillas,Calidad Trigo/Soja,Trigo,$ 30000.00
04-30-24,410894,1338,05-10-24,4936,05-14-24,4,FA,3176,981,NN,Semillas,Fuerza Total,Trigo,$ 42000.00
05-02-24,410900,1339,05-10-24,4937,05-14-24,4,FA,3175,2257,NN,Semillas,Fuerza Total,Trigo,$ 42000.00
05-02-24,410901,1340,05-20-24,4953,05-22-24,4,FA,3192,5139,NN,Semillas,Grama Rhodes,Grama Rhodes,$ 57000.00
05-06-24,410902,1341,05-08-24,4930,05-09-24,4,FA,3155,1328,NN,Semillas,Gatton Panic,Gatton Panic,$ 39000.00
05-06-24,410903,1341,05-08-24,4929,05-09-24,4,FA,3155,1328,NN,Semillas,Gatton Panic,Gatton Panic,$ 39000.00
05-06-24,410904,1341,05-08-24,4928,05-09-24,4,FA,3155,1328,NN,Semillas,Gatton Panic,Gatton Panic,$ 39000.00
05-07-24,411038,1342,05-15-24,4939,05-20-24,4,FA,3191,1823,NN,Semillas,Trigo,Trigo,$ 75000.00
05-07-24,411039,1342,05-15-24,4938,05-20-24,4,FA,3191,1823,NN,Semillas,Trigo,Trigo,$ 75000.00
05-07-24,411040,1343,05-09-24,4935,05-14-24,4,FA,3174,1328,NN,Semillas,Gatton Panic,Gatton Panic,$ 39000.00
05-07-24,411041,1343,05-09-24,4934,05-14-24,4,FA,3174,1328,NN,Semillas,Gatton Panic,Gatton Panic,$ 39000.00
05-07-24,411042,1343,05-09-24,4933,05-14-24,4,FA,3174,1328,NN,Semillas,Gatton Panic,Gatton Panic,$ 39000.00
05-07-24,411043,1343,05-09-24,4932,05-14-24,4,FA,3174,1328,NN,Semillas,Gatton Panic,Gatton Panic,$ 39000.00
05-07-24,411044,1343,05-09-24,4931,05-14-24,4,FA,3174,1328,NN,Semillas,Gatton Panic,Gatton Panic,$ 39000.00
05-09-24,411077,1344,05-17-24,4945,05-20-24,4,FA,3189,4396,NN,Semillas,Fuerza Total,Trigo,$ 42000.00
05-10-24,411097,1345,05-21-24,4954,05-22-24,4,FA,3193,1453,NN,Semillas,Trigo,Trigo,$ 31000.00
05-10-24,411098,1345,05-17-24,4946,05-20-24,4,FA,3190,1453,NN,Semillas,Soja,Soja,$ 31000.00
05-13-24,411104,1346,05-23-24,4955,05-28-24,4,FA,3203,5140,NN,Semillas,Moha,Moha,$ 31000.00
05-14-24,411210,1347,05-16-24,4944,05-20-24,4,FA,3188,1328,NN,Semillas,Digitaria,Digitaria,$ 39000.00
05-14-24,411211,1347,05-17-24,4951,05-20-24,4,FA,3188,1328,NN,Semillas,Panicum Coloratum,Panicum Coloratum,$ 39000.00
05-14-24,411212,1347,05-17-24,4950,05-20-24,4,FA,3188,1328,NN,Semillas,Buffel Grass,Buffel Grass,$ 39000.00
05-14-24,411213,1347,05-16-24,4943,05-20-24,4,FA,3188,1328,NN,Semillas,Buffel Grass,Buffel Grass,$ 39000.00
05-14-24,411214,1347,05-16-24,4942,05-20-24,4,FA,3188,1328,NN,Semillas,Gatton Panic,Gatton Panic,$ 39000.00
05-14-24,411215,1347,05-16-24,4941,05-20-24,4,FA,3188,1328,NN,Semillas,Gatton Panic,Gatton Panic,$ 39000.00
05-14-24,411216,1347,05-16-24,4940,05-20-24,4,FA,3188,1328,NN,Semillas,Gatton Panic,Gatton Panic,$ 39000.00
05-14-24,411217,1347,05-17-24,4949,05-20-24,4,FA,3188,1328,NN,Semillas,Gatton Panic,Gatton Panic,$ 39000.00
05-14-24,411218,1347,05-17-24,4948,05-20-24,4,FA,3188,1328,NN,Semillas,Gatton Panic,Gatton Panic,$ 39000.00
05-14-24,411219,1347,05-17-24,4947,05-20-24,4,FA,3188,1328,NN,Semillas,Gatton Panic,Gatton Panic,$ 39000.00
05-15-24,411226,1348,05-27-24,4960,05-28-24,4,FA,3200,3687,NN,Semillas,Convenio Syngenta Trigo,Trigo,$ 52000.00
05-17-24,411234,1349,05-17-24,4952,05-20-24,4,FA,3188,1328,NN,Semillas,Centeno,Centeno,$ 39000.00
05-17-24,411306,1351,05-24-24,4958,05-28-24,4,FA,3201,2308,NN,Semillas,Fuerza Total,Trigo,$ 42000.00
05-21-24,411310,1352,05-23-24,4957,05-28-24,4,FA,3202,1328,NN,Semillas,Buffel Grass,Buffel Grass,$ 39000.00
05-21-24,411311,1352,05-23-24,4956,05-28-24,4,FA,3202,1328,NN,Semillas,Buffel Grass,Buffel Grass,$ 39000.00
05-22-24,411313,1353,05-30-24,4968,05-31-24,4,FA,3209,392,NN,Semillas,Calidad Soja,Soja,$ 33000.00
05-22-24,411314,1353,05-30-24,4967,05-31-24,4,FA,3209,392,NN,Semillas,Calidad Soja,Soja,$ 33000.00
05-22-24,411315,1353,05-30-24,4966,05-31-24,4,FA,3209,392,NN,Semillas,Calidad Soja,Soja,$ 33000.00
05-22-24,411316,1353,05-30-24,4965,05-31-24,4,FA,3209,392,NN,Semillas,Calidad Soja,Soja,$ 33000.00
05-22-24,411317,1353,05-30-24,4964,05-31-24,4,FA,3209,392,NN,Semillas,Calidad Soja,Soja,$ 33000.00
05-22-24,411318,1353,05-30-24,4963,05-31-24,4,FA,3209,392,NN,Semillas,Calidad Soja,Soja,$ 33000.00
05-23-24,411339,1354,05-31-24,4969,05-31-24,4,FA,3210,4911,NN,Semillas,Fuerza Total,Soja,$ 42000.00
05-27-24,411424,1355,06-06-24,4991,06-10-24,4,FA,3228,522,NN,Semillas,Convenio Syngenta Trigo,Trigo,$ 52000.00
05-27-24,411425,1355,06-06-24,4990,06-10-24,4,FA,3228,522,NN,Semillas,Convenio Syngenta Trigo,Trigo,$ 52000.00
05-27-24,411426,1355,06-06-24,4989,06-10-24,4,FA,3228,522,NN,Semillas,Convenio Syngenta Trigo,Trigo,$ 52000.00
05-27-24,411427,1355,06-06-24,4988,06-10-24,4,FA,3228,522,NN,Semillas,Convenio Syngenta Trigo,Trigo,$ 52000.00
05-27-24,411428,1355,06-06-24,4987,06-10-24,4,FA,3228,522,NN,Semillas,Convenio Syngenta Trigo,Trigo,$ 52000.00
05-27-24,411429,1355,06-06-24,4986,06-10-24,4,FA,3228,522,NN,Semillas,Convenio Syngenta Trigo,Trigo,$ 52000.00
05-27-24,411430,1355,06-06-24,4985,06-10-24,4,FA,3228,522,NN,Semillas,Convenio Syngenta Trigo,Trigo,$ 52000.00
05-27-24,411431,1355,06-06-24,4984,06-10-24,4,FA,3228,522,NN,Semillas,Convenio Syngenta Trigo,Trigo,$ 52000.00
05-27-24,411432,1355,06-06-24,4983,06-10-24,4,FA,3228,522,NN,Semillas,Convenio Syngenta Trigo,Trigo,$ 52000.00
05-27-24,411433,1355,06-06-24,4982,06-10-24,4,FA,3228,522,NN,Semillas,Convenio Syngenta Trigo,Trigo,$ 52000.00
05-27-24,411434,1355,06-06-24,4981,06-10-24,4,FA,3228,522,NN,Semillas,Convenio Syngenta Trigo,Trigo,$ 52000.00
05-27-24,411435,1355,06-06-24,4980,06-10-24,4,FA,3228,522,NN,Semillas,Convenio Syngenta Trigo,Trigo,$ 52000.00
05-27-24,411436,1355,06-06-24,4979,06-10-24,4,FA,3228,522,NN,Semillas,Convenio Syngenta Trigo,Trigo,$ 52000.00
05-27-24,411437,1356,05-29-24,4961,05-31-24,4,FA,3208,1328,NN,Semillas,Buffel Grass,Buffel Grass,$ 39000.00
05-28-24,411443,1357,05-29-24,4962,05-31-24,4,FA,3208,1328,NN,Semillas,Centeno,Centeno,$ 39000.00
05-29-24,411444,1358,06-10-24,5031,06-12-24,4,FA,3235,25,NN,Semillas,Fuerza Total Curado,Maní,$ 45000.00
05-29-24,411445,1358,06-10-24,5030,06-12-24,4,FA,3235,25,NN,Semillas,Fuerza Total Curado,Maní,$ 45000.00
05-29-24,411446,1358,06-10-24,5029,06-12-24,4,FA,3235,25,NN,Semillas,Fuerza Total Curado,Maní,$ 45000.00
05-29-24,411447,1358,06-10-24,5028,06-12-24,4,FA,3235,25,NN,Semillas,Fuerza Total Curado,Maní,$ 45000.00
05-29-24,411448,1358,06-10-24,5027,06-12-24,4,FA,3235,25,NN,Semillas,Fuerza Total Curado,Maní,$ 45000.00
05-29-24,411449,1358,06-10-24,5026,06-12-24,4,FA,3235,25,NN,Semillas,Fuerza Total Curado,Maní,$ 45000.00
05-29-24,411450,1358,06-10-24,5025,06-12-24,4,FA,3235,25,NN,Semillas,Fuerza Total Curado,Maní,$ 45000.00
05-29-24,411451,1358,06-10-24,5024,06-12-24,4,FA,3235,25,NN,Semillas,Fuerza Total Curado,Maní,$ 45000.00
05-29-24,411452,1358,06-10-24,5023,06-12-24,4,FA,3235,25,NN,Semillas,Fuerza Total Curado,Maní,$ 45000.00
05-29-24,411453,1358,06-10-24,5022,06-12-24,4,FA,3235,25,NN,Semillas,Fuerza Total Curado,Maní,$ 45000.00
05-30-24,411464,1359,06-11-24,5034,06-12-24,4,FA,3234,392,NN,Semillas,Calidad Trigo/Soja,Trigo,$ 30000.00
05-30-24,411465,1359,06-11-24,5033,06-12-24,4,FA,3234,392,NN,Semillas,Calidad Trigo/Soja,Trigo,$ 30000.00
05-30-24,411466,1360,06-07-24,5021,06-10-24,4,FA,3227,392,NN,Semillas,Calidad Soja,Soja,$ 33000.00
05-30-24,411467,1360,06-07-24,5020,06-10-24,4,FA,3227,392,NN,Semillas,Calidad Soja,Soja,$ 33000.00
05-30-24,411468,1360,06-07-24,5019,06-10-24,4,FA,3227,392,NN,Semillas,Calidad Soja,Soja,$ 33000.00
05-30-24,411470,1360,06-07-24,5018,06-10-24,4,FA,3227,392,NN,Semillas,Calidad Soja,Soja,$ 33000.00
05-30-24,411471,1360,06-07-24,5017,06-10-24,4,FA,3227,392,NN,Semillas,Calidad Soja,Soja,$ 33000.00
05-30-24,411472,1360,06-07-24,5016,06-10-24,4,FA,3227,392,NN,Semillas,Calidad Soja,Soja,$ 33000.00
05-30-24,411473,1360,06-07-24,5015,06-10-24,4,FA,3227,392,NN,Semillas,Calidad Soja,Soja,$ 33000.00
05-30-24,411474,1360,06-07-24,5014,06-10-24,4,FA,3227,392,NN,Semillas,Calidad Soja,Soja,$ 33000.00
05-30-24,411477,1360,06-07-24,5013,06-10-24,4,FA,3227,392,NN,Semillas,Calidad Soja,Soja,$ 33000.00
05-30-24,411478,1360,06-07-24,5012,06-10-24,4,FA,3227,392,NN,Semillas,Calidad Soja,Soja,$ 33000.00
05-30-24,411479,1360,06-07-24,5011,06-10-24,4,FA,3227,392,NN,Semillas,Calidad Soja,Soja,$ 33000.00
05-30-24,411480,1360,06-07-24,5010,06-10-24,4,FA,3227,392,NN,Semillas,Calidad Soja,Soja,$ 33000.00
05-30-24,411481,1360,06-07-24,5009,06-10-24,4,FA,3227,392,NN,Semillas,Calidad Soja,Soja,$ 33000.00
05-30-24,411482,1360,06-07-24,5008,06-10-24,4,FA,3227,392,NN,Semillas,Calidad Soja,Soja,$ 33000.00
05-30-24,411483,1360,06-07-24,5007,06-10-24,4,FA,3227,392,NN,Semillas,Calidad Soja,Soja,$ 33000.00
05-30-24,411484,1360,06-07-24,5006,06-10-24,4,FA,3227,392,NN,Semillas,Calidad Soja,Soja,$ 33000.00
05-30-24,411485,1360,06-07-24,5005,06-10-24,4,FA,3227,392,NN,Semillas,Calidad Soja,Soja,$ 33000.00
05-30-24,411486,1360,06-07-24,5004,06-10-24,4,FA,3227,392,NN,Semillas,Calidad Soja,Soja,$ 33000.00
05-30-24,411487,1360,06-07-24,5003,06-10-24,4,FA,3227,392,NN,Semillas,Calidad Soja,Soja,$ 33000.00
05-30-24,411488,1360,06-07-24,5002,06-10-24,4,FA,3227,392,NN,Semillas,Calidad Soja,Soja,$ 33000.00
05-30-24,411489,1360,06-07-24,5001,06-10-24,4,FA,3227,392,NN,Semillas,Calidad Soja,Soja,$ 33000.00
05-30-24,411490,1360,06-07-24,5000,06-10-24,4,FA,3227,392,NN,Semillas,Calidad Soja,Soja,$ 33000.00
05-30-24,411491,1360,06-07-24,4999,06-10-24,4,FA,3227,392,NN,Semillas,Calidad Soja,Soja,$ 33000.00
05-30-24,411492,1360,06-07-24,4998,06-10-24,4,FA,3227,392,NN,Semillas,Calidad Soja,Soja,$ 33000.00
05-30-24,411493,1360,06-07-24,4997,06-10-24,4,FA,3227,392,NN,Semillas,Calidad Soja,Soja,$ 33000.00
05-30-24,411494,1360,06-07-24,4996,06-10-24,4,FA,3227,392,NN,Semillas,Calidad Soja,Soja,$ 33000.00
05-30-24,411495,1360,06-07-24,4995,06-10-24,4,FA,3227,392,NN,Semillas,Calidad Soja,Soja,$ 33000.00
05-30-24,411497,1361,05-31-24,4978,06-04-24,4,FA,3216,350,NN,Semillas,Trigo,Trigo,$ 39000.00
05-30-24,411498,1361,05-31-24,4977,06-04-24,4,FA,3216,350,NN,Semillas,Trigo,Trigo,$ 39000.00
05-30-24,411499,1361,05-31-24,4976,06-04-24,4,FA,3216,350,NN,Semillas,Trigo,Trigo,$ 39000.00
05-30-24,411500,1361,05-31-24,4975,06-04-24,4,FA,3216,350,NN,Semillas,Trigo,Trigo,$ 39000.00
05-30-24,411501,1361,05-31-24,4974,06-04-24,4,FA,3216,350,NN,Semillas,Trigo,Trigo,$ 39000.00
05-30-24,411502,1361,05-31-24,4973,06-04-24,4,FA,3216,350,NN,Semillas,Trigo,Trigo,$ 39000.00
05-30-24,411503,1361,05-31-24,4972,06-04-24,4,FA,3216,350,NN,Semillas,Trigo,Trigo,$ 39000.00
05-30-24,411504,1361,05-31-24,4971,06-04-24,4,FA,3216,350,NN,Semillas,Trigo,Trigo,$ 39000.00
05-30-24,411505,1361,05-31-24,4970,06-04-24,4,FA,3216,350,NN,Semillas,Trigo,Trigo,$ 39000.00
05-31-24,411506,1362,06-11-24,5032,06-12-24,4,FA,3236,104,NN,Semillas,Melilotus Albus,Melilotus Albus,$ 31000.00
05-31-24,411507,1362,06-13-24,5037,06-14-24,4,FA,3244,104,NN,Semillas,Fuerza Total,Sorgo,$ 42000.00
05-31-24,411508,1362,06-13-24,5036,06-14-24,4,FA,3244,104,NN,Semillas,Fuerza Total,Sorgo,$ 42000.00
05-31-24,411509,1362,06-13-24,5035,06-14-24,4,FA,3244,104,NN,Semillas,Fuerza Total,Sorgo,$ 42000.00
06-03-24,411523,1360,06-07-24,4994,06-10-24,4,FA,3227,392,NN,Semillas,Calidad Soja,Soja,$ 33000.00
06-03-24,411578,1360,06-07-24,4993,06-10-24,4,FA,3227,392,NN,Semillas,Calidad Soja,Soja,$ 33000.00
06-06-24,411581,1363,06-18-24,5046,06-24-24,4,FA,3248,25,NN,Semillas,Maní,Maní,$ 39000.00
06-06-24,411582,1363,06-18-24,5045,06-24-24,4,FA,3248,25,NN,Semillas,Maní,Maní,$ 39000.00
06-06-24,411583,1363,06-18-24,5044,06-24-24,4,FA,3248,25,NN,Semillas,Maní,Maní,$ 39000.00
06-06-24,411584,1363,06-18-24,5043,06-24-24,4,FA,3248,25,NN,Semillas,Maní,Maní,$ 39000.00
06-06-24,411585,1363,06-18-24,5042,06-24-24,4,FA,3248,25,NN,Semillas,Maní,Maní,$ 39000.00
06-06-24,411586,1363,06-18-24,5041,06-24-24,4,FA,3248,25,NN,Semillas,Maní,Maní,$ 39000.00
06-06-24,411587,1360,06-07-24,4992,06-10-24,4,FA,3227,392,NN,Semillas,Calidad Soja,Soja,$ 33000.00
06-07-24,411588,1364,06-24-24,5082,06-26-24,4,FA,3255,62,NN,Semillas,Vicia,Vicia,$ 85000.00
06-07-24,411591,1365,06-14-24,5040,06-14-24,4,FA,3242,4396,NN,Semillas,Fuerza Total,Soja,$ 42000.00
06-07-24,411592,1366,06-14-24,5039,06-14-24,4,FA,3243,853,NN,Semillas,Fuerza Total,Soja,$ 42000.00
06-07-24,411593,1366,06-14-24,5038,06-14-24,4,FA,3243,853,NN,Semillas,Fuerza Total,Soja,$ 42000.00
06-11-24,411639,1367,06-19-24,5079,06-24-24,4,FA,3247,392,NN,Semillas,Calidad Soja,Soja,$ 33000.00
06-11-24,411640,1367,06-19-24,5078,06-24-24,4,FA,3247,392,NN,Semillas,Calidad Soja,Soja,$ 33000.00
06-11-24,411641,1367,06-19-24,5077,06-24-24,4,FA,3247,392,NN,Semillas,Calidad Soja,Soja,$ 33000.00
06-11-24,411642,1367,06-19-24,5076,06-24-24,4,FA,3247,392,NN,Semillas,Calidad Soja,Soja,$ 33000.00
06-11-24,411643,1367,06-19-24,5075,06-24-24,4,FA,3247,392,NN,Semillas,Calidad Soja,Soja,$ 33000.00
06-11-24,411644,1367,06-19-24,5074,06-24-24,4,FA,3247,392,NN,Semillas,Calidad Soja,Soja,$ 33000.00
06-11-24,411645,1367,06-19-24,5073,06-24-24,4,FA,3247,392,NN,Semillas,Calidad Soja,Soja,$ 33000.00
06-11-24,411646,1367,06-19-24,5072,06-24-24,4,FA,3247,392,NN,Semillas,Calidad Soja,Soja,$ 33000.00
06-11-24,411647,1367,06-19-24,5071,06-24-24,4,FA,3247,392,NN,Semillas,Calidad Soja,Soja,$ 33000.00
06-11-24,411648,1367,06-19-24,5070,06-24-24,4,FA,3247,392,NN,Semillas,Calidad Soja,Soja,$ 33000.00
06-11-24,411649,1367,06-19-24,5069,06-24-24,4,FA,3247,392,NN,Semillas,Calidad Soja,Soja,$ 33000.00
06-11-24,411650,1367,06-19-24,5068,06-24-24,4,FA,3247,392,NN,Semillas,Calidad Soja,Soja,$ 33000.00
06-11-24,411651,1367,06-19-24,5067,06-24-24,4,FA,3247,392,NN,Semillas,Calidad Soja,Soja,$ 33000.00
06-11-24,411652,1367,06-19-24,5066,06-24-24,4,FA,3247,392,NN,Semillas,Calidad Soja,Soja,$ 33000.00
06-11-24,411653,1367,06-19-24,5065,06-24-24,4,FA,3247,392,NN,Semillas,Calidad Soja,Soja,$ 33000.00
06-11-24,411654,1367,06-19-24,5064,06-24-24,4,FA,3247,392,NN,Semillas,Calidad Soja,Soja,$ 33000.00
06-11-24,411655,1367,06-19-24,5063,06-24-24,4,FA,3247,392,NN,Semillas,Calidad Soja,Soja,$ 33000.00
06-11-24,411656,1367,06-19-24,5062,06-24-24,4,FA,3247,392,NN,Semillas,Calidad Soja,Soja,$ 33000.00
06-11-24,411657,1367,06-19-24,5061,06-24-24,4,FA,3247,392,NN,Semillas,Calidad Soja,Soja,$ 33000.00
06-11-24,411658,1367,06-19-24,5060,06-24-24,4,FA,3247,392,NN,Semillas,Calidad Soja,Soja,$ 33000.00
06-11-24,411659,1367,06-19-24,5059,06-24-24,4,FA,3247,392,NN,Semillas,Calidad Soja,Soja,$ 33000.00
06-11-24,411660,1367,06-19-24,5058,06-24-24,4,FA,3247,392,NN,Semillas,Calidad Soja,Soja,$ 33000.00
06-11-24,411661,1367,06-19-24,5057,06-24-24,4,FA,3247,392,NN,Semillas,Calidad Soja,Soja,$ 33000.00
06-11-24,411662,1367,06-19-24,5056,06-24-24,4,FA,3247,392,NN,Semillas,Calidad Soja,Soja,$ 33000.00
06-11-24,411663,1367,06-19-24,5055,06-24-24,4,FA,3247,392,NN,Semillas,Calidad Soja,Soja,$ 33000.00
06-11-24,411664,1367,06-19-24,5054,06-24-24,4,FA,3247,392,NN,Semillas,Calidad Soja,Soja,$ 33000.00
06-11-24,411665,1367,06-19-24,5053,06-24-24,4,FA,3247,392,NN,Semillas,Calidad Soja,Soja,$ 33000.00
06-11-24,411666,1367,06-19-24,5052,06-24-24,4,FA,3247,392,NN,Semillas,Calidad Soja,Soja,$ 33000.00
06-11-24,411667,1367,06-19-24,5051,06-24-24,4,FA,3247,392,NN,Semillas,Calidad Soja,Soja,$ 33000.00
06-11-24,411668,1367,06-19-24,5050,06-24-24,4,FA,3247,392,NN,Semillas,Calidad Soja,Soja,$ 33000.00
06-11-24,411669,1367,06-19-24,5049,06-24-24,4,FA,3247,392,NN,Semillas,Calidad Soja,Soja,$ 33000.00
06-11-24,411670,1367,06-19-24,5048,06-24-24,4,FA,3247,392,NN,Semillas,Calidad Soja,Soja,$ 33000.00
06-11-24,411671,1367,06-19-24,5047,06-24-24,4,FA,3247,392,NN,Semillas,Calidad Soja,Soja,$ 33000.00
06-11-24,411699,1368,06-24-24,5086,06-26-24,4,FA,3258,187,NN,Semillas,Cold Test,Soja,$ 57000.00
06-11-24,411700,1368,06-24-24,5085,06-26-24,4,FA,3258,187,NN,Semillas,Cold Test,Soja,$ 57000.00
06-11-24,411701,1368,06-24-24,5084,06-26-24,4,FA,3258,187,NN,Semillas,Cold Test,Soja,$ 57000.00
06-11-24,411702,1368,06-24-24,5083,06-26-24,4,FA,3258,187,NN,Semillas,Cold Test,Soja,$ 57000.00
06-12-24,411707,1369,06-24-24,5081,06-26-24,4,FA,3256,3196,NN,Semillas,Trigo,Trigo,$ 75000.00
06-13-24,411708,1370,06-24-24,5093,06-26-24,4,FA,3257,522,NN,Semillas,Convenio Syngenta Trigo,Trigo,$ 52000.00
06-13-24,411709,1370,06-24-24,5092,06-26-24,4,FA,3257,522,NN,Semillas,Convenio Syngenta Trigo,Trigo,$ 52000.00
06-13-24,411710,1370,06-24-24,5091,06-26-24,4,FA,3257,522,NN,Semillas,Convenio Syngenta Trigo,Trigo,$ 52000.00
06-13-24,411711,1370,06-24-24,5090,06-26-24,4,FA,3257,522,NN,Semillas,Convenio Syngenta Trigo,Trigo,$ 52000.00
06-13-24,411712,1370,06-24-24,5089,06-26-24,4,FA,3257,522,NN,Semillas,Convenio Syngenta Trigo,Trigo,$ 52000.00
06-13-24,411713,1370,06-24-24,5088,06-26-24,4,FA,3257,522,NN,Semillas,Convenio Syngenta Trigo,Trigo,$ 52000.00
06-13-24,411714,1370,06-24-24,5087,06-26-24,4,FA,3257,522,NN,Semillas,Convenio Syngenta Trigo,Trigo,$ 52000.00
06-14-24,411724,1371,06-25-24,5094,06-26-24,4,FA,3253,1328,NN,Semillas,Centeno,Centeno,$ 31000.00
06-18-24,411725,1372,06-25-24,5100,06-26-24,4,FA,3254,714,NN,Semillas,Convenio Syngenta Soja Completo,Soja,$ 52000.00
06-18-24,411726,1372,06-25-24,5099,06-26-24,4,FA,3254,714,NN,Semillas,Convenio Syngenta Soja Completo,Soja,$ 52000.00
06-18-24,411727,1372,06-25-24,5098,06-26-24,4,FA,3254,714,NN,Semillas,Convenio Syngenta Soja Completo,Soja,$ 52000.00
06-18-24,411728,1372,06-25-24,5097,06-26-24,4,FA,3254,714,NN,Semillas,Convenio Syngenta Soja Completo,Soja,$ 52000.00
06-19-24,411785,1373,06-19-24,5080,06-26-24,4,FA,3253,1328,NN,Semillas,Grama Rhodes,Grama Rhodes,$ 39000.00
06-24-24,411786,1373,06-25-24,5096,06-26-24,4,FA,3253,1328,NN,Semillas,Buffel Grass,Buffel Grass,$ 39000.00
06-24-24,411787,1373,06-25-24,5095,06-26-24,4,FA,3253,1328,NN,Semillas,Gatton Panic,Gatton Panic,$ 39000.00
06-19-24,411816,1374,06-27-24,5105,07-01-24,4,FA,3269,4237,NN,Semillas,Convenio Syngenta Soja Completo,Soja,$ 52000.00
06-19-24,411817,1374,06-27-24,5104,07-01-24,4,FA,3269,4237,NN,Semillas,Convenio Syngenta Soja Completo,Soja,$ 52000.00
06-19-24,411818,1374,06-27-24,5103,07-01-24,4,FA,3269,4237,NN,Semillas,Convenio Syngenta Soja Completo,Soja,$ 52000.00
06-19-24,411819,1374,06-27-24,5102,07-01-24,4,FA,3269,4237,NN,Semillas,Convenio Syngenta Soja Completo,Soja,$ 52000.00
06-19-24,411820,1374,06-27-24,5101,07-01-24,4,FA,3269,4237,NN,Semillas,Convenio Syngenta Soja Completo,Soja,$ 52000.00
06-19-24,411826,1375,07-01-24,5113,07-01-24,4,FA,3268,25,NN,Semillas,Maní,Maní,$ 39000.00
06-19-24,411827,1375,07-01-24,5112,07-01-24,4,FA,3268,25,NN,Semillas,Maní,Maní,$ 39000.00
06-19-24,411828,1375,07-01-24,5111,07-01-24,4,FA,3268,25,NN,Semillas,Maní,Maní,$ 39000.00
06-19-24,411829,1376,06-27-24,5110,07-01-24,4,FA,3267,392,NN,Semillas,Calidad Soja,Soja,$ 33000.00
06-19-24,411830,1376,06-27-24,5109,07-01-24,4,FA,3267,392,NN,Semillas,Calidad Soja,Soja,$ 33000.00
06-19-24,411831,1376,06-27-24,5108,07-01-24,4,FA,3267,392,NN,Semillas,Calidad Soja,Soja,$ 33000.00
06-19-24,411832,1376,06-27-24,5107,07-01-24,4,FA,3267,392,NN,Semillas,Calidad Soja,Soja,$ 33000.00
06-19-24,411833,1376,06-27-24,5106,07-01-24,4,FA,3267,392,NN,Semillas,Calidad Soja,Soja,$ 33000.00
07-04-24,412085,1377,07-15-24,5122,07-15-24,4,FA,3282,25,NN,Semillas,Maní,Maní,$ 39000.00
07-04-24,412086,1377,07-15-24,5121,07-15-24,4,FA,3282,25,NN,Semillas,Maní,Maní,$ 39000.00
07-04-24,412087,1377,07-15-24,5120,07-15-24,4,FA,3282,25,NN,Semillas,Maní,Maní,$ 39000.00
07-04-24,412088,1377,07-15-24,5119,07-15-24,4,FA,3282,25,NN,Semillas,Maní,Maní,$ 39000.00
07-08-24,412110,1380,07-22-24,5158,07-24-24,4,FA,3301,104,NN,Semillas,Fuerza Total,Sorgo,$ 42000.00
07-08-24,412111,1380,07-22-24,5157,07-24-24,4,FA,3301,104,NN,Semillas,Fuerza Total,Sorgo,$ 42000.00
07-08-24,412112,1380,07-22-24,5156,07-24-24,4,FA,3301,104,NN,Semillas,Fuerza Total,Sorgo,$ 42000.00
07-10-24,412303,1381,07-18-24,5126,07-22-24,4,FA,3293,392,NN,Semillas,Doble Poder X2,Soja,$ 25000.00
07-10-24,412304,1381,07-18-24,5125,07-22-24,4,FA,3293,392,NN,Semillas,Doble Poder X2,Soja,$ 25000.00
07-10-24,412305,1381,07-18-24,5124,07-22-24,4,FA,3293,392,NN,Semillas,Doble Poder X2,Soja,$ 25000.00
07-10-24,412306,1381,07-18-24,5123,07-22-24,4,FA,3293,392,NN,Semillas,Doble Poder X2,Soja,$ 25000.00
07-10-24,412307,1382,07-22-24,5196,07-24-24,4,FA,3298,392,NN,Semillas,Convenio Syngenta Soja Completo,Soja,$ 52000.00
07-10-24,412308,1382,07-22-24,5195,07-24-24,4,FA,3298,392,NN,Semillas,Convenio Syngenta Soja Completo,Soja,$ 52000.00
07-10-24,412309,1382,07-22-24,5194,07-24-24,4,FA,3298,392,NN,Semillas,Convenio Syngenta Soja Completo,Soja,$ 52000.00
07-10-24,412310,1382,07-22-24,5193,07-24-24,4,FA,3298,392,NN,Semillas,Convenio Syngenta Soja Completo,Soja,$ 52000.00
07-10-24,412311,1382,07-22-24,5192,07-24-24,4,FA,3298,392,NN,Semillas,Convenio Syngenta Soja Completo,Soja,$ 52000.00
07-10-24,412312,1382,07-22-24,5191,07-24-24,4,FA,3298,392,NN,Semillas,Convenio Syngenta Soja Completo,Soja,$ 52000.00
07-10-24,412313,1382,07-22-24,5190,07-24-24,4,FA,3298,392,NN,Semillas,Convenio Syngenta Soja Completo,Soja,$ 52000.00
07-10-24,412314,1382,07-22-24,5189,07-24-24,4,FA,3298,392,NN,Semillas,Convenio Syngenta Soja Completo,Soja,$ 52000.00
07-10-24,412315,1382,07-22-24,5188,07-24-24,4,FA,3298,392,NN,Semillas,Convenio Syngenta Soja Completo,Soja,$ 52000.00
07-10-24,412316,1382,07-22-24,5187,07-24-24,4,FA,3298,392,NN,Semillas,Convenio Syngenta Soja Completo,Soja,$ 52000.00
07-10-24,412317,1382,07-22-24,5186,07-24-24,4,FA,3298,392,NN,Semillas,Convenio Syngenta Soja Completo,Soja,$ 52000.00
07-10-24,412318,1382,07-22-24,5185,07-24-24,4,FA,3298,392,NN,Semillas,Convenio Syngenta Soja Completo,Soja,$ 52000.00
07-10-24,412319,1382,07-22-24,5184,07-24-24,4,FA,3298,392,NN,Semillas,Convenio Syngenta Soja Completo,Soja,$ 52000.00
07-10-24,412320,1382,07-22-24,5183,07-24-24,4,FA,3298,392,NN,Semillas,Convenio Syngenta Soja Completo,Soja,$ 52000.00
07-10-24,412321,1382,07-22-24,5182,07-24-24,4,FA,3298,392,NN,Semillas,Convenio Syngenta Soja Completo,Soja,$ 52000.00
07-10-24,412322,1382,07-22-24,5181,07-24-24,4,FA,3298,392,NN,Semillas,Convenio Syngenta Soja Completo,Soja,$ 52000.00
07-10-24,412323,1382,07-22-24,5180,07-24-24,4,FA,3298,392,NN,Semillas,Convenio Syngenta Soja Completo,Soja,$ 52000.00
07-10-24,412324,1382,07-22-24,5179,07-24-24,4,FA,3298,392,NN,Semillas,Convenio Syngenta Soja Completo,Soja,$ 52000.00
07-10-24,412325,1382,07-22-24,5178,07-24-24,4,FA,3298,392,NN,Semillas,Convenio Syngenta Soja Completo,Soja,$ 52000.00
07-10-24,412326,1382,07-22-24,5177,07-24-24,4,FA,3298,392,NN,Semillas,Convenio Syngenta Soja Completo,Soja,$ 52000.00
07-10-24,412327,1382,07-22-24,5176,07-24-24,4,FA,3298,392,NN,Semillas,Convenio Syngenta Soja Completo,Soja,$ 52000.00
07-10-24,412328,1382,07-22-24,5175,07-24-24,4,FA,3298,392,NN,Semillas,Convenio Syngenta Soja Completo,Soja,$ 52000.00
07-10-24,412329,1382,07-22-24,5174,07-24-24,4,FA,3298,392,NN,Semillas,Convenio Syngenta Soja Completo,Soja,$ 52000.00
07-10-24,412330,1382,07-22-24,5173,07-24-24,4,FA,3298,392,NN,Semillas,Convenio Syngenta Soja Completo,Soja,$ 52000.00
07-10-24,412331,1382,07-22-24,5172,07-24-24,4,FA,3298,392,NN,Semillas,Convenio Syngenta Soja Completo,Soja,$ 52000.00
07-10-24,412332,1382,07-22-24,5171,07-24-24,4,FA,3298,392,NN,Semillas,Convenio Syngenta Soja Completo,Soja,$ 52000.00
07-10-24,412333,1382,07-22-24,5170,07-24-24,4,FA,3298,392,NN,Semillas,Convenio Syngenta Soja Completo,Soja,$ 52000.00
07-10-24,412334,1382,07-22-24,5169,07-24-24,4,FA,3298,392,NN,Semillas,Convenio Syngenta Soja Completo,Soja,$ 52000.00
07-10-24,412335,1382,07-22-24,5168,07-24-24,4,FA,3298,392,NN,Semillas,Convenio Syngenta Soja Completo,Soja,$ 52000.00
07-10-24,412336,1382,07-22-24,5167,07-24-24,4,FA,3298,392,NN,Semillas,Convenio Syngenta Soja Completo,Soja,$ 52000.00
07-10-24,412337,1382,07-22-24,5166,07-24-24,4,FA,3298,392,NN,Semillas,Convenio Syngenta Soja Completo,Soja,$ 52000.00
07-10-24,412338,1382,07-22-24,5165,07-24-24,4,FA,3298,392,NN,Semillas,Convenio Syngenta Soja Completo,Soja,$ 52000.00
07-10-24,412339,1382,07-22-24,5164,07-24-24,4,FA,3298,392,NN,Semillas,Convenio Syngenta Soja Completo,Soja,$ 52000.00
07-10-24,412340,1382,07-22-24,5163,07-24-24,4,FA,3298,392,NN,Semillas,Convenio Syngenta Soja Completo,Soja,$ 52000.00
07-10-24,412341,1382,07-22-24,5162,07-24-24,4,FA,3298,392,NN,Semillas,Convenio Syngenta Soja Completo,Soja,$ 52000.00
07-10-24,412342,1382,07-22-24,5161,07-24-24,4,FA,3298,392,NN,Semillas,Convenio Syngenta Soja Completo,Soja,$ 52000.00
07-10-24,412343,1382,07-22-24,5160,07-24-24,4,FA,3298,392,NN,Semillas,Convenio Syngenta Soja Completo,Soja,$ 52000.00
07-10-24,412344,1382,07-22-24,5159,07-24-24,4,FA,3298,392,NN,Semillas,Convenio Syngenta Soja Completo,Soja,$ 52000.00
07-11-24,412351,1383,07-19-24,5153,07-24-24,4,FA,3298,392,NN,Semillas,Doble Poder X2,Soja,$ 25000.00
07-11-24,412352,1383,07-19-24,5152,07-24-24,4,FA,3298,392,NN,Semillas,Doble Poder X2,Soja,$ 25000.00
07-11-24,412353,1383,07-19-24,5151,07-24-24,4,FA,3298,392,NN,Semillas,Doble Poder X2,Soja,$ 25000.00
07-11-24,412354,1383,07-19-24,5150,07-24-24,4,FA,3298,392,NN,Semillas,Doble Poder X2,Soja,$ 25000.00
07-11-24,412355,1383,07-19-24,5149,07-24-24,4,FA,3298,392,NN,Semillas,Doble Poder X2,Soja,$ 25000.00
07-11-24,412356,1383,07-19-24,5148,07-24-24,4,FA,3298,392,NN,Semillas,Doble Poder X2,Soja,$ 25000.00
07-11-24,412357,1383,07-19-24,5147,07-24-24,4,FA,3298,392,NN,Semillas,Doble Poder X2,Soja,$ 25000.00
07-11-24,412358,1383,07-19-24,5146,07-24-24,4,FA,3298,392,NN,Semillas,Doble Poder X2,Soja,$ 25000.00
07-11-24,412359,1383,07-19-24,5145,07-24-24,4,FA,3298,392,NN,Semillas,Doble Poder X2,Soja,$ 25000.00
07-11-24,412360,1383,07-19-24,5144,07-24-24,4,FA,3298,392,NN,Semillas,Doble Poder X2,Soja,$ 25000.00
07-11-24,412361,1383,07-19-24,5143,07-24-24,4,FA,3298,392,NN,Semillas,Doble Poder X2,Soja,$ 25000.00
07-11-24,412362,1383,07-19-24,5142,07-24-24,4,FA,3298,392,NN,Semillas,Doble Poder X2,Soja,$ 25000.00
07-11-24,412363,1383,07-19-24,5141,07-24-24,4,FA,3298,392,NN,Semillas,Doble Poder X2,Soja,$ 25000.00
07-11-24,412364,1383,07-19-24,5140,07-24-24,4,FA,3298,392,NN,Semillas,Doble Poder X2,Soja,$ 25000.00
07-11-24,412365,1383,07-19-24,5139,07-24-24,4,FA,3298,392,NN,Semillas,Doble Poder X2,Soja,$ 25000.00
07-11-24,412366,1383,07-19-24,5138,07-24-24,4,FA,3298,392,NN,Semillas,Doble Poder X2,Soja,$ 25000.00
07-11-24,412367,1383,07-19-24,5137,07-24-24,4,FA,3298,392,NN,Semillas,Doble Poder X2,Soja,$ 25000.00
07-11-24,412368,1383,07-19-24,5136,07-24-24,4,FA,3298,392,NN,Semillas,Doble Poder X2,Soja,$ 25000.00
07-11-24,412369,1383,07-19-24,5135,07-24-24,4,FA,3298,392,NN,Semillas,Doble Poder X2,Soja,$ 25000.00
07-11-24,412370,1383,07-19-24,5134,07-24-24,4,FA,3298,392,NN,Semillas,Doble Poder X2,Soja,$ 25000.00
07-11-24,412371,1383,07-19-24,5133,07-24-24,4,FA,3298,392,NN,Semillas,Doble Poder X2,Soja,$ 25000.00
07-11-24,412372,1383,07-19-24,5132,07-24-24,4,FA,3298,392,NN,Semillas,Doble Poder X2,Soja,$ 25000.00
07-11-24,412373,1383,07-19-24,5131,07-24-24,4,FA,3298,392,NN,Semillas,Doble Poder X2,Soja,$ 25000.00
07-11-24,412374,1383,07-19-24,5130,07-24-24,4,FA,3298,392,NN,Semillas,Doble Poder X2,Soja,$ 25000.00
07-11-24,412375,1383,07-19-24,5129,07-24-24,4,FA,3298,392,NN,Semillas,Doble Poder X2,Soja,$ 25000.00
07-11-24,412376,1383,07-19-24,5128,07-24-24,4,FA,3298,392,NN,Semillas,Doble Poder X2,Soja,$ 25000.00
07-11-24,412377,1383,07-19-24,5127,07-24-24,4,FA,3298,392,NN,Semillas,Doble Poder X2,Soja,$ 25000.00
07-12-24,412523,1384,07-19-24,5155,07-24-24,4,FA,3299,25,NN,Semillas,Doble Poder X2,Soja,$ 25000.00
07-12-24,412524,1384,07-19-24,5154,07-24-24,4,FA,3299,25,NN,Semillas,Doble Poder X2,Soja,$ 25000.00
07-15-24,412529,1385,07-23-24,5208,07-24-24,4,FA,3300,522,NN,Semillas,Convenio Syngenta Soja Completo,Soja,$ 52000.00
07-15-24,412530,1385,07-23-24,5207,07-24-24,4,FA,3300,522,NN,Semillas,Convenio Syngenta Soja Completo,Soja,$ 52000.00
07-15-24,412531,1385,07-23-24,5206,07-24-24,4,FA,3300,522,NN,Semillas,Convenio Syngenta Soja Completo,Soja,$ 52000.00
07-15-24,412532,1385,07-23-24,5205,07-24-24,4,FA,3300,522,NN,Semillas,Convenio Syngenta Soja Completo,Soja,$ 52000.00
07-15-24,412533,1385,07-23-24,5204,07-24-24,4,FA,3300,522,NN,Semillas,Convenio Syngenta Soja Completo,Soja,$ 52000.00
07-15-24,412534,1385,07-23-24,5203,07-24-24,4,FA,3300,522,NN,Semillas,Convenio Syngenta Soja Completo,Soja,$ 52000.00
07-15-24,412535,1385,07-23-24,5202,07-24-24,4,FA,3300,522,NN,Semillas,Convenio Syngenta Soja Completo,Soja,$ 52000.00
07-15-24,412536,1385,07-23-24,5201,07-24-24,4,FA,3300,522,NN,Semillas,Convenio Syngenta Soja Completo,Soja,$ 52000.00
07-15-24,412537,1385,07-23-24,5200,07-24-24,4,FA,3300,522,NN,Semillas,Convenio Syngenta Soja Completo,Soja,$ 52000.00
07-15-24,412538,1385,07-23-24,5199,07-24-24,4,FA,3300,522,NN,Semillas,Convenio Syngenta Soja Completo,Soja,$ 52000.00
07-15-24,412539,1385,07-23-24,5198,07-24-24,4,FA,3300,522,NN,Semillas,Convenio Syngenta Soja Completo,Soja,$ 52000.00
07-15-24,412540,1385,07-23-24,5197,07-24-24,4,FA,3300,522,NN,Semillas,Convenio Syngenta Soja Completo,Soja,$ 52000.00
07-17-24,412590,1386,07-25-24,5215,07-26-24,4,FA,3306,392,NN,Semillas,Doble Poder X2,Soja,$ 25000.00
07-17-24,412591,1386,07-25-24,5214,07-26-24,4,FA,3306,392,NN,Semillas,Doble Poder X2,Soja,$ 25000.00
07-17-24,412592,1386,07-25-24,5213,07-26-24,4,FA,3306,392,NN,Semillas,Doble Poder X2,Soja,$ 25000.00
07-17-24,412593,1386,07-25-24,5212,07-26-24,4,FA,3306,392,NN,Semillas,Doble Poder X2,Soja,$ 25000.00
07-17-24,412594,1386,07-25-24,5211,07-26-24,4,FA,3306,392,NN,Semillas,Doble Poder X2,Soja,$ 25000.00
07-17-24,412595,1386,07-25-24,5210,07-26-24,4,FA,3306,392,NN,Semillas,Doble Poder X2,Soja,$ 25000.00
07-17-24,412596,1386,07-25-24,5209,07-26-24,4,FA,3306,392,NN,Semillas,Doble Poder X2,Soja,$ 25000.00
07-17-24,412598,1387,07-25-24,5237,07-26-24,4,FA,3306,392,NN,Semillas,Convenio Syngenta Soja Completo,Soja,$ 52000.00
07-17-24,412599,1387,07-25-24,5236,07-26-24,4,FA,3306,392,NN,Semillas,Convenio Syngenta Soja Completo,Soja,$ 52000.00
07-17-24,412600,1387,07-25-24,5235,07-26-24,4,FA,3306,392,NN,Semillas,Convenio Syngenta Soja Completo,Soja,$ 52000.00
07-17-24,412601,1387,07-25-24,5234,07-26-24,4,FA,3306,392,NN,Semillas,Convenio Syngenta Soja Completo,Soja,$ 52000.00
07-17-24,412602,1387,07-25-24,5233,07-26-24,4,FA,3306,392,NN,Semillas,Convenio Syngenta Soja Completo,Soja,$ 52000.00
07-17-24,412603,1387,07-25-24,5232,07-26-24,4,FA,3306,392,NN,Semillas,Convenio Syngenta Soja Completo,Soja,$ 52000.00
07-17-24,412604,1387,07-25-24,5231,07-26-24,4,FA,3306,392,NN,Semillas,Convenio Syngenta Soja Completo,Soja,$ 52000.00
07-17-24,412605,1387,07-25-24,5230,07-26-24,4,FA,3306,392,NN,Semillas,Convenio Syngenta Soja Completo,Soja,$ 52000.00
07-17-24,412606,1387,07-30-24,5251,07-31-24,4,FA,3307,392,NN,Semillas,Convenio Syngenta Soja Completo,Soja,$ 52000.00
07-17-24,412607,1387,07-25-24,5229,07-26-24,4,FA,3306,392,NN,Semillas,Convenio Syngenta Soja Completo,Soja,$ 52000.00
07-17-24,412608,1387,07-30-24,5250,07-31-24,4,FA,3307,392,NN,Semillas,Convenio Syngenta Soja Completo,Soja,$ 52000.00
07-17-24,412609,1387,07-30-24,5249,07-31-24,4,FA,3307,392,NN,Semillas,Convenio Syngenta Soja Completo,Soja,$ 52000.00
07-17-24,412610,1387,07-25-24,5228,07-26-24,4,FA,3306,392,NN,Semillas,Convenio Syngenta Soja Completo,Soja,$ 52000.00
07-17-24,412611,1387,07-25-24,5227,07-26-24,4,FA,3306,392,NN,Semillas,Convenio Syngenta Soja Completo,Soja,$ 52000.00
07-17-24,412612,1387,07-25-24,5226,07-26-24,4,FA,3306,392,NN,Semillas,Convenio Syngenta Soja Completo,Soja,$ 52000.00
07-17-24,412613,1387,07-25-24,5225,07-26-24,4,FA,3306,392,NN,Semillas,Convenio Syngenta Soja Completo,Soja,$ 52000.00
07-17-24,412614,1387,07-25-24,5224,07-26-24,4,FA,3306,392,NN,Semillas,Convenio Syngenta Soja Completo,Soja,$ 52000.00
07-17-24,412615,1387,07-25-24,5223,07-26-24,4,FA,3306,392,NN,Semillas,Convenio Syngenta Soja Completo,Soja,$ 52000.00
07-17-24,412616,1387,07-25-24,5222,07-26-24,4,FA,3306,392,NN,Semillas,Convenio Syngenta Soja Completo,Soja,$ 52000.00
07-17-24,412617,1387,07-25-24,5221,07-26-24,4,FA,3306,392,NN,Semillas,Convenio Syngenta Soja Completo,Soja,$ 52000.00
07-17-24,412618,1387,07-25-24,5220,07-26-24,4,FA,3306,392,NN,Semillas,Convenio Syngenta Soja Completo,Soja,$ 52000.00
07-17-24,412619,1387,07-25-24,5219,07-26-24,4,FA,3306,392,NN,Semillas,Convenio Syngenta Soja Completo,Soja,$ 52000.00
07-17-24,412620,1387,07-25-24,5218,07-26-24,4,FA,3306,392,NN,Semillas,Convenio Syngenta Soja Completo,Soja,$ 52000.00
07-17-24,412621,1387,07-25-24,5217,07-26-24,4,FA,3306,392,NN,Semillas,Convenio Syngenta Soja Completo,Soja,$ 52000.00
07-17-24,412622,1387,07-25-24,5216,07-26-24,4,FA,3306,392,NN,Semillas,Convenio Syngenta Soja Completo,Soja,$ 52000.00
07-22-24,412777,1388,07-29-24,5247,07-31-24,4,FA,3308,9261,NN,Semillas,Convenio Syngenta Soja Completo,Soja,$ 52000.00
07-22-24,412778,1388,07-29-24,5246,07-31-24,4,FA,3308,9261,NN,Semillas,Convenio Syngenta Soja Completo,Soja,$ 52000.00
07-22-24,412779,1388,07-29-24,5245,07-31-24,4,FA,3308,9261,NN,Semillas,Convenio Syngenta Soja Completo,Soja,$ 52000.00
07-22-24,412780,1388,07-29-24,5244,07-31-24,4,FA,3308,9261,NN,Semillas,Convenio Syngenta Soja Completo,Soja,$ 52000.00
07-22-24,412781,1388,07-29-24,5243,07-31-24,4,FA,3308,9261,NN,Semillas,Convenio Syngenta Soja Completo,Soja,$ 52000.00
07-22-24,412782,1388,07-29-24,5242,07-31-24,4,FA,3308,9261,NN,Semillas,Convenio Syngenta Soja Completo,Soja,$ 52000.00
07-22-24,412783,1388,07-29-24,5241,07-31-24,4,FA,3308,9261,NN,Semillas,Convenio Syngenta Soja Completo,Soja,$ 52000.00
07-22-24,412784,1388,07-29-24,5240,07-31-24,4,FA,3308,9261,NN,Semillas,Convenio Syngenta Soja Completo,Soja,$ 52000.00
07-22-24,412785,1388,07-29-24,5239,07-31-24,4,FA,3308,9261,NN,Semillas,Convenio Syngenta Soja Completo,Soja,$ 52000.00
07-22-24,412786,1388,07-29-24,5238,07-31-24,4,FA,3308,9261,NN,Semillas,Convenio Syngenta Soja Completo,Soja,$ 52000.00
07-24-24,412823,1387,07-30-24,5248,07-31-24,4,FA,3307,392,NN,Semillas,Convenio Syngenta Soja Completo,Soja,$ 52000.00
07-26-24,412962,1389,08-02-24,5290,08-09-24,4,FA,3331,392,NN,Semillas,Soja,Soja,$ 38000.00
07-26-24,412963,1389,08-02-24,5289,08-09-24,4,FA,3331,392,NN,Semillas,Soja,Soja,$ 38000.00
07-26-24,412964,1389,08-02-24,5288,08-15-24,4,FA,3342,392,NN,Semillas,Soja,Soja,$ 38000.00
07-26-24,412965,1389,08-02-24,5287,08-15-24,4,FA,3342,392,NN,Semillas,Soja,Soja,$ 38000.00
07-26-24,412966,1389,08-02-24,5286,08-15-24,4,FA,3342,392,NN,Semillas,Soja,Soja,$ 38000.00
07-26-24,412967,1389,08-02-24,5285,08-15-24,4,FA,3342,392,NN,Semillas,Soja,Soja,$ 38000.00
07-26-24,412968,1389,08-02-24,5284,08-15-24,4,FA,3342,392,NN,Semillas,Soja,Soja,$ 38000.00
07-26-24,412969,1389,08-02-24,5283,08-15-24,4,FA,3342,392,NN,Semillas,Soja,Soja,$ 38000.00
07-26-24,412970,1389,08-02-24,5282,08-15-24,4,FA,3342,392,NN,Semillas,Soja,Soja,$ 38000.00
07-26-24,412971,1389,08-02-24,5281,08-15-24,4,FA,3342,392,NN,Semillas,Soja,Soja,$ 38000.00
07-26-24,412972,1389,08-02-24,5280,08-09-24,4,FA,3331,392,NN,Semillas,Soja,Soja,$ 38000.00
07-26-24,412973,1389,08-02-24,5279,08-15-24,4,FA,3342,392,NN,Semillas,Soja,Soja,$ 38000.00
07-26-24,412974,1389,08-02-24,5278,08-15-24,4,FA,3342,392,NN,Semillas,Soja,Soja,$ 38000.00
07-26-24,412975,1389,08-02-24,5277,08-09-24,4,FA,3331,392,NN,Semillas,Soja,Soja,$ 38000.00
07-26-24,412976,1389,08-02-24,5276,08-09-24,4,FA,3331,392,NN,Semillas,Soja,Soja,$ 38000.00
07-26-24,412977,1389,08-02-24,5275,08-09-24,4,FA,3331,392,NN,Semillas,Soja,Soja,$ 38000.00
07-26-24,412978,1389,08-02-24,5274,08-09-24,4,FA,3331,392,NN,Semillas,Soja,Soja,$ 38000.00
07-26-24,412979,1389,08-02-24,5273,08-09-24,4,FA,3331,392,NN,Semillas,Soja,Soja,$ 38000.00
07-26-24,412980,1389,08-02-24,5272,08-09-24,4,FA,3331,392,NN,Semillas,Soja,Soja,$ 38000.00
07-26-24,412981,1389,08-02-24,5271,08-15-24,4,FA,3342,392,NN,Semillas,Soja,Soja,$ 38000.00
07-26-24,412982,1389,08-02-24,5270,08-15-24,4,FA,3342,392,NN,Semillas,Soja,Soja,$ 38000.00
07-26-24,412983,1389,08-02-24,5269,08-15-24,4,FA,3342,392,NN,Semillas,Soja,Soja,$ 38000.00
07-26-24,412984,1389,08-02-24,5268,08-15-24,4,FA,3342,392,NN,Semillas,Soja,Soja,$ 38000.00
07-26-24,412985,1389,08-02-24,5267,08-15-24,4,FA,3342,392,NN,Semillas,Soja,Soja,$ 38000.00
07-26-24,412986,1389,08-02-24,5266,08-15-24,4,FA,3342,392,NN,Semillas,Soja,Soja,$ 38000.00
07-26-24,412987,1389,08-02-24,5265,08-15-24,4,FA,3342,392,NN,Semillas,Soja,Soja,$ 38000.00
07-26-24,412988,1389,08-02-24,5264,08-15-24,4,FA,3342,392,NN,Semillas,Soja,Soja,$ 38000.00
07-26-24,412989,1389,08-02-24,5263,08-15-24,4,FA,3342,392,NN,Semillas,Soja,Soja,$ 38000.00
07-26-24,412990,1389,08-02-24,5262,08-15-24,4,FA,3342,392,NN,Semillas,Soja,Soja,$ 38000.00
07-26-24,412991,1389,08-02-24,5261,08-15-24,4,FA,3342,392,NN,Semillas,Soja,Soja,$ 38000.00
07-26-24,412992,1389,08-02-24,5260,08-15-24,4,FA,3342,392,NN,Semillas,Soja,Soja,$ 38000.00
07-26-24,412993,1389,08-02-24,5259,08-15-24,4,FA,3342,392,NN,Semillas,Soja,Soja,$ 38000.00
07-26-24,412994,1389,08-02-24,5258,08-15-24,4,FA,3342,392,NN,Semillas,Soja,Soja,$ 38000.00
07-26-24,412995,1389,08-02-24,5257,08-15-24,4,FA,3342,392,NN,Semillas,Soja,Soja,$ 38000.00
07-26-24,412996,1389,08-02-24,5256,08-15-24,4,FA,3342,392,NN,Semillas,Soja,Soja,$ 38000.00
07-26-24,412997,1389,08-02-24,5255,08-15-24,4,FA,3342,392,NN,Semillas,Soja,Soja,$ 38000.00
07-26-24,412998,1389,08-02-24,5254,08-15-24,4,FA,3342,392,NN,Semillas,Soja,Soja,$ 38000.00
07-26-24,412999,1389,08-02-24,5253,08-15-24,4,FA,3342,392,NN,Semillas,Soja,Soja,$ 38000.00
07-29-24,413000,1390,08-07-24,5291,08-07-24,4,FA,3326,9000,NN,Semillas,Soja,Soja,$ 39000.00
07-29-24,413001,1391,08-07-24,5292,08-07-24,4,FA,3327,2677,NN,Semillas,Soja,Soja,$ 39000.00
07-29-24,413002,1392,08-07-24,5294,08-07-24,4,FA,3329,1171,NN,Semillas,Soja,Soja,$ 39000.00
07-29-24,413003,1392,08-07-24,5293,08-07-24,4,FA,3329,1171,NN,Semillas,Soja,Soja,$ 39000.00
07-29-24,413004,1393,08-07-24,5296,08-07-24,4,FA,3325,4039,NN,Semillas,Soja,Soja,$ 39000.00
07-29-24,413005,1393,08-07-24,5295,08-07-24,4,FA,3325,4039,NN,Semillas,Soja,Soja,$ 39000.00
08-01-24,413006,1403,08-01-24,5252,08-05-24,4,FA,3324,5150,NN,Semillas,Urocloa,Urocloa,$ 39000.00
07-30-24,413007,1394,08-07-24,5297,08-07-24,4,FA,3328,5092,NN,Semillas,Soja,Soja,$ 31000.00
07-30-24,413008,1395,08-08-24,5305,08-09-24,4,FA,3332,4664,NN,Semillas,Soja,Soja,$ 43000.00
07-31-24,413009,1396,08-07-24,5304,08-09-24,4,FA,3336,9261,NN,Semillas,Convenio Syngenta Soja Completo,Soja,$ 52000.00
07-31-24,413010,1396,08-07-24,5303,08-09-24,4,FA,3336,9261,NN,Semillas,Convenio Syngenta Soja Completo,Soja,$ 52000.00
07-31-24,413011,1396,08-07-24,5302,08-09-24,4,FA,3336,9261,NN,Semillas,Convenio Syngenta Soja Completo,Soja,$ 52000.00
07-31-24,413012,1396,08-07-24,5301,08-09-24,4,FA,3336,9261,NN,Semillas,Convenio Syngenta Soja Completo,Soja,$ 52000.00
07-31-24,413013,1396,08-07-24,5300,08-09-24,4,FA,3336,9261,NN,Semillas,Convenio Syngenta Soja Completo,Soja,$ 52000.00
07-31-24,413014,1396,08-07-24,5299,08-09-24,4,FA,3336,9261,NN,Semillas,Convenio Syngenta Soja Completo,Soja,$ 52000.00
07-31-24,413015,1396,08-07-24,5298,08-09-24,4,FA,3336,9261,NN,Semillas,Convenio Syngenta Soja Completo,Soja,$ 52000.00
07-31-24,413016,1397,08-08-24,5307,08-09-24,4,FA,3337,2211,NN,Semillas,Fuerza Total,Soja,$ 42000.00
07-31-24,413017,1397,08-08-24,5306,08-09-24,4,FA,3337,2211,NN,Semillas,Fuerza Total,Soja,$ 42000.00
07-31-24,413018,1398,08-09-24,5310,08-09-24,4,FA,3333,2432,NN,Semillas,Semilla Vital,Poroto,$ 57000.00
07-31-24,413020,1399,08-08-24,5309,08-09-24,4,FA,3338,4038,NN,Semillas,Soja,Soja,$ 31000.00
07-31-24,413021,1399,08-08-24,5308,08-09-24,4,FA,3338,4038,NN,Semillas,Soja,Soja,$ 31000.00
08-01-24,413023,1400,08-09-24,5314,08-09-24,4,FA,3331,392,NN,Semillas,Soja,Soja,$ 39000.00
08-01-24,413024,1400,08-09-24,5313,08-09-24,4,FA,3331,392,NN,Semillas,Soja,Soja,$ 39000.00
08-01-24,413025,1400,08-09-24,5312,08-09-24,4,FA,3331,392,NN,Semillas,Soja,Soja,$ 39000.00
08-01-24,413026,1400,08-09-24,5311,08-09-24,4,FA,3331,392,NN,Semillas,Soja,Soja,$ 39000.00
08-01-24,413027,1401,08-09-24,5319,08-09-24,4,FA,3330,3660,NN,Semillas,Fuerza Total,Soja,$ 42000.00
08-01-24,413028,1401,08-09-24,5318,08-09-24,4,FA,3330,3660,NN,Semillas,Fuerza Total,Soja,$ 42000.00
08-01-24,413029,1401,08-09-24,5317,08-09-24,4,FA,3330,3660,NN,Semillas,Fuerza Total,Soja,$ 42000.00
08-01-24,413030,1401,08-09-24,5316,08-09-24,4,FA,3330,3660,NN,Semillas,Fuerza Total,Soja,$ 42000.00
08-01-24,413031,1401,08-09-24,5315,08-09-24,4,FA,3330,3660,NN,Semillas,Fuerza Total,Soja,$ 42000.00
08-01-24,413032,1402,08-09-24,5324,08-09-24,4,FA,3334,522,NN,Semillas,Soja,Soja,$ 39000.00
08-01-24,413033,1402,08-09-24,5323,08-09-24,4,FA,3334,522,NN,Semillas,Soja,Soja,$ 39000.00
08-01-24,413034,1402,08-09-24,5322,08-09-24,4,FA,3334,522,NN,Semillas,Soja,Soja,$ 39000.00
08-01-24,413035,1402,08-09-24,5321,08-09-24,4,FA,3334,522,NN,Semillas,Soja,Soja,$ 39000.00
08-01-24,413036,1402,08-09-24,5320,08-09-24,4,FA,3334,522,NN,Semillas,Soja,Soja,$ 39000.00
08-02-24,413160,1404,08-09-24,5327,08-09-24,4,FA,3335,3243,NN,Semillas,Fuerza Total,Soja,$ 42000.00
08-02-24,413161,1404,08-09-24,5326,08-09-24,4,FA,3335,3243,NN,Semillas,Fuerza Total,Soja,$ 42000.00
08-02-24,413162,1404,08-09-24,5325,08-09-24,4,FA,3335,3243,NN,Semillas,Fuerza Total,Soja,$ 42000.00
08-02-24,413163,1405,08-13-24,5357,08-15-24,4,FA,3342,392,NN,Semillas,Soja,Soja,$ 39000.00
08-02-24,413164,1405,08-13-24,5356,08-15-24,4,FA,3342,392,NN,Semillas,Soja,Soja,$ 39000.00
08-02-24,413165,1405,08-13-24,5355,08-15-24,4,FA,3342,392,NN,Semillas,Soja,Soja,$ 39000.00
08-02-24,413166,1405,08-13-24,5354,08-15-24,4,FA,3342,392,NN,Semillas,Soja,Soja,$ 39000.00
08-02-24,413167,1405,08-13-24,5353,08-15-24,4,FA,3342,392,NN,Semillas,Soja,Soja,$ 39000.00
08-02-24,413168,1405,08-13-24,5352,08-15-24,4,FA,3342,392,NN,Semillas,Soja,Soja,$ 39000.00
08-02-24,413169,1405,08-13-24,5351,08-15-24,4,FA,3342,392,NN,Semillas,Soja,Soja,$ 39000.00
08-02-24,413170,1405,08-13-24,5350,08-15-24,4,FA,3342,392,NN,Semillas,Soja,Soja,$ 39000.00
08-02-24,413171,1405,08-13-24,5349,08-15-24,4,FA,3342,392,NN,Semillas,Soja,Soja,$ 39000.00
08-02-24,413172,1405,08-13-24,5348,08-15-24,4,FA,3342,392,NN,Semillas,Soja,Soja,$ 39000.00
08-02-24,413173,1405,08-13-24,5347,08-15-24,4,FA,3342,392,NN,Semillas,Soja,Soja,$ 39000.00
08-02-24,413174,1405,08-13-24,5346,08-15-24,4,FA,3342,392,NN,Semillas,Soja,Soja,$ 39000.00
08-02-24,413175,1405,08-13-24,5345,08-15-24,4,FA,3342,392,NN,Semillas,Soja,Soja,$ 39000.00
08-02-24,413176,1405,08-13-24,5344,08-15-24,4,FA,3342,392,NN,Semillas,Soja,Soja,$ 39000.00
08-02-24,413177,1405,08-13-24,5343,08-15-24,4,FA,3342,392,NN,Semillas,Soja,Soja,$ 39000.00
08-02-24,413178,1405,08-13-24,5342,08-15-24,4,FA,3342,392,NN,Semillas,Soja,Soja,$ 39000.00
08-02-24,413179,1405,08-13-24,5341,08-15-24,4,FA,3342,392,NN,Semillas,Soja,Soja,$ 39000.00
08-02-24,413180,1405,08-13-24,5340,08-15-24,4,FA,3342,392,NN,Semillas,Soja,Soja,$ 39000.00
08-02-24,413181,1405,08-13-24,5339,08-15-24,4,FA,3342,392,NN,Semillas,Soja,Soja,$ 39000.00
08-02-24,413182,1405,08-13-24,5338,08-15-24,4,FA,3342,392,NN,Semillas,Soja,Soja,$ 39000.00
08-05-24,413206,1406,08-12-24,5332,08-15-24,4,FA,3342,392,NN,Semillas,Soja,Soja,$ 71000.00
08-05-24,413207,1406,08-12-24,5331,08-15-24,4,FA,3342,392,NN,Semillas,Soja,Soja,$ 71000.00
08-05-24,413208,1406,08-12-24,5330,08-15-24,4,FA,3342,392,NN,Semillas,Soja,Soja,$ 71000.00
08-05-24,413209,1406,08-12-24,5329,08-15-24,4,FA,3342,392,NN,Semillas,Soja,Soja,$ 71000.00
08-05-24,413210,1406,08-12-24,5328,08-15-24,4,FA,3342,392,NN,Semillas,Soja,Soja,$ 71000.00
08-05-24,413211,1407,08-13-24,5337,08-15-24,4,FA,3342,392,NN,Semillas,Fuerza Total,Maíz,$ 42000.00
08-05-24,413212,1407,08-13-24,5336,08-15-24,4,FA,3342,392,NN,Semillas,Fuerza Total,Maíz,$ 42000.00
08-05-24,413213,1407,08-13-24,5335,08-15-24,4,FA,3342,392,NN,Semillas,Fuerza Total,Maíz,$ 42000.00
08-05-24,413214,1407,08-13-24,5334,08-15-24,4,FA,3342,392,NN,Semillas,Fuerza Total,Maíz,$ 42000.00
08-05-24,413215,1407,08-13-24,5333,08-15-24,4,FA,3342,392,NN,Semillas,Fuerza Total,Maíz,$ 42000.00
08-05-24,413216,1408,08-13-24,5358,08-15-24,4,FA,3343,798,NN,Semillas,Soja,Soja,$ 31000.00
08-07-24,413217,1409,08-15-24,5362,08-15-24,4,FA,3344,700,NN,Semillas,Fuerza Total Curado,Soja,$ 45000.00
08-07-24,413218,1409,08-15-24,5361,08-15-24,4,FA,3344,700,NN,Semillas,Fuerza Total Curado,Soja,$ 45000.00
08-07-24,413219,1409,08-15-24,5360,08-15-24,4,FA,3344,700,NN,Semillas,Fuerza Total Curado,Soja,$ 45000.00
08-07-24,413220,1409,08-15-24,5359,08-15-24,4,FA,3344,700,NN,Semillas,Fuerza Total Curado,Soja,$ 45000.00
08-09-24,413305,1410,08-16-24,5366,08-21-24,4,FA,3354,4664,NN,Semillas,Fuerza Total Curado,Soja,$ 45000.00
08-09-24,413306,1411,08-16-24,5365,08-21-24,4,FA,3356,187,NN,Semillas,Fuerza Total Curado,Soja,$ 45000.00
08-09-24,413307,1411,08-16-24,5364,08-21-24,4,FA,3356,187,NN,Semillas,Fuerza Total Curado,Soja,$ 45000.00
08-09-24,413308,1411,08-16-24,5363,08-21-24,4,FA,3356,187,NN,Semillas,Fuerza Total Curado,Soja,$ 45000.00
08-09-24,413313,1411,08-20-24,5371,08-21-24,4,FA,3356,187,NN,Semillas,Soja,Soja,$ 57000.00
08-09-24,413314,1411,08-20-24,5370,08-21-24,4,FA,3356,187,NN,Semillas,Soja,Soja,$ 57000.00
08-09-24,413315,1411,08-20-24,5369,08-21-24,4,FA,3356,187,NN,Semillas,Soja,Soja,$ 57000.00
08-12-24,413317,1412,08-20-24,5379,08-21-24,4,FA,3357,9261,NN,Semillas,Fuerza Total Curado,Soja,$ 45000.00
08-12-24,413318,1412,08-20-24,5378,08-21-24,4,FA,3357,9261,NN,Semillas,Fuerza Total Curado,Soja,$ 45000.00
08-12-24,413319,1412,08-20-24,5377,08-21-24,4,FA,3357,9261,NN,Semillas,Fuerza Total Curado,Soja,$ 45000.00
08-12-24,413320,1412,08-20-24,5376,08-21-24,4,FA,3357,9261,NN,Semillas,Fuerza Total Curado,Soja,$ 45000.00
08-12-24,413321,1412,08-20-24,5375,08-21-24,4,FA,3357,9261,NN,Semillas,Fuerza Total Curado,Soja,$ 45000.00
08-12-24,413322,1412,08-20-24,5374,08-21-24,4,FA,3357,9261,NN,Semillas,Fuerza Total Curado,Soja,$ 45000.00
08-12-24,413323,1412,08-20-24,5373,08-21-24,4,FA,3357,9261,NN,Semillas,Fuerza Total Curado,Soja,$ 45000.00
08-12-24,413324,1412,08-20-24,5372,08-21-24,4,FA,3357,9261,NN,Semillas,Fuerza Total Curado,Soja,$ 45000.00
08-12-24,413326,1413,08-21-24,5387,08-21-24,4,FA,3352,967,NN,Semillas,Soja,Soja,$ 31000.00
08-12-24,413327,1413,08-21-24,5386,08-21-24,4,FA,3352,967,NN,Semillas,Soja,Soja,$ 31000.00
08-12-24,413328,1413,08-21-24,5385,08-21-24,4,FA,3352,967,NN,Semillas,Soja,Soja,$ 31000.00
08-12-24,413329,1413,08-21-24,5384,08-21-24,4,FA,3352,967,NN,Semillas,Soja,Soja,$ 31000.00
08-12-24,413330,1413,08-21-24,5383,08-21-24,4,FA,3352,967,NN,Semillas,Soja,Soja,$ 31000.00
08-12-24,413331,1413,08-21-24,5382,08-21-24,4,FA,3352,967,NN,Semillas,Soja,Soja,$ 31000.00
08-12-24,413332,1413,08-21-24,5381,08-21-24,4,FA,3352,967,NN,Semillas,Soja,Soja,$ 31000.00
08-12-24,413333,1413,08-21-24,5380,08-21-24,4,FA,3352,967,NN,Semillas,Soja,Soja,$ 31000.00
08-13-24,413334,1414,08-20-24,5368,08-21-24,4,FA,3355,104,NN,Semillas,Maíz,Maíz,$ 31000.00
08-13-24,413335,1414,08-20-24,5367,08-21-24,4,FA,3355,104,NN,Semillas,Maíz,Maíz,$ 31000.00
08-13-24,413337,1415,08-22-24,5396,08-26-24,4,FA,3359,5087,NN,Semillas,Soja,Soja,$ 39000.00
08-13-24,413338,1415,08-22-24,5395,08-26-24,4,FA,3359,5087,NN,Semillas,Soja,Soja,$ 39000.00
08-14-24,413351,1416,08-22-24,5397,08-26-24,4,FA,3362,1878,NN,Semillas,Doble Poder X2,Soja,$ 25000.00
08-14-24,413352,1417,08-21-24,5394,08-21-24,4,FA,3353,3687,NN,Semillas,Soja,Soja,$ 71000.00
08-14-24,413353,1417,08-21-24,5393,08-21-24,4,FA,3353,3687,NN,Semillas,Soja,Soja,$ 52000.00
08-14-24,413354,1417,08-21-24,5392,08-21-24,4,FA,3353,3687,NN,Semillas,Soja,Soja,$ 52000.00
08-14-24,413355,1417,08-21-24,5391,08-21-24,4,FA,3353,3687,NN,Semillas,Soja,Soja,$ 52000.00
08-14-24,413356,1417,08-21-24,5390,08-21-24,4,FA,3353,3687,NN,Semillas,Soja,Soja,$ 52000.00
08-14-24,413357,1417,08-21-24,5389,08-21-24,4,FA,3353,3687,NN,Semillas,Soja,Soja,$ 71000.00
08-14-24,413358,1417,08-21-24,5388,08-21-24,4,FA,3353,3687,NN,Semillas,Soja,Soja,$ 71000.00
08-15-24,413359,1420,08-23-24,5403,08-26-24,4,FA,3363,4610,NN,Semillas,Soja,Soja,$ 43000.00
08-15-24,413360,1420,08-23-24,5402,08-26-24,4,FA,3363,4610,NN,Semillas,Soja,Soja,$ 43000.00
08-15-24,413361,1420,08-23-24,5401,08-26-24,4,FA,3363,4610,NN,Semillas,Soja,Soja,$ 43000.00
08-14-24,413364,1418,08-22-24,5400,08-26-24,4,FA,3361,3243,NN,Semillas,Fuerza Total Curado,Soja,$ 45000.00
08-14-24,413365,1418,08-22-24,5399,08-26-24,4,FA,3361,3243,NN,Semillas,Fuerza Total Curado,Soja,$ 45000.00
08-14-24,413366,1418,08-22-24,5398,08-26-24,4,FA,3361,3243,NN,Semillas,Fuerza Total Curado,Soja,$ 45000.00
08-15-24,413368,1419,08-23-24,5412,08-26-24,4,FA,3360,38,NN,Semillas,Fuerza Total,Soja,$ 42000.00
08-15-24,413369,1419,08-23-24,5411,08-26-24,4,FA,3360,38,NN,Semillas,Fuerza Total,Soja,$ 42000.00
08-15-24,413370,1419,08-23-24,5410,08-26-24,4,FA,3360,38,NN,Semillas,Fuerza Total,Soja,$ 42000.00
08-15-24,413371,1419,08-23-24,5409,08-26-24,4,FA,3360,38,NN,Semillas,Fuerza Total,Soja,$ 42000.00
08-15-24,413372,1419,08-23-24,5408,08-26-24,4,FA,3360,38,NN,Semillas,Fuerza Total,Soja,$ 42000.00
08-15-24,413373,1419,08-23-24,5407,08-26-24,4,FA,3360,38,NN,Semillas,Fuerza Total,Soja,$ 42000.00
08-15-24,413374,1419,08-23-24,5406,08-26-24,4,FA,3360,38,NN,Semillas,Fuerza Total,Soja,$ 42000.00
08-15-24,413375,1419,08-23-24,5405,08-26-24,4,FA,3360,38,NN,Semillas,Fuerza Total,Soja,$ 42000.00
08-15-24,413376,1419,08-23-24,5404,08-26-24,4,FA,3360,38,NN,Semillas,Fuerza Total,Soja,$ 42000.00
08-15-24,413377,1421,08-23-24,5418,08-26-24,4,FA,3358,392,NN,Semillas,Doble Poder X2,Soja,$ 25000.00
08-15-24,413378,1421,08-23-24,5417,08-26-24,4,FA,3358,392,NN,Semillas,Doble Poder X2,Soja,$ 25000.00
08-15-24,413379,1421,08-23-24,5416,08-26-24,4,FA,3358,392,NN,Semillas,Doble Poder X2,Soja,$ 25000.00
08-15-24,413380,1421,08-23-24,5415,08-26-24,4,FA,3358,392,NN,Semillas,Doble Poder X2,Soja,$ 25000.00
08-15-24,413381,1421,08-23-24,5414,08-26-24,4,FA,3358,392,NN,Semillas,Doble Poder X2,Soja,$ 25000.00
08-15-24,413382,1421,08-23-24,5413,08-26-24,4,FA,3358,392,NN,Semillas,Doble Poder X2,Soja,$ 25000.00
08-16-24,413460,1422,08-23-24,5425,08-26-24,4,FA,3358,392,NN,Semillas,Soja,Soja,$ 71000.00
08-16-24,413461,1422,08-23-24,5424,08-26-24,4,FA,3358,392,NN,Semillas,Soja,Soja,$ 71000.00
08-16-24,413462,1422,08-23-24,5423,08-26-24,4,FA,3358,392,NN,Semillas,Soja,Soja,$ 71000.00
08-16-24,413463,1422,08-23-24,5422,08-26-24,4,FA,3358,392,NN,Semillas,Soja,Soja,$ 71000.00
08-16-24,413464,1422,08-23-24,5421,08-26-24,4,FA,3358,392,NN,Semillas,Soja,Soja,$ 71000.00
08-16-24,413465,1422,08-23-24,5420,08-26-24,4,FA,3358,392,NN,Semillas,Soja,Soja,$ 71000.00
08-16-24,413466,1422,08-23-24,5419,08-26-24,4,FA,3358,392,NN,Semillas,Soja,Soja,$ 71000.00
08-19-24,413467,1423,08-29-24,5428,08-30-24,4,FB,64,5152,NN,Semillas,Fuerza Total,Moha,$ 42000.00
08-20-24,413470,1424,08-28-24,5427,08-30-24,4,FA,3371,5057,NN,Semillas,Fuerza Total,Soja,$ 42000.00
08-20-24,413471,1424,08-28-24,5426,08-30-24,4,FA,3371,5057,NN,Semillas,Fuerza Total,Soja,$ 42000.00
08-20-24,413485,1425,08-30-24,5431,08-30-24,4,FA,3372,4849,NN,Semillas,Fuerza Total,Centeno,$ 42000.00
08-20-24,413486,1425,08-30-24,5430,08-30-24,4,FA,3372,4849,NN,Semillas,Fuerza Total,Centeno,$ 42000.00
08-20-24,413487,1425,08-30-24,5429,08-30-24,4,FA,3372,4849,NN,Semillas,Fuerza Total,Centeno,$ 42000.00
08-23-24,413598,1426,08-30-24,5434,09-09-24,4,FA,3379,2853,NN,Semillas,Doble Poder X2,Soja,$ 25000.00
08-23-24,413599,1426,08-30-24,5433,09-09-24,4,FA,3379,2853,NN,Semillas,Doble Poder X2,Soja,$ 25000.00
08-23-24,413600,1426,08-30-24,5432,09-09-24,4,FA,3379,2853,NN,Semillas,Doble Poder X2,Soja,$ 25000.00
08-26-24,413601,1427,09-03-24,5436,09-09-24,4,FA,3384,908,NN,Semillas,Fuerza Total,Soja,$ 42000.00
08-26-24,413602,1427,09-03-24,5435,09-09-24,4,FA,3384,908,NN,Semillas,Fuerza Total,Soja,$ 42000.00
08-26-24,413607,1428,09-03-24,5441,09-09-24,4,FA,3378,1311,NN,Semillas,Poder + Peso,Soja,$ 41000.00
08-26-24,413608,1428,09-03-24,5440,09-09-24,4,FA,3378,1311,NN,Semillas,Poder + Peso,Soja,$ 41000.00
08-26-24,413609,1428,09-03-24,5439,09-09-24,4,FA,3378,1311,NN,Semillas,Poder + Peso,Soja,$ 41000.00
08-26-24,413610,1428,09-03-24,5438,09-09-24,4,FA,3378,1311,NN,Semillas,Poder + Peso,Soja,$ 41000.00
08-26-24,413611,1428,09-03-24,5437,09-09-24,4,FA,3378,1311,NN,Semillas,Poder + Peso,Soja,$ 41000.00
08-26-24,413612,1429,09-05-24,5457,09-09-24,4,FA,3382,25,NN,Semillas,Maní,Maní,$ 39000.00
08-26-24,413613,1429,09-05-24,5456,09-09-24,4,FA,3382,25,NN,Semillas,Maní,Maní,$ 39000.00
08-26-24,413614,1429,09-05-24,5455,09-09-24,4,FA,3382,25,NN,Semillas,Maní,Maní,$ 39000.00
08-27-24,413617,1430,09-04-24,5453,09-09-24,4,FA,3383,1864,NN,Semillas,Fuerza Total Curado,Soja,$ 45000.00
08-27-24,413618,1430,09-04-24,5452,09-09-24,4,FA,3383,1864,NN,Semillas,Fuerza Total Curado,Soja,$ 45000.00
08-27-24,413619,1430,09-04-24,5451,09-09-24,4,FA,3383,1864,NN,Semillas,Fuerza Total Curado,Soja,$ 45000.00
08-27-24,413620,1430,09-04-24,5450,09-09-24,4,FA,3383,1864,NN,Semillas,Fuerza Total Curado,Soja,$ 45000.00
08-27-24,413621,1430,09-04-24,5449,09-09-24,4,FA,3383,1864,NN,Semillas,Fuerza Total Curado,Soja,$ 45000.00
08-27-24,413622,1430,09-04-24,5448,09-09-24,4,FA,3383,1864,NN,Semillas,Fuerza Total Curado,Soja,$ 45000.00
08-27-24,413656,1431,09-04-24,5446,09-09-24,4,FA,3381,392,NN,Semillas,Doble Poder X2,Soja,$ 25000.00
08-27-24,413657,1431,09-04-24,5445,09-09-24,4,FA,3381,392,NN,Semillas,Doble Poder X2,Soja,$ 25000.00
08-27-24,413658,1431,09-04-24,5444,09-09-24,4,FA,3381,392,NN,Semillas,Doble Poder X2,Soja,$ 25000.00
08-27-24,413659,1431,09-04-24,5443,09-09-24,4,FA,3381,392,NN,Semillas,Doble Poder X2,Soja,$ 25000.00
08-27-24,413660,1431,09-04-24,5442,09-09-24,4,FA,3381,392,NN,Semillas,Doble Poder X2,Soja,$ 25000.00
08-27-24,413661,1432,09-04-24,5447,09-09-24,4,FA,3380,772,NN,Semillas,Soja,Soja,$ 43000.00
08-28-24,413663,1433,09-11-24,5454,09-11-24,4,FA,3393,4715,NN,Semillas,Doble Poder X2,Soja,$ 43000.00
08-29-24,413670,1434,09-06-24,5467,09-09-24,4,FA,3385,981,NN,Semillas,Fuerza Total,Soja,$ 42000.00
08-29-24,413683,1435,09-05-24,5466,10-09-24,4,FA,3468,2795,NN,Semillas,Convenio Syngenta Soja Completo,Soja,$ 52000.00
08-29-24,413684,1435,09-05-24,5465,10-09-24,4,FA,3468,2795,NN,Semillas,Convenio Syngenta Soja Completo,Soja,$ 52000.00
08-29-24,413685,1435,09-05-24,5464,10-09-24,4,FA,3468,2795,NN,Semillas,Convenio Syngenta Soja Completo,Soja,$ 52000.00
08-29-24,413686,1435,09-05-24,5463,10-09-24,4,FA,3468,2795,NN,Semillas,Convenio Syngenta Soja Completo,Soja,$ 52000.00
08-29-24,413687,1435,09-05-24,5462,10-09-24,4,FA,3468,2795,NN,Semillas,Convenio Syngenta Soja Completo,Soja,$ 52000.00
08-29-24,413688,1435,09-05-24,5461,10-09-24,4,FA,3468,2795,NN,Semillas,Convenio Syngenta Soja Completo,Soja,$ 52000.00
08-29-24,413689,1435,09-05-24,5460,10-09-24,4,FA,3468,2795,NN,Semillas,Convenio Syngenta Soja Completo,Soja,$ 52000.00
08-29-24,413690,1435,09-05-24,5459,10-09-24,4,FA,3468,2795,NN,Semillas,Convenio Syngenta Soja Completo,Soja,$ 52000.00
08-29-24,413691,1435,09-05-24,5458,10-09-24,4,FA,3468,2795,NN,Semillas,Convenio Syngenta Soja Completo,Soja,$ 52000.00
09-02-24,413735,1436,09-10-24,5468,09-11-24,4,FA,3394,489,NN,Semillas,Soja,Soja,$ 31000.00
09-02-24,413736,1437,09-10-24,5474,09-11-24,4,FA,3391,1069,NN,Semillas,Soja,Soja,$ 43000.00
09-02-24,413737,1437,09-10-24,5473,09-11-24,4,FA,3391,1069,NN,Semillas,Soja,Soja,$ 43000.00
09-02-24,413738,1437,09-10-24,5472,09-11-24,4,FA,3391,1069,NN,Semillas,Soja,Soja,$ 43000.00
09-02-24,413739,1437,09-10-24,5471,09-11-24,4,FA,3391,1069,NN,Semillas,Soja,Soja,$ 43000.00
09-02-24,413740,1437,09-10-24,5470,09-11-24,4,FA,3391,1069,NN,Semillas,Soja,Soja,$ 43000.00
09-02-24,413741,1437,09-10-24,5469,09-11-24,4,FA,3391,1069,NN,Semillas,Soja,Soja,$ 43000.00
09-02-24,413742,1438,09-10-24,5476,09-11-24,4,FA,3392,1409,NN,Semillas,Fuerza Total Curado,Soja,$ 45000.00
09-02-24,413743,1438,09-10-24,5475,09-11-24,4,FA,3392,1409,NN,Semillas,Fuerza Total Curado,Soja,$ 45000.00
09-03-24,413744,1439,10-03-24,5651,10-09-24,4,FA,3455,62,NN,Semillas,Gatton Panic,Gatton Panic,$ 57000.00
09-03-24,413745,1439,09-16-24,5505,09-19-24,4,FA,3410,62,NN,Semillas,Semilla Vital,Sorgo,$ 57000.00
09-03-24,413746,1439,10-01-24,5631,10-02-24,4,FA,3435,62,NN,Semillas,Panicum Coloratum,Panicum Coloratum,$ 57000.00
09-03-24,413747,1440,09-16-24,5510,09-19-24,4,FA,3410,62,NN,Semillas,Cold Test,Maíz,$ 57000.00
09-03-24,413748,1440,09-16-24,5509,09-19-24,4,FA,3410,62,NN,Semillas,Cold Test,Maíz,$ 57000.00
09-04-24,413760,1441,09-16-24,5508,09-19-24,4,FA,3416,4849,NN,Semillas,Fuerza Total,Centeno,$ 42000.00
09-04-24,413761,1441,09-16-24,5507,09-19-24,4,FA,3416,4849,NN,Semillas,Fuerza Total,Centeno,$ 42000.00
09-04-24,413762,1441,09-16-24,5506,09-19-24,4,FA,3416,4849,NN,Semillas,Fuerza Total,Centeno,$ 42000.00
09-04-24,413763,1442,09-19-24,5556,09-26-24,4,FA,3428,104,NN,Semillas,Sorgo,Sorgo,$ 31000.00
09-04-24,413764,1442,09-19-24,5555,09-26-24,4,FA,3428,104,NN,Semillas,Sorgo,Sorgo,$ 31000.00
09-04-24,413765,1442,09-19-24,5554,09-26-24,4,FA,3428,104,NN,Semillas,Sorgo,Sorgo,$ 31000.00
09-04-24,413766,1443,09-12-24,5481,09-17-24,4,FA,3403,3227,NN,Semillas,Fuerza Total,Soja,$ 42000.00
09-04-24,413767,1443,09-12-24,5480,09-17-24,4,FA,3403,3227,NN,Semillas,Fuerza Total,Soja,$ 42000.00
09-04-24,413768,1443,09-12-24,5479,09-17-24,4,FA,3403,3227,NN,Semillas,Fuerza Total,Soja,$ 42000.00
09-04-24,413769,1443,09-12-24,5478,09-17-24,4,FA,3403,3227,NN,Semillas,Fuerza Total,Soja,$ 42000.00
09-04-24,413770,1443,09-12-24,5477,09-17-24,4,FA,3403,3227,NN,Semillas,Fuerza Total,Soja,$ 42000.00
09-04-24,413771,1444,09-13-24,5490,09-17-24,4,FA,3399,392,NN,Semillas,Doble Poder X2,Soja,$ 25000.00
09-04-24,413772,1444,09-13-24,5489,09-17-24,4,FA,3399,392,NN,Semillas,Doble Poder X2,Soja,$ 25000.00
09-04-24,413773,1444,09-13-24,5488,09-17-24,4,FA,3399,392,NN,Semillas,Doble Poder X2,Soja,$ 25000.00
09-04-24,413774,1444,09-13-24,5487,09-17-24,4,FA,3399,392,NN,Semillas,Doble Poder X2,Soja,$ 25000.00
09-04-24,413775,1444,09-13-24,5486,09-17-24,4,FA,3399,392,NN,Semillas,Doble Poder X2,Soja,$ 25000.00
09-04-24,413776,1444,09-13-24,5485,09-17-24,4,FA,3399,392,NN,Semillas,Doble Poder X2,Soja,$ 25000.00
09-05-24,413777,1445,09-16-24,5519,09-19-24,4,FA,3415,350,NN,Semillas,Doble Poder X2,Soja,$ 43000.00
09-05-24,413778,1445,09-16-24,5518,09-19-24,4,FA,3415,350,NN,Semillas,Doble Poder X2,Soja,$ 43000.00
09-05-24,413779,1445,09-16-24,5517,09-19-24,4,FA,3415,350,NN,Semillas,Doble Poder X2,Soja,$ 43000.00
09-05-24,413780,1445,09-16-24,5516,09-19-24,4,FA,3415,350,NN,Semillas,Doble Poder X2,Soja,$ 43000.00
09-05-24,413781,1445,09-16-24,5515,09-19-24,4,FA,3415,350,NN,Semillas,Doble Poder X2,Soja,$ 43000.00
09-05-24,413782,1445,09-16-24,5514,09-19-24,4,FA,3415,350,NN,Semillas,Doble Poder X2,Soja,$ 43000.00
09-05-24,413783,1445,09-16-24,5513,09-19-24,4,FA,3415,350,NN,Semillas,Doble Poder X2,Soja,$ 43000.00
09-05-24,413784,1445,09-16-24,5512,09-19-24,4,FA,3415,350,NN,Semillas,Doble Poder X2,Soja,$ 43000.00
09-05-24,413785,1445,09-16-24,5511,09-19-24,4,FA,3415,350,NN,Semillas,Doble Poder X2,Soja,$ 43000.00
09-05-24,413786,1446,09-13-24,5491,09-17-24,4,FA,3405,2835,NN,Semillas,Soja,Soja,$ 31000.00
09-06-24,413787,1447,09-13-24,5494,09-17-24,4,FA,3404,3243,NN,Semillas,Soja,Soja,$ 43000.00
09-06-24,413788,1447,09-13-24,5493,09-17-24,4,FA,3404,3243,NN,Semillas,Soja,Soja,$ 43000.00
09-06-24,413789,1447,09-13-24,5492,09-17-24,4,FA,3404,3243,NN,Semillas,Soja,Soja,$ 43000.00
09-06-24,413825,1448,09-18-24,5545,09-19-24,4,FA,3409,392,NN,Semillas,Algodón,Algodón,$ 31000.00
09-06-24,413826,1448,09-18-24,5544,09-19-24,4,FA,3409,392,NN,Semillas,Algodón,Algodón,$ 31000.00
09-06-24,413827,1448,09-18-24,5543,09-19-24,4,FA,3409,392,NN,Semillas,Algodón,Algodón,$ 31000.00
09-06-24,413828,1448,09-18-24,5542,09-19-24,4,FA,3409,392,NN,Semillas,Algodón,Algodón,$ 31000.00
09-06-24,413829,1448,09-18-24,5541,09-19-24,4,FA,3409,392,NN,Semillas,Algodón,Algodón,$ 31000.00
09-06-24,413830,1448,09-18-24,5540,09-19-24,4,FA,3409,392,NN,Semillas,Algodón,Algodón,$ 31000.00
09-06-24,413831,1448,09-18-24,5539,09-19-24,4,FA,3409,392,NN,Semillas,Algodón,Algodón,$ 31000.00
09-06-24,413832,1448,09-18-24,5538,09-19-24,4,FA,3409,392,NN,Semillas,Algodón,Algodón,$ 39000.00
09-06-24,413833,1448,09-18-24,5537,09-19-24,4,FA,3409,392,NN,Semillas,Algodón,Algodón,$ 39000.00
09-06-24,413834,1448,09-18-24,5536,09-19-24,4,FA,3409,392,NN,Semillas,Algodón,Algodón,$ 39000.00
09-06-24,413835,1448,09-18-24,5535,09-19-24,4,FA,3409,392,NN,Semillas,Algodón,Algodón,$ 39000.00
09-06-24,413836,1448,09-18-24,5534,09-19-24,4,FA,3409,392,NN,Semillas,Algodón,Algodón,$ 39000.00
09-06-24,413837,1448,09-18-24,5533,09-19-24,4,FA,3409,392,NN,Semillas,Algodón,Algodón,$ 39000.00
09-06-24,413838,1448,09-18-24,5532,09-19-24,4,FA,3409,392,NN,Semillas,Algodón,Algodón,$ 39000.00
09-06-24,413839,1449,09-13-24,5499,09-17-24,4,FA,3402,9350,NN,Semillas,Doble Poder X2,Soja,$ 25000.00
09-06-24,413840,1449,09-13-24,5498,09-17-24,4,FA,3402,9350,NN,Semillas,Doble Poder X2,Soja,$ 25000.00
09-06-24,413841,1449,09-13-24,5497,09-17-24,4,FA,3402,9350,NN,Semillas,Doble Poder X2,Soja,$ 25000.00
09-06-24,413842,1449,09-13-24,5496,09-17-24,4,FA,3402,9350,NN,Semillas,Doble Poder X2,Soja,$ 25000.00
09-06-24,413843,1449,09-13-24,5495,09-17-24,4,FA,3402,9350,NN,Semillas,Doble Poder X2,Soja,$ 25000.00
09-06-24,413844,1450,09-13-24,5501,09-17-24,4,FA,3401,5155,NN,Semillas,Fuerza Total Curado,Soja,$ 45000.00
09-06-24,413845,1450,09-13-24,5500,09-17-24,4,FA,3401,5155,NN,Semillas,Fuerza Total Curado,Soja,$ 45000.00
09-06-24,413846,1451,09-19-24,5553,09-26-24,4,FA,3427,5023,NN,Semillas,Fuerza Total,Sorgo,$ 42000.00
09-06-24,413847,1451,09-17-24,5520,09-19-24,4,FA,3414,5023,NN,Semillas,Fuerza Total,Triticale,$ 42000.00
09-06-24,413848,1452,09-13-24,5504,09-17-24,4,FA,3400,1069,NN,Semillas,Soja,Soja,$ 43000.00
09-06-24,413849,1452,09-13-24,5503,09-17-24,4,FA,3400,1069,NN,Semillas,Soja,Soja,$ 43000.00
09-06-24,413850,1452,09-13-24,5502,09-17-24,4,FA,3400,1069,NN,Semillas,Soja,Soja,$ 43000.00
09-09-24,413979,1453,09-17-24,5531,09-19-24,4,FA,3409,392,NN,Semillas,Doble Poder X2,Soja,$ 25000.00
09-09-24,413980,1453,09-17-24,5530,09-19-24,4,FA,3409,392,NN,Semillas,Doble Poder X2,Soja,$ 25000.00
09-09-24,413981,1453,09-17-24,5529,09-19-24,4,FA,3409,392,NN,Semillas,Doble Poder X2,Soja,$ 25000.00
09-09-24,413982,1453,09-17-24,5528,09-19-24,4,FA,3409,392,NN,Semillas,Doble Poder X2,Soja,$ 25000.00
09-09-24,413983,1453,09-17-24,5527,09-19-24,4,FA,3409,392,NN,Semillas,Doble Poder X2,Soja,$ 25000.00
09-09-24,413984,1453,09-17-24,5526,09-19-24,4,FA,3409,392,NN,Semillas,Doble Poder X2,Soja,$ 25000.00
09-09-24,413985,1453,09-17-24,5525,09-19-24,4,FA,3409,392,NN,Semillas,Doble Poder X2,Soja,$ 25000.00
09-09-24,413986,1453,09-17-24,5524,09-19-24,4,FA,3409,392,NN,Semillas,Doble Poder X2,Soja,$ 25000.00
09-09-24,413987,1453,09-17-24,5523,09-19-24,4,FA,3409,392,NN,Semillas,Doble Poder X2,Soja,$ 25000.00
09-09-24,413988,1453,09-17-24,5522,09-19-24,4,FA,3409,392,NN,Semillas,Doble Poder X2,Soja,$ 25000.00
09-09-24,413989,1453,09-17-24,5521,09-19-24,4,FA,3409,392,NN,Semillas,Doble Poder X2,Soja,$ 25000.00
09-10-24,413994,1454,09-23-24,5562,09-26-24,4,FA,3424,4396,NN,Semillas,Maní,Maní,$ 39000.00
09-10-24,413995,1455,09-23-24,5575,09-26-24,4,FA,3422,62,NN,Semillas,Cold Test,Maíz,$ 57000.00
09-10-24,413996,1455,09-23-24,5574,09-26-24,4,FA,3422,62,NN,Semillas,Cold Test,Maíz,$ 57000.00
09-10-24,413997,1455,09-23-24,5573,09-26-24,4,FA,3422,62,NN,Semillas,Cold Test,Maíz,$ 57000.00
09-10-24,413998,1455,09-23-24,5572,09-26-24,4,FA,3422,62,NN,Semillas,Cold Test,Maíz,$ 57000.00
09-10-24,413999,1455,09-23-24,5571,09-26-24,4,FA,3422,62,NN,Semillas,Cold Test,Maíz,$ 57000.00
09-10-24,414000,1455,09-23-24,5570,09-26-24,4,FA,3422,62,NN,Semillas,Cold Test,Maíz,$ 57000.00
09-10-24,414001,1455,09-23-24,5569,09-26-24,4,FA,3422,62,NN,Semillas,Cold Test,Maíz,$ 57000.00
09-10-24,414002,1455,09-23-24,5568,09-26-24,4,FA,3422,62,NN,Semillas,Cold Test,Maíz,$ 57000.00
09-10-24,414003,1455,09-23-24,5564,09-26-24,4,FA,3422,62,NN,Semillas,Sorgo,Sorgo,$ 31000.00
09-10-24,414005,1456,09-12-24,5484,09-17-24,4,FA,3398,5156,NN,Semillas,Grama Rhodes,Grama Rhodes,$ 39000.00
09-10-24,414006,1456,09-12-24,5483,09-17-24,4,FA,3398,5156,NN,Semillas,Gatton Panic,Gatton Panic,$ 39000.00
09-10-24,414007,1456,09-12-24,5482,09-17-24,4,FA,3398,5156,NN,Semillas,Gatton Panic,Gatton Panic,$ 39000.00
09-12-24,414009,1457,09-19-24,5561,09-26-24,4,FA,3423,392,NN,Semillas,Doble Poder X2,Soja,$ 43000.00
09-12-24,414010,1457,09-19-24,5560,09-26-24,4,FA,3423,392,NN,Semillas,Doble Poder X2,Soja,$ 43000.00
09-12-24,414011,1457,09-19-24,5559,09-26-24,4,FA,3423,392,NN,Semillas,Doble Poder X2,Soja,$ 43000.00
09-12-24,414012,1457,09-19-24,5558,09-26-24,4,FA,3423,392,NN,Semillas,Doble Poder X2,Soja,$ 43000.00
09-12-24,414013,1457,09-19-24,5557,09-26-24,4,FA,3423,392,NN,Semillas,Doble Poder X2,Soja,$ 43000.00
09-12-24,414014,1458,09-23-24,5567,09-26-24,4,FA,3428,104,NN,Semillas,Sorgo,Sorgo,$ 31000.00
09-12-24,414015,1458,09-23-24,5566,09-26-24,4,FA,3428,104,NN,Semillas,Sorgo,Sorgo,$ 31000.00
09-12-24,414016,1458,09-23-24,5565,09-26-24,4,FA,3428,104,NN,Semillas,Sorgo,Sorgo,$ 31000.00
09-12-24,414017,1458,09-26-24,5614,10-02-24,4,FA,3441,104,NN,Semillas,Sorgo,Sorgo,$ 31000.00
09-12-24,414018,1458,09-26-24,5613,10-02-24,4,FA,3441,104,NN,Semillas,Sorgo,Sorgo,$ 31000.00
09-12-24,414019,1458,09-26-24,5612,10-02-24,4,FA,3441,104,NN,Semillas,Sorgo,Sorgo,$ 31000.00
09-12-24,414020,1459,09-19-24,5550,10-09-24,4,FA,3468,2795,NN,Semillas,Convenio Syngenta Soja Completo,Soja,$ 52000.00
09-12-24,414021,1459,09-19-24,5549,10-09-24,4,FA,3468,2795,NN,Semillas,Convenio Syngenta Soja Completo,Soja,$ 52000.00
09-12-24,414022,1459,09-19-24,5548,10-09-24,4,FA,3468,2795,NN,Semillas,Convenio Syngenta Soja Completo,Soja,$ 52000.00
09-12-24,414023,1459,09-19-24,5547,10-09-24,4,FA,3468,2795,NN,Semillas,Convenio Syngenta Soja Completo,Soja,$ 52000.00
09-12-24,414024,1459,09-19-24,5546,10-09-24,4,FA,3468,2795,NN,Semillas,Convenio Syngenta Soja Completo,Soja,$ 52000.00
09-12-24,414132,1460,09-19-24,5552,09-26-24,4,FA,3420,3687,NN,Semillas,Convenio Syngenta Soja Completo,Soja,$ 52000.00
09-12-24,414133,1460,09-19-24,5551,09-26-24,4,FA,3420,3687,NN,Semillas,Convenio Syngenta Soja Completo,Soja,$ 52000.00
09-13-24,414150,1461,09-23-24,5563,09-26-24,4,FA,3422,62,NN,Semillas,Moha,Moha,$ 31000.00
09-16-24,414152,1462,09-24-24,5576,09-26-24,4,FA,3431,981,NN,Semillas,Fuerza Total,Soja,$ 42000.00
09-16-24,414153,1463,09-24-24,5578,09-26-24,4,FA,3426,2861,NN,Semillas,Doble Poder X2,Soja,$ 25000.00
09-16-24,414154,1463,09-24-24,5577,09-26-24,4,FA,3426,2861,NN,Semillas,Doble Poder X2,Soja,$ 25000.00
09-16-24,414155,1464,09-24-24,5580,09-26-24,4,FA,3430,4849,NN,Semillas,Fuerza Total,Soja,$ 42000.00
09-16-24,414156,1464,09-24-24,5579,09-26-24,4,FA,3430,4849,NN,Semillas,Fuerza Total,Soja,$ 42000.00
09-16-24,414157,1465,09-27-24,5623,10-02-24,4,FA,3435,62,NN,Semillas,Cold Test,Maíz,$ 57000.00
09-16-24,414158,1465,09-27-24,5622,10-02-24,4,FA,3435,62,NN,Semillas,Cold Test,Maíz,$ 57000.00
09-16-24,414159,1465,09-27-24,5621,10-02-24,4,FA,3435,62,NN,Semillas,Cold Test,Maíz,$ 57000.00
09-16-24,414160,1465,09-27-24,5620,10-02-24,4,FA,3435,62,NN,Semillas,Cold Test,Maíz,$ 57000.00
09-16-24,414161,1465,09-27-24,5619,10-02-24,4,FA,3435,62,NN,Semillas,Cold Test,Maíz,$ 57000.00
09-16-24,414162,1465,09-27-24,5618,10-02-24,4,FA,3435,62,NN,Semillas,Cold Test,Maíz,$ 57000.00
09-17-24,414163,1466,09-25-24,5582,09-26-24,4,FA,3425,5158,NN,Semillas,Doble Poder X2,Soja,$ 43000.00
09-17-24,414164,1466,09-25-24,5581,09-26-24,4,FA,3425,5158,NN,Semillas,Doble Poder X2,Soja,$ 43000.00
09-17-24,414165,1467,09-25-24,5588,09-26-24,4,FA,3419,967,NN,Semillas,Soja,Soja,$ 31000.00
09-17-24,414166,1467,09-25-24,5587,09-26-24,4,FA,3419,967,NN,Semillas,Soja,Soja,$ 31000.00
09-17-24,414167,1467,09-25-24,5586,09-26-24,4,FA,3419,967,NN,Semillas,Soja,Soja,$ 31000.00
09-17-24,414168,1467,09-25-24,5585,09-26-24,4,FA,3419,967,NN,Semillas,Soja,Soja,$ 31000.00
09-17-24,414169,1468,09-25-24,5584,09-26-24,4,FA,3432,1160,NN,Semillas,Soja,Soja,$ 31000.00
09-17-24,414170,1469,09-25-24,5583,09-26-24,4,FA,3429,4910,NN,Semillas,Soja,Soja,$ 31000.00
09-17-24,414181,1470,09-25-24,5591,09-26-24,4,FA,3421,1139,NN,Semillas,Fuerza Total,Soja,$ 42000.00
09-17-24,414182,1470,09-25-24,5590,09-26-24,4,FA,3421,1139,NN,Semillas,Fuerza Total,Soja,$ 42000.00
09-17-24,414183,1470,09-25-24,5589,09-26-24,4,FA,3421,1139,NN,Semillas,Fuerza Total,Soja,$ 42000.00
09-18-24,414184,1471,09-25-24,5598,09-26-24,4,FA,3423,392,NN,Semillas,Convenio Syngenta Soja Completo,Soja,$ 52000.00
09-18-24,414185,1471,09-25-24,5597,09-26-24,4,FA,3423,392,NN,Semillas,Convenio Syngenta Soja Completo,Soja,$ 52000.00
09-18-24,414186,1471,09-25-24,5596,09-26-24,4,FA,3423,392,NN,Semillas,Convenio Syngenta Soja Completo,Soja,$ 52000.00
09-18-24,414187,1471,09-25-24,5595,09-26-24,4,FA,3423,392,NN,Semillas,Convenio Syngenta Soja Completo,Soja,$ 52000.00
09-18-24,414188,1471,09-25-24,5594,09-26-24,4,FA,3423,392,NN,Semillas,Convenio Syngenta Soja Completo,Soja,$ 52000.00
09-18-24,414189,1471,09-25-24,5593,09-26-24,4,FA,3423,392,NN,Semillas,Convenio Syngenta Soja Completo,Soja,$ 52000.00
09-18-24,414190,1471,09-25-24,5592,09-26-24,4,FA,3423,392,NN,Semillas,Convenio Syngenta Soja Completo,Soja,$ 52000.00
09-18-24,414191,1472,09-26-24,5600,09-26-24,4,FA,3431,981,NN,Semillas,Fuerza Total,Soja,$ 42000.00
09-18-24,414192,1472,09-26-24,5599,09-26-24,4,FA,3431,981,NN,Semillas,Fuerza Total,Soja,$ 42000.00
09-18-24,414193,1473,09-26-24,5603,10-02-24,4,FA,3436,392,NN,Semillas,Doble Poder X2,Soja,$ 25000.00
09-18-24,414194,1473,09-26-24,5602,10-02-24,4,FA,3436,392,NN,Semillas,Doble Poder X2,Soja,$ 25000.00
09-18-24,414195,1473,09-26-24,5601,10-02-24,4,FA,3436,392,NN,Semillas,Doble Poder X2,Soja,$ 25000.00
09-19-24,414196,1474,09-26-24,5611,10-02-24,4,FA,3440,522,NN,Semillas,Convenio Syngenta Soja Completo,Soja,$ 52000.00
09-19-24,414197,1474,09-26-24,5610,10-02-24,4,FA,3440,522,NN,Semillas,Convenio Syngenta Soja Completo,Soja,$ 52000.00
09-19-24,414198,1474,09-26-24,5609,10-02-24,4,FA,3440,522,NN,Semillas,Convenio Syngenta Soja Completo,Soja,$ 52000.00
09-19-24,414199,1474,09-26-24,5608,10-02-24,4,FA,3440,522,NN,Semillas,Convenio Syngenta Soja Completo,Soja,$ 52000.00
09-19-24,414200,1474,09-26-24,5607,10-02-24,4,FA,3440,522,NN,Semillas,Convenio Syngenta Soja Completo,Soja,$ 52000.00
09-19-24,414201,1474,09-26-24,5606,10-02-24,4,FA,3440,522,NN,Semillas,Convenio Syngenta Soja Completo,Soja,$ 52000.00
09-19-24,414202,1474,09-26-24,5605,10-02-24,4,FA,3440,522,NN,Semillas,Convenio Syngenta Soja Completo,Soja,$ 52000.00
09-19-24,414203,1474,09-26-24,5604,10-02-24,4,FA,3440,522,NN,Semillas,Convenio Syngenta Soja Completo,Soja,$ 52000.00
09-19-24,414204,1475,10-03-24,5650,10-09-24,4,FA,3463,104,NN,Semillas,Sorgo,Sorgo,$ 31000.00
09-19-24,414205,1475,10-01-24,5640,10-02-24,4,FA,3441,104,NN,Semillas,Sorgo,Sorgo,$ 31000.00
09-19-24,414206,1476,09-27-24,5617,10-02-24,4,FA,3434,985,NN,Semillas,Fuerza Total Curado,Soja,$ 45000.00
09-19-24,414207,1476,09-27-24,5616,10-02-24,4,FA,3434,985,NN,Semillas,Fuerza Total Curado,Soja,$ 45000.00
09-19-24,414208,1476,09-27-24,5615,10-02-24,4,FA,3434,985,NN,Semillas,Fuerza Total Curado,Soja,$ 45000.00
09-23-24,414209,1477,10-01-24,5632,10-02-24,4,FA,3437,5109,NN,Semillas,Soja,Soja,$ 31000.00
09-23-24,414210,1478,10-29-24,5854,10-30-24,4,FA,3537,62,NN,Semillas,Gatton Panic,Gatton Panic,$ 57000.00
09-23-24,414211,1479,10-01-24,5635,10-02-24,4,FA,3443,981,NN,Semillas,Fuerza Total,Soja,$ 42000.00
09-23-24,414212,1479,10-01-24,5634,10-02-24,4,FA,3443,981,NN,Semillas,Fuerza Total,Soja,$ 42000.00
09-23-24,414213,1479,10-01-24,5633,10-02-24,4,FA,3443,981,NN,Semillas,Fuerza Total,Soja,$ 42000.00
09-23-24,414214,1480,10-01-24,5636,10-02-24,4,FA,3442,2476,NN,Semillas,Fuerza Total,Soja,$ 42000.00
09-23-24,414215,1481,10-15-24,5738,10-16-24,4,FA,3483,25,NN,Semillas,Maní,Maní,$ 39000.00
09-23-24,414216,1481,10-15-24,5737,10-16-24,4,FA,3483,25,NN,Semillas,Maní,Maní,$ 39000.00
09-23-24,414217,1481,10-15-24,5736,10-16-24,4,FA,3483,25,NN,Semillas,Maní,Maní,$ 39000.00
09-23-24,414218,1481,10-15-24,5735,10-16-24,4,FA,3483,25,NN,Semillas,Maní,Maní,$ 39000.00
09-23-24,414219,1481,10-15-24,5734,10-16-24,4,FA,3483,25,NN,Semillas,Maní,Maní,$ 39000.00
09-23-24,414220,1482,10-01-24,5638,10-02-24,4,FA,3436,392,NN,Semillas,Doble Poder X2,Soja,$ 25000.00
09-23-24,414221,1482,10-01-24,5637,10-02-24,4,FA,3436,392,NN,Semillas,Doble Poder X2,Soja,$ 25000.00
09-23-24,414222,1483,10-01-24,5639,10-02-24,4,FA,3438,960,NN,Semillas,Soja,Soja,$ 82000.00
09-23-24,414223,1484,10-10-24,5704,10-10-24,4,FA,3471,3660,NN,Semillas,Fuerza Total,Girasol,$ 42000.00
09-23-24,414224,1485,10-02-24,5649,10-09-24,4,FA,3464,1171,NN,Semillas,Fuerza Total Curado,Soja,$ 45000.00
09-23-24,414225,1485,10-02-24,5648,10-09-24,4,FA,3464,1171,NN,Semillas,Fuerza Total Curado,Soja,$ 45000.00
09-23-24,414226,1485,10-02-24,5647,10-09-24,4,FA,3464,1171,NN,Semillas,Fuerza Total Curado,Soja,$ 45000.00
09-23-24,414227,1485,10-02-24,5646,10-09-24,4,FA,3464,1171,NN,Semillas,Fuerza Total Curado,Soja,$ 45000.00
09-23-24,414228,1485,10-02-24,5645,10-09-24,4,FA,3464,1171,NN,Semillas,Fuerza Total Curado,Soja,$ 45000.00
09-23-24,414229,1485,10-02-24,5644,10-09-24,4,FA,3464,1171,NN,Semillas,Fuerza Total Curado,Soja,$ 45000.00
09-23-24,414230,1486,10-04-24,5687,10-09-24,4,FA,3463,104,NN,Semillas,Sorgo,Sorgo,$ 31000.00
09-23-24,414231,1486,10-04-24,5686,10-09-24,4,FA,3463,104,NN,Semillas,Sorgo,Sorgo,$ 31000.00
09-23-24,414232,1486,10-04-24,5685,10-09-24,4,FA,3463,104,NN,Semillas,Sorgo,Sorgo,$ 31000.00
09-23-24,414321,1487,10-02-24,5643,10-09-24,4,FA,3454,1371,NN,Semillas,Fuerza Total Curado,Soja,$ 45000.00
09-23-24,414322,1487,10-02-24,5642,10-09-24,4,FA,3454,1371,NN,Semillas,Fuerza Total Curado,Soja,$ 45000.00
09-23-24,414323,1487,10-02-24,5641,10-09-24,4,FA,3454,1371,NN,Semillas,Fuerza Total Curado,Soja,$ 45000.00
09-24-24,414325,1488,10-01-24,5626,10-02-24,4,FA,3439,25,NN,Semillas,Soja,Soja,$ 71000.00
09-24-24,414326,1488,10-01-24,5625,10-02-24,4,FA,3439,25,NN,Semillas,Soja,Soja,$ 71000.00
09-24-24,414327,1488,10-01-24,5624,10-02-24,4,FA,3439,25,NN,Semillas,Soja,Soja,$ 71000.00
09-24-24,414328,1489,10-03-24,5656,10-09-24,4,FA,3466,5157,NN,Semillas,Doble Poder X2,Soja,$ 25000.00
09-24-24,414329,1489,10-03-24,5655,10-09-24,4,FA,3466,5157,NN,Semillas,Doble Poder X2,Soja,$ 25000.00
09-24-24,414330,1489,10-03-24,5654,10-09-24,4,FA,3466,5157,NN,Semillas,Doble Poder X2,Soja,$ 25000.00
09-24-24,414331,1489,10-03-24,5653,10-09-24,4,FA,3466,5157,NN,Semillas,Doble Poder X2,Soja,$ 25000.00
09-24-24,414332,1489,10-03-24,5652,10-09-24,4,FA,3466,5157,NN,Semillas,Doble Poder X2,Soja,$ 25000.00
09-24-24,414333,1490,10-01-24,5630,10-09-24,4,FA,3468,2795,NN,Semillas,Soja,Soja,$ 71000.00
09-24-24,414334,1490,10-01-24,5629,10-09-24,4,FA,3468,2795,NN,Semillas,Soja,Soja,$ 71000.00
09-24-24,414335,1490,10-01-24,5628,10-09-24,4,FA,3468,2795,NN,Semillas,Soja,Soja,$ 71000.00
09-24-24,414336,1490,10-01-24,5627,10-09-24,4,FA,3468,2795,NN,Semillas,Soja,Soja,$ 71000.00
09-24-24,414337,1491,10-04-24,5684,10-09-24,4,FA,3463,104,NN,Semillas,Sorgo,Sorgo,$ 31000.00
09-25-24,414353,1492,10-04-24,5663,10-09-24,4,FA,3467,4665,NN,Semillas,Soja,Soja,$ 64000.00
09-25-24,414354,1492,10-04-24,5662,10-09-24,4,FA,3467,4665,NN,Semillas,Fuerza Total Curado,Soja,$ 45000.00
09-25-24,414355,1493,10-04-24,5665,10-09-24,4,FA,3461,4921,NN,Semillas,Fuerza Total Curado,Soja,$ 45000.00
09-25-24,414356,1493,10-04-24,5664,10-09-24,4,FA,3461,4921,NN,Semillas,Fuerza Total Curado,Soja,$ 45000.00
09-25-24,414358,1494,10-04-24,5668,10-09-24,4,FA,3465,350,NN,Semillas,Fuerza Total Curado,Soja,$ 45000.00
09-25-24,414359,1494,10-04-24,5667,10-09-24,4,FA,3465,350,NN,Semillas,Fuerza Total Curado,Soja,$ 45000.00
09-25-24,414360,1494,10-04-24,5666,10-09-24,4,FA,3465,350,NN,Semillas,Fuerza Total Curado,Soja,$ 45000.00
09-26-24,414435,1495,10-04-24,5674,10-09-24,4,FA,3456,392,NN,Semillas,Soja,Soja,$ 31000.00
09-26-24,414436,1495,10-04-24,5673,10-09-24,4,FA,3456,392,NN,Semillas,Soja,Soja,$ 31000.00
09-26-24,414437,1495,10-04-24,5672,10-09-24,4,FA,3456,392,NN,Semillas,Soja,Soja,$ 31000.00
09-26-24,414438,1495,10-04-24,5671,10-09-24,4,FA,3456,392,NN,Semillas,Soja,Soja,$ 31000.00
09-26-24,414439,1496,10-04-24,5670,10-09-24,4,FA,3457,921,NN,Semillas,Soja,Soja,$ 31000.00
09-26-24,414440,1496,10-04-24,5669,10-09-24,4,FA,3457,921,NN,Semillas,Soja,Soja,$ 31000.00
09-26-24,414441,1497,10-04-24,5683,10-09-24,4,FA,3456,392,NN,Semillas,Soja,Soja,$ 19000.00
09-26-24,414442,1497,10-04-24,5682,10-09-24,4,FA,3456,392,NN,Semillas,Soja,Soja,$ 19000.00
09-26-24,414443,1497,10-04-24,5681,10-09-24,4,FA,3456,392,NN,Semillas,Soja,Soja,$ 19000.00
09-26-24,414444,1497,10-04-24,5680,10-09-24,4,FA,3456,392,NN,Semillas,Soja,Soja,$ 19000.00
09-26-24,414445,1497,10-04-24,5679,10-09-24,4,FA,3456,392,NN,Semillas,Soja,Soja,$ 19000.00
09-26-24,414446,1497,10-04-24,5678,10-09-24,4,FA,3456,392,NN,Semillas,Soja,Soja,$ 19000.00
09-26-24,414447,1497,10-04-24,5677,10-09-24,4,FA,3456,392,NN,Semillas,Soja,Soja,$ 19000.00
09-27-24,414450,1499,10-04-24,5675,10-09-24,4,FA,3453,967,NN,Semillas,Doble Poder X2,Soja,$ 25000.00
09-27-24,414476,1498,10-04-24,5676,10-09-24,4,FA,3460,1409,NN,Semillas,Fuerza Total Curado,Soja,$ 45000.00
09-27-24,414477,1500,10-08-24,5693,10-09-24,4,FA,3462,1453,NN,Semillas,Poder + Peso,Soja,$ 59000.00
09-27-24,414478,1500,10-08-24,5692,10-09-24,4,FA,3462,1453,NN,Semillas,Poder + Peso,Soja,$ 59000.00
09-27-24,414479,1500,10-08-24,5691,10-09-24,4,FA,3462,1453,NN,Semillas,Poder + Peso,Soja,$ 59000.00
10-01-24,414480,1505,10-08-24,5694,10-09-24,4,FA,3459,4322,NN,Semillas,Doble Poder X2,Soja,$ 25000.00
10-01-24,414481,1501,10-09-24,5700,10-10-24,4,FA,3480,2211,NN,Semillas,Fuerza Total Curado,Soja,$ 45000.00
10-01-24,414482,1501,10-09-24,5699,10-10-24,4,FA,3480,2211,NN,Semillas,Fuerza Total Curado,Soja,$ 45000.00
10-01-24,414483,1502,10-09-24,5698,10-10-24,4,FA,3476,4251,NN,Semillas,Fuerza Total,Soja,$ 51000.00
10-01-24,414484,1503,10-09-24,5697,10-10-24,4,FA,3478,1453,NN,Semillas,Fuerza Total,Soja,$ 51000.00
10-01-24,414485,1503,10-09-24,5696,10-10-24,4,FA,3478,1453,NN,Semillas,Fuerza Total,Soja,$ 51000.00
10-01-24,414486,1504,10-09-24,5702,10-10-24,4,FA,3478,1453,NN,Semillas,Fuerza Total,Maíz,$ 51000.00
10-01-24,414487,1504,10-09-24,5701,10-10-24,4,FA,3478,1453,NN,Semillas,Fuerza Total,Maíz,$ 51000.00
10-01-24,414488,1506,10-04-24,5661,10-09-24,4,FA,3458,4281,NN,Semillas,Gatton Panic,Gatton Panic,$ 45000.00
10-01-24,414489,1506,10-04-24,5660,10-09-24,4,FA,3458,4281,NN,Semillas,Gatton Panic,Gatton Panic,$ 45000.00
10-01-24,414490,1506,10-04-24,5659,10-09-24,4,FA,3458,4281,NN,Semillas,Gatton Panic,Gatton Panic,$ 45000.00
10-01-24,414491,1506,10-04-24,5658,10-09-24,4,FA,3458,4281,NN,Semillas,Gatton Panic,Gatton Panic,$ 45000.00
10-01-24,414492,1506,10-04-24,5657,10-09-24,4,FA,3458,4281,NN,Semillas,Gatton Panic,Gatton Panic,$ 45000.00
10-01-24,414493,1507,10-09-24,5703,10-10-24,4,FA,3474,4281,NN,Semillas,Soja,Soja,$ 36000.00
10-02-24,414495,1508,10-10-24,5708,10-10-24,4,FA,3479,4943,NN,Semillas,Soja,Soja,$ 60000.00
10-02-24,414496,1509,10-10-24,5707,10-10-24,4,FA,3472,3875,NN,Semillas,Soja,Soja,$ 60000.00
10-02-24,414497,1509,10-10-24,5706,10-10-24,4,FA,3472,3875,NN,Semillas,Soja,Soja,$ 60000.00
10-02-24,414498,1510,10-10-24,5705,10-10-24,4,FA,3470,4339,NN,Semillas,Soja,Soja,$ 60000.00
10-02-24,414499,1511,10-10-24,5710,10-10-24,4,FA,3475,5161,NN,Semillas,Fuerza Total,Soja,$ 51000.00
10-02-24,414500,1511,10-10-24,5709,10-10-24,4,FA,3475,5161,NN,Semillas,Fuerza Total,Soja,$ 51000.00
10-02-24,414501,1512,10-17-24,5755,10-17-24,4,FA,3495,104,NN,Semillas,Sorgo,Sorgo,$ 36000.00
10-02-24,414502,1512,10-10-24,5713,10-16-24,4,FA,3486,104,NN,Semillas,Sorgo,Sorgo,$ 36000.00
10-02-24,414503,1513,10-10-24,5711,10-10-24,4,FA,3473,5058,NN,Semillas,Doble Poder X2,Soja,$ 40000.00
10-02-24,414504,1514,10-10-24,5712,10-10-24,4,FA,3477,4938,NN,Semillas,Doble Poder X2,Soja,$ 40000.00
10-03-24,414505,1517,10-15-24,5719,10-16-24,4,FA,3487,4158,NN,Semillas,Doble Poder X2,Soja,$ 40000.00
10-03-24,414506,1517,10-15-24,5718,10-16-24,4,FA,3487,4158,NN,Semillas,Doble Poder X2,Soja,$ 40000.00
10-03-24,414508,1515,10-15-24,5717,10-16-24,4,FA,3485,5162,NN,Semillas,Doble Poder X2,Soja,$ 40000.00
10-03-24,414509,1516,10-15-24,5733,10-16-24,4,FA,3483,25,NN,Semillas,Maní,Maní,$ 45000.00
10-03-24,414510,1516,10-15-24,5732,10-16-24,4,FA,3483,25,NN,Semillas,Maní,Maní,$ 45000.00
10-03-24,414511,1516,10-15-24,5731,10-16-24,4,FA,3483,25,NN,Semillas,Maní,Maní,$ 45000.00
10-03-24,414512,1518,10-15-24,5716,10-16-24,4,FA,3488,1473,NN,Semillas,Soja,Soja,$ 60000.00
10-03-24,414513,1518,10-15-24,5715,10-16-24,4,FA,3488,1473,NN,Semillas,Soja,Soja,$ 60000.00
10-03-24,414514,1518,10-15-24,5714,10-16-24,4,FA,3488,1473,NN,Semillas,Soja,Soja,$ 60000.00
10-03-24,414515,1519,11-01-24,5867,11-04-24,4,FA,3548,1915,NN,Semillas,Panicum Coloratum,Panicum Coloratum,$ 51000.00
10-03-24,414516,1519,11-01-24,5866,11-04-24,4,FA,3548,1915,NN,Semillas,Panicum Coloratum,Panicum Coloratum,$ 51000.00
10-03-24,414523,1520,10-07-24,5690,10-09-24,4,FA,3465,350,NN,Semillas,Soja,Soja,$ 22000.00
10-03-24,414524,1520,10-07-24,5689,10-09-24,4,FA,3465,350,NN,Semillas,Soja,Soja,$ 22000.00
10-03-24,414525,1520,10-07-24,5688,10-09-24,4,FA,3465,350,NN,Semillas,Soja,Soja,$ 22000.00
10-04-24,414630,1521,10-17-24,5754,10-17-24,4,FB,65,5160,NN,Semillas,Pack Integral,Rye Grass Anual,$ 64000.00
10-04-24,414631,1522,11-04-24,5880,11-07-24,4,FA,3565,104,NN,Semillas,Semilla Vital,Buffel Grass,$ 73000.00
10-04-24,414632,1523,10-15-24,5723,10-16-24,4,FA,3481,2853,NN,Semillas,Doble Poder X2,Soja,$ 40000.00
10-04-24,414633,1523,10-15-24,5722,10-16-24,4,FA,3481,2853,NN,Semillas,Doble Poder X2,Soja,$ 40000.00
10-04-24,414634,1523,10-15-24,5721,10-16-24,4,FA,3481,2853,NN,Semillas,Doble Poder X2,Soja,$ 40000.00
10-04-24,414635,1523,10-15-24,5720,10-16-24,4,FA,3481,2853,NN,Semillas,Doble Poder X2,Soja,$ 40000.00
10-04-24,414636,1524,10-15-24,5725,10-16-24,4,FA,3482,354,NN,Semillas,Fuerza Total Curado,Soja,$ 59000.00
10-04-24,414637,1524,10-15-24,5724,10-16-24,4,FA,3482,354,NN,Semillas,Fuerza Total Curado,Soja,$ 59000.00
10-04-24,414638,1525,10-15-24,5728,10-16-24,4,FA,3489,981,NN,Semillas,Fuerza Total,Soja,$ 51000.00
10-04-24,414639,1525,10-15-24,5727,10-16-24,4,FA,3489,981,NN,Semillas,Fuerza Total,Soja,$ 51000.00
10-04-24,414640,1525,10-15-24,5726,10-16-24,4,FA,3489,981,NN,Semillas,Fuerza Total,Soja,$ 51000.00
10-04-24,414641,1526,10-15-24,5730,10-16-24,4,FA,3484,4982,NN,Semillas,Soja,Soja,$ 36000.00
10-04-24,414642,1526,10-15-24,5729,10-16-24,4,FA,3484,4982,NN,Semillas,Soja,Soja,$ 36000.00
10-04-24,414643,1527,10-21-24,5802,10-22-24,4,FA,3502,104,NN,Semillas,Sorgo,Sorgo,$ 36000.00
10-04-24,414644,1527,10-17-24,5756,10-17-24,4,FA,3495,104,NN,Semillas,Sorgo,Sorgo,$ 36000.00
10-07-24,414645,1529,10-16-24,5751,10-17-24,4,FA,3493,392,NN,Semillas,Doble Poder X2,Soja,$ 40000.00
10-07-24,414646,1529,10-16-24,5750,10-17-24,4,FA,3493,392,NN,Semillas,Doble Poder X2,Soja,$ 40000.00
10-07-24,414647,1529,10-16-24,5749,10-17-24,4,FA,3493,392,NN,Semillas,Soja,Soja,$ 61000.00
10-07-24,414648,1529,10-16-24,5748,10-17-24,4,FA,3493,392,NN,Semillas,Doble Poder X2,Soja,$ 40000.00
10-07-24,414649,1529,10-16-24,5747,10-17-24,4,FA,3493,392,NN,Semillas,Doble Poder X2,Soja,$ 40000.00
10-07-24,414650,1529,10-16-24,5746,10-17-24,4,FA,3493,392,NN,Semillas,Soja,Soja,$ 61000.00
10-07-24,414651,1529,10-16-24,5745,10-17-24,4,FA,3493,392,NN,Semillas,Doble Poder X2,Soja,$ 40000.00
10-07-24,414652,1529,10-16-24,5744,10-17-24,4,FA,3493,392,NN,Semillas,Doble Poder X2,Soja,$ 40000.00
10-07-24,414653,1529,10-16-24,5743,10-17-24,4,FA,3493,392,NN,Semillas,Doble Poder X2,Soja,$ 40000.00
10-07-24,414654,1528,10-21-24,5801,10-22-24,4,FA,3499,3660,NN,Semillas,Fuerza Total,Algodón,$ 51000.00
10-07-24,414655,1528,10-21-24,5800,10-22-24,4,FA,3499,3660,NN,Semillas,Fuerza Total,Algodón,$ 51000.00
10-07-24,414656,1528,10-21-24,5799,10-22-24,4,FA,3499,3660,NN,Semillas,Fuerza Total,Algodón,$ 51000.00
10-07-24,414657,1528,10-21-24,5798,10-22-24,4,FA,3499,3660,NN,Semillas,Fuerza Total,Algodón,$ 51000.00
10-07-24,414658,1528,10-21-24,5797,10-22-24,4,FA,3499,3660,NN,Semillas,Fuerza Total,Algodón,$ 51000.00
10-07-24,414659,1528,10-21-24,5796,10-22-24,4,FA,3499,3660,NN,Semillas,Fuerza Total,Algodón,$ 51000.00
10-07-24,414660,1530,10-24-24,5831,10-24-24,4,FA,3514,4281,NN,Semillas,Grama Rhodes,Grama Rhodes,$ 73000.00
10-07-24,414661,1530,10-09-24,5695,10-09-24,4,FA,3458,4281,NN,Semillas,Buffel Grass,Buffel Grass,$ 45000.00
10-07-24,414662,1531,10-16-24,5742,10-17-24,4,FA,3493,392,NN,Semillas,Soja,Soja,$ 26000.00
10-07-24,414663,1531,10-16-24,5741,10-17-24,4,FA,3493,392,NN,Semillas,Soja,Soja,$ 26000.00
10-07-24,414664,1531,10-16-24,5740,10-17-24,4,FA,3493,392,NN,Semillas,Soja,Soja,$ 26000.00
10-07-24,414665,1531,10-16-24,5739,10-17-24,4,FA,3493,392,NN,Semillas,Soja,Soja,$ 26000.00
10-08-24,414666,1532,10-17-24,5773,10-17-24,4,FA,3493,392,NN,Semillas,Doble Poder X2,Soja,$ 40000.00
10-08-24,414667,1532,10-17-24,5772,10-17-24,4,FA,3493,392,NN,Semillas,Doble Poder X2,Soja,$ 40000.00
10-08-24,414668,1532,10-17-24,5771,10-17-24,4,FA,3493,392,NN,Semillas,Doble Poder X2,Soja,$ 40000.00
10-08-24,414669,1532,10-17-24,5770,10-17-24,4,FA,3493,392,NN,Semillas,Doble Poder X2,Soja,$ 40000.00
10-08-24,414670,1532,10-17-24,5769,10-17-24,4,FA,3493,392,NN,Semillas,Doble Poder X2,Soja,$ 40000.00
10-08-24,414671,1532,10-17-24,5768,10-17-24,4,FA,3493,392,NN,Semillas,Doble Poder X2,Soja,$ 40000.00
10-08-24,414672,1532,10-17-24,5767,10-17-24,4,FA,3493,392,NN,Semillas,Doble Poder X2,Soja,$ 40000.00
10-08-24,414673,1532,10-17-24,5766,10-17-24,4,FA,3493,392,NN,Semillas,Doble Poder X2,Soja,$ 40000.00
10-08-24,414674,1532,10-17-24,5765,10-17-24,4,FA,3493,392,NN,Semillas,Doble Poder X2,Soja,$ 40000.00
10-08-24,414675,1532,10-17-24,5764,10-17-24,4,FA,3493,392,NN,Semillas,Doble Poder X2,Soja,$ 40000.00
10-08-24,414676,1532,10-17-24,5763,10-17-24,4,FA,3493,392,NN,Semillas,Doble Poder X2,Soja,$ 40000.00
10-08-24,414677,1532,10-17-24,5762,10-17-24,4,FA,3493,392,NN,Semillas,Doble Poder X2,Soja,$ 40000.00
10-08-24,414678,1532,10-17-24,5761,10-17-24,4,FA,3493,392,NN,Semillas,Doble Poder X2,Soja,$ 40000.00
10-08-24,414679,1532,10-17-24,5760,10-17-24,4,FA,3493,392,NN,Semillas,Doble Poder X2,Soja,$ 40000.00
10-08-24,414680,1532,10-17-24,5759,10-17-24,4,FA,3493,392,NN,Semillas,Doble Poder X2,Soja,$ 40000.00
10-08-24,414681,1532,10-17-24,5758,10-17-24,4,FA,3493,392,NN,Semillas,Doble Poder X2,Soja,$ 40000.00
10-08-24,414682,1532,10-17-24,5757,10-17-24,4,FA,3493,392,NN,Semillas,Doble Poder X2,Soja,$ 40000.00
10-08-24,414683,1532,10-18-24,5789,10-22-24,4,FA,3500,392,NN,Semillas,Doble Poder X2,Soja,$ 40000.00
10-08-24,414684,1532,10-18-24,5788,10-22-24,4,FA,3500,392,NN,Semillas,Doble Poder X2,Soja,$ 40000.00
10-08-24,414685,1532,10-18-24,5787,10-22-24,4,FA,3500,392,NN,Semillas,Doble Poder X2,Soja,$ 40000.00
10-08-24,414686,1532,10-18-24,5786,10-22-24,4,FA,3500,392,NN,Semillas,Doble Poder X2,Soja,$ 40000.00
10-08-24,414687,1532,10-18-24,5785,10-22-24,4,FA,3500,392,NN,Semillas,Doble Poder X2,Soja,$ 40000.00
10-08-24,414688,1532,10-18-24,5784,10-22-24,4,FA,3500,392,NN,Semillas,Doble Poder X2,Soja,$ 40000.00
10-08-24,414689,1532,10-18-24,5783,10-22-24,4,FA,3500,392,NN,Semillas,Doble Poder X2,Soja,$ 40000.00
10-08-24,414690,1532,10-18-24,5782,10-22-24,4,FA,3500,392,NN,Semillas,Doble Poder X2,Soja,$ 40000.00
10-08-24,414691,1532,10-18-24,5781,10-22-24,4,FA,3500,392,NN,Semillas,Doble Poder X2,Soja,$ 40000.00
10-08-24,414692,1532,10-18-24,5780,10-22-24,4,FA,3500,392,NN,Semillas,Doble Poder X2,Soja,$ 40000.00
10-08-24,414693,1532,10-18-24,5779,10-22-24,4,FA,3500,392,NN,Semillas,Doble Poder X2,Soja,$ 40000.00
10-08-24,414694,1532,10-18-24,5778,10-22-24,4,FA,3500,392,NN,Semillas,Doble Poder X2,Soja,$ 40000.00
10-08-24,414695,1532,10-18-24,5777,10-22-24,4,FA,3500,392,NN,Semillas,Doble Poder X2,Soja,$ 40000.00
10-08-24,414696,1532,10-18-24,5776,10-22-24,4,FA,3500,392,NN,Semillas,Doble Poder X2,Soja,$ 40000.00
10-08-24,414697,1532,10-18-24,5775,10-22-24,4,FA,3500,392,NN,Semillas,Doble Poder X2,Soja,$ 40000.00
10-08-24,414698,1532,10-18-24,5774,10-22-24,4,FA,3500,392,NN,Semillas,Doble Poder X2,Soja,$ 40000.00
10-08-24,414699,1533,10-18-24,5790,10-22-24,4,FA,3500,392,NN,Semillas,Soja,Soja,$ 26000.00
10-08-24,414700,1534,10-18-24,5792,10-22-24,4,FA,3503,908,NN,Semillas,Fuerza Total Curado,Soja,$ 59000.00
10-08-24,414701,1534,10-18-24,5791,10-22-24,4,FA,3503,908,NN,Semillas,Fuerza Total Curado,Soja,$ 59000.00
10-08-24,414717,1535,10-18-24,5794,10-22-24,4,FA,3504,981,NN,Semillas,Fuerza Total,Soja,$ 51000.00
10-08-24,414718,1535,10-18-24,5793,10-22-24,4,FA,3504,981,NN,Semillas,Fuerza Total,Soja,$ 51000.00
10-08-24,414719,1536,10-18-24,5795,10-22-24,4,FA,3501,2296,NN,Semillas,Fuerza Total Curado,Soja,$ 59000.00
10-09-24,414720,1537,10-22-24,5804,10-24-24,4,FA,3518,4582,NN,Semillas,Doble Poder X2,Soja,$ 40000.00
10-09-24,414721,1538,10-22-24,5806,10-24-24,4,FA,3510,5106,NN,Semillas,Doble Poder X2,Soja,$ 40000.00
10-09-24,414722,1538,10-22-24,5805,10-24-24,4,FA,3510,5106,NN,Semillas,Doble Poder X2,Soja,$ 40000.00
10-10-24,414723,1539,10-24-24,5837,10-28-24,4,FA,3529,104,NN,Semillas,Sorgo,Sorgo,$ 36000.00
10-10-24,414724,1539,10-21-24,5803,10-22-24,4,FA,3502,104,NN,Semillas,Sorgo,Sorgo,$ 36000.00
10-10-24,414725,1540,10-22-24,5808,10-24-24,4,FA,3520,3297,NN,Semillas,Doble Poder X2,Soja,$ 40000.00
10-10-24,414726,1540,10-22-24,5807,10-24-24,4,FA,3520,3297,NN,Semillas,Doble Poder X2,Soja,$ 40000.00
10-10-24,414727,1541,10-22-24,5809,10-24-24,4,FA,3515,5161,NN,Semillas,Fuerza Total,Soja,$ 51000.00
10-10-24,414728,1542,10-22-24,5810,10-24-24,4,FA,3512,4528,NN,Semillas,Fuerza Total,Soja,$ 51000.00
10-10-24,414744,1543,11-04-24,5879,11-07-24,4,FA,3565,104,NN,Semillas,Semilla Vital,Urocloa,$ 73000.00
10-10-24,414745,1543,11-04-24,5878,11-07-24,4,FA,3565,104,NN,Semillas,Semilla Vital,Urocloa,$ 73000.00
10-10-24,414746,1543,11-04-24,5877,11-07-24,4,FA,3565,104,NN,Semillas,Semilla Vital,Urocloa,$ 73000.00
10-14-24,414747,1545,10-22-24,5814,10-24-24,4,FA,3519,5159,NN,Semillas,Soja,Soja,$ 26000.00
10-14-24,414748,1545,10-22-24,5813,10-24-24,4,FA,3519,5159,NN,Semillas,Soja,Soja,$ 26000.00
10-14-24,414749,1544,10-22-24,5811,10-24-24,4,FA,3522,5103,NN,Semillas,Fuerza Total Curado,Soja,$ 45000.00
10-14-24,414750,1546,10-23-24,5816,10-24-24,4,FA,3516,3659,NN,Semillas,Poroto,Poroto,$ 36000.00
10-14-24,414751,1546,10-23-24,5815,10-24-24,4,FA,3516,3659,NN,Semillas,Poroto,Poroto,$ 36000.00
10-14-24,414752,1547,10-22-24,5812,10-24-24,4,FA,3507,5165,NN,Semillas,Soja,Soja,$ 36000.00
10-15-24,414753,1548,10-23-24,5830,10-24-24,4,FA,3513,4680,NN,Semillas,Doble Poder X2,Soja,$ 40000.00
10-15-24,414754,1549,10-23-24,5829,10-24-24,4,FA,3508,3660,NN,Semillas,Fuerza Total,Soja,$ 51000.00
10-15-24,414755,1550,10-23-24,5828,10-24-24,4,FA,3514,4281,NN,Semillas,Soja,Soja,$ 36000.00
10-15-24,414756,1551,11-04-24,5883,11-07-24,4,FA,3562,4281,NN,Semillas,Grama Rhodes,Grama Rhodes,$ 73000.00
10-15-24,414757,1552,10-23-24,5827,10-24-24,4,FA,3511,392,NN,Semillas,Soja,Soja,$ 26000.00
10-15-24,414758,1553,10-23-24,5826,10-24-24,4,FA,3511,392,NN,Semillas,Doble Poder X2,Soja,$ 40000.00
10-15-24,414759,1553,10-23-24,5825,10-24-24,4,FA,3511,392,NN,Semillas,Doble Poder X2,Soja,$ 40000.00
10-15-24,414760,1553,10-23-24,5824,10-24-24,4,FA,3511,392,NN,Semillas,Doble Poder X2,Soja,$ 25000.00
10-15-24,414761,1553,10-23-24,5823,10-24-24,4,FA,3511,392,NN,Semillas,Doble Poder X2,Soja,$ 40000.00
10-15-24,414762,1553,10-23-24,5822,10-24-24,4,FA,3511,392,NN,Semillas,Doble Poder X2,Soja,$ 40000.00
10-15-24,414763,1553,10-23-24,5821,10-24-24,4,FA,3511,392,NN,Semillas,Doble Poder X2,Soja,$ 40000.00
10-15-24,414764,1553,10-23-24,5820,10-24-24,4,FA,3511,392,NN,Semillas,Doble Poder X2,Soja,$ 40000.00
10-15-24,414765,1553,10-23-24,5819,10-24-24,4,FA,3511,392,NN,Semillas,Doble Poder X2,Soja,$ 40000.00
10-15-24,414766,1553,10-23-24,5818,10-24-24,4,FA,3511,392,NN,Semillas,Doble Poder X2,Soja,$ 40000.00
10-15-24,414767,1553,10-23-24,5817,10-24-24,4,FA,3511,392,NN,Semillas,Doble Poder X2,Soja,$ 40000.00
10-15-24,414816,1554,10-17-24,5753,10-17-24,4,FA,3494,4281,NN,Semillas,Gatton Panic,Gatton Panic,$ 45000.00
10-15-24,414817,1554,10-17-24,5752,10-17-24,4,FA,3494,4281,NN,Semillas,Gatton Panic,Gatton Panic,$ 45000.00
10-15-24,414818,1555,10-24-24,5833,10-24-24,4,FA,3521,4786,NN,Semillas,Fuerza Total,Soja,$ 47000.00
10-15-24,414819,1555,10-24-24,5832,10-24-24,4,FA,3521,4786,NN,Semillas,Fuerza Total,Soja,$ 47000.00
10-15-24,414820,1556,10-24-24,5835,10-24-24,4,FA,3509,4557,NN,Semillas,Doble Poder X2,Soja,$ 40000.00
10-15-24,414821,1556,10-24-24,5834,10-24-24,4,FA,3509,4557,NN,Semillas,Doble Poder X2,Soja,$ 40000.00
10-15-24,414826,1557,10-24-24,5836,10-24-24,4,FA,3517,3815,NN,Semillas,Doble Poder X2,Soja,$ 40000.00
10-17-24,414929,1558,10-25-24,5838,10-28-24,4,FA,3527,4557,NN,Semillas,Doble Poder X2,Soja,$ 40000.00
10-17-24,414930,1559,10-25-24,5842,10-28-24,4,FA,3528,700,NN,Semillas,Fuerza Total Curado,Soja,$ 59000.00
10-17-24,414931,1559,10-25-24,5841,10-28-24,4,FA,3528,700,NN,Semillas,Fuerza Total Curado,Soja,$ 59000.00
10-17-24,414932,1559,10-25-24,5840,10-28-24,4,FA,3528,700,NN,Semillas,Fuerza Total Curado,Soja,$ 59000.00
10-17-24,414933,1559,10-25-24,5839,10-28-24,4,FA,3528,700,NN,Semillas,Fuerza Total Curado,Soja,$ 59000.00
10-17-24,414934,1560,10-25-24,5843,10-28-24,4,FA,3530,5114,NN,Semillas,Doble Poder X2,Soja,$ 40000.00
10-21-24,414947,1561,10-29-24,5846,10-30-24,4,FA,3536,1161,NN,Semillas,Semilla Vital Para Soja,Soja,$ 73000.00
10-21-24,414948,1561,10-29-24,5845,10-30-24,4,FA,3536,1161,NN,Semillas,Semilla Vital Para Soja,Soja,$ 73000.00
10-21-24,414950,1561,10-29-24,5847,10-30-24,4,FA,3540,489,NN,Semillas,Doble Poder X2,Soja,$ 40000.00
10-21-24,414952,1562,10-29-24,5851,10-30-24,4,FB,67,4712,NN,Semillas,Soja,Soja,$ 36000.00
10-21-24,414953,1562,10-29-24,5850,10-30-24,4,FB,67,4712,NN,Semillas,Soja,Soja,$ 36000.00
10-21-24,414954,1562,10-29-24,5849,10-30-24,4,FB,67,4712,NN,Semillas,Soja,Soja,$ 36000.00
10-21-24,414955,1562,10-29-24,5848,10-30-24,4,FB,67,4712,NN,Semillas,Soja,Soja,$ 36000.00
10-21-24,414956,1562,10-28-24,5844,10-28-24,4,FB,66,4712,NN,Semillas,Maíz,Maíz,$ 36000.00
10-21-24,414957,1563,10-29-24,5853,10-30-24,4,FA,3539,5166,NN,Semillas,Doble Poder X2,Soja,$ 40000.00
10-21-24,414958,1563,10-29-24,5852,10-30-24,4,FA,3539,5166,NN,Semillas,Doble Poder X2,Soja,$ 40000.00
10-21-24,414959,1564,11-04-24,5882,11-07-24,4,FA,3559,62,NN,Semillas,Fuerza Total,Sorgo,$ 51000.00
10-21-24,414960,1564,11-04-24,5881,11-07-24,4,FA,3559,62,NN,Semillas,Fuerza Total,Sorgo,$ 51000.00
10-21-24,414961,1565,10-30-24,5857,11-04-24,4,FA,3550,2257,NN,Semillas,Fuerza Total,Soja,$ 51000.00
10-23-24,414964,1567,10-31-24,5865,11-04-24,4,FA,3547,5161,NN,Semillas,Fuerza Total,Soja,$ 51000.00
10-23-24,414965,1568,10-30-24,5862,11-04-24,4,FA,3545,392,NN,Semillas,Soja,Soja,$ 84000.00
10-23-24,414966,1568,10-30-24,5861,11-04-24,4,FA,3545,392,NN,Semillas,Soja,Soja,$ 84000.00
10-23-24,414967,1568,10-30-24,5860,11-04-24,4,FA,3545,392,NN,Semillas,Soja,Soja,$ 84000.00
10-23-24,414968,1568,10-30-24,5859,11-04-24,4,FA,3545,392,NN,Semillas,Soja,Soja,$ 84000.00
10-23-24,414969,1568,10-30-24,5858,11-04-24,4,FA,3545,392,NN,Semillas,Soja,Soja,$ 84000.00
10-23-24,414970,1569,11-01-24,5876,11-07-24,4,FA,3563,22,NN,Semillas,Poroto,Poroto,$ 36000.00
10-23-24,414971,1569,11-01-24,5875,11-07-24,4,FA,3563,22,NN,Semillas,Poroto,Poroto,$ 36000.00
10-23-24,414972,1569,11-01-24,5874,11-07-24,4,FA,3563,22,NN,Semillas,Poroto,Poroto,$ 36000.00
10-24-24,414984,1570,11-05-24,5884,11-07-24,4,FA,3558,3660,NN,Semillas,Fuerza Total,Algodón,$ 51000.00
10-25-24,415009,1571,11-01-24,5869,11-04-24,4,FA,3546,4528,NN,Semillas,Fuerza Total,Soja,$ 51000.00
10-25-24,415010,1571,11-01-24,5868,11-04-24,4,FA,3546,4528,NN,Semillas,Fuerza Total,Soja,$ 51000.00
10-25-24,415011,1572,11-01-24,5870,11-04-24,4,FA,3544,772,NN,Semillas,Doble Poder X2,Soja,$ 40000.00
10-25-24,415012,1573,11-01-24,5873,11-04-24,4,FA,3549,1864,NN,Semillas,Soja,Soja,$ 60000.00
10-25-24,415013,1573,11-01-24,5872,11-04-24,4,FA,3549,1864,NN,Semillas,Soja,Soja,$ 60000.00
10-25-24,415014,1573,11-01-24,5871,11-04-24,4,FA,3549,1864,NN,Semillas,Soja,Soja,$ 60000.00
10-28-24,415015,1574,11-05-24,5886,11-07-24,4,FA,3568,2308,NN,Semillas,Soja,Soja,$ 60000.00
10-28-24,415016,1575,10-30-24,5856,10-30-24,4,FA,3538,4281,NN,Semillas,Panicum Coloratum,Panicum Coloratum,$ 45000.00
10-28-24,415017,1575,10-30-24,5855,10-30-24,4,FA,3538,4281,NN,Semillas,Panicum Coloratum,Panicum Coloratum,$ 45000.00
10-28-24,415021,1576,11-05-24,5887,11-07-24,4,FA,3557,2406,NN,Semillas,Doble Poder X2,Soja,$ 40000.00
10-29-24,415024,1577,11-06-24,5889,11-07-24,4,FA,3564,3243,NN,Semillas,Fuerza Total Curado,Soja,$ 59000.00
10-29-24,415025,1578,11-06-24,5894,11-07-24,4,FA,3561,5167,NN,Semillas,Poder Germinativo X2,Soja,$ 26000.00
10-29-24,415026,1578,11-06-24,5893,11-07-24,4,FA,3561,5167,NN,Semillas,Poder Germinativo X2,Soja,$ 26000.00
10-29-24,415027,1578,11-06-24,5892,11-07-24,4,FA,3561,5167,NN,Semillas,Poder Germinativo X2,Soja,$ 26000.00
10-29-24,415028,1578,11-06-24,5891,11-07-24,4,FA,3561,5167,NN,Semillas,Poder Germinativo X2,Soja,$ 26000.00
10-29-24,415029,1578,11-06-24,5890,11-07-24,4,FA,3561,5167,NN,Semillas,Poder Germinativo X2,Soja,$ 26000.00
10-29-24,415030,1579,11-05-24,5885,11-07-24,4,FA,3566,5168,NN,Semillas,Fuerza Total,Maíz,$ 51000.00
10-30-24,415031,1580,11-06-24,5888,11-07-24,4,FA,3567,981,NN,Semillas,Fuerza Total,Maíz,$ 51000.00
10-30-24,415032,1581,11-07-24,5898,11-07-24,4,FA,3560,392,NN,Semillas,Doble Poder X2,Soja,$ 40000.00
10-30-24,415033,1581,11-07-24,5897,11-07-24,4,FA,3560,392,NN,Semillas,Doble Poder X2,Soja,$ 40000.00
10-30-24,415034,1581,11-07-24,5896,11-07-24,4,FA,3560,392,NN,Semillas,Doble Poder X2,Soja,$ 40000.00
10-30-24,415035,1581,11-07-24,5895,11-07-24,4,FA,3560,392,NN,Semillas,Doble Poder X2,Soja,$ 40000.00
10-31-24,415129,1582,11-08-24,5901,11-12-24,4,FA,3573,4557,NN,Semillas,Soja,Soja,$ 36000.00
10-31-24,415130,1582,11-08-24,5900,11-12-24,4,FA,3573,4557,NN,Semillas,Soja,Soja,$ 36000.00
11-01-24,415250,1584,11-08-24,5899,11-12-24,4,FA,3572,3920,NN,Semillas,Fuerza Total Curado,Soja,$ 59000.00
11-01-24,415251,1585,11-11-24,5907,11-12-24,4,FA,3574,3659,NN,Semillas,Poroto,Poroto,$ 36000.00
11-01-24,415252,1585,11-11-24,5906,11-12-24,4,FA,3574,3659,NN,Semillas,Poroto,Poroto,$ 36000.00
11-05-24,415253,1586,11-12-24,5910,11-12-24,4,FA,3575,522,NN,Semillas,Convenio Syngenta Soja Completo,Soja,$ 52000.00
11-05-24,415254,1586,11-12-24,5909,11-12-24,4,FA,3575,522,NN,Semillas,Convenio Syngenta Soja Completo,Soja,$ 52000.00
11-05-24,415255,1586,11-12-24,5908,11-12-24,4,FA,3575,522,NN,Semillas,Soja,Soja,$ 84000.00
11-05-24,415256,1587,11-13-24,5914,11-14-24,4,FA,3583,4557,NN,Semillas,Soja,Soja,$ 36000.00
11-05-24,415257,1587,11-13-24,5913,11-14-24,4,FA,3583,4557,NN,Semillas,Soja,Soja,$ 36000.00
11-08-24,415351,1588,11-15-24,5918,11-21-24,4,FA,3592,392,NN,Semillas,Doble Poder X2,Soja,$ 40000.00
11-08-24,415352,1588,11-15-24,5917,11-21-24,4,FA,3592,392,NN,Semillas,Doble Poder X2,Soja,$ 40000.00
11-08-24,415353,1589,11-15-24,5919,11-21-24,4,FA,3592,392,NN,Semillas,Fuerza Total Curado,Soja,$ 59000.00
11-08-24,415357,1591,11-15-24,5920,11-21-24,4,FA,3592,392,NN,Semillas,Fuerza Total,Soja,$ 51000.00
11-11-24,415362,1592,11-13-24,5912,11-14-24,4,FA,3584,4281,NN,Semillas,Gatton Panic,Gatton Panic,$ 45000.00
11-11-24,415363,1593,11-19-24,5926,11-21-24,4,FA,3596,2308,NN,Semillas,Calidad Trigo/Soja,Soja,$ 60000.00
11-12-24,415365,1594,11-12-24,5911,11-14-24,4,FA,3585,4322,NN,Semillas,Soja,Soja,$ 45000.00
11-12-24,415370,1595,11-20-24,5930,11-21-24,4,FA,3598,4557,NN,Semillas,Soja,Soja,$ 36000.00
11-12-24,415371,1595,11-20-24,5929,11-21-24,4,FA,3598,4557,NN,Semillas,Soja,Soja,$ 36000.00
11-12-24,415372,1595,11-20-24,5928,11-21-24,4,FA,3598,4557,NN,Semillas,Soja,Soja,$ 36000.00
11-12-24,415373,1596,11-22-24,5943,11-25-24,4,FA,3615,62,NN,Semillas,Melilotus Albus,Melilotus Albus,$ 36000.00
11-12-24,415374,1596,11-22-24,5942,11-25-24,4,FA,3615,62,NN,Semillas,Melilotus Albus,Melilotus Albus,$ 36000.00
11-12-24,415375,1596,11-22-24,5941,11-25-24,4,FA,3615,62,NN,Semillas,Melilotus Albus,Melilotus Albus,$ 36000.00
11-12-24,415376,1596,11-25-24,5948,11-26-24,4,FA,3618,62,NN,Semillas,Trebol Blanco,Trebol Blanco,$ 36000.00
11-12-24,415377,1596,11-25-24,5947,11-26-24,4,FA,3618,62,NN,Semillas,Trebol Blanco,Trebol Blanco,$ 36000.00
11-12-24,415378,1596,11-29-24,5975,12-13-24,4,FA,3657,62,NN,Semillas,Cebadilla Criolla,Cebadilla Criolla,$ 36000.00
11-12-24,415379,1596,11-26-24,5949,11-26-24,4,FA,3618,62,NN,Semillas,Achicoria,Achicoria,$ 36000.00
11-12-24,415380,1597,12-12-24,6003,12-13-24,4,FA,3646,62,NN,Semillas,Gatton Panic,Gatton Panic,$ 73000.00
11-12-24,415381,1597,12-03-24,5981,12-13-24,4,FA,3646,62,NN,Semillas,Semilla Vital,Urochloa Brizantha,$ 73000.00
11-12-24,415382,1597,12-03-24,5980,12-13-24,4,FA,3646,62,NN,Semillas,Semilla Vital,Urochloa Brizantha,$ 73000.00
11-12-24,415383,1597,12-03-24,5979,12-13-24,4,FA,3646,62,NN,Semillas,Semilla Vital,Urochloa Brizantha,$ 73000.00
11-12-24,415384,1597,12-03-24,5978,12-13-24,4,FA,3646,62,NN,Semillas,Semilla Vital,Urochloa Ruziziensis,$ 73000.00
11-12-24,415402,1598,11-20-24,5927,11-26-24,4,FA,3620,2795,NN,Semillas,Soja,Soja,$ 105000.00
11-13-24,415413,1600,11-14-24,5916,11-21-24,4,FA,3593,772,NN,Semillas,Maíz,Maíz,$ 45000.00
11-13-24,415414,1600,11-14-24,5915,11-21-24,4,FA,3593,772,NN,Semillas,Maíz,Maíz,$ 45000.00
11-13-24,415416,1601,11-15-24,5925,11-21-24,4,FA,3595,1328,NN,Semillas,Gatton Panic,Gatton Panic,$ 45000.00
11-13-24,415417,1601,11-15-24,5924,11-21-24,4,FA,3595,1328,NN,Semillas,Gatton Panic,Gatton Panic,$ 45000.00
11-13-24,415418,1601,11-15-24,5923,11-21-24,4,FA,3595,1328,NN,Semillas,Gatton Panic,Gatton Panic,$ 45000.00
11-13-24,415419,1601,11-15-24,5922,11-21-24,4,FA,3595,1328,NN,Semillas,Gatton Panic,Gatton Panic,$ 45000.00
11-13-24,415420,1601,11-21-24,5938,11-25-24,4,FA,3617,1328,NN,Semillas,Gatton Panic,Gatton Panic,$ 45000.00
11-13-24,415421,1601,11-21-24,5937,11-25-24,4,FA,3617,1328,NN,Semillas,Gatton Panic,Gatton Panic,$ 45000.00
11-13-24,415422,1601,11-21-24,5936,11-25-24,4,FA,3617,1328,NN,Semillas,Gatton Panic,Gatton Panic,$ 45000.00
11-13-24,415423,1601,11-22-24,5946,11-25-24,4,FA,3617,1328,NN,Semillas,Gatton Panic,Gatton Panic,$ 45000.00
11-13-24,415424,1601,11-22-24,5945,11-25-24,4,FA,3617,1328,NN,Semillas,Gatton Panic,Gatton Panic,$ 45000.00
11-13-24,415425,1601,11-22-24,5944,11-25-24,4,FA,3617,1328,NN,Semillas,Gatton Panic,Gatton Panic,$ 45000.00
11-13-24,415426,1602,11-21-24,5935,11-25-24,4,FA,3616,4557,NN,Semillas,Soja,Soja,$ 36000.00
11-13-24,415427,1603,12-16-24,6010,12-19-24,4,FA,3667,4296,NN,Semillas,Gatton Panic,Gatton Panic,$ 51000.00
11-13-24,415428,1603,12-16-24,6009,12-19-24,4,FA,3667,4296,NN,Semillas,Gatton Panic,Gatton Panic,$ 51000.00
11-14-24,415433,1604,11-15-24,5921,11-21-24,4,FA,3597,3660,NN,Semillas,Girasol,Girasol,$ 32000.00
11-14-24,415434,1605,12-02-24,5977,12-13-24,4,FA,3656,3660,NN,Semillas,Girasol,Girasol,$ 36000.00
11-14-24,415443,1606,11-22-24,5940,11-25-24,4,FA,3616,4557,NN,Semillas,Soja,Soja,$ 36000.00
11-14-24,415444,1606,11-22-24,5939,11-25-24,4,FA,3616,4557,NN,Semillas,Soja,Soja,$ 36000.00
11-15-24,415449,1607,12-05-24,5991,12-13-24,4,FA,3646,62,NN,Semillas,Crotalaria,Crotalaria,$ 36000.00
11-19-24,415450,1608,11-26-24,5952,11-26-24,4,FA,3619,2795,NN,Semillas,Convenio Syngenta Soja Completo,Soja,$ 52000.00
11-19-24,415451,1608,11-26-24,5951,11-26-24,4,FA,3619,2795,NN,Semillas,Convenio Syngenta Soja Completo,Soja,$ 52000.00
11-19-24,415452,1608,11-26-24,5950,11-26-24,4,FA,3619,2795,NN,Semillas,Convenio Syngenta Soja Completo,Soja,$ 52000.00
11-20-24,415476,1609,11-27-24,5974,11-28-24,4,FA,3626,392,NN,Semillas,Doble Poder X2,Soja,$ 61000.00
11-20-24,415477,1609,11-27-24,5973,11-28-24,4,FA,3626,392,NN,Semillas,Doble Poder X2,Soja,$ 61000.00
11-20-24,415478,1609,11-27-24,5972,11-28-24,4,FA,3626,392,NN,Semillas,Doble Poder X2,Soja,$ 61000.00
11-20-24,415479,1609,11-27-24,5971,11-28-24,4,FA,3626,392,NN,Semillas,Doble Poder X2,Soja,$ 61000.00
11-20-24,415480,1609,11-27-24,5970,11-28-24,4,FA,3626,392,NN,Semillas,Doble Poder X2,Soja,$ 61000.00
11-20-24,415481,1609,11-27-24,5969,11-28-24,4,FA,3626,392,NN,Semillas,Doble Poder X2,Soja,$ 61000.00
11-20-24,415482,1609,11-27-24,5968,11-28-24,4,FA,3626,392,NN,Semillas,Doble Poder X2,Soja,$ 61000.00
11-20-24,415483,1609,11-27-24,5967,11-28-24,4,FA,3626,392,NN,Semillas,Doble Poder X2,Soja,$ 61000.00
11-20-24,415484,1610,11-27-24,5966,11-28-24,4,FA,3626,392,NN,Semillas,Soja,Soja,$ 47000.00
11-20-24,415485,1610,11-27-24,5965,11-28-24,4,FA,3626,392,NN,Semillas,Soja,Soja,$ 47000.00
11-20-24,415486,1610,11-27-24,5964,11-28-24,4,FA,3626,392,NN,Semillas,Soja,Soja,$ 47000.00
11-20-24,415487,1611,11-27-24,5963,11-28-24,4,FA,3627,4557,NN,Semillas,Soja,Soja,$ 36000.00
11-21-24,415547,1613,12-04-24,5982,12-13-24,4,FA,3650,670,NN,Semillas,Trigo,Trigo,$ 36000.00
11-20-24,415548,1612,12-19-24,6016,12-26-24,4,FA,3671,1328,NN,Semillas,Panicum Coloratum,Panicum Coloratum,$ 73000.00
11-20-24,415549,1612,12-19-24,6015,12-26-24,4,FA,3671,1328,NN,Semillas,Panicum Coloratum,Panicum Coloratum,$ 73000.00
11-21-24,415550,1614,12-06-24,5995,12-13-24,4,FA,3646,62,NN,Semillas,Sorgo,Sorgo,$ 36000.00
11-21-24,415551,1614,12-06-24,5994,12-13-24,4,FA,3646,62,NN,Semillas,Sorgo,Sorgo,$ 36000.00
11-22-24,415645,1615,12-02-24,5976,12-13-24,4,FA,3658,3659,NN,Semillas,Poder + Peso,Poroto,$ 52000.00
11-26-24,415777,1616,12-04-24,5989,12-13-24,4,FA,3651,350,NN,Semillas,Calidad Trigo/Soja,Soja,$ 60000.00
11-26-24,415778,1616,12-04-24,5988,12-13-24,4,FA,3651,350,NN,Semillas,Calidad Trigo/Soja,Soja,$ 60000.00
11-26-24,415779,1616,12-04-24,5987,12-13-24,4,FA,3651,350,NN,Semillas,Calidad Trigo/Soja,Soja,$ 60000.00
11-26-24,415780,1616,12-04-24,5986,12-13-24,4,FA,3651,350,NN,Semillas,Calidad Trigo/Soja,Soja,$ 60000.00
11-26-24,415781,1616,12-04-24,5985,12-13-24,4,FA,3651,350,NN,Semillas,Calidad Trigo/Soja,Soja,$ 60000.00
11-26-24,415782,1616,12-04-24,5984,12-13-24,4,FA,3651,350,NN,Semillas,Calidad Trigo/Soja,Soja,$ 60000.00
11-26-24,415783,1616,12-04-24,5983,12-13-24,4,FA,3651,350,NN,Semillas,Calidad Trigo/Soja,Soja,$ 60000.00
11-26-24,415784,1617,11-27-24,5959,11-28-24,4,FA,3625,350,NN,Semillas,Soja,Soja,$ 40000.00
11-26-24,415785,1617,11-27-24,5958,11-28-24,4,FA,3625,350,NN,Semillas,Soja,Soja,$ 40000.00
11-26-24,415786,1617,11-27-24,5957,11-28-24,4,FA,3625,350,NN,Semillas,Soja,Soja,$ 40000.00
11-26-24,415787,1617,11-27-24,5956,11-28-24,4,FA,3625,350,NN,Semillas,Soja,Soja,$ 40000.00
11-26-24,415788,1617,11-27-24,5955,11-28-24,4,FA,3625,350,NN,Semillas,Soja,Soja,$ 40000.00
11-26-24,415789,1617,11-27-24,5954,11-28-24,4,FA,3625,350,NN,Semillas,Soja,Soja,$ 40000.00
11-26-24,415790,1617,11-27-24,5953,11-28-24,4,FA,3625,350,NN,Semillas,Soja,Soja,$ 40000.00
11-26-24,415819,1618,12-04-24,5990,12-13-24,4,FA,3645,4557,NN,Semillas,Soja,Soja,$ 36000.00
11-26-24,415823,1619,12-06-24,5993,12-13-24,4,FA,3649,3659,NN,Semillas,Poroto,Poroto,$ 36000.00
11-29-24,416012,1620,12-06-24,5992,12-13-24,4,FA,3647,392,NN,Semillas,Doble Poder X2,Soja,$ 61000.00
12-04-24,416077,1621,12-11-24,5999,12-13-24,4,FA,3652,981,NN,Semillas,Fuerza Total,Maíz,$ 51000.00
12-04-24,416078,1622,12-17-24,6013,12-19-24,4,FA,3666,981,NN,Semillas,Fuerza Total,Trigo,$ 51000.00
12-04-24,416079,1622,12-17-24,6012,12-19-24,4,FA,3666,981,NN,Semillas,Fuerza Total,Trigo,$ 51000.00
12-05-24,416081,1623,12-18-24,6014,12-19-24,4,FA,3663,4943,NN,Semillas,Trigo,Trigo,$ 36000.00
12-05-24,416082,1624,12-13-24,6005,12-19-24,4,FA,3665,350,NN,Semillas,Calidad Trigo/Soja,Soja,$ 60000.00
12-05-24,416083,1624,12-13-24,6004,12-19-24,4,FA,3665,350,NN,Semillas,Calidad Trigo/Soja,Soja,$ 60000.00
12-05-24,416084,1625,12-06-24,5997,12-13-24,4,FA,3651,350,NN,Semillas,Soja,Soja,$ 45000.00
12-05-24,416085,1625,12-06-24,5996,12-13-24,4,FA,3651,350,NN,Semillas,Soja,Soja,$ 45000.00
12-06-24,416089,1626,12-13-24,6008,12-19-24,4,FA,3664,2892,NN,Semillas,Fuerza Total Curado,Soja,$ 59000.00
12-06-24,416090,1626,12-13-24,6007,12-19-24,4,FA,3664,2892,NN,Semillas,Fuerza Total Curado,Soja,$ 59000.00
12-06-24,416091,1626,12-13-24,6006,12-19-24,4,FA,3664,2892,NN,Semillas,Fuerza Total Curado,Soja,$ 59000.00
12-10-24,416433,1627,12-12-24,6002,12-13-24,4,FA,3648,5167,NN,Semillas,Maíz,Maíz,$ 45000.00
12-10-24,416434,1627,12-12-24,6001,12-13-24,4,FA,3648,5167,NN,Semillas,Maíz,Maíz,$ 45000.00
12-10-24,416435,1627,12-12-24,6000,12-13-24,4,FA,3648,5167,NN,Semillas,Maíz,Maíz,$ 45000.00
12-17-24,416729,1629,12-20-24,6020,12-26-24,4,FA,3671,1328,NN,Semillas,Gatton Panic,Gatton Panic,$ 45000.00
12-17-24,416730,1629,12-20-24,6019,12-26-24,4,FA,3671,1328,NN,Semillas,Gatton Panic,Gatton Panic,$ 45000.00
12-17-24,416731,1629,12-20-24,6018,12-26-24,4,FA,3671,1328,NN,Semillas,Gatton Panic,Gatton Panic,$ 45000.00
12-17-24,416732,1629,12-20-24,6017,12-26-24,4,FA,3671,1328,NN,Semillas,Gatton Panic,Gatton Panic,$ 45000.00
12-18-24,416786,1630,12-30-24,6027,01-09-25,4,FA,3691,392,NN,Semillas,Trigo,Trigo,$ 26000.00
12-18-24,416787,1630,12-30-24,6026,01-09-25,4,FA,3691,392,NN,Semillas,Trigo,Trigo,$ 26000.00
12-18-24,416788,1630,12-30-24,6025,01-09-25,4,FA,3691,392,NN,Semillas,Trigo,Trigo,$ 26000.00
12-18-24,416789,1630,12-30-24,6024,01-09-25,4,FA,3691,392,NN,Semillas,Trigo,Trigo,$ 26000.00
12-18-24,416790,1630,12-30-24,6023,01-09-25,4,FA,3691,392,NN,Semillas,Trigo,Trigo,$ 26000.00
12-18-24,416791,1631,12-27-24,6021,01-09-25,4,FA,3691,392,NN,Semillas,Soja,Soja,$ 26000.00
12-27-24,417017,1633,01-15-25,6046,01-16-25,4,FA,3698,4947,NN,Semillas,Semilla Vital,Vicia,$ 73000.00
12-30-24,417024,1634,01-10-25,6037,01-16-25,4,FA,3697,4329,NN,Semillas,Centeno,Centeno,$ 36000.00
12-30-24,417025,1634,01-10-25,6036,01-16-25,4,FA,3697,4329,NN,Semillas,Cebada,Cebada,$ 36000.00
12-30-24,417026,1635,01-07-25,6031,01-09-25,4,FA,3690,4557,NN,Semillas,Garbanzo,Garbanzo,$ 81000.00
12-30-24,417027,1635,01-07-25,6030,01-09-25,4,FA,3690,4557,NN,Semillas,Garbanzo,Garbanzo,$ 81000.00
01-02-25,417030,1636,01-17-25,6052,01-22-25,4,FA,3718,960,NN,Semillas,Centeno,Centeno,$ 73000.00
01-03-25,417126,1637,01-14-25,6042,01-16-25,4,FA,3696,4396,NN,Semillas,Fuerza Total,Trigo,$ 51000.00
01-03-25,417127,1638,01-06-25,6028,01-09-25,4,FA,3692,62,NN,Semillas,Gatton Panic,Gatton Panic,$ 32000.00
01-03-25,417128,1639,01-06-25,6029,01-09-25,4,FA,3692,62,NN,Semillas,Gatton Panic,Gatton Panic,$ 45000.00
01-06-25,417131,1642,01-14-25,6045,01-16-25,4,FA,3693,392,NN,Semillas,Garbanzo,Garbanzo,$ 98300.00
01-07-25,417182,1643,01-09-25,6033,01-16-25,4,FA,3694,1328,NN,Semillas,Buffel Grass,Buffel Grass,$ 51000.00
01-07-25,417183,1643,01-09-25,6032,01-16-25,4,FA,3694,1328,NN,Semillas,Buffel Grass,Buffel Grass,$ 51000.00
01-07-25,417184,1644,01-09-25,6035,01-16-25,4,FA,3694,1328,NN,Semillas,Gatton Panic,Gatton Panic,$ 51000.00
01-07-25,417185,1644,01-09-25,6034,01-16-25,4,FA,3694,1328,NN,Semillas,Gatton Panic,Gatton Panic,$ 51000.00
01-07-25,417186,1644,01-15-25,6049,01-16-25,4,FA,3694,1328,NN,Semillas,Gatton Panic,Gatton Panic,$ 51000.00
01-07-25,417187,1644,01-15-25,6048,01-16-25,4,FA,3694,1328,NN,Semillas,Gatton Panic,Gatton Panic,$ 51000.00
01-07-25,417188,1644,01-15-25,6047,01-16-25,4,FA,3694,1328,NN,Semillas,Gatton Panic,Gatton Panic,$ 51000.00
01-07-25,417189,1644,01-10-25,6041,01-16-25,4,FA,3694,1328,NN,Semillas,Gatton Panic,Gatton Panic,$ 51000.00
01-07-25,417190,1644,01-10-25,6040,01-16-25,4,FA,3694,1328,NN,Semillas,Gatton Panic,Gatton Panic,$ 51000.00
01-07-25,417191,1644,01-10-25,6039,01-16-25,4,FA,3694,1328,NN,Semillas,Gatton Panic,Gatton Panic,$ 51000.00
01-07-25,417192,1644,01-10-25,6038,01-16-25,4,FA,3694,1328,NN,Semillas,Gatton Panic,Gatton Panic,$ 51000.00
01-08-25,417250,1645,01-21-25,6061,01-22-25,4,FA,3717,1286,NN,Semillas,Fuerza Total,Trigo,$ 57100.00
01-08-25,417251,1645,01-21-25,6060,01-22-25,4,FA,3717,1286,NN,Semillas,Fuerza Total,Trigo,$ 57100.00
01-08-25,417252,1645,01-21-25,6059,01-22-25,4,FA,3717,1286,NN,Semillas,Fuerza Total,Trigo,$ 57100.00
01-08-25,417253,1645,01-21-25,6058,01-22-25,4,FA,3717,1286,NN,Semillas,Fuerza Total,Trigo,$ 57100.00
01-09-25,417286,1646,01-20-25,6057,01-22-25,4,FA,3716,2211,NN,Semillas,Centeno,Centeno,$ 47900.00
01-09-25,417287,1646,01-20-25,6056,01-22-25,4,FA,3716,2211,NN,Semillas,Centeno,Centeno,$ 47900.00
01-10-25,417301,1647,01-17-25,6053,01-22-25,4,FA,3715,3659,NN,Semillas,Poder + Peso,Poroto Mung,$ 58200.00
01-10-25,417302,1647,01-20-25,6054,01-22-25,4,FA,3715,3659,NN,Semillas,Poder + Peso,Poroto,$ 58200.00
01-10-25,417305,1648,01-20-25,6055,01-22-25,4,FA,3719,441,NN,Semillas,Semilla Vital,Poroto,$ 82000.00
01-13-25,417306,1649,01-27-25,6069,01-29-25,4,FA,3726,62,NN,Semillas,Avena Blanca / Amarilla/ Byzantina,Avena Blanca / Amarilla/ Byzantina,$ 47900.00
01-13-25,417307,1649,01-27-25,6068,01-29-25,4,FA,3726,62,NN,Semillas,Avena Blanca / Amarilla/ Byzantina,Avena Blanca / Amarilla/ Byzantina,$ 47900.00
01-13-25,417308,1649,01-27-25,6067,01-29-25,4,FA,3726,62,NN,Semillas,Avena Strigosa,Avena Strigosa,$ 47900.00
01-13-25,417309,1649,01-27-25,6066,01-29-25,4,FA,3726,62,NN,Semillas,Avena Blanca / Amarilla/ Byzantina,Avena Blanca / Amarilla/ Byzantina,$ 47900.00
01-13-25,417310,1649,01-27-25,6065,01-29-25,4,FA,3726,62,NN,Semillas,Avena Blanca / Amarilla/ Byzantina,Avena Blanca / Amarilla/ Byzantina,$ 47900.00
01-13-25,417311,1649,01-27-25,6064,01-29-25,4,FA,3726,62,NN,Semillas,Avena Blanca / Amarilla/ Byzantina,Avena Blanca / Amarilla/ Byzantina,$ 47900.00
01-13-25,417312,1650,01-15-25,6051,01-16-25,4,FA,3695,62,NN,Semillas,Gatton Panic,Gatton Panic,$ 50400.00
01-13-25,417313,1650,01-15-25,6050,01-16-25,4,FA,3695,62,NN,Semillas,Gatton Panic,Gatton Panic,$ 50400.00
01-13-25,417316,1652,01-14-25,6044,01-16-25,4,FA,3695,62,NN,Semillas,Gatton Panic,Gatton Panic,$ 35800.00
01-13-25,417317,1652,01-14-25,6043,01-16-25,4,FA,3695,62,NN,Semillas,Gatton Panic,Gatton Panic,$ 35800.00
03-07-25,417318,1653,03-07-25,6146,03-10-25,4,FA,3763,1856,NN,Semillas,Semilla Vital,Buffel Grass,$ 82000.00
03-07-25,417319,1653,03-07-25,6145,03-10-25,4,FA,3763,1856,NN,Semillas,Semilla Vital,Buffel Grass,$ 82000.00
01-14-25,417323,1654,01-28-25,6084,01-29-25,4,FA,3729,3243,NN,Semillas,Calidad Trigo/Soja,Trigo,$ 75000.00
01-14-25,417324,1654,01-28-25,6083,01-29-25,4,FA,3729,3243,NN,Semillas,Fuerza Total,Trigo,$ 57100.00
01-15-25,417365,1655,01-28-25,6085,01-29-25,4,FB,68,3193,NN,Semillas,Pack Integral,Melilotus Albus,$ 91000.00
01-16-25,417441,1656,01-23-25,6063,01-29-25,4,FA,3727,3659,NN,Semillas,Poroto Mung,Poroto Mung,$ 47900.00
01-16-25,417442,1656,01-23-25,6062,01-29-25,4,FA,3727,3659,NN,Semillas,Poroto Mung,Poroto Mung,$ 47900.00
01-17-25,417444,1657,01-27-25,6082,01-29-25,4,FA,3728,522,NN,Semillas,Convenio Syngenta Trigo,Trigo,$ 68000.00
01-17-25,417445,1657,01-27-25,6081,01-29-25,4,FA,3728,522,NN,Semillas,Convenio Syngenta Trigo,Trigo,$ 68000.00
01-17-25,417446,1657,01-27-25,6080,01-29-25,4,FA,3728,522,NN,Semillas,Convenio Syngenta Trigo,Trigo,$ 68000.00
01-17-25,417447,1657,01-27-25,6079,01-29-25,4,FA,3728,522,NN,Semillas,Convenio Syngenta Trigo,Trigo,$ 68000.00
01-17-25,417448,1657,01-27-25,6078,01-29-25,4,FA,3728,522,NN,Semillas,Convenio Syngenta Trigo,Trigo,$ 68000.00
01-17-25,417449,1657,01-27-25,6077,01-29-25,4,FA,3728,522,NN,Semillas,Convenio Syngenta Trigo,Trigo,$ 68000.00
01-17-25,417450,1657,01-27-25,6076,01-29-25,4,FA,3728,522,NN,Semillas,Convenio Syngenta Trigo,Trigo,$ 68000.00
01-17-25,417451,1657,01-27-25,6075,01-29-25,4,FA,3728,522,NN,Semillas,Convenio Syngenta Trigo,Trigo,$ 68000.00
01-17-25,417452,1657,01-27-25,6074,01-29-25,4,FA,3728,522,NN,Semillas,Convenio Syngenta Trigo,Trigo,$ 68000.00
01-17-25,417453,1657,01-27-25,6073,01-29-25,4,FA,3728,522,NN,Semillas,Convenio Syngenta Trigo,Trigo,$ 68000.00
01-17-25,417454,1657,01-27-25,6072,01-29-25,4,FA,3728,522,NN,Semillas,Convenio Syngenta Trigo,Trigo,$ 68000.00
01-17-25,417455,1657,01-27-25,6071,01-29-25,4,FA,3728,522,NN,Semillas,Convenio Syngenta Trigo,Trigo,$ 68000.00
01-17-25,417456,1657,01-27-25,6070,01-29-25,4,FA,3728,522,NN,Semillas,Convenio Syngenta Trigo,Trigo,$ 68000.00
01-23-25,417661,1660,01-29-25,6086,01-30-25,4,FA,3733,5179,NN,Semillas,Fuerza Total,Sesamo,$ 57100.00
01-27-25,417690,1664,01-29-25,6089,01-30-25,4,FA,3732,4281,NN,Semillas,Gatton Panic,Gatton Panic,$ 51000.00
01-27-25,417691,1664,01-29-25,6088,01-30-25,4,FA,3732,4281,NN,Semillas,Gatton Panic,Gatton Panic,$ 51000.00
01-27-25,417692,1664,01-29-25,6087,01-30-25,4,FA,3732,4281,NN,Semillas,Panicum Coloratum,Panicum Coloratum,$ 51000.00
01-28-25,417728,1666,01-30-25,6092,01-30-25,4,FA,3731,1328,NN,Semillas,Buffel Grass,Buffel Grass,$ 51000.00
01-28-25,417729,1666,01-30-25,6091,01-30-25,4,FA,3731,1328,NN,Semillas,Buffel Grass,Buffel Grass,$ 51000.00
01-28-25,417730,1666,01-30-25,6090,01-30-25,4,FA,3731,1328,NN,Semillas,Buffel Grass,Buffel Grass,$ 51000.00
03-07-25,417736,1667,03-07-25,6142,03-10-25,4,FA,3764,3221,NN,Semillas,Centeno,Centeno,$ 47900.00
03-07-25,417741,1668,03-10-25,6162,03-10-25,4,FA,3762,392,NN,Semillas,Convenio Syngenta Trigo,Trigo,$ 68000.00
03-07-25,417742,1668,03-10-25,6161,03-10-25,4,FA,3762,392,NN,Semillas,Convenio Syngenta Trigo,Trigo,$ 68000.00
03-07-25,417743,1668,03-10-25,6160,03-10-25,4,FA,3762,392,NN,Semillas,Convenio Syngenta Trigo,Trigo,$ 68000.00
03-07-25,417744,1668,03-10-25,6159,03-10-25,4,FA,3762,392,NN,Semillas,Convenio Syngenta Trigo,Trigo,$ 68000.00
03-07-25,417745,1668,03-10-25,6158,03-10-25,4,FA,3762,392,NN,Semillas,Convenio Syngenta Trigo,Trigo,$ 68000.00
03-07-25,417746,1668,03-10-25,6157,03-10-25,4,FA,3762,392,NN,Semillas,Convenio Syngenta Trigo,Trigo,$ 68000.00
03-07-25,417747,1668,03-10-25,6156,03-10-25,4,FA,3762,392,NN,Semillas,Convenio Syngenta Trigo,Trigo,$ 68000.00
03-07-25,417748,1668,03-10-25,6155,03-10-25,4,FA,3762,392,NN,Semillas,Convenio Syngenta Trigo,Trigo,$ 68000.00
03-07-25,417749,1668,03-10-25,6154,03-10-25,4,FA,3762,392,NN,Semillas,Convenio Syngenta Trigo,Trigo,$ 68000.00
03-07-25,417750,1668,03-10-25,6153,03-10-25,4,FA,3762,392,NN,Semillas,Convenio Syngenta Trigo,Trigo,$ 68000.00
03-10-25,417751,1668,03-10-25,6152,03-10-25,4,FA,3762,392,NN,Semillas,Convenio Syngenta Trigo,Trigo,$ 68000.00
03-10-25,417752,1668,03-10-25,6151,03-10-25,4,FA,3762,392,NN,Semillas,Convenio Syngenta Trigo,Trigo,$ 68000.00
03-10-25,417753,1668,03-10-25,6150,03-10-25,4,FA,3762,392,NN,Semillas,Convenio Syngenta Trigo,Trigo,$ 68000.00
03-07-25,417868,1669,03-07-25,6144,03-10-25,4,FA,3760,4721,NN,Semillas,Avena Blanca / Amarilla/ Byzantina,Avena Blanca / Amarilla/ Byzantina,$ 47900.00
03-07-25,417869,1670,03-07-25,6143,03-10-25,4,FA,3759,714,NN,Semillas,Poder Curado + Peso,Trigo,$ 67200.00
03-07-25,417870,1671,03-11-25,6227,03-13-25,4,FA,3771,714,NN,Semillas,Trigo,Trigo,$ 92700.00
03-07-25,417871,1671,03-11-25,6226,03-13-25,4,FA,3771,714,NN,Semillas,Trigo,Trigo,$ 92700.00
03-07-25,417872,1671,03-11-25,6225,03-13-25,4,FA,3771,714,NN,Semillas,Trigo,Trigo,$ 92700.00
03-10-25,417873,1671,03-11-25,6224,03-13-25,4,FA,3771,714,NN,Semillas,Trigo,Trigo,$ 92700.00
03-10-25,417874,1671,03-11-25,6223,03-13-25,4,FA,3771,714,NN,Semillas,Trigo,Trigo,$ 92700.00
03-10-25,417875,1671,03-11-25,6222,03-13-25,4,FA,3771,714,NN,Semillas,Trigo,Trigo,$ 92700.00
03-10-25,417876,1671,03-11-25,6221,03-13-25,4,FA,3771,714,NN,Semillas,Trigo,Trigo,$ 92700.00
03-10-25,417877,1671,03-11-25,6220,03-13-25,4,FA,3771,714,NN,Semillas,Trigo,Trigo,$ 92700.00
03-10-25,417878,1671,03-11-25,6219,03-13-25,4,FA,3771,714,NN,Semillas,Trigo,Trigo,$ 92700.00
03-10-25,417879,1671,03-11-25,6218,03-13-25,4,FA,3771,714,NN,Semillas,Trigo,Trigo,$ 92700.00
03-10-25,417880,1671,03-11-25,6217,03-13-25,4,FA,3771,714,NN,Semillas,Trigo,Trigo,$ 92700.00
03-10-25,417881,1671,03-11-25,6216,03-13-25,4,FA,3771,714,NN,Semillas,Trigo,Trigo,$ 92700.00
03-10-25,417882,1671,03-11-25,6215,03-13-25,4,FA,3771,714,NN,Semillas,Trigo,Trigo,$ 92700.00
03-10-25,417883,1671,03-11-25,6214,03-13-25,4,FA,3771,714,NN,Semillas,Trigo,Trigo,$ 92700.00
03-11-25,417884,1671,03-11-25,6213,03-13-25,4,FA,3771,714,NN,Semillas,Trigo,Trigo,$ 92700.00
03-10-25,417885,1671,03-11-25,6212,03-13-25,4,FA,3771,714,NN,Semillas,Trigo,Trigo,$ 92700.00
03-10-25,417886,1671,03-11-25,6211,03-13-25,4,FA,3771,714,NN,Semillas,Trigo,Trigo,$ 92700.00
03-10-25,417887,1671,03-11-25,6210,03-13-25,4,FA,3771,714,NN,Semillas,Trigo,Trigo,$ 92700.00
03-10-25,417888,1671,03-11-25,6209,03-13-25,4,FA,3771,714,NN,Semillas,Trigo,Trigo,$ 92700.00
03-07-25,417895,1673,03-10-25,6149,03-10-25,4,FA,3761,2853,NN,Semillas,Garbanzo,Garbanzo,$ 215000.00
03-07-25,417896,1673,03-10-25,6148,03-10-25,4,FA,3761,2853,NN,Semillas,Garbanzo,Garbanzo,$ 215000.00
03-10-25,417992,1675,03-10-25,6163,03-13-25,4,FA,3776,981,NN,Semillas,Fuerza Total,Trigo,$ 57100.00
03-07-25,417994,1672,03-10-25,6147,03-10-25,4,FA,3761,2853,NN,Semillas,Garbanzo,Garbanzo,$ 215000.00
03-10-25,418045,1677,03-10-25,6165,03-13-25,4,FA,3772,4557,NN,Semillas,Trigo,Trigo,$ 47900.00
03-10-25,418046,1677,03-10-25,6164,03-13-25,4,FA,3772,4557,NN,Semillas,Trigo,Trigo,$ 47900.00
03-10-25,418047,1677,03-10-25,6167,03-13-25,4,FA,3772,4557,NN,Semillas,Centeno,Centeno,$ 47900.00
03-10-25,418048,1677,03-10-25,6166,03-13-25,4,FA,3772,4557,NN,Semillas,Centeno,Centeno,$ 47900.00
03-10-25,418049,1677,03-10-25,6170,03-13-25,4,FA,3772,4557,NN,Semillas,Arveja,Arveja,$ 47900.00
03-10-25,418050,1674,03-10-25,6169,03-13-25,4,FA,3772,4557,NN,Semillas,Arveja,Arveja,$ 47900.00
03-10-25,418051,1677,03-10-25,6168,03-13-25,4,FA,3772,4557,NN,Semillas,Arveja,Arveja,$ 47900.00
03-10-25,418052,1677,03-10-25,6171,03-13-25,4,FA,3772,4557,NN,Semillas,Garbanzo,Garbanzo,$ 47900.00
03-10-25,418053,1677,03-10-25,6172,03-13-25,4,FA,3772,4557,NN,Semillas,Vicia,Vicia,$ 47900.00
03-10-25,418086,1678,03-11-25,6173,03-13-25,4,FA,3773,62,NN,Semillas,Vicia,Vicia,$ 47900.00
03-10-25,418087,1678,03-11-25,6176,03-13-25,4,FA,3773,62,NN,Semillas,Rye Grass Anual,Rye Grass Anual,$ 47900.00
03-10-25,418088,1678,03-11-25,6175,03-13-25,4,FA,3773,62,NN,Semillas,Rye Grass Anual,Rye Grass Anual,$ 47900.00
03-10-25,418089,1678,03-11-25,6174,03-13-25,4,FA,3773,62,NN,Semillas,Rye Grass Anual,Rye Grass Anual,$ 47900.00
03-10-25,418090,1678,03-11-25,6178,03-13-25,4,FA,3773,62,NN,Semillas,Alfalfa,Alfalfa,$ 83700.00
03-10-25,418091,1678,03-11-25,6177,03-13-25,4,FA,3773,62,NN,Semillas,Alfalfa,Alfalfa,$ 83700.00
03-10-25,418092,1678,03-11-25,6179,03-13-25,4,FA,3773,62,NN,Semillas,Avena Strigosa,Avena Strigosa,$ 47900.00
03-10-25,418225,1679,03-11-25,6181,03-13-25,4,FA,3774,3659,NN,Semillas,Poder + Peso,Poroto Mung,$ 58200.00
03-10-25,418226,1679,03-11-25,6180,03-13-25,4,FA,3774,3659,NN,Semillas,Poder + Peso,Poroto Mung,$ 58200.00
03-10-25,418234,1684,03-11-25,6187,03-13-25,4,FA,3775,104,NN,Semillas,Fuerza Total,Centeno,$ 57100.00
03-10-25,418235,1684,03-11-25,6186,03-13-25,4,FA,3775,104,NN,Semillas,Fuerza Total,Centeno,$ 57100.00
03-10-25,418236,1684,03-11-25,6185,03-13-25,4,FA,3775,104,NN,Semillas,Fuerza Total,Centeno,$ 57100.00
03-10-25,418237,1685,03-11-25,6184,03-13-25,4,FA,3775,104,NN,Semillas,Fuerza Total,Centeno,$ 57100.00
03-10-25,418238,1685,03-11-25,6183,03-13-25,4,FA,3775,104,NN,Semillas,Fuerza Total,Centeno,$ 57100.00
03-10-25,418239,1685,03-11-25,6182,03-13-25,4,FA,3775,104,NN,Semillas,Fuerza Total,Centeno,$ 57100.00
03-10-25,418240,1685,03-11-25,6193,03-13-25,4,FA,3775,104,NN,Semillas,Fuerza Total,Centeno,$ 57100.00
03-10-25,418241,1685,03-11-25,6192,03-13-25,4,FA,3775,104,NN,Semillas,Fuerza Total,Centeno,$ 57100.00
03-10-25,418242,1685,03-11-25,6191,03-13-25,4,FA,3775,104,NN,Semillas,Fuerza Total,Centeno,$ 57100.00
03-10-25,418243,1685,03-11-25,6190,03-13-25,4,FA,3775,104,NN,Semillas,Fuerza Total,Centeno,$ 57100.00
03-10-25,418244,1685,03-11-25,6189,03-13-25,4,FA,3775,104,NN,Semillas,Fuerza Total,Centeno,$ 57100.00
03-10-25,418245,1685,03-11-25,6188,03-13-25,4,FA,3775,104,NN,Semillas,Fuerza Total,Centeno,$ 57100.00
03-10-25,418246,1686,03-11-25,6199,03-13-25,4,FA,3775,104,NN,Semillas,Centeno,Centeno,$ 51000.00
03-10-25,418247,1686,03-11-25,6198,03-13-25,4,FA,3775,104,NN,Semillas,Centeno,Centeno,$ 51000.00
03-10-25,418248,1686,03-11-25,6197,03-13-25,4,FA,3775,104,NN,Semillas,Centeno,Centeno,$ 51000.00
03-10-25,418249,1686,03-11-25,6196,03-13-25,4,FA,3775,104,NN,Semillas,Centeno,Centeno,$ 51000.00
03-10-25,418250,1686,03-11-25,6195,03-13-25,4,FA,3775,104,NN,Semillas,Centeno,Centeno,$ 51000.00
03-10-25,418251,1686,03-11-25,6194,03-13-25,4,FA,3775,104,NN,Semillas,Centeno,Centeno,$ 51000.00
03-10-25,418329,1680,03-11-25,6200,03-13-25,4,FA,3772,4557,NN,Semillas,Garbanzo,Garbanzo,$ 50400.00
03-21-25,418498,1703,03-21-25,6269,03-26-25,4,FA,3800,62,NN,Semillas,Semilla Vital Megatérmicas,Urochloa Ruziziensis,$ 82000.00
03-21-25,418499,1703,03-21-25,6270,03-26-25,4,FA,3800,62,NN,Semillas,Semilla Vital Megatérmicas,Urochloa Brizantha,$ 82000.00
03-21-25,418500,1703,03-21-25,6271,03-26-25,4,FA,3800,62,NN,Semillas,Semilla Vital Megatérmicas,Urochloa Ruziziensis,$ 82000.00
03-20-25,418501,1700,03-20-25,6250,03-26-25,4,FA,3799,6002,NN,Semillas,Garbanzo,Garbanzo,$ 47900.00
03-20-25,418502,1700,03-20-25,6249,03-26-25,4,FA,3799,6002,NN,Semillas,Garbanzo,Garbanzo,$ 47900.00
03-20-25,418503,1700,03-20-25,6248,03-26-25,4,FA,3799,6002,NN,Semillas,Garbanzo,Garbanzo,$ 47900.00
03-20-25,418504,1700,03-20-25,6247,03-26-25,4,FA,3799,6002,NN,Semillas,Garbanzo,Garbanzo,$ 50400.00
03-20-25,418505,1700,03-20-25,6246,03-26-25,4,FA,3799,6002,NN,Semillas,Garbanzo,Garbanzo,$ 50400.00
03-20-25,418506,1700,03-20-25,6245,03-26-25,4,FA,3799,6002,NN,Semillas,Garbanzo,Garbanzo,$ 50400.00
03-10-25,418507,1681,03-11-25,6202,03-13-25,4,FA,3776,981,NN,Semillas,Fuerza Total,Trigo,$ 57100.00
03-10-25,418508,1681,03-11-25,6201,03-13-25,4,FA,3776,981,NN,Semillas,Fuerza Total,Trigo,$ 57100.00
03-10-25,418509,1683,03-11-25,6208,03-13-25,4,FA,3770,1328,NN,Semillas,Gatton Panic,Gatton Panic,$ 51000.00
03-10-25,418510,1683,03-11-25,6207,03-13-25,4,FA,3770,1328,NN,Semillas,Gatton Panic,Gatton Panic,$ 51000.00
03-10-25,418511,1683,03-11-25,6206,03-13-25,4,FA,3770,1328,NN,Semillas,Gatton Panic,Gatton Panic,$ 51000.00
03-10-25,418512,1683,03-11-25,6205,03-13-25,4,FA,3770,1328,NN,Semillas,Gatton Panic,Gatton Panic,$ 51000.00
03-10-25,418513,1683,03-11-25,6204,03-13-25,4,FA,3770,1328,NN,Semillas,Gatton Panic,Gatton Panic,$ 51000.00
03-10-25,418514,1683,03-11-25,6203,03-13-25,4,FA,3770,1328,NN,Semillas,Gatton Panic,Gatton Panic,$ 51000.00
03-10-25,418517,1687,03-12-25,6229,03-13-25,4,FA,3772,4557,NN,Semillas,Trigo,Trigo,$ 47900.00
03-10-25,418518,1687,03-12-25,6228,03-13-25,4,FA,3772,4557,NN,Semillas,Trigo,Trigo,$ 47900.00
03-10-25,418760,1682,03-13-25,6232,03-26-25,4,FA,3805,3243,NN,Semillas,Calidad Trigo/Soja,Trigo,$ 75000.00
03-10-25,418761,1682,03-18-25,6237,03-26-25,4,FA,3805,3243,NN,Semillas,Calidad Trigo/Soja,Trigo,$ 75000.00
03-13-25,418795,1692,03-13-25,6231,03-13-25,4,FA,3770,1328,NN,Semillas,Urocloa,Urocloa,$ 51000.00
03-13-25,418796,1692,03-13-25,6230,03-13-25,4,FA,3770,1328,NN,Semillas,Urocloa,Urocloa,$ 51000.00
03-10-25,418800,1674,03-18-25,6234,03-26-25,4,FA,3798,2853,NN,Semillas,Fuerza Total,Garbanzo,$ 57100.00
03-10-25,418801,1674,03-18-25,6233,03-26-25,4,FA,3798,2853,NN,Semillas,Fuerza Total,Garbanzo,$ 57100.00
03-10-25,418802,1674,03-18-25,6236,03-26-25,4,FA,3798,2853,NN,Semillas,Garbanzo,Garbanzo,$ 50400.00
03-10-25,418803,1674,03-18-25,6235,03-26-25,4,FA,3798,2853,NN,Semillas,Garbanzo,Garbanzo,$ 50400.00
03-10-25,418804,1675,03-20-25,6240,03-26-25,4,FA,3801,772,NN,Semillas,Semilla Vital,Alfalfa,$ 82000.00
03-12-25,418895,1690,03-20-25,6244,03-26-25,4,FA,3802,5167,NN,Semillas,Fuerza Total,Trigo,$ 57100.00
03-12-25,418896,1690,03-20-25,6242,03-26-25,4,FA,3802,5167,NN,Semillas,Trigo,Trigo,$ 37800.00
03-12-25,418897,1690,03-20-25,6243,03-26-25,4,FA,3802,5167,NN,Semillas,Fuerza Total,Trigo,$ 57100.00
03-12-25,418898,1690,03-20-25,6241,03-26-25,4,FA,3802,5167,NN,Semillas,Trigo,Trigo,$ 37800.00
03-11-25,418899,1688,03-21-25,6258,03-26-25,4,FA,3804,700,NN,Semillas,Trigo,Trigo,$ 50400.00
03-11-25,418900,1688,03-21-25,6257,03-26-25,4,FA,3804,700,NN,Semillas,Trigo,Trigo,$ 50400.00
03-11-25,418901,1688,03-21-25,6256,03-26-25,4,FA,3804,700,NN,Semillas,Trigo,Trigo,$ 50400.00
03-11-25,418902,1688,03-21-25,6255,03-26-25,4,FA,3804,700,NN,Semillas,Trigo,Trigo,$ 50400.00
03-11-25,418903,1688,03-21-25,6254,03-26-25,4,FA,3804,700,NN,Semillas,Trigo,Trigo,$ 50400.00
03-11-25,418904,1688,03-21-25,6253,03-26-25,4,FA,3804,700,NN,Semillas,Trigo,Trigo,$ 50400.00
03-11-25,418905,1688,03-21-25,6252,03-26-25,4,FA,3804,700,NN,Semillas,Trigo,Trigo,$ 50400.00
03-11-25,418906,1688,03-21-25,6251,03-26-25,4,FA,3804,700,NN,Semillas,Trigo,Trigo,$ 50400.00
03-11-25,418907,1688,03-19-25,6239,03-26-25,4,FA,3804,700,NN,Semillas,Garbanzo,Garbanzo,$ 50400.00
03-11-25,418908,1688,03-19-25,6238,03-26-25,4,FA,3804,700,NN,Semillas,Garbanzo,Garbanzo,$ 50400.00
03-12-25,418937,1689,03-27-25,6275,01-04-25,4,FA,3818,62,NN,Semillas,Semilla Vital,Avena Strigosa,$ 82000.00
03-12-25,418938,1689,03-27-25,6274,01-04-25,4,FA,3818,62,NN,Semillas,Semilla Vital,Avena Strigosa,$ 82000.00
03-13-25,418953,1691,03-21-25,6260,03-26-25,4,FA,3807,2211,NN,Semillas,Doble Poder,Trigo,$ 50000.00
03-13-25,418954,1691,03-21-25,6259,03-26-25,4,FA,3807,2211,NN,Semillas,Doble Poder,Trigo,$ 50000.00
03-14-25,419207,1693,03-21-25,6266,03-26-25,4,FA,3803,1286,NN,Semillas,Fuerza Total,Trigo,$ 57100.00
03-14-25,419208,1693,03-21-25,6265,03-26-25,4,FA,3803,1286,NN,Semillas,Fuerza Total,Trigo,$ 57100.00
03-14-25,419209,1693,03-21-25,6264,03-26-25,4,FA,3803,1286,NN,Semillas,Fuerza Total,Trigo,$ 57100.00
03-14-25,419210,1693,03-21-25,6263,03-26-25,4,FA,3803,1286,NN,Semillas,Fuerza Total,Trigo,$ 57100.00
03-14-25,419211,1693,03-21-25,6262,03-26-25,4,FA,3803,1286,NN,Semillas,Fuerza Total,Trigo,$ 57100.00
03-14-25,419212,1693,03-21-25,6261,03-26-25,4,FA,3803,1286,NN,Semillas,Fuerza Total,Trigo,$ 57100.00
03-14-25,419213,1694,03-21-25,6268,03-26-25,4,FA,3806,1171,NN,Semillas,Trigo,Trigo,$ 47900.00
03-14-25,419214,1694,03-21-25,6267,03-26-25,4,FA,3806,1171,NN,Semillas,Trigo,Trigo,$ 47900.00
03-14-25,419215,1694,03-28-25,6276,01-04-25,4,FA,3821,1171,NN,Semillas,Alfalfa,Alfalfa,$ 50400.00
03-18-25,419269,1696,03-28-25,6277,01-04-25,4,FA,3820,4329,NN,Semillas,Cebada,Cebada,$ 47900.00
03-18-25,419270,1696,03-28-25,6278,01-04-25,4,FA,3820,4329,NN,Semillas,Centeno,Centeno,$ 47900.00
03-18-25,419271,1697,03-31-25,6286,01-04-25,4,FA,3818,62,NN,Semillas,Alfalfa,Alfalfa,$ 83700.00
03-18-25,419272,1697,03-31-25,6285,01-04-25,4,FA,3818,62,NN,Semillas,Alfalfa,Alfalfa,$ 83700.00
03-18-25,419273,1697,03-31-25,6284,01-04-25,4,FA,3818,62,NN,Semillas,Alfalfa,Alfalfa,$ 83700.00
03-18-25,419274,1697,03-31-25,6283,01-04-25,4,FA,3818,62,NN,Semillas,Alfalfa,Alfalfa,$ 47900.00
03-18-25,419275,1697,03-31-25,6282,01-04-25,4,FA,3818,62,NN,Semillas,Alfalfa,Alfalfa,$ 83700.00
03-18-25,419276,1697,04-01-25,6299,04-04-25,4,FA,3830,62,NN,Semillas,Lotus Corniculatus,Lotus Corniculatus,$ 47900.00
03-18-25,419277,1697,04-11-25,6332,04-14-25,4,FA,3848,62,NN,Semillas,Semilla Vital,Agropiro,$ 82000.00
03-19-25,419526,1698,03-27-25,6273,01-04-25,4,FA,3819,1518,NN,Semillas,Garbanzo,Garbanzo,$ 50400.00
03-19-25,419527,1698,03-27-25,6272,01-04-25,4,FA,3819,1518,NN,Semillas,Garbanzo,Garbanzo,$ 50400.00
03-19-25,419528,1699,03-31-25,6281,01-04-25,4,FA,3818,62,NN,Semillas,Melilotus Albus,Melilotus Albus,$ 117800.00
03-19-25,419529,1699,03-31-25,6280,01-04-25,4,FA,3818,62,NN,Semillas,Melilotus Albus,Melilotus Albus,$ 117800.00
03-21-25,419605,1701,04-01-25,6288,04-04-25,4,FA,3835,4628,NN,Semillas,Poder + Peso,Trigo Candeal,$ 58200.00
03-21-25,419606,1701,04-01-25,6287,04-04-25,4,FA,3835,4628,NN,Semillas,Poder + Peso,Trigo Candeal,$ 58200.00
03-21-25,419607,1702,04-04-25,6311,04-04-25,4,FA,3830,62,NN,Semillas,Alfalfa,Alfalfa,$ 47900.00
03-21-25,419608,1702,04-04-25,6310,04-04-25,4,FA,3830,62,NN,Semillas,Alfalfa,Alfalfa,$ 47900.00
03-21-25,419620,1704,03-31-25,6279,01-04-25,4,FA,3822,981,NN,Semillas,Fuerza Total,Moha,$ 57100.00
03-25-25,419737,1706,04-01-25,6298,04-04-25,4,FA,3831,392,NN,Semillas,Doble Poder,Trigo,$ 50000.00
03-25-25,419738,1706,04-01-25,6297,04-04-25,4,FA,3831,392,NN,Semillas,Doble Poder,Trigo,$ 50000.00
03-25-25,419739,1706,04-01-25,6296,04-04-25,4,FA,3831,392,NN,Semillas,Doble Poder,Trigo,$ 50000.00
03-25-25,419740,1706,04-01-25,6295,04-04-25,4,FA,3831,392,NN,Semillas,Doble Poder,Trigo,$ 50000.00
03-25-25,419741,1706,04-01-25,6294,04-04-25,4,FA,3831,392,NN,Semillas,Doble Poder,Trigo,$ 50000.00
03-25-25,419742,1706,04-01-25,6293,04-04-25,4,FA,3831,392,NN,Semillas,Doble Poder,Trigo,$ 50000.00
03-26-25,419847,1707,04-10-25,6329,04-14-25,4,FA,3848,62,NN,Semillas,Alfalfa,Alfalfa,$ 83700.00
03-26-25,419848,1707,04-10-25,6328,04-14-25,4,FA,3848,62,NN,Semillas,Alfalfa,Alfalfa,$ 83700.00
03-26-25,419849,1707,04-10-25,6327,04-14-25,4,FA,3848,62,NN,Semillas,Alfalfa,Alfalfa,$ 83700.00
03-26-25,419850,1707,04-10-25,6326,04-14-25,4,FA,3848,62,NN,Semillas,Alfalfa,Alfalfa,$ 83700.00
03-26-25,419851,1707,04-07-25,6316,04-14-25,4,FA,3848,62,NN,Semillas,Melilotus Albus,Melilotus Albus,$ 47900.00
03-26-25,419852,1707,04-10-25,6331,04-14-25,4,FA,3848,62,NN,Semillas,Semilla Vital,Avena Blanca / Amarilla/ Byzantina,$ 82000.00
03-26-25,419853,1707,04-10-25,6330,04-14-25,4,FA,3848,62,NN,Semillas,Semilla Vital,Avena Blanca / Amarilla/ Byzantina,$ 82000.00
03-27-25,419889,1708,04-04-25,6302,04-04-25,4,FA,3829,25,NN,Semillas,Doble Poder,Trigo,$ 50000.00
03-27-25,419894,1708,04-04-25,6301,04-04-25,4,FA,3829,25,NN,Semillas,Doble Poder,Trigo,$ 50000.00
03-27-25,419914,1708,04-04-25,6300,04-04-25,4,FA,3829,25,NN,Semillas,Doble Poder,Trigo,$ 50000.00
03-27-25,420313,1709,04-04-25,6306,04-04-25,4,FA,3833,1856,NN,Semillas,Calidad Trigo/Soja,Trigo,$ 75000.00
03-27-25,420314,1709,04-04-25,6305,04-04-25,4,FA,3833,1856,NN,Semillas,Calidad Trigo/Soja,Trigo,$ 75000.00
03-27-25,420315,1709,04-04-25,6304,04-04-25,4,FA,3833,1856,NN,Semillas,Calidad Trigo/Soja,Trigo,$ 75000.00
03-27-25,420316,1709,04-04-25,6303,04-04-25,4,FA,3833,1856,NN,Semillas,Calidad Trigo/Soja,Trigo,$ 75000.00
03-27-25,420317,1710,04-04-25,6309,04-04-25,4,FA,3836,5057,NN,Semillas,Doble Poder,Trigo,$ 50000.00
03-27-25,420318,1710,04-04-25,6308,04-04-25,4,FA,3836,5057,NN,Semillas,Doble Poder,Trigo,$ 50000.00
03-28-25,420346,1711,04-04-25,6307,04-04-25,4,FA,3837,5087,NN,Semillas,Doble Poder,Trigo,$ 50000.00
03-28-25,420433,1712,04-01-25,6289,04-04-25,4,FA,3834,4281,NN,Semillas,Gatton Panic,Gatton Panic,$ 51000.00
03-28-25,420434,1713,04-01-25,6292,04-04-25,4,FA,3832,1328,NN,Semillas,Gatton Panic,Gatton Panic,$ 51000.00
03-28-25,420435,1713,04-01-25,6291,04-04-25,4,FA,3832,1328,NN,Semillas,Gatton Panic,Gatton Panic,$ 51000.00
03-28-25,420436,1713,04-01-25,6290,04-04-25,4,FA,3832,1328,NN,Semillas,Gatton Panic,Gatton Panic,$ 51000.00
03-28-25,420437,1713,04-04-25,6315,04-14-25,4,FA,3846,1328,NN,Semillas,Gatton Panic,Gatton Panic,$ 51000.00
03-28-25,420438,1713,04-04-25,6314,04-14-25,4,FA,3846,1328,NN,Semillas,Gatton Panic,Gatton Panic,$ 51000.00
03-28-25,420439,1713,04-04-25,6313,04-14-25,4,FA,3846,1328,NN,Semillas,Gatton Panic,Gatton Panic,$ 51000.00
03-28-25,420440,1713,04-04-25,6312,04-14-25,4,FA,3846,1328,NN,Semillas,Gatton Panic,Gatton Panic,$ 51000.00
03-28-25,420441,1713,04-09-25,6320,04-14-25,4,FA,3846,1328,NN,Semillas,Gatton Panic,Gatton Panic,$ 51000.00
03-28-25,420442,1713,04-09-25,6319,04-14-25,4,FA,3846,1328,NN,Semillas,Gatton Panic,Gatton Panic,$ 51000.00
03-28-25,420443,1713,04-09-25,6318,04-14-25,4,FA,3846,1328,NN,Semillas,Gatton Panic,Gatton Panic,$ 51000.00
03-28-25,420444,1713,04-09-25,6317,04-14-25,4,FA,3846,1328,NN,Semillas,Gatton Panic,Gatton Panic,$ 51000.00
03-28-25,420445,1713,04-10-25,6325,04-14-25,4,FA,3846,1328,NN,Semillas,Gatton Panic,Gatton Panic,$ 51000.00
03-28-25,420446,1713,04-10-25,6324,04-14-25,4,FA,3846,1328,NN,Semillas,Gatton Panic,Gatton Panic,$ 51000.00
03-28-25,420447,1713,04-10-25,6323,04-14-25,4,FA,3846,1328,NN,Semillas,Gatton Panic,Gatton Panic,$ 51000.00
03-28-25,420448,1713,04-10-25,6322,04-14-25,4,FA,3846,1328,NN,Semillas,Gatton Panic,Gatton Panic,$ 51000.00
03-28-25,420449,1713,04-10-25,6321,04-14-25,4,FA,3846,1328,NN,Semillas,Gatton Panic,Gatton Panic,$ 51000.00
04-04-25,420489,1716,04-11-25,6334,04-14-25,4,FA,3847,985,NN,Semillas,Fuerza Total Curado,Trigo,$ 66100.00
04-04-25,420490,1716,04-11-25,6333,04-14-25,4,FA,3847,985,NN,Semillas,Fuerza Total Curado,Trigo,$ 66100.00
04-22-25,421636,1723,05-09-25,6394,05-09-25,4,FA,3902,62,NN,Semillas,Vicia,Vicia,$ 47900.00
04-22-25,421637,1724,05-05-25,6372,05-09-25,4,FA,3903,2801,NN,Semillas,Fuerza Total,Centeno,$ 57100.00
04-24-25,421687,1725,05-26-25,6472,05-30-25,4,FA,3951,2892,NN,Semillas,Gatton Panic,Gatton Panic,$ 82000.00
04-24-25,421688,1725,05-26-25,6471,05-30-25,4,FA,3951,2892,NN,Semillas,Gatton Panic,Gatton Panic,$ 82000.00
04-24-25,421689,1725,05-26-25,6470,05-30-25,4,FA,3951,2892,NN,Semillas,Gatton Panic,Gatton Panic,$ 82000.00
04-24-25,421690,1725,05-26-25,6469,05-30-25,4,FA,3951,2892,NN,Semillas,Gatton Panic,Gatton Panic,$ 82000.00
04-24-25,421786,1726,05-05-25,6374,05-09-25,4,FA,3904,392,NN,Semillas,Soja,Soja,$ 75000.00
04-24-25,421787,1726,05-05-25,6373,05-09-25,4,FA,3904,392,NN,Semillas,Soja,Soja,$ 75000.00
04-29-25,421811,1728,05-07-25,6377,05-09-25,4,FA,3906,981,NN,Semillas,Fuerza Total,Soja,$ 57100.00
04-29-25,421812,1728,05-07-25,6376,05-09-25,4,FA,3906,981,NN,Semillas,Fuerza Total,Soja,$ 57100.00
04-30-25,421846,1729,05-08-25,6385,05-09-25,4,FA,3901,714,NN,Semillas,Semilla Vital Para Soja,Soja,$ 82000.00
04-30-25,421847,1729,05-08-25,6384,05-09-25,4,FA,3901,714,NN,Semillas,Semilla Vital Para Soja,Soja,$ 82000.00
04-30-25,421848,1729,05-08-25,6383,05-09-25,4,FA,3901,714,NN,Semillas,Semilla Vital Para Soja,Soja,$ 82000.00
04-30-25,421849,1729,05-08-25,6382,05-09-25,4,FA,3901,714,NN,Semillas,Semilla Vital Para Soja,Soja,$ 82000.00
04-30-25,421850,1729,05-08-25,6381,05-09-25,4,FA,3901,714,NN,Semillas,Semilla Vital Para Soja,Soja,$ 82000.00
04-30-25,421880,1730,05-08-25,6393,05-09-25,4,FA,3904,392,NN,Semillas,Soja,Soja,$ 75000.00
04-30-25,421881,1730,05-08-25,6392,05-09-25,4,FA,3904,392,NN,Semillas,Soja,Soja,$ 75000.00
04-30-25,421882,1730,05-08-25,6391,05-09-25,4,FA,3904,392,NN,Semillas,Soja,Soja,$ 75000.00
04-30-25,421883,1730,05-08-25,6390,05-09-25,4,FA,3904,392,NN,Semillas,Soja,Soja,$ 75000.00
04-30-25,421884,1730,05-08-25,6389,05-09-25,4,FA,3904,392,NN,Semillas,Soja,Soja,$ 75000.00
04-30-25,421885,1730,05-08-25,6388,05-09-25,4,FA,3904,392,NN,Semillas,Soja,Soja,$ 75000.00
04-30-25,421886,1730,05-08-25,6387,05-09-25,4,FA,3904,392,NN,Semillas,Soja,Soja,$ 75000.00
04-30-25,421887,1730,05-08-25,6386,05-09-25,4,FA,3904,392,NN,Semillas,Soja,Soja,$ 75000.00
04-30-25,421888,1731,05-12-25,6419,05-16-25,4,FA,3916,522,NN,Semillas,Trigo,Trigo,$ 92700.00
04-30-25,421889,1731,05-12-25,6418,05-16-25,4,FA,3916,522,NN,Semillas,Trigo,Trigo,$ 92700.00
04-30-25,421890,1731,05-12-25,6417,05-16-25,4,FA,3916,522,NN,Semillas,Trigo,Trigo,$ 92700.00
04-30-25,421891,1731,05-12-25,6416,05-16-25,4,FA,3916,522,NN,Semillas,Trigo,Trigo,$ 92700.00
04-30-25,421892,1731,05-12-25,6415,05-16-25,4,FA,3916,522,NN,Semillas,Trigo,Trigo,$ 92700.00
04-30-25,421893,1731,05-12-25,6414,05-16-25,4,FA,3916,522,NN,Semillas,Trigo,Trigo,$ 92700.00
04-30-25,421894,1731,05-12-25,6413,05-16-25,4,FA,3916,522,NN,Semillas,Trigo,Trigo,$ 92700.00
04-30-25,421895,1731,05-12-25,6412,05-16-25,4,FA,3916,522,NN,Semillas,Trigo,Trigo,$ 92700.00
04-30-25,421896,1731,05-12-25,6411,05-16-25,4,FA,3916,522,NN,Semillas,Trigo,Trigo,$ 92700.00
04-30-25,421897,1731,05-12-25,6410,05-16-25,4,FA,3916,522,NN,Semillas,Trigo,Trigo,$ 92700.00
05-02-25,421902,1732,05-09-25,6408,05-16-25,4,FA,3916,522,NN,Semillas,Trigo,Trigo,$ 119400.00
05-02-25,421903,1732,05-09-25,6407,05-16-25,4,FA,3916,522,NN,Semillas,Trigo,Trigo,$ 119400.00
05-02-25,421904,1732,05-09-25,6406,05-16-25,4,FA,3916,522,NN,Semillas,Trigo,Trigo,$ 119400.00
05-02-25,421905,1732,05-09-25,6405,05-16-25,4,FA,3916,522,NN,Semillas,Trigo,Trigo,$ 119400.00
05-02-25,421906,1732,05-09-25,6404,05-16-25,4,FA,3916,522,NN,Semillas,Trigo,Trigo,$ 119400.00
05-02-25,421907,1732,05-09-25,6403,05-16-25,4,FA,3916,522,NN,Semillas,Trigo,Trigo,$ 119400.00
05-02-25,421908,1732,05-09-25,6402,05-16-25,4,FA,3916,522,NN,Semillas,Trigo,Trigo,$ 119400.00
05-02-25,421909,1732,05-09-25,6401,05-16-25,4,FA,3916,522,NN,Semillas,Trigo,Trigo,$ 119400.00
05-02-25,421910,1732,05-09-25,6400,05-16-25,4,FA,3916,522,NN,Semillas,Trigo,Trigo,$ 119400.00
05-02-25,421911,1732,05-09-25,6399,05-16-25,4,FA,3916,522,NN,Semillas,Trigo,Trigo,$ 119400.00
05-02-25,421912,1732,05-09-25,6398,05-16-25,4,FA,3916,522,NN,Semillas,Trigo,Trigo,$ 119400.00
05-02-25,421913,1732,05-09-25,6397,05-16-25,4,FA,3916,522,NN,Semillas,Trigo,Trigo,$ 119400.00
05-02-25,421914,1732,05-09-25,6396,05-16-25,4,FA,3916,522,NN,Semillas,Trigo,Trigo,$ 119400.00
05-02-25,421915,1732,05-13-25,6420,05-16-25,4,FA,3916,522,NN,Semillas,Trigo,Trigo,$ 119400.00
05-02-25,421916,1733,05-16-25,6431,05-16-25,4,FA,3913,62,NN,Semillas,Alfalfa,Alfalfa,$ 83700.00
05-02-25,421917,1733,06-02-25,6476,06-02-25,4,FA,3957,62,NN,Semillas,Cebadilla Criolla,Cebadilla Criolla,$ 47900.00
05-02-25,421918,1733,05-15-25,6425,05-16-25,4,FA,3913,62,NN,Semillas,Avena Blanca / Amarilla/ Byzantina,Avena Blanca / Amarilla/ Byzantina,$ 47900.00
05-02-25,421919,1733,05-12-25,6409,05-16-25,4,FA,3913,62,NN,Semillas,Centeno,Centeno,$ 47900.00
05-02-25,421920,1732,05-09-25,6395,05-16-25,4,FA,3916,522,NN,Semillas,Trigo,Trigo,$ 119400.00
05-05-25,421963,1734,05-07-25,6375,05-09-25,4,FA,3905,4281,NN,Semillas,Gatton Panic,Gatton Panic,$ 51000.00
05-05-25,421964,1735,05-13-25,6421,05-16-25,4,FA,3911,4339,NN,Semillas,Soja,Soja,$ 37800.00
05-06-25,422064,1736,05-08-25,6380,05-09-25,4,FA,3900,1328,NN,Semillas,Gatton Panic,Gatton Panic,$ 51000.00
05-06-25,422065,1736,05-08-25,6379,05-09-25,4,FA,3900,1328,NN,Semillas,Gatton Panic,Gatton Panic,$ 51000.00
05-06-25,422066,1736,05-08-25,6378,05-09-25,4,FA,3900,1328,NN,Semillas,Gatton Panic,Gatton Panic,$ 51000.00
05-07-25,422069,1737,05-15-25,6430,05-16-25,4,FA,3914,4738,NN,Semillas,Trigo,Trigo,$ 50000.00
05-07-25,422070,1738,05-15-25,6426,05-16-25,4,FA,3915,4664,NN,Semillas,Soja,Soja,$ 75000.00
05-08-25,422074,1739,05-16-25,6437,05-20-25,4,FA,3933,392,NN,Semillas,Soja,Soja,$ 75000.00
05-08-25,422075,1739,05-16-25,6436,05-20-25,4,FA,3933,392,NN,Semillas,Soja,Soja,$ 75000.00
05-08-25,422076,1739,05-16-25,6435,05-20-25,4,FA,3933,392,NN,Semillas,Soja,Soja,$ 75000.00
05-08-25,422077,1739,05-20-25,6440,05-20-25,4,FA,3934,392,NN,Semillas,Trigo,Trigo,$ 50000.00
05-08-25,422100,1740,05-16-25,6434,05-20-25,4,FA,3936,981,NN,Semillas,Fuerza Total,Soja,$ 57100.00
05-08-25,422101,1740,05-16-25,6433,05-20-25,4,FA,3936,981,NN,Semillas,Fuerza Total,Soja,$ 57100.00
05-08-25,422211,1741,05-16-25,6432,05-20-25,4,FA,3935,4943,NN,Semillas,Soja,Soja,$ 37800.00
05-12-25,422227,1742,05-20-25,6439,05-20-25,4,FA,3932,1161,NN,Semillas,Trigo,Trigo,$ 75000.00
05-12-25,422228,1742,05-20-25,6438,05-20-25,4,FA,3932,1161,NN,Semillas,Trigo,Trigo,$ 75000.00
05-12-25,422229,1743,05-14-25,6424,05-16-25,4,FA,3912,1328,NN,Semillas,Gatton Panic,Gatton Panic,$ 51000.00
05-12-25,422230,1743,05-14-25,6423,05-16-25,4,FA,3912,1328,NN,Semillas,Gatton Panic,Gatton Panic,$ 51000.00
05-12-25,422231,1743,05-14-25,6422,05-16-25,4,FA,3912,1328,NN,Semillas,Gatton Panic,Gatton Panic,$ 51000.00
05-13-25,422294,1744,05-15-25,6429,05-16-25,4,FA,3912,1328,NN,Semillas,Gatton Panic,Gatton Panic,$ 51000.00
05-13-25,422295,1744,05-15-25,6428,05-16-25,4,FA,3912,1328,NN,Semillas,Gatton Panic,Gatton Panic,$ 51000.00
05-13-25,422296,1744,05-15-25,6427,05-16-25,4,FA,3912,1328,NN,Semillas,Gatton Panic,Gatton Panic,$ 51000.00
05-14-25,422343,1745,05-22-25,6458,05-30-25,4,FA,3950,392,NN,Semillas,Doble Poder,Soja,$ 50000.00
05-14-25,422344,1745,05-22-25,6457,05-30-25,4,FA,3950,392,NN,Semillas,Doble Poder,Soja,$ 50000.00
05-14-25,422345,1745,05-22-25,6456,05-30-25,4,FA,3950,392,NN,Semillas,Doble Poder,Soja,$ 50000.00
05-14-25,422346,1745,05-22-25,6455,05-30-25,4,FA,3950,392,NN,Semillas,Doble Poder,Soja,$ 50000.00
05-14-25,422347,1745,05-22-25,6454,05-30-25,4,FA,3950,392,NN,Semillas,Doble Poder,Soja,$ 50000.00
05-14-25,422348,1745,05-22-25,6453,05-30-25,4,FA,3950,392,NN,Semillas,Doble Poder,Soja,$ 50000.00
05-14-25,422349,1745,05-22-25,6452,05-30-25,4,FA,3950,392,NN,Semillas,Doble Poder,Soja,$ 50000.00
05-14-25,422350,1745,05-22-25,6451,05-30-25,4,FA,3950,392,NN,Semillas,Doble Poder,Soja,$ 50000.00
05-14-25,422351,1745,05-22-25,6450,05-30-25,4,FA,3950,392,NN,Semillas,Doble Poder,Soja,$ 50000.00
05-14-25,422352,1745,05-22-25,6449,05-30-25,4,FA,3950,392,NN,Semillas,Doble Poder,Soja,$ 50000.00
05-14-25,422353,1745,05-22-25,6448,05-30-25,4,FA,3950,392,NN,Semillas,Doble Poder,Soja,$ 50000.00
05-14-25,422354,1745,05-22-25,6447,05-30-25,4,FA,3950,392,NN,Semillas,Doble Poder,Soja,$ 50000.00
05-14-25,422355,1745,05-22-25,6446,05-30-25,4,FA,3950,392,NN,Semillas,Doble Poder,Soja,$ 50000.00
05-15-25,422396,1746,05-23-25,6466,05-30-25,4,FA,3949,967,NN,Semillas,Soja,Soja,$ 47900.00
05-15-25,422397,1746,05-23-25,6465,05-30-25,4,FA,3949,967,NN,Semillas,Soja,Soja,$ 47900.00
05-15-25,422398,1746,05-23-25,6464,05-30-25,4,FA,3949,967,NN,Semillas,Soja,Soja,$ 47900.00
05-15-25,422399,1746,05-23-25,6463,05-30-25,4,FA,3949,967,NN,Semillas,Soja,Soja,$ 47900.00
05-15-25,422400,1746,05-23-25,6462,05-30-25,4,FA,3949,967,NN,Semillas,Soja,Soja,$ 47900.00
05-15-25,422401,1746,05-23-25,6461,05-30-25,4,FA,3949,967,NN,Semillas,Soja,Soja,$ 47900.00
05-15-25,422404,1747,05-23-25,6460,05-30-25,4,FA,3952,9261,NN,Semillas,Trigo,Trigo,$ 91000.00
05-15-25,422405,1747,05-23-25,6459,05-30-25,4,FA,3952,9261,NN,Semillas,Trigo,Trigo,$ 91000.00
05-15-25,422406,1748,05-23-25,6468,05-30-25,4,FA,3952,9261,NN,Semillas,Trigo,Trigo,$ 92700.00
05-15-25,422407,1748,05-23-25,6467,05-30-25,4,FA,3952,9261,NN,Semillas,Trigo,Trigo,$ 92700.00
05-19-25,422410,1749,05-21-25,6442,05-30-25,4,FA,3948,1328,NN,Semillas,Gatton Panic,Gatton Panic,$ 51000.00
05-19-25,422411,1749,05-21-25,6441,05-30-25,4,FA,3948,1328,NN,Semillas,Gatton Panic,Gatton Panic,$ 51000.00
05-19-25,422412,1749,05-21-25,6443,05-30-25,4,FA,3948,1328,NN,Semillas,Urocloa,Urocloa,$ 51000.00
05-20-25,422444,1750,06-02-25,6481,06-02-25,4,FA,3958,392,NN,Semillas,Doble Poder,Trigo,$ 50000.00
05-20-25,422445,1750,06-02-25,6480,06-02-25,4,FA,3958,392,NN,Semillas,Doble Poder,Trigo,$ 50000.00
05-20-25,422446,1750,06-02-25,6479,06-02-25,4,FA,3958,392,NN,Semillas,Doble Poder,Trigo,$ 50000.00
05-20-25,422447,1750,06-02-25,6478,06-02-25,4,FA,3958,392,NN,Semillas,Doble Poder,Trigo,$ 50000.00
05-20-25,422448,1750,06-02-25,6477,06-02-25,4,FA,3958,392,NN,Semillas,Doble Poder,Trigo,$ 50000.00
05-20-25,422454,1751,05-22-25,6445,05-30-25,4,FA,3948,1328,NN,Semillas,Gatton Panic,Gatton Panic,$ 51000.00
05-20-25,422455,1751,05-22-25,6444,05-30-25,4,FA,3948,1328,NN,Semillas,Gatton Panic,Gatton Panic,$ 51000.00
05-26-25,422488,1752,05-28-25,6475,05-30-25,4,FA,3948,1328,NN,Semillas,Gatton Panic,Gatton Panic,$ 51000.00
05-26-25,422489,1752,05-28-25,6474,05-30-25,4,FA,3948,1328,NN,Semillas,Gatton Panic,Gatton Panic,$ 51000.00
05-26-25,422490,1753,06-03-25,6487,06-05-25,4,FA,3968,4557,NN,Semillas,Fuerza Total,Trigo,$ 57100.00
05-26-25,422491,1753,06-03-25,6486,06-05-25,4,FA,3968,4557,NN,Semillas,Trigo,Trigo,$ 37900.00
05-26-25,422492,1782,07-03-25,6560,07-16-25,4,FA,4022,1328,NN,Semillas,Gatton Panic,Gatton Panic,$ 56100.00
05-26-25,422493,1782,07-03-25,6559,07-16-25,4,FA,4022,1328,NN,Semillas,Gatton Panic,Gatton Panic,$ 56100.00
05-26-25,422494,1753,06-03-25,6485,06-05-25,4,FA,3968,4557,NN,Semillas,Fuerza Total,Trigo,$ 57100.00
05-26-25,422495,1753,06-03-25,6484,06-05-25,4,FA,3968,4557,NN,Semillas,Trigo,Trigo,$ 37800.00
05-26-25,422496,1754,05-27-25,6473,05-30-25,4,FA,3950,392,NN,Semillas,Soja,Soja,$ 51000.00
05-26-25,422497,1753,06-03-25,6483,06-05-25,4,FA,3968,4557,NN,Semillas,Trigo,Trigo,$ 37800.00
05-26-25,422498,1753,06-03-25,6482,06-05-25,4,FA,3968,4557,NN,Semillas,Trigo,Trigo,$ 37800.00
05-26-25,422499,1755,06-26-25,6535,06-29-25,4,FA,3990,1856,NN,Semillas,Buffel Grass,Buffel Grass,$ 117800.00
05-26-25,422500,1755,06-26-25,6534,06-29-25,4,FA,3990,1856,NN,Semillas,Buffel Grass,Buffel Grass,$ 117800.00
05-26-25,422501,1755,06-26-25,6533,06-29-25,4,FA,3990,1856,NN,Semillas,Buffel Grass,Buffel Grass,$ 117800.00
05-26-25,422502,1755,06-26-25,6532,06-29-25,4,FA,3990,1856,NN,Semillas,Buffel Grass,Buffel Grass,$ 117800.00
05-26-25,422564,1756,06-04-25,6496,06-05-25,4,FA,3969,522,NN,Semillas,Trigo,Trigo,$ 119400.00
05-26-25,422565,1756,06-04-25,6495,06-05-25,4,FA,3969,522,NN,Semillas,Trigo,Trigo,$ 119400.00
05-26-25,422566,1756,06-04-25,6494,06-05-25,4,FA,3969,522,NN,Semillas,Trigo,Trigo,$ 119400.00
05-26-25,422567,1756,06-04-25,6493,06-05-25,4,FA,3969,522,NN,Semillas,Trigo,Trigo,$ 119400.00
05-26-25,422568,1756,06-04-25,6492,06-05-25,4,FA,3969,522,NN,Semillas,Trigo,Trigo,$ 119400.00
05-26-25,422569,1756,06-04-25,6491,06-05-25,4,FA,3969,522,NN,Semillas,Trigo,Trigo,$ 119400.00
05-26-25,422570,1756,06-04-25,6490,06-05-25,4,FA,3969,522,NN,Semillas,Trigo,Trigo,$ 119400.00
05-26-25,422571,1756,06-04-25,6489,06-05-25,4,FA,3969,522,NN,Semillas,Trigo,Trigo,$ 119400.00
05-30-25,422692,1758,06-09-25,6501,06-18-25,4,FA,3984,9261,NN,Semillas,Convenio Syngenta Trigo,Trigo,$ 68000.00
06-02-25,422695,1759,06-05-25,6500,06-05-25,4,FA,3967,1328,NN,Semillas,Digitaria,Digitaria,$ 51000.00
06-02-25,422696,1759,06-05-25,6499,06-05-25,4,FA,3967,1328,NN,Semillas,Digitaria,Digitaria,$ 51000.00
06-02-25,422697,1759,06-05-25,6498,06-05-25,4,FA,3967,1328,NN,Semillas,Digitaria,Digitaria,$ 51000.00
06-02-25,422698,1759,06-05-25,6497,06-05-25,4,FA,3967,1328,NN,Semillas,Digitaria,Digitaria,$ 51000.00
06-05-25,422707,1760,06-13-25,6503,06-18-25,4,FA,3985,4557,NN,Semillas,Trigo,Trigo,$ 55000.00
06-05-25,422708,1760,06-13-25,6502,06-18-25,4,FA,3985,4557,NN,Semillas,Trigo,Trigo,$ 55000.00
06-05-25,422714,1762,06-13-25,6514,06-18-25,4,FA,3986,4329,NN,Semillas,Soja,Soja,$ 55000.00
06-05-25,422719,1761,06-13-25,6513,06-18-25,4,FA,3987,392,NN,Semillas,Soja,Soja,$ 55000.00
06-05-25,422720,1761,06-13-25,6512,06-18-25,4,FA,3987,392,NN,Semillas,Soja,Soja,$ 55000.00
06-06-25,422726,1763,06-13-25,6511,06-18-25,4,FA,3987,392,NN,Semillas,Soja,Soja,$ 55000.00
06-06-25,422727,1763,06-13-25,6510,06-18-25,4,FA,3987,392,NN,Semillas,Soja,Soja,$ 55000.00
06-06-25,422728,1763,06-13-25,6509,06-18-25,4,FA,3987,392,NN,Semillas,Soja,Soja,$ 55000.00
06-06-25,422729,1763,06-13-25,6508,06-18-25,4,FA,3987,392,NN,Semillas,Soja,Soja,$ 55000.00
06-06-25,422730,1763,06-13-25,6507,06-18-25,4,FA,3987,392,NN,Semillas,Soja,Soja,$ 55000.00
06-06-25,422731,1763,06-13-25,6506,06-18-25,4,FA,3987,392,NN,Semillas,Soja,Soja,$ 55000.00
06-06-25,422732,1763,06-13-25,6505,06-18-25,4,FA,3987,392,NN,Semillas,Soja,Soja,$ 55000.00
06-06-25,422733,1763,06-13-25,6504,06-18-25,4,FA,3987,392,NN,Semillas,Soja,Soja,$ 55000.00
06-09-25,422791,1764,06-18-25,6525,06-29-25,4,FA,3988,1328,NN,Semillas,Digitaria,Digitaria,$ 56100.00
06-09-25,422792,1764,06-18-25,6524,06-29-25,4,FA,3988,1328,NN,Semillas,Digitaria,Digitaria,$ 56100.00
06-09-25,422793,1764,06-18-25,6523,06-29-25,4,FA,3988,1328,NN,Semillas,Digitaria,Digitaria,$ 56100.00
06-10-25,422794,1765,06-18-25,6522,06-29-25,4,FA,3988,1328,NN,Semillas,Digitaria,Digitaria,$ 56100.00
06-10-25,422795,1765,06-18-25,6521,06-29-25,4,FA,3988,1328,NN,Semillas,Digitaria,Digitaria,$ 56100.00
06-10-25,422796,1765,06-18-25,6520,06-29-25,4,FA,3988,1328,NN,Semillas,Digitaria,Digitaria,$ 56100.00
06-11-25,422825,1766,06-18-25,6519,06-29-25,4,FA,3988,1328,NN,Semillas,Digitaria,Digitaria,$ 56100.00
06-11-25,422826,1766,06-18-25,6518,06-29-25,4,FA,3988,1328,NN,Semillas,Digitaria,Digitaria,$ 56100.00
06-11-25,422827,1766,06-18-25,6517,06-29-25,4,FA,3988,1328,NN,Semillas,Digitaria,Digitaria,$ 56100.00
06-11-25,422828,1767,07-15-25,6628,07-16-25,4,FA,4026,1856,NN,Semillas,Semilla Vital Megatérmicas,Buffel Grass,$ 90200.00
06-11-25,422829,1767,07-15-25,6627,07-16-25,4,FA,4026,1856,NN,Semillas,Semilla Vital Megatérmicas,Buffel Grass,$ 90200.00
06-11-25,422830,1767,07-15-25,6626,07-16-25,4,FA,4026,1856,NN,Semillas,Buffel Grass,Buffel Grass,$ 39300.00
06-11-25,422831,1767,07-15-25,6625,07-16-25,4,FA,4026,1856,NN,Semillas,Buffel Grass,Buffel Grass,$ 39300.00
06-11-25,422832,1768,06-23-25,6530,06-29-25,4,FA,3991,104,NN,Semillas,Fuerza Total,Alfalfa,$ 62800.00
06-11-25,422833,1768,06-23-25,6529,06-29-25,4,FA,3991,104,NN,Semillas,Fuerza Total Curado,Sorgo,$ 72700.00
06-12-25,422868,1769,06-18-25,6516,06-29-25,4,FA,3988,1328,NN,Semillas,Digitaria,Digitaria,$ 56100.00
06-12-25,422869,1769,06-18-25,6515,06-29-25,4,FA,3988,1328,NN,Semillas,Digitaria,Digitaria,$ 56100.00
06-12-25,422870,1770,06-27-25,6545,06-29-25,4,FA,3991,104,NN,Semillas,Fuerza Total Curado,Sorgo,$ 72700.00
06-12-25,422871,1770,06-27-25,6544,06-29-25,4,FA,3991,104,NN,Semillas,Fuerza Total Curado,Sorgo,$ 72700.00
06-12-25,422872,1770,06-27-25,6543,06-29-25,4,FA,3991,104,NN,Semillas,Fuerza Total Curado,Sorgo,$ 72700.00
06-12-25,422873,1770,06-23-25,6528,06-29-25,4,FA,3991,104,NN,Semillas,Fuerza Total Curado,Sorgo,$ 72700.00
06-12-25,422874,1770,06-23-25,6527,06-29-25,4,FA,3991,104,NN,Semillas,Fuerza Total Curado,Sorgo,$ 72700.00
06-12-25,422875,1770,06-23-25,6526,06-29-25,4,FA,3991,104,NN,Semillas,Fuerza Total Curado,Sorgo,$ 72700.00
06-13-25,422884,1771,06-24-25,6531,06-29-25,4,FA,3992,4943,NN,Semillas,Moha,Moha,$ 158100.00
06-18-25,422896,1772,07-03-25,6563,07-16-25,4,FA,4028,104,NN,Semillas,Fuerza Total Curado,Sorgo,$ 72700.00
06-18-25,422897,1772,06-27-25,6542,06-29-25,4,FA,3991,104,NN,Semillas,Fuerza Total Curado,Sorgo,$ 72700.00
06-18-25,422898,1772,07-03-25,6562,07-16-25,4,FA,4028,104,NN,Semillas,Fuerza Total Curado,Sorgo,$ 72700.00
06-18-25,422899,1772,06-27-25,6541,06-29-25,4,FA,3991,104,NN,Semillas,Fuerza Total Curado,Sorgo,$ 72700.00
06-18-25,422900,1773,06-26-25,6540,06-29-25,4,FA,3989,4676,NN,Semillas,Fuerza Total,Soja,$ 188400.00
06-18-25,422901,1773,06-26-25,6539,06-29-25,4,FA,3989,4676,NN,Semillas,Fuerza Total,Soja,$ 188400.00
06-18-25,422902,1773,06-26-25,6538,06-29-25,4,FA,3989,4676,NN,Semillas,Fuerza Total,Soja,$ 188400.00
06-18-25,422903,1773,06-26-25,6537,06-29-25,4,FA,3989,4676,NN,Semillas,Fuerza Total,Soja,$ 188400.00
06-18-25,422904,1773,06-26-25,6536,06-29-25,4,FA,3989,4676,NN,Semillas,Fuerza Total,Soja,$ 188400.00
06-19-25,422905,1774,07-21-25,6707,07-24-25,4,FA,4032,4281,NN,Semillas,Gatton Panic,Gatton Panic,$ 90200.00
06-19-25,422906,1774,07-21-25,6706,07-24-25,4,FA,4032,4281,NN,Semillas,Gatton Panic,Gatton Panic,$ 90200.00
06-19-25,422907,1774,07-21-25,6705,07-24-25,4,FA,4032,4281,NN,Semillas,Gatton Panic,Gatton Panic,$ 90200.00
06-19-25,422917,1775,07-03-25,6561,07-16-25,4,FA,4028,104,NN,Semillas,Fuerza Total Curado,Sorgo,$ 72700.00
06-19-25,422918,1782,07-03-25,6558,07-16-25,4,FA,4022,1328,NN,Semillas,Gatton Panic,Gatton Panic,$ 56100.00
06-19-25,422919,1775,06-30-25,6546,07-16-25,4,FA,4028,104,NN,Semillas,Fuerza Total Curado,Sorgo,$ 72700.00
06-24-25,422969,1776,07-01-25,6557,07-16-25,4,FA,4025,392,NN,Semillas,Convenio Syngenta Soja Completo,Soja,$ 75000.00
06-24-25,422970,1776,07-01-25,6556,07-16-25,4,FA,4025,392,NN,Semillas,Convenio Syngenta Soja Completo,Soja,$ 75000.00
06-24-25,422971,1776,07-01-25,6555,07-16-25,4,FA,4025,392,NN,Semillas,Convenio Syngenta Soja Completo,Soja,$ 75000.00
06-24-25,422972,1776,07-01-25,6554,07-16-25,4,FA,4025,392,NN,Semillas,Convenio Syngenta Soja Completo,Soja,$ 75000.00
06-24-25,422973,1776,07-01-25,6553,07-16-25,4,FA,4025,392,NN,Semillas,Convenio Syngenta Soja Completo,Soja,$ 75000.00
06-24-25,422974,1776,07-01-25,6552,07-16-25,4,FA,4025,392,NN,Semillas,Convenio Syngenta Soja Completo,Soja,$ 75000.00
06-24-25,422975,1776,07-01-25,6551,07-16-25,4,FA,4025,392,NN,Semillas,Convenio Syngenta Soja Completo,Soja,$ 75000.00
06-24-25,422976,1776,07-01-25,6550,07-16-25,4,FA,4025,392,NN,Semillas,Convenio Syngenta Soja Completo,Soja,$ 75000.00
06-24-25,422977,1776,07-01-25,6549,07-16-25,4,FA,4025,392,NN,Semillas,Convenio Syngenta Soja Completo,Soja,$ 75000.00
06-24-25,422978,1776,07-01-25,6548,07-16-25,4,FA,4025,392,NN,Semillas,Convenio Syngenta Soja Completo,Soja,$ 75000.00
06-24-25,422979,1776,07-01-25,6547,07-16-25,4,FA,4025,392,NN,Semillas,Convenio Syngenta Soja Completo,Soja,$ 75000.00
06-26-25,423049,1778,07-10-25,6607,07-16-25,4,FA,4027,3611,NN,Semillas,Sorgo,Sorgo,$ 55000.00
06-26-25,423050,1778,07-10-25,6606,07-16-25,4,FA,4027,3611,NN,Semillas,Sorgo,Sorgo,$ 55000.00
06-26-25,423051,1778,07-10-25,6605,07-16-25,4,FA,4027,3611,NN,Semillas,Sorgo,Sorgo,$ 55000.00
06-26-25,423052,1778,07-10-25,6604,07-16-25,4,FA,4027,3611,NN,Semillas,Sorgo,Sorgo,$ 55000.00
06-26-25,423053,1778,07-10-25,6603,07-16-25,4,FA,4027,3611,NN,Semillas,Sorgo,Sorgo,$ 55000.00
06-26-25,423054,1778,07-10-25,6602,07-16-25,4,FA,4027,3611,NN,Semillas,Sorgo,Sorgo,$ 55000.00
06-26-25,423055,1777,07-03-25,6575,07-16-25,4,FA,4025,392,NN,Semillas,Convenio Syngenta Soja Completo,Soja,$ 75000.00
06-26-25,423056,1777,07-03-25,6574,07-16-25,4,FA,4025,392,NN,Semillas,Convenio Syngenta Soja Completo,Soja,$ 75000.00
06-26-25,423057,1777,07-03-25,6573,07-16-25,4,FA,4025,392,NN,Semillas,Convenio Syngenta Soja Completo,Soja,$ 75000.00
06-26-25,423058,1777,07-03-25,6572,07-16-25,4,FA,4025,392,NN,Semillas,Convenio Syngenta Soja Completo,Soja,$ 75000.00
06-26-25,423059,1777,07-03-25,6571,07-16-25,4,FA,4025,392,NN,Semillas,Convenio Syngenta Soja Completo,Soja,$ 75000.00
06-26-25,423060,1777,07-03-25,6570,07-16-25,4,FA,4025,392,NN,Semillas,Convenio Syngenta Soja Completo,Soja,$ 75000.00
06-26-25,423061,1777,07-03-25,6569,07-16-25,4,FA,4025,392,NN,Semillas,Convenio Syngenta Soja Completo,Soja,$ 75000.00
06-26-25,423062,1777,07-03-25,6568,07-16-25,4,FA,4025,392,NN,Semillas,Convenio Syngenta Soja Completo,Soja,$ 75000.00
06-26-25,423063,1777,07-03-25,6567,07-16-25,4,FA,4025,392,NN,Semillas,Convenio Syngenta Soja Completo,Soja,$ 75000.00
06-26-25,423064,1777,07-03-25,6566,07-16-25,4,FA,4025,392,NN,Semillas,Convenio Syngenta Soja Completo,Soja,$ 75000.00
06-26-25,423065,1777,07-03-25,6565,07-16-25,4,FA,4025,392,NN,Semillas,Convenio Syngenta Soja Completo,Soja,$ 75000.00
06-26-25,423066,1777,07-03-25,6564,07-16-25,4,FA,4025,392,NN,Semillas,Convenio Syngenta Soja Completo,Soja,$ 75000.00
06-26-25,423067,1779,07-10-25,6601,07-16-25,4,FA,4028,104,NN,Semillas,Fuerza Total Curado,Sorgo,$ 72700.00
06-26-25,423068,1779,07-07-25,6592,07-16-25,4,FA,4028,104,NN,Semillas,Fuerza Total Curado,Sorgo,$ 72700.00
06-27-25,423069,1780,07-04-25,6591,07-16-25,4,FA,4025,392,NN,Semillas,Soja,Soja,$ 82500.00
06-27-25,423070,1780,07-04-25,6590,07-16-25,4,FA,4025,392,NN,Semillas,Soja,Soja,$ 82500.00
06-27-25,423071,1780,07-04-25,6589,07-16-25,4,FA,4025,392,NN,Semillas,Soja,Soja,$ 82500.00
06-27-25,423072,1780,07-04-25,6588,07-16-25,4,FA,4025,392,NN,Semillas,Soja,Soja,$ 82500.00
06-27-25,423073,1780,07-04-25,6587,07-16-25,4,FA,4025,392,NN,Semillas,Soja,Soja,$ 82500.00
06-27-25,423074,1780,07-04-25,6586,07-16-25,4,FA,4025,392,NN,Semillas,Soja,Soja,$ 82500.00
06-27-25,423075,1780,07-04-25,6585,07-16-25,4,FA,4025,392,NN,Semillas,Soja,Soja,$ 82500.00
06-27-25,423076,1780,07-04-25,6584,07-16-25,4,FA,4025,392,NN,Semillas,Soja,Soja,$ 82500.00
06-27-25,423077,1780,07-04-25,6583,07-16-25,4,FA,4025,392,NN,Semillas,Soja,Soja,$ 82500.00
06-27-25,423078,1780,07-04-25,6582,07-16-25,4,FA,4025,392,NN,Semillas,Soja,Soja,$ 82500.00
06-27-25,423079,1780,07-04-25,6581,07-16-25,4,FA,4025,392,NN,Semillas,Soja,Soja,$ 82500.00
06-27-25,423080,1780,07-04-25,6580,07-16-25,4,FA,4025,392,NN,Semillas,Soja,Soja,$ 82500.00
06-27-25,423081,1780,07-04-25,6579,07-16-25,4,FA,4025,392,NN,Semillas,Soja,Soja,$ 82500.00
06-27-25,423082,1780,07-04-25,6578,07-16-25,4,FA,4025,392,NN,Semillas,Soja,Soja,$ 82500.00
06-27-25,423083,1780,07-04-25,6577,07-16-25,4,FA,4025,392,NN,Semillas,Soja,Soja,$ 82500.00
06-27-25,423084,1780,07-04-25,6576,07-16-25,4,FA,4025,392,NN,Semillas,Soja,Soja,$ 82500.00
06-27-25,423095,1781,07-07-25,6600,07-16-25,4,FA,4024,62,NN,Semillas,Maíz,Maíz,$ 52700.00
06-27-25,423096,1781,07-07-25,6599,07-16-25,4,FA,4024,62,NN,Semillas,Maíz,Maíz,$ 52700.00
06-27-25,423097,1781,07-07-25,6598,07-16-25,4,FA,4024,62,NN,Semillas,Maíz,Maíz,$ 52700.00
06-27-25,423098,1781,07-07-25,6597,07-16-25,4,FA,4024,62,NN,Semillas,Maíz,Maíz,$ 52700.00
06-27-25,423099,1781,07-07-25,6596,07-16-25,4,FA,4024,62,NN,Semillas,Maíz,Maíz,$ 52700.00
06-27-25,423100,1781,07-07-25,6595,07-16-25,4,FA,4024,62,NN,Semillas,Maíz,Maíz,$ 52700.00
06-27-25,423101,1781,07-07-25,6594,07-16-25,4,FA,4024,62,NN,Semillas,Maíz,Maíz,$ 52700.00
06-27-25,423102,1781,07-07-25,6593,07-16-25,4,FA,4024,62,NN,Semillas,Maíz,Maíz,$ 52700.00
06-27-25,423103,1868,09-25-25,7095,10-08-25,4,FA,4182,62,NN,Semillas,Alfalfa,Alfalfa,$ 52700.00
06-27-25,423104,1781,07-11-25,6614,07-16-25,4,FA,4024,62,NN,Semillas,Achicoria,Achicoria,$ 92000.00
07-03-25,423161,1783,07-11-25,6613,07-16-25,4,FA,4023,3687,NN,Semillas,Convenio Syngenta Soja Completo,Soja,$ 75000.00
07-03-25,423162,1783,07-11-25,6612,07-16-25,4,FA,4023,3687,NN,Semillas,Convenio Syngenta Soja Completo,Soja,$ 75000.00
07-03-25,423163,1783,07-11-25,6611,07-16-25,4,FA,4023,3687,NN,Semillas,Convenio Syngenta Soja Completo,Soja,$ 75000.00
07-03-25,423164,1783,07-11-25,6610,07-16-25,4,FA,4023,3687,NN,Semillas,Convenio Syngenta Soja Completo,Soja,$ 75000.00
07-03-25,423165,1783,07-11-25,6609,07-16-25,4,FA,4023,3687,NN,Semillas,Convenio Syngenta Soja Completo,Soja,$ 75000.00
07-03-25,423166,1783,07-11-25,6608,07-16-25,4,FA,4023,3687,NN,Semillas,Convenio Syngenta Soja Completo,Soja,$ 75000.00
07-04-25,423167,1784,07-17-25,6650,07-24-25,4,FA,4035,104,NN,Semillas,Fuerza Total Curado,Sorgo,$ 72700.00
07-04-25,423168,1784,07-17-25,6649,07-24-25,4,FA,4035,104,NN,Semillas,Fuerza Total Curado,Sorgo,$ 72700.00
07-04-25,423169,1784,07-17-25,6648,07-24-25,4,FA,4035,104,NN,Semillas,Fuerza Total Curado,Sorgo,$ 72700.00
07-04-25,423170,1784,07-17-25,6647,07-24-25,4,FA,4035,104,NN,Semillas,Fuerza Total Curado,Sorgo,$ 72700.00
07-04-25,423171,1784,07-17-25,6646,07-24-25,4,FA,4035,104,NN,Semillas,Fuerza Total Curado,Sorgo,$ 72700.00
07-04-25,423172,1784,07-17-25,6645,07-24-25,4,FA,4035,104,NN,Semillas,Fuerza Total Curado,Sorgo,$ 72700.00
07-04-25,423173,1785,07-14-25,6624,07-16-25,4,FA,4028,104,NN,Semillas,Fuerza Total Curado,Sorgo,$ 72700.00
07-04-25,423174,1785,07-14-25,6623,07-16-25,4,FA,4028,104,NN,Semillas,Fuerza Total Curado,Sorgo,$ 72700.00
07-04-25,423175,1785,07-14-25,6622,07-16-25,4,FA,4028,104,NN,Semillas,Fuerza Total Curado,Sorgo,$ 72700.00
07-04-25,423176,1785,07-14-25,6621,07-16-25,4,FA,4028,104,NN,Semillas,Fuerza Total Curado,Sorgo,$ 72700.00
07-04-25,423177,1785,07-14-25,6620,07-16-25,4,FA,4028,104,NN,Semillas,Fuerza Total Curado,Sorgo,$ 72700.00
07-04-25,423178,1785,07-14-25,6619,07-16-25,4,FA,4028,104,NN,Semillas,Fuerza Total Curado,Sorgo,$ 72700.00
07-07-25,423191,1786,07-14-25,6618,07-16-25,4,FA,4024,62,NN,Semillas,Maíz,Maíz,$ 52700.00
07-07-25,423192,1786,07-14-25,6617,07-16-25,4,FA,4024,62,NN,Semillas,Maíz,Maíz,$ 52700.00
07-07-25,423193,1786,07-14-25,6616,07-16-25,4,FA,4024,62,NN,Semillas,Maíz,Maíz,$ 52700.00
07-07-25,423194,1786,07-14-25,6615,07-16-25,4,FA,4024,62,NN,Semillas,Maíz,Maíz,$ 52700.00
07-07-25,423195,1787,08-04-25,6787,04-08-25,4,FA,4059,4281,NN,Semillas,Panicum Coloratum,Panicum Coloratum,$ 90200.00
07-08-25,423220,1788,07-15-25,6644,07-24-25,4,FA,4031,392,NN,Semillas,Convenio Syngenta Soja Completo,Soja,$ 75000.00
07-08-25,423221,1788,07-15-25,6643,07-24-25,4,FA,4031,392,NN,Semillas,Convenio Syngenta Soja Completo,Soja,$ 75000.00
07-08-25,423222,1788,07-15-25,6642,07-24-25,4,FA,4031,392,NN,Semillas,Convenio Syngenta Soja Completo,Soja,$ 75000.00
07-08-25,423223,1788,07-15-25,6641,07-24-25,4,FA,4031,392,NN,Semillas,Convenio Syngenta Soja Completo,Soja,$ 75000.00
07-08-25,423224,1788,07-15-25,6640,07-24-25,4,FA,4031,392,NN,Semillas,Convenio Syngenta Soja Completo,Soja,$ 75000.00
07-08-25,423225,1788,07-15-25,6639,07-24-25,4,FA,4031,392,NN,Semillas,Convenio Syngenta Soja Completo,Soja,$ 75000.00
07-08-25,423226,1788,07-15-25,6638,07-24-25,4,FA,4031,392,NN,Semillas,Convenio Syngenta Soja Completo,Soja,$ 75000.00
07-08-25,423227,1788,07-15-25,6637,07-24-25,4,FA,4031,392,NN,Semillas,Convenio Syngenta Soja Completo,Soja,$ 75000.00
07-08-25,423228,1788,07-15-25,6636,07-24-25,4,FA,4031,392,NN,Semillas,Convenio Syngenta Soja Completo,Soja,$ 75000.00
07-08-25,423229,1788,07-15-25,6635,07-24-25,4,FA,4031,392,NN,Semillas,Convenio Syngenta Soja Completo,Soja,$ 75000.00
07-08-25,423230,1788,07-15-25,6634,07-24-25,4,FA,4031,392,NN,Semillas,Convenio Syngenta Soja Completo,Soja,$ 75000.00
07-08-25,423231,1788,07-15-25,6633,07-24-25,4,FA,4031,392,NN,Semillas,Convenio Syngenta Soja Completo,Soja,$ 75000.00
07-08-25,423232,1788,07-15-25,6632,07-24-25,4,FA,4031,392,NN,Semillas,Convenio Syngenta Soja Completo,Soja,$ 75000.00
07-08-25,423233,1788,07-15-25,6631,07-24-25,4,FA,4031,392,NN,Semillas,Convenio Syngenta Soja Completo,Soja,$ 75000.00
07-08-25,423234,1788,07-15-25,6630,07-24-25,4,FA,4031,392,NN,Semillas,Convenio Syngenta Soja Completo,Soja,$ 75000.00
07-08-25,423235,1788,07-15-25,6629,07-24-25,4,FA,4031,392,NN,Semillas,Convenio Syngenta Soja Completo,Soja,$ 75000.00
07-10-25,423236,1789,07-18-25,6655,07-24-25,4,FA,4033,1856,NN,Semillas,Fuerza Total Curado,Soja,$ 72700.00
07-10-25,423237,1789,07-18-25,6654,07-24-25,4,FA,4033,1856,NN,Semillas,Fuerza Total Curado,Soja,$ 72700.00
07-10-25,423238,1789,07-18-25,6653,07-24-25,4,FA,4033,1856,NN,Semillas,Fuerza Total Curado,Soja,$ 72700.00
07-10-25,423239,1789,07-18-25,6652,07-24-25,4,FA,4033,1856,NN,Semillas,Fuerza Total Curado,Soja,$ 72700.00
07-10-25,423240,1789,07-18-25,6651,07-24-25,4,FA,4033,1856,NN,Semillas,Fuerza Total Curado,Soja,$ 72700.00
09-04-25,423241,1857,09-12-25,7031,09-24-25,4,FA,4159,4982,NN,Semillas,Fuerza Total,Soja,$ 62800.00
07-11-25,423247,1790,07-18-25,6677,07-24-25,4,FA,4034,522,NN,Semillas,Soja,Soja,$ 102100.00
07-11-25,423248,1790,07-18-25,6676,07-24-25,4,FA,4034,522,NN,Semillas,Soja,Soja,$ 102100.00
07-11-25,423249,1790,07-18-25,6675,07-24-25,4,FA,4034,522,NN,Semillas,Soja,Soja,$ 102100.00
07-11-25,423250,1790,07-18-25,6674,07-24-25,4,FA,4034,522,NN,Semillas,Soja,Soja,$ 102100.00
07-11-25,423251,1790,07-18-25,6673,07-24-25,4,FA,4034,522,NN,Semillas,Soja,Soja,$ 102100.00
07-11-25,423252,1790,07-18-25,6672,07-24-25,4,FA,4034,522,NN,Semillas,Soja,Soja,$ 102100.00
07-11-25,423253,1790,07-18-25,6671,07-24-25,4,FA,4034,522,NN,Semillas,Soja,Soja,$ 102100.00
07-11-25,423254,1790,07-18-25,6670,07-24-25,4,FA,4034,522,NN,Semillas,Soja,Soja,$ 102100.00
07-11-25,423255,1790,07-18-25,6669,07-24-25,4,FA,4034,522,NN,Semillas,Soja,Soja,$ 102100.00
07-11-25,423256,1790,07-18-25,6668,07-24-25,4,FA,4034,522,NN,Semillas,Soja,Soja,$ 102100.00
07-11-25,423257,1790,07-18-25,6667,07-24-25,4,FA,4034,522,NN,Semillas,Soja,Soja,$ 102100.00
07-11-25,423258,1790,07-18-25,6666,07-24-25,4,FA,4034,522,NN,Semillas,Soja,Soja,$ 102100.00
07-11-25,423259,1790,07-18-25,6665,07-24-25,4,FA,4034,522,NN,Semillas,Soja,Soja,$ 102100.00
07-11-25,423260,1790,07-18-25,6664,07-24-25,4,FA,4034,522,NN,Semillas,Soja,Soja,$ 102100.00
07-11-25,423261,1790,07-18-25,6663,07-24-25,4,FA,4034,522,NN,Semillas,Soja,Soja,$ 102100.00
07-11-25,423262,1790,07-18-25,6662,07-24-25,4,FA,4034,522,NN,Semillas,Soja,Soja,$ 102100.00
07-11-25,423263,1790,07-18-25,6661,07-24-25,4,FA,4034,522,NN,Semillas,Soja,Soja,$ 102100.00
07-11-25,423264,1791,07-21-25,6704,07-24-25,4,FA,4035,104,NN,Semillas,Fuerza Total Curado,Sorgo,$ 72700.00
07-11-25,423265,1791,07-21-25,6703,07-24-25,4,FA,4035,104,NN,Semillas,Fuerza Total Curado,Sorgo,$ 72700.00
07-11-25,423266,1791,07-21-25,6702,07-24-25,4,FA,4035,104,NN,Semillas,Fuerza Total Curado,Sorgo,$ 72700.00
07-11-25,423267,1791,07-21-25,6701,07-24-25,4,FA,4035,104,NN,Semillas,Fuerza Total Curado,Sorgo,$ 72700.00
07-11-25,423268,1791,07-21-25,6700,07-24-25,4,FA,4035,104,NN,Semillas,Fuerza Total Curado,Sorgo,$ 72700.00
07-11-25,423269,1791,07-21-25,6699,07-24-25,4,FA,4035,104,NN,Semillas,Fuerza Total Curado,Sorgo,$ 72700.00
07-14-25,423319,1792,07-21-25,6698,07-24-25,4,FA,4036,9261,NN,Semillas,Convenio Syngenta Soja Completo,Soja,$ 75000.00
07-14-25,423320,1792,07-21-25,6697,07-24-25,4,FA,4036,9261,NN,Semillas,Convenio Syngenta Soja Completo,Soja,$ 75000.00
07-14-25,423321,1792,07-21-25,6696,07-24-25,4,FA,4036,9261,NN,Semillas,Convenio Syngenta Soja Completo,Soja,$ 75000.00
07-14-25,423322,1792,07-21-25,6695,07-24-25,4,FA,4036,9261,NN,Semillas,Convenio Syngenta Soja Completo,Soja,$ 75000.00
07-14-25,423323,1792,07-21-25,6694,07-24-25,4,FA,4036,9261,NN,Semillas,Convenio Syngenta Soja Completo,Soja,$ 75000.00
07-14-25,423324,1792,07-21-25,6693,07-24-25,4,FA,4036,9261,NN,Semillas,Convenio Syngenta Soja Completo,Soja,$ 75000.00
07-14-25,423325,1792,07-21-25,6692,07-24-25,4,FA,4036,9261,NN,Semillas,Convenio Syngenta Soja Completo,Soja,$ 75000.00
07-14-25,423326,1792,07-21-25,6691,07-24-25,4,FA,4036,9261,NN,Semillas,Convenio Syngenta Soja Completo,Soja,$ 75000.00
07-14-25,423327,1792,07-21-25,6690,07-24-25,4,FA,4036,9261,NN,Semillas,Convenio Syngenta Soja Completo,Soja,$ 75000.00
07-14-25,423328,1792,07-21-25,6689,07-24-25,4,FA,4036,9261,NN,Semillas,Convenio Syngenta Soja Completo,Soja,$ 75000.00
07-14-25,423329,1792,07-21-25,6688,07-24-25,4,FA,4036,9261,NN,Semillas,Convenio Syngenta Soja Completo,Soja,$ 75000.00
07-14-25,423330,1792,07-21-25,6687,07-24-25,4,FA,4036,9261,NN,Semillas,Convenio Syngenta Soja Completo,Soja,$ 75000.00
07-14-25,423331,1792,07-21-25,6686,07-24-25,4,FA,4036,9261,NN,Semillas,Convenio Syngenta Soja Completo,Soja,$ 75000.00
07-14-25,423332,1792,07-21-25,6685,07-24-25,4,FA,4036,9261,NN,Semillas,Convenio Syngenta Soja Completo,Soja,$ 75000.00
07-14-25,423333,1792,07-21-25,6684,07-24-25,4,FA,4036,9261,NN,Semillas,Convenio Syngenta Soja Completo,Soja,$ 75000.00
07-14-25,423334,1792,07-21-25,6683,07-24-25,4,FA,4036,9261,NN,Semillas,Convenio Syngenta Soja Completo,Soja,$ 75000.00
07-14-25,423335,1792,07-21-25,6682,07-24-25,4,FA,4036,9261,NN,Semillas,Convenio Syngenta Soja Completo,Soja,$ 75000.00
07-14-25,423336,1792,07-21-25,6681,07-24-25,4,FA,4036,9261,NN,Semillas,Convenio Syngenta Soja Completo,Soja,$ 75000.00
07-14-25,423337,1792,07-21-25,6680,07-24-25,4,FA,4036,9261,NN,Semillas,Convenio Syngenta Soja Completo,Soja,$ 75000.00
07-14-25,423338,1792,07-21-25,6679,07-24-25,4,FA,4036,9261,NN,Semillas,Convenio Syngenta Soja Completo,Soja,$ 75000.00
07-14-25,423339,1792,07-21-25,6678,07-24-25,4,FA,4036,9261,NN,Semillas,Convenio Syngenta Soja Completo,Soja,$ 75000.00
07-15-25,423381,1793,07-18-25,6660,07-24-25,4,FA,4030,1328,NN,Semillas,Buffel Grass,Buffel Grass,$ 56100.00
07-15-25,423382,1793,07-18-25,6659,07-24-25,4,FA,4030,1328,NN,Semillas,Buffel Grass,Buffel Grass,$ 56100.00
07-15-25,423383,1793,07-18-25,6658,07-24-25,4,FA,4030,1328,NN,Semillas,Buffel Grass,Buffel Grass,$ 56100.00
07-15-25,423384,1793,07-18-25,6657,07-24-25,4,FA,4030,1328,NN,Semillas,Buffel Grass,Buffel Grass,$ 56100.00
07-15-25,423385,1793,07-18-25,6656,07-24-25,4,FA,4030,1328,NN,Semillas,Buffel Grass,Buffel Grass,$ 56100.00
07-16-25,423386,1794,07-23-25,6714,07-24-25,4,FA,4031,392,NN,Semillas,Convenio Syngenta Soja Completo,Soja,$ 75000.00
07-16-25,423387,1794,07-23-25,6713,07-24-25,4,FA,4031,392,NN,Semillas,Convenio Syngenta Soja Completo,Soja,$ 75000.00
07-16-25,423388,1794,07-23-25,6712,07-24-25,4,FA,4031,392,NN,Semillas,Convenio Syngenta Soja Completo,Soja,$ 75000.00
07-16-25,423389,1794,07-23-25,6711,07-24-25,4,FA,4031,392,NN,Semillas,Convenio Syngenta Soja Completo,Soja,$ 75000.00
07-16-25,423390,1794,07-23-25,6710,07-24-25,4,FA,4031,392,NN,Semillas,Convenio Syngenta Soja Completo,Soja,$ 75000.00
07-16-25,423391,1794,07-23-25,6709,07-24-25,4,FA,4031,392,NN,Semillas,Convenio Syngenta Soja Completo,Soja,$ 75000.00
07-16-25,423392,1794,07-23-25,6708,07-24-25,4,FA,4031,392,NN,Semillas,Convenio Syngenta Soja Completo,Soja,$ 75000.00
07-16-25,423393,1795,07-23-25,6729,07-24-25,4,FA,4031,392,NN,Semillas,Maíz,Maíz,$ 52700.00
07-16-25,423394,1795,07-23-25,6728,07-24-25,4,FA,4031,392,NN,Semillas,Maíz,Maíz,$ 52700.00
07-16-25,423395,1795,07-23-25,6727,07-24-25,4,FA,4031,392,NN,Semillas,Maíz,Maíz,$ 52700.00
07-16-25,423396,1795,07-23-25,6726,07-24-25,4,FA,4031,392,NN,Semillas,Maíz,Maíz,$ 52700.00
07-16-25,423397,1795,07-23-25,6725,07-24-25,4,FA,4031,392,NN,Semillas,Maíz,Maíz,$ 52700.00
07-16-25,423398,1795,07-23-25,6724,07-24-25,4,FA,4031,392,NN,Semillas,Maíz,Maíz,$ 52700.00
07-16-25,423399,1795,07-23-25,6723,07-24-25,4,FA,4031,392,NN,Semillas,Maíz,Maíz,$ 52700.00
07-16-25,423400,1795,07-23-25,6722,07-24-25,4,FA,4031,392,NN,Semillas,Maíz,Maíz,$ 52700.00
07-16-25,423401,1795,07-23-25,6721,07-24-25,4,FA,4031,392,NN,Semillas,Maíz,Maíz,$ 52700.00
07-16-25,423402,1795,07-23-25,6720,07-24-25,4,FA,4031,392,NN,Semillas,Maíz,Maíz,$ 52700.00
07-16-25,423403,1795,07-23-25,6719,07-24-25,4,FA,4031,392,NN,Semillas,Maíz,Maíz,$ 52700.00
07-16-25,423404,1795,07-23-25,6718,07-24-25,4,FA,4031,392,NN,Semillas,Maíz,Maíz,$ 52700.00
07-16-25,423405,1795,07-23-25,6717,07-24-25,4,FA,4031,392,NN,Semillas,Maíz,Maíz,$ 52700.00
07-16-25,423406,1795,07-23-25,6716,07-24-25,4,FA,4031,392,NN,Semillas,Maíz,Maíz,$ 52700.00
07-16-25,423407,1795,07-23-25,6715,07-24-25,4,FA,4031,392,NN,Semillas,Maíz,Maíz,$ 52700.00
07-17-25,423408,1796,07-28-25,6744,04-08-25,4,FA,4060,25,NN,Semillas,Maní,Maní,$ 55000.00
07-17-25,423409,1796,07-28-25,6743,04-08-25,4,FA,4060,25,NN,Semillas,Maní,Maní,$ 55000.00
07-17-25,423410,1796,07-28-25,6742,04-08-25,4,FA,4060,25,NN,Semillas,Maní,Maní,$ 55000.00
07-17-25,423411,1796,07-28-25,6741,04-08-25,4,FA,4060,25,NN,Semillas,Maní,Maní,$ 55000.00
07-17-25,423412,1796,07-28-25,6740,04-08-25,4,FA,4060,25,NN,Semillas,Maní,Maní,$ 55000.00
07-17-25,423413,1796,07-28-25,6739,04-08-25,4,FA,4060,25,NN,Semillas,Maní,Maní,$ 55000.00
07-17-25,423414,1796,07-28-25,6738,04-08-25,4,FA,4060,25,NN,Semillas,Maní,Maní,$ 55000.00
07-17-25,423415,1796,07-28-25,6737,04-08-25,4,FA,4060,25,NN,Semillas,Maní,Maní,$ 55000.00
07-17-25,423416,1796,07-28-25,6736,04-08-25,4,FA,4060,25,NN,Semillas,Maní,Maní,$ 55000.00
07-17-25,423417,1796,07-28-25,6735,04-08-25,4,FA,4060,25,NN,Semillas,Maní,Maní,$ 55000.00
07-18-25,423469,1797,07-25-25,6734,04-08-25,4,FA,4058,62,NN,Semillas,Maíz,Maíz,$ 52700.00
07-18-25,423470,1797,07-25-25,6733,04-08-25,4,FA,4058,62,NN,Semillas,Maíz,Maíz,$ 52700.00
07-18-25,423471,1797,07-25-25,6732,04-08-25,4,FA,4058,62,NN,Semillas,Maíz,Maíz,$ 52700.00
07-18-25,423472,1797,07-25-25,6731,04-08-25,4,FA,4058,62,NN,Semillas,Maíz,Maíz,$ 52700.00
07-18-25,423473,1798,07-31-25,6758,04-08-25,4,FA,4063,104,NN,Semillas,Sorgo,Sorgo,$ 55000.00
07-18-25,423474,1798,07-28-25,6750,04-08-25,4,FA,4063,104,NN,Semillas,Sorgo,Sorgo,$ 55000.00
07-18-25,423475,1798,07-31-25,6757,04-08-25,4,FA,4063,104,NN,Semillas,Sorgo,Sorgo,$ 55000.00
07-18-25,423476,1798,07-28-25,6749,04-08-25,4,FA,4063,104,NN,Semillas,Sorgo,Sorgo,$ 55000.00
07-18-25,423477,1798,07-31-25,6756,04-08-25,4,FA,4063,104,NN,Semillas,Sorgo,Sorgo,$ 55000.00
07-18-25,423478,1798,07-28-25,6748,04-08-25,4,FA,4063,104,NN,Semillas,Sorgo,Sorgo,$ 55000.00
07-18-25,423479,1798,07-31-25,6755,04-08-25,4,FA,4063,104,NN,Semillas,Sorgo,Sorgo,$ 55000.00
07-18-25,423480,1798,07-28-25,6747,04-08-25,4,FA,4063,104,NN,Semillas,Sorgo,Sorgo,$ 55000.00
07-18-25,423481,1798,07-28-25,6746,04-08-25,4,FA,4063,104,NN,Semillas,Sorgo,Sorgo,$ 55000.00
07-18-25,423482,1798,07-28-25,6745,04-08-25,4,FA,4063,104,NN,Semillas,Sorgo,Sorgo,$ 52700.00
07-21-25,423488,1799,07-30-25,6753,04-08-25,4,FA,4062,5057,NN,Semillas,Fuerza Total,Soja,$ 62800.00
07-21-25,423489,1799,07-30-25,6752,04-08-25,4,FA,4062,5057,NN,Semillas,Fuerza Total,Soja,$ 62800.00
07-21-25,423490,1799,07-30-25,6751,04-08-25,4,FA,4062,5057,NN,Semillas,Fuerza Total,Soja,$ 62800.00
07-22-25,423491,1800,08-22-25,6856,08-28-25,4,FA,4102,4281,NN,Semillas,Gatton Panic,Gatton Panic,$ 90200.00
07-22-25,423492,1800,08-19-25,6840,08-20-25,4,FA,4091,4281,NN,Semillas,Panicum Coloratum,Panicum Coloratum,$ 90200.00
07-22-25,423493,1800,07-24-25,6730,04-08-25,4,FA,4059,4281,NN,Semillas,Grama Rhodes,Grama Rhodes,$ 56100.00
07-22-25,423494,1801,08-19-25,6839,08-20-25,4,FA,4092,62,NN,Semillas,Panicum Coloratum,Panicum Coloratum,$ 90200.00
07-22-25,423495,1802,07-31-25,6754,04-08-25,4,FA,4061,522,NN,Semillas,Soja,Soja,$ 55000.00
07-28-25,423531,1805,08-01-25,6759,04-08-25,4,FB,73,6023,NN,Semillas,Fuerza Total,Girasol,$ 62800.00
07-24-25,423535,1803,08-04-25,6786,04-08-25,4,FA,4063,104,NN,Semillas,Sorgo,Sorgo,$ 55000.00
07-24-25,423536,1803,08-07-25,6812,08-18-25,4,FA,4076,104,NN,Semillas,Sorgo,Sorgo,$ 55000.00
07-24-25,423537,1803,08-04-25,6785,04-08-25,4,FA,4063,104,NN,Semillas,Sorgo,Sorgo,$ 55000.00
07-24-25,423538,1803,08-07-25,6811,08-18-25,4,FA,4076,104,NN,Semillas,Sorgo,Sorgo,$ 55000.00
07-24-25,423539,1803,08-04-25,6784,04-08-25,4,FA,4063,104,NN,Semillas,Sorgo,Sorgo,$ 55000.00
07-24-25,423540,1803,08-07-25,6810,08-18-25,4,FA,4076,104,NN,Semillas,Sorgo,Sorgo,$ 55000.00
07-24-25,423541,1803,08-04-25,6783,04-08-25,4,FA,4063,104,NN,Semillas,Sorgo,Sorgo,$ 55000.00
07-24-25,423542,1803,08-07-25,6809,08-18-25,4,FA,4076,104,NN,Semillas,Sorgo,Sorgo,$ 55000.00
07-28-25,423547,1804,08-04-25,6781,04-08-25,4,FA,4061,522,NN,Semillas,Convenio Syngenta Soja Completo,Soja,$ 75000.00
07-28-25,423548,1804,08-04-25,6780,04-08-25,4,FA,4061,522,NN,Semillas,Convenio Syngenta Soja Completo,Soja,$ 75000.00
07-28-25,423549,1804,08-04-25,6779,04-08-25,4,FA,4061,522,NN,Semillas,Convenio Syngenta Soja Completo,Soja,$ 75000.00
07-28-25,423550,1804,08-04-25,6778,04-08-25,4,FA,4061,522,NN,Semillas,Convenio Syngenta Soja Completo,Soja,$ 75000.00
07-28-25,423551,1804,08-04-25,6777,04-08-25,4,FA,4061,522,NN,Semillas,Convenio Syngenta Soja Completo,Soja,$ 75000.00
07-28-25,423552,1804,08-04-25,6776,04-08-25,4,FA,4061,522,NN,Semillas,Convenio Syngenta Soja Completo,Soja,$ 75000.00
07-28-25,423553,1804,08-04-25,6775,04-08-25,4,FA,4061,522,NN,Semillas,Convenio Syngenta Soja Completo,Soja,$ 75000.00
07-28-25,423554,1804,08-04-25,6774,04-08-25,4,FA,4061,522,NN,Semillas,Convenio Syngenta Soja Completo,Soja,$ 75000.00
07-28-25,423555,1804,08-04-25,6773,04-08-25,4,FA,4061,522,NN,Semillas,Convenio Syngenta Soja Completo,Soja,$ 75000.00
07-28-25,423556,1804,08-04-25,6772,04-08-25,4,FA,4061,522,NN,Semillas,Convenio Syngenta Soja Completo,Soja,$ 75000.00
07-28-25,423557,1804,08-04-25,6771,04-08-25,4,FA,4061,522,NN,Semillas,Convenio Syngenta Soja Completo,Soja,$ 75000.00
07-28-25,423558,1804,08-04-25,6770,04-08-25,4,FA,4061,522,NN,Semillas,Convenio Syngenta Soja Completo,Soja,$ 75000.00
07-28-25,423559,1804,08-04-25,6769,04-08-25,4,FA,4061,522,NN,Semillas,Convenio Syngenta Soja Completo,Soja,$ 75000.00
07-28-25,423560,1804,08-04-25,6768,04-08-25,4,FA,4061,522,NN,Semillas,Convenio Syngenta Soja Completo,Soja,$ 75000.00
07-28-25,423561,1804,08-04-25,6767,04-08-25,4,FA,4061,522,NN,Semillas,Convenio Syngenta Soja Completo,Soja,$ 75000.00
07-28-25,423562,1804,08-04-25,6766,04-08-25,4,FA,4061,522,NN,Semillas,Convenio Syngenta Soja Completo,Soja,$ 75000.00
07-28-25,423563,1804,08-04-25,6765,04-08-25,4,FA,4061,522,NN,Semillas,Convenio Syngenta Soja Completo,Soja,$ 75000.00
07-28-25,423564,1804,08-04-25,6764,04-08-25,4,FA,4061,522,NN,Semillas,Convenio Syngenta Soja Completo,Soja,$ 75000.00
07-28-25,423565,1804,08-04-25,6763,04-08-25,4,FA,4061,522,NN,Semillas,Convenio Syngenta Soja Completo,Soja,$ 75000.00
07-28-25,423566,1804,08-04-25,6762,04-08-25,4,FA,4061,522,NN,Semillas,Convenio Syngenta Soja Completo,Soja,$ 75000.00
07-28-25,423567,1804,08-04-25,6761,04-08-25,4,FA,4061,522,NN,Semillas,Convenio Syngenta Soja Completo,Soja,$ 75000.00
07-28-25,423568,1804,08-04-25,6760,04-08-25,4,FA,4061,522,NN,Semillas,Convenio Syngenta Soja Completo,Soja,$ 75000.00
07-28-25,423570,1806,08-04-25,6782,04-08-25,4,FA,4061,522,NN,Semillas,Soja,Soja,$ 39300.00
07-28-25,423571,1807,08-27-25,6913,08-28-25,4,FA,4102,4281,NN,Semillas,Gatton Panic,Gatton Panic,$ 90200.00
07-28-25,423572,1807,08-27-25,6912,08-28-25,4,FA,4102,4281,NN,Semillas,Gatton Panic,Gatton Panic,$ 90200.00
08-01-25,423757,1812,09-02-25,6933,09-10-25,4,FA,4131,62,NN,Semillas,Gatton Panic,Gatton Panic,$ 90200.00
08-01-25,423758,1812,09-02-25,6932,09-10-25,4,FA,4131,62,NN,Semillas,Semilla Vital Megatérmicas,Buffel Grass,$ 90200.00
08-07-25,423759,1816,08-12-25,6813,08-18-25,4,FB,75,6018,NN,Semillas,Fuerza Total,Soja,$ 62800.00
08-07-25,423762,1817,08-13-25,6815,08-18-25,4,FA,4073,6019,NN,Semillas,Fuerza Total,Soja,$ 62800.00
08-07-25,423763,1817,08-13-25,6814,08-18-25,4,FA,4073,6019,NN,Semillas,Fuerza Total,Soja,$ 62800.00
08-05-25,423778,1813,08-13-25,6818,08-18-25,4,FA,4074,772,NN,Semillas,Fuerza Total,Soja,$ 62800.00
08-05-25,423779,1814,08-13-25,6817,08-18-25,4,FA,4077,981,NN,Semillas,Fuerza Total,Soja,$ 62800.00
08-05-25,423780,1814,08-13-25,6816,08-18-25,4,FA,4077,981,NN,Semillas,Fuerza Total,Soja,$ 62800.00
08-06-25,423781,1815,08-15-25,6826,08-18-25,4,FA,4076,104,NN,Semillas,Semilla Vital,Moha,$ 90200.00
08-06-25,423782,1815,08-15-25,6825,08-18-25,4,FA,4076,104,NN,Semillas,Semilla Vital,Moha,$ 90200.00
08-06-25,423783,1815,08-15-25,6824,08-18-25,4,FA,4076,104,NN,Semillas,Semilla Vital,Moha,$ 90200.00
08-06-25,423784,1815,08-15-25,6823,08-18-25,4,FA,4076,104,NN,Semillas,Semilla Vital,Moha,$ 90200.00
08-06-25,423785,1815,08-15-25,6822,08-18-25,4,FA,4076,104,NN,Semillas,Semilla Vital,Moha,$ 90200.00
08-06-25,423786,1815,08-15-25,6821,08-18-25,4,FA,4076,104,NN,Semillas,Semilla Vital,Moha,$ 90200.00
08-06-25,423787,1815,08-15-25,6820,08-18-25,4,FA,4076,104,NN,Semillas,Semilla Vital,Moha,$ 90200.00
08-06-25,423788,1815,08-15-25,6819,08-18-25,4,FA,4076,104,NN,Semillas,Semilla Vital,Moha,$ 90200.00
08-08-25,423862,1818,08-15-25,6838,08-18-25,4,FA,4072,2795,NN,Semillas,Soja,Soja,$ 116600.00
08-08-25,423863,1818,08-15-25,6837,08-18-25,4,FA,4072,2795,NN,Semillas,Soja,Soja,$ 116600.00
08-08-25,423864,1818,08-15-25,6836,08-18-25,4,FA,4072,2795,NN,Semillas,Soja,Soja,$ 116600.00
08-08-25,423865,1818,08-15-25,6835,08-18-25,4,FA,4072,2795,NN,Semillas,Soja,Soja,$ 116600.00
08-08-25,423866,1818,08-15-25,6834,08-18-25,4,FA,4072,2795,NN,Semillas,Soja,Soja,$ 116600.00
08-08-25,423867,1818,08-15-25,6833,08-18-25,4,FA,4072,2795,NN,Semillas,Soja,Soja,$ 116600.00
08-08-25,423868,1818,08-15-25,6832,08-18-25,4,FA,4072,2795,NN,Semillas,Soja,Soja,$ 116600.00
08-08-25,423869,1818,08-15-25,6831,08-18-25,4,FA,4072,2795,NN,Semillas,Soja,Soja,$ 116600.00
08-08-25,423870,1818,08-15-25,6830,08-18-25,4,FA,4072,2795,NN,Semillas,Soja,Soja,$ 116600.00
08-08-25,423871,1818,08-15-25,6829,08-18-25,4,FA,4072,2795,NN,Semillas,Soja,Soja,$ 116600.00
08-08-25,423872,1818,08-15-25,6828,08-18-25,4,FA,4072,2795,NN,Semillas,Soja,Soja,$ 116600.00
08-08-25,423873,1818,08-15-25,6827,08-18-25,4,FA,4072,2795,NN,Semillas,Soja,Soja,$ 116600.00
08-08-25,423877,1819,08-25-25,6879,08-28-25,4,FA,4100,1398,NN,Semillas,Fuerza Total Curado,Soja,$ 62800.00
08-12-25,423892,1820,08-20-25,6850,08-20-25,4,FA,4090,1864,NN,Semillas,Fuerza Total Curado,Soja,$ 72700.00
08-12-25,423893,1820,08-20-25,6849,08-20-25,4,FA,4090,1864,NN,Semillas,Fuerza Total Curado,Soja,$ 72700.00
08-12-25,423894,1820,08-20-25,6848,08-20-25,4,FA,4090,1864,NN,Semillas,Fuerza Total Curado,Soja,$ 72700.00
08-12-25,423895,1820,08-20-25,6847,08-20-25,4,FA,4090,1864,NN,Semillas,Fuerza Total Curado,Soja,$ 72700.00
08-12-25,423896,1821,08-29-25,6923,08-29-25,4,FA,4115,62,NN,Semillas,Grama Rhodes,Grama Rhodes,$ 90200.00
08-12-25,423897,1821,08-25-25,6882,08-28-25,4,FA,4096,62,NN,Semillas,Fuerza Total,Sorgo,$ 62800.00
08-12-25,423898,1822,08-25-25,6881,08-28-25,4,FA,4096,62,NN,Semillas,Fuerza Total,Sorgo,$ 62800.00
08-12-25,423899,1822,08-25-25,6880,08-28-25,4,FA,4096,62,NN,Semillas,Fuerza Total,Sorgo,$ 62800.00
08-12-25,423900,1822,09-12-25,7030,09-24-25,4,FA,4153,62,NN,Semillas,Gatton Panic,Gatton Panic,$ 90200.00
08-13-25,423922,1823,08-20-25,6846,08-20-25,4,FA,4089,2795,NN,Semillas,Convenio Syngenta Soja Completo,Soja,$ 75000.00
08-13-25,423923,1823,08-20-25,6845,08-20-25,4,FA,4089,2795,NN,Semillas,Convenio Syngenta Soja Completo,Soja,$ 75000.00
08-13-25,423924,1823,08-20-25,6844,08-20-25,4,FA,4089,2795,NN,Semillas,Convenio Syngenta Soja Completo,Soja,$ 75000.00
08-13-25,423925,1823,08-20-25,6843,08-20-25,4,FA,4089,2795,NN,Semillas,Convenio Syngenta Soja Completo,Soja,$ 75000.00
08-13-25,423926,1823,08-20-25,6842,08-20-25,4,FA,4089,2795,NN,Semillas,Convenio Syngenta Soja Completo,Soja,$ 75000.00
08-13-25,423927,1823,08-20-25,6841,08-20-25,4,FA,4089,2795,NN,Semillas,Convenio Syngenta Soja Completo,Soja,$ 75000.00
08-13-25,424002,1824,09-15-25,7034,09-24-25,4,FA,4156,4281,NN,Semillas,Gatton Panic,Gatton Panic,$ 90200.00
08-13-25,424003,1824,09-15-25,7033,09-24-25,4,FA,4156,4281,NN,Semillas,Gatton Panic,Gatton Panic,$ 90200.00
08-13-25,424004,1824,09-15-25,7032,09-24-25,4,FA,4156,4281,NN,Semillas,Gatton Panic,Gatton Panic,$ 90200.00
08-13-25,424005,1824,09-11-25,7029,09-24-25,4,FA,4156,4281,NN,Semillas,Panicum Coloratum,Panicum Coloratum,$ 90200.00
08-14-25,424011,1825,08-22-25,6853,08-28-25,4,FA,4103,4396,NN,Semillas,Fuerza Total,Soja,$ 62800.00
08-14-25,424012,1825,08-22-25,6852,08-28-25,4,FA,4103,4396,NN,Semillas,Fuerza Total,Soja,$ 62800.00
08-14-25,424014,1826,08-21-25,6851,08-28-25,4,FA,4101,3659,NN,Semillas,Poroto Mung,Poroto Mung,$ 52700.00
08-14-25,424015,1827,08-22-25,6855,08-28-25,4,FA,4098,714,NN,Semillas,Soja,Soja,$ 82500.00
08-14-25,424016,1827,08-22-25,6854,08-28-25,4,FA,4098,714,NN,Semillas,Soja,Soja,$ 82500.00
08-15-25,424017,1828,08-25-25,6878,08-28-25,4,FA,4098,714,NN,Semillas,Convenio Syngenta Soja Completo,Soja,$ 75000.00
08-15-25,424018,1828,08-25-25,6877,08-28-25,4,FA,4098,714,NN,Semillas,Convenio Syngenta Soja Completo,Soja,$ 75000.00
08-15-25,424019,1828,08-25-25,6876,08-28-25,4,FA,4098,714,NN,Semillas,Convenio Syngenta Soja Completo,Soja,$ 75000.00
08-15-25,424020,1828,08-25-25,6875,08-28-25,4,FA,4098,714,NN,Semillas,Convenio Syngenta Soja Completo,Soja,$ 75000.00
08-15-25,424021,1828,08-25-25,6874,08-28-25,4,FA,4098,714,NN,Semillas,Convenio Syngenta Soja Completo,Soja,$ 75000.00
08-15-25,424022,1828,08-25-25,6873,08-28-25,4,FA,4098,714,NN,Semillas,Convenio Syngenta Soja Completo,Soja,$ 75000.00
08-15-25,424023,1828,08-25-25,6872,08-28-25,4,FA,4098,714,NN,Semillas,Convenio Syngenta Soja Completo,Soja,$ 75000.00
08-15-25,424024,1828,08-25-25,6871,08-28-25,4,FA,4098,714,NN,Semillas,Convenio Syngenta Soja Completo,Soja,$ 75000.00
08-15-25,424025,1828,08-25-25,6870,08-28-25,4,FA,4098,714,NN,Semillas,Convenio Syngenta Soja Completo,Soja,$ 75000.00
08-15-25,424026,1828,08-25-25,6869,08-28-25,4,FA,4098,714,NN,Semillas,Convenio Syngenta Soja Completo,Soja,$ 75000.00
08-15-25,424027,1828,08-25-25,6868,08-28-25,4,FA,4098,714,NN,Semillas,Convenio Syngenta Soja Completo,Soja,$ 75000.00
08-15-25,424028,1828,08-25-25,6867,08-28-25,4,FA,4098,714,NN,Semillas,Convenio Syngenta Soja Completo,Soja,$ 75000.00
08-15-25,424029,1828,08-25-25,6866,08-28-25,4,FA,4098,714,NN,Semillas,Convenio Syngenta Soja Completo,Soja,$ 75000.00
08-15-25,424030,1828,08-25-25,6865,08-28-25,4,FA,4098,714,NN,Semillas,Convenio Syngenta Soja Completo,Soja,$ 75000.00
08-15-25,424031,1828,08-25-25,6864,08-28-25,4,FA,4098,714,NN,Semillas,Convenio Syngenta Soja Completo,Soja,$ 75000.00
08-15-25,424032,1828,08-25-25,6863,08-28-25,4,FA,4098,714,NN,Semillas,Convenio Syngenta Soja Completo,Soja,$ 75000.00
08-15-25,424033,1828,08-25-25,6862,08-28-25,4,FA,4098,714,NN,Semillas,Convenio Syngenta Soja Completo,Soja,$ 75000.00
08-15-25,424034,1828,08-25-25,6861,08-28-25,4,FA,4098,714,NN,Semillas,Convenio Syngenta Soja Completo,Soja,$ 75000.00
08-15-25,424035,1828,08-25-25,6860,08-28-25,4,FA,4098,714,NN,Semillas,Convenio Syngenta Soja Completo,Soja,$ 75000.00
08-15-25,424036,1828,08-25-25,6859,08-28-25,4,FA,4098,714,NN,Semillas,Soja,Soja,$ 75000.00
08-15-25,424037,1828,08-25-25,6858,08-28-25,4,FA,4098,714,NN,Semillas,Convenio Syngenta Soja Completo,Soja,$ 75000.00
08-15-25,424038,1828,08-25-25,6857,08-28-25,4,FA,4098,714,NN,Semillas,Convenio Syngenta Soja Completo,Soja,$ 75000.00
08-15-25,424039,1829,08-29-25,6922,08-29-25,4,FA,4115,62,NN,Semillas,Girasol,Girasol,$ 52700.00
08-15-25,424040,1829,09-17-25,7042,09-18-25,4,FA,4149,62,NN,Semillas,Gatton Panic,Gatton Panic,$ 90200.00
08-15-25,424041,1829,09-17-25,7041,09-18-25,4,FA,4149,62,NN,Semillas,Gatton Panic,Gatton Panic,$ 90200.00
08-19-25,424045,1830,08-26-25,6911,08-28-25,4,FA,4097,350,NN,Semillas,Fuerza Total,Maíz,$ 62800.00
08-19-25,424046,1830,08-26-25,6910,08-28-25,4,FA,4097,350,NN,Semillas,Fuerza Total,Maíz,$ 62800.00
08-19-25,424047,1830,09-03-25,6949,09-09-25,4,FA,4120,350,NN,Semillas,Fuerza Total,Girasol,$ 62800.00
08-19-25,424048,1830,08-26-25,6909,08-28-25,4,FA,4097,350,NN,Semillas,Fuerza Total,Maíz,$ 62800.00
08-19-25,424049,1830,08-26-25,6908,08-28-25,4,FA,4097,350,NN,Semillas,Fuerza Total,Maíz,$ 62800.00
08-19-25,424050,1830,08-26-25,6907,08-28-25,4,FA,4097,350,NN,Semillas,Fuerza Total,Maíz,$ 62800.00
08-19-25,424051,1830,08-26-25,6906,08-28-25,4,FA,4097,350,NN,Semillas,Fuerza Total,Maíz,$ 62800.00
08-19-25,424052,1830,08-26-25,6905,08-28-25,4,FA,4097,350,NN,Semillas,Fuerza Total,Maíz,$ 62800.00
08-19-25,424053,1830,08-26-25,6904,08-28-25,4,FA,4097,350,NN,Semillas,Fuerza Total,Maíz,$ 62800.00
08-19-25,424054,1830,08-26-25,6903,08-28-25,4,FA,4097,350,NN,Semillas,Fuerza Total,Maíz,$ 62800.00
08-19-25,424055,1830,08-26-25,6902,08-28-25,4,FA,4097,350,NN,Semillas,Fuerza Total,Maíz,$ 62800.00
08-19-25,424056,1830,08-26-25,6901,08-28-25,4,FA,4097,350,NN,Semillas,Fuerza Total,Maíz,$ 62800.00
08-19-25,424057,1830,08-26-25,6900,08-28-25,4,FA,4097,350,NN,Semillas,Fuerza Total,Maíz,$ 62800.00
08-19-25,424058,1830,08-26-25,6899,08-28-25,4,FA,4097,350,NN,Semillas,Fuerza Total,Maíz,$ 62800.00
08-19-25,424059,1830,08-26-25,6898,08-28-25,4,FA,4097,350,NN,Semillas,Fuerza Total,Maíz,$ 62800.00
08-19-25,424060,1830,08-26-25,6897,08-28-25,4,FA,4097,350,NN,Semillas,Fuerza Total,Maíz,$ 62800.00
08-19-25,424061,1830,08-26-25,6896,08-28-25,4,FA,4097,350,NN,Semillas,Fuerza Total,Maíz,$ 62800.00
08-19-25,424062,1830,08-26-25,6895,08-28-25,4,FA,4097,350,NN,Semillas,Fuerza Total,Maíz,$ 62800.00
08-19-25,424063,1830,08-26-25,6894,08-28-25,4,FA,4097,350,NN,Semillas,Fuerza Total,Maíz,$ 62800.00
08-19-25,424064,1830,08-26-25,6893,08-28-25,4,FA,4097,350,NN,Semillas,Fuerza Total,Maíz,$ 62800.00
08-19-25,424065,1830,08-26-25,6892,08-28-25,4,FA,4097,350,NN,Semillas,Fuerza Total,Maíz,$ 62800.00
08-19-25,424066,1830,08-26-25,6891,08-28-25,4,FA,4097,350,NN,Semillas,Fuerza Total,Maíz,$ 62800.00
08-19-25,424067,1830,08-26-25,6890,08-28-25,4,FA,4097,350,NN,Semillas,Fuerza Total,Maíz,$ 62800.00
08-19-25,424068,1830,08-26-25,6889,08-28-25,4,FA,4097,350,NN,Semillas,Fuerza Total,Maíz,$ 62800.00
08-19-25,424069,1830,08-26-25,6888,08-28-25,4,FA,4097,350,NN,Semillas,Fuerza Total,Maíz,$ 62800.00
08-19-25,424070,1830,08-26-25,6887,08-28-25,4,FA,4097,350,NN,Semillas,Fuerza Total,Maíz,$ 62800.00
08-19-25,424071,1830,08-26-25,6886,08-28-25,4,FA,4097,350,NN,Semillas,Fuerza Total,Maíz,$ 62800.00
08-19-25,424072,1830,08-26-25,6885,08-28-25,4,FA,4097,350,NN,Semillas,Fuerza Total,Maíz,$ 62800.00
08-19-25,424073,1830,08-26-25,6884,08-28-25,4,FA,4097,350,NN,Semillas,Fuerza Total,Maíz,$ 62800.00
08-19-25,424074,1830,08-26-25,6883,08-28-25,4,FA,4097,350,NN,Semillas,Fuerza Total,Maíz,$ 62800.00
08-25-25,424075,1837,09-02-25,6948,09-09-25,4,FA,4120,350,NN,Semillas,Fuerza Total,Maíz,$ 62800.00
08-25-25,424076,1837,09-02-25,6947,09-09-25,4,FA,4120,350,NN,Semillas,Fuerza Total,Maíz,$ 62800.00
08-25-25,424077,1837,09-02-25,6946,09-09-25,4,FA,4120,350,NN,Semillas,Fuerza Total,Maíz,$ 62800.00
08-25-25,424078,1837,09-02-25,6945,09-09-25,4,FA,4120,350,NN,Semillas,Fuerza Total,Maíz,$ 62800.00
08-25-25,424079,1837,09-02-25,6944,09-09-25,4,FA,4120,350,NN,Semillas,Fuerza Total,Maíz,$ 62800.00
08-25-25,424080,1837,09-02-25,6943,09-09-25,4,FA,4120,350,NN,Semillas,Fuerza Total,Maíz,$ 62800.00
08-19-25,424081,1831,08-27-25,6916,08-28-25,4,FA,4104,4610,NN,Semillas,Fuerza Total,Soja,$ 62800.00
08-19-25,424082,1831,08-27-25,6915,08-28-25,4,FA,4104,4610,NN,Semillas,Fuerza Total,Soja,$ 62800.00
08-19-25,424083,1831,08-27-25,6914,08-28-25,4,FA,4104,4610,NN,Semillas,Fuerza Total,Soja,$ 62800.00
08-20-25,424084,1832,08-29-25,6929,08-29-25,4,FA,4116,104,NN,Semillas,Moha,Moha,$ 52700.00
08-20-25,424085,1832,08-29-25,6928,08-29-25,4,FA,4116,104,NN,Semillas,Moha,Moha,$ 52700.00
08-20-25,424086,1832,08-29-25,6927,08-29-25,4,FA,4116,104,NN,Semillas,Moha,Moha,$ 52700.00
08-20-25,424087,1832,08-29-25,6926,08-29-25,4,FA,4116,104,NN,Semillas,Moha,Moha,$ 52700.00
08-20-25,424088,1832,08-29-25,6925,08-29-25,4,FA,4116,104,NN,Semillas,Moha,Moha,$ 52700.00
08-20-25,424089,1832,08-29-25,6924,08-29-25,4,FA,4116,104,NN,Semillas,Moha,Moha,$ 52700.00
08-20-25,424090,1833,08-28-25,6920,08-28-25,4,FA,4099,908,NN,Semillas,Soja,Soja,$ 55000.00
08-20-25,424091,1833,08-28-25,6919,08-28-25,4,FA,4099,908,NN,Semillas,Soja,Soja,$ 55000.00
08-20-25,424092,1834,08-27-25,6918,08-28-25,4,FA,4105,2795,NN,Semillas,Convenio Syngenta Soja Completo,Soja,$ 75000.00
08-20-25,424093,1834,08-27-25,6917,08-28-25,4,FA,4105,2795,NN,Semillas,Convenio Syngenta Soja Completo,Soja,$ 75000.00
08-21-25,424102,1835,09-01-25,6931,09-09-25,4,FA,4127,4721,NN,Semillas,Moha,Moha,$ 52700.00
08-21-25,424105,1836,08-29-25,6921,08-29-25,4,FA,4117,981,NN,Semillas,Fuerza Total,Maíz,$ 62800.00
08-21-25,424106,1835,09-01-25,6930,09-09-25,4,FA,4127,4721,NN,Semillas,Moha,Moha,$ 52700.00
08-25-25,424205,1837,09-02-25,6942,09-09-25,4,FA,4120,350,NN,Semillas,Fuerza Total,Maíz,$ 62800.00
08-25-25,424206,1837,09-02-25,6941,09-09-25,4,FA,4120,350,NN,Semillas,Fuerza Total,Maíz,$ 62800.00
08-25-25,424207,1837,09-02-25,6940,09-09-25,4,FA,4120,350,NN,Semillas,Fuerza Total,Maíz,$ 62800.00
08-25-25,424208,1837,09-02-25,6939,09-09-25,4,FA,4120,350,NN,Semillas,Fuerza Total,Maíz,$ 62800.00
08-25-25,424209,1837,09-02-25,6938,09-09-25,4,FA,4120,350,NN,Semillas,Fuerza Total,Maíz,$ 62800.00
08-25-25,424210,1837,09-02-25,6937,09-09-25,4,FA,4120,350,NN,Semillas,Fuerza Total,Maíz,$ 62800.00
08-25-25,424211,1837,09-02-25,6936,09-09-25,4,FA,4120,350,NN,Semillas,Fuerza Total,Maíz,$ 62800.00
08-25-25,424212,1837,09-02-25,6935,09-09-25,4,FA,4120,350,NN,Semillas,Fuerza Total,Maíz,$ 62800.00
08-25-25,424213,1837,09-02-25,6934,09-09-25,4,FA,4120,350,NN,Semillas,Fuerza Total,Maíz,$ 62800.00
08-25-25,424214,1837,09-03-25,6971,09-09-25,4,FA,4120,350,NN,Semillas,Fuerza Total,Maíz,$ 62800.00
08-25-25,424215,1837,09-03-25,6970,09-09-25,4,FA,4120,350,NN,Semillas,Fuerza Total,Maíz,$ 62800.00
08-25-25,424216,1837,09-03-25,6969,09-09-25,4,FA,4120,350,NN,Semillas,Fuerza Total,Maíz,$ 62800.00
08-25-25,424217,1837,09-03-25,6968,09-09-25,4,FA,4120,350,NN,Semillas,Fuerza Total,Maíz,$ 62800.00
08-25-25,424218,1837,09-03-25,6967,09-09-25,4,FA,4120,350,NN,Semillas,Fuerza Total,Maíz,$ 62800.00
08-25-25,424219,1837,09-03-25,6966,09-09-25,4,FA,4120,350,NN,Semillas,Fuerza Total,Maíz,$ 62800.00
08-25-25,424220,1837,09-03-25,6965,09-09-25,4,FA,4120,350,NN,Semillas,Fuerza Total,Maíz,$ 62800.00
08-25-25,424221,1837,09-03-25,6964,09-09-25,4,FA,4120,350,NN,Semillas,Fuerza Total,Maíz,$ 62800.00
08-25-25,424222,1837,09-03-25,6963,09-09-25,4,FA,4120,350,NN,Semillas,Fuerza Total,Maíz,$ 62800.00
08-25-25,424223,1837,09-03-25,6962,09-09-25,4,FA,4120,350,NN,Semillas,Fuerza Total,Maíz,$ 62800.00
08-25-25,424224,1837,09-03-25,6961,09-09-25,4,FA,4120,350,NN,Semillas,Fuerza Total,Maíz,$ 62800.00
08-25-25,424225,1837,09-03-25,6960,09-09-25,4,FA,4120,350,NN,Semillas,Fuerza Total,Maíz,$ 62800.00
08-25-25,424226,1837,09-03-25,6959,09-09-25,4,FA,4120,350,NN,Semillas,Fuerza Total,Maíz,$ 62800.00
08-25-25,424227,1837,09-03-25,6958,09-09-25,4,FA,4120,350,NN,Semillas,Fuerza Total,Maíz,$ 62800.00
08-25-25,424228,1837,09-03-25,6957,09-09-25,4,FA,4120,350,NN,Semillas,Fuerza Total,Maíz,$ 62800.00
08-25-25,424229,1837,09-03-25,6956,09-09-25,4,FA,4120,350,NN,Semillas,Fuerza Total,Maíz,$ 62800.00
08-25-25,424230,1837,09-03-25,6955,09-09-25,4,FA,4120,350,NN,Semillas,Fuerza Total,Maíz,$ 62800.00
08-25-25,424231,1837,09-03-25,6954,09-09-25,4,FA,4120,350,NN,Semillas,Fuerza Total,Maíz,$ 62800.00
08-25-25,424242,1838,09-03-25,6951,09-09-25,4,FA,4125,4396,NN,Semillas,Fuerza Total,Soja,$ 62800.00
08-25-25,424243,1838,09-03-25,6950,09-09-25,4,FA,4125,4396,NN,Semillas,Fuerza Total,Soja,$ 62800.00
08-25-25,424244,1838,09-05-25,6975,09-09-25,4,FA,4125,4396,NN,Semillas,Maní,Maní,$ 55000.00
08-25-25,424245,1839,09-03-25,6953,09-09-25,4,FA,4123,2211,NN,Semillas,Fuerza Total,Soja,$ 62800.00
08-25-25,424246,1839,09-03-25,6952,09-09-25,4,FA,4123,2211,NN,Semillas,Fuerza Total,Soja,$ 62800.00
08-27-25,424250,1840,09-04-25,6972,09-09-25,4,FA,4122,685,NN,Semillas,Fuerza Total Curado,Soja,$ 72700.00
08-27-25,424251,1841,09-05-25,6974,09-09-25,4,FA,4118,25,NN,Semillas,Soja,Soja,$ 55000.00
08-27-25,424252,1841,09-05-25,6973,09-09-25,4,FA,4118,25,NN,Semillas,Soja,Soja,$ 55000.00
08-28-25,424253,1842,09-29-25,7127,10-08-25,4,FA,4189,6024,NN,Semillas,Buffel Grass,Buffel Grass,$ 90200.00
08-28-25,424254,1842,09-29-25,7126,10-08-25,4,FA,4189,6024,NN,Semillas,Buffel Grass,Buffel Grass,$ 90200.00
08-28-25,424255,1842,09-29-25,7125,10-08-25,4,FA,4189,6024,NN,Semillas,Buffel Grass,Buffel Grass,$ 90200.00
08-29-25,424346,1843,09-05-25,6976,09-09-25,4,FA,4126,1715,NN,Semillas,Soja,Soja,$ 86200.00
08-29-25,424347,1844,09-05-25,6988,09-09-25,4,FA,4121,392,NN,Semillas,Soja,Soja,$ 41500.00
08-29-25,424348,1844,09-05-25,6987,09-09-25,4,FA,4121,392,NN,Semillas,Soja,Soja,$ 41500.00
08-29-25,424349,1844,09-05-25,6986,09-09-25,4,FA,4121,392,NN,Semillas,Soja,Soja,$ 41500.00
08-29-25,424350,1844,09-05-25,6985,09-09-25,4,FA,4121,392,NN,Semillas,Soja,Soja,$ 41500.00
08-29-25,424351,1844,09-05-25,6984,09-09-25,4,FA,4121,392,NN,Semillas,Soja,Soja,$ 41500.00
08-29-25,424352,1844,09-05-25,6983,09-09-25,4,FA,4121,392,NN,Semillas,Soja,Soja,$ 41500.00
08-29-25,424353,1844,09-05-25,6982,09-09-25,4,FA,4121,392,NN,Semillas,Soja,Soja,$ 41500.00
08-29-25,424354,1844,09-05-25,6981,09-09-25,4,FA,4121,392,NN,Semillas,Soja,Soja,$ 41500.00
08-29-25,424355,1844,09-05-25,6980,09-09-25,4,FA,4121,392,NN,Semillas,Soja,Soja,$ 41500.00
08-29-25,424356,1844,09-05-25,6979,09-09-25,4,FA,4121,392,NN,Semillas,Soja,Soja,$ 41500.00
08-29-25,424357,1845,09-05-25,6978,09-09-25,4,FA,4124,3660,NN,Semillas,Fuerza Total,Soja,$ 62800.00
08-29-25,424358,1845,09-05-25,6977,09-09-25,4,FA,4124,3660,NN,Semillas,Fuerza Total,Soja,$ 62800.00
09-01-25,424359,1846,09-08-25,7008,09-10-25,4,FA,4132,62,NN,Semillas,Maíz,Maíz,$ 52700.00
09-01-25,424360,1846,09-08-25,7007,09-10-25,4,FA,4132,62,NN,Semillas,Maíz,Maíz,$ 52700.00
09-01-25,424361,1846,09-08-25,7006,09-10-25,4,FA,4132,62,NN,Semillas,Maíz,Maíz,$ 52700.00
09-01-25,424362,1846,09-08-25,7005,09-10-25,4,FA,4132,62,NN,Semillas,Maíz,Maíz,$ 52700.00
09-01-25,424363,1846,09-08-25,7004,09-10-25,4,FA,4132,62,NN,Semillas,Maíz,Maíz,$ 52700.00
09-01-25,424364,1846,09-08-25,7003,09-10-25,4,FA,4132,62,NN,Semillas,Maíz,Maíz,$ 52700.00
09-01-25,424365,1846,09-08-25,7002,09-10-25,4,FA,4132,62,NN,Semillas,Maíz,Maíz,$ 52700.00
09-01-25,424366,1846,09-08-25,7001,09-10-25,4,FA,4132,62,NN,Semillas,Maíz,Maíz,$ 52700.00
09-01-25,424367,1846,09-08-25,7000,09-10-25,4,FA,4132,62,NN,Semillas,Maíz,Maíz,$ 52700.00
09-01-25,424368,1846,09-08-25,6999,09-10-25,4,FA,4132,62,NN,Semillas,Maíz,Maíz,$ 52700.00
09-01-25,424369,1846,09-08-25,6998,09-10-25,4,FA,4132,62,NN,Semillas,Maíz,Maíz,$ 52700.00
09-01-25,424370,1846,09-08-25,6997,09-10-25,4,FA,4132,62,NN,Semillas,Maíz,Maíz,$ 52700.00
09-01-25,424371,1846,09-08-25,6996,09-10-25,4,FA,4132,62,NN,Semillas,Maíz,Maíz,$ 52700.00
09-01-25,424372,1846,09-08-25,6995,09-10-25,4,FA,4132,62,NN,Semillas,Maíz,Maíz,$ 52700.00
09-01-25,424373,1846,09-08-25,6994,09-10-25,4,FA,4132,62,NN,Semillas,Maíz,Maíz,$ 52700.00
09-01-25,424374,1846,09-22-25,7068,10-09-25,4,FA,4208,62,NN,Semillas,Semilla Vital Megatérmicas,Urochloa Brizantha,$ 90200.00
09-01-25,424375,1846,09-22-25,7067,10-09-25,4,FA,4208,62,NN,Semillas,Semilla Vital Megatérmicas,Urochloa Ruziziensis,$ 90200.00
09-01-25,424376,1846,09-19-25,7066,10-09-25,4,FA,4208,62,NN,Semillas,Grama Rhodes,Grama Rhodes,$ 90200.00
09-01-25,424377,1847,09-09-25,7009,09-24-25,4,FA,4158,6025,NN,Semillas,Soja,Soja,$ 52700.00
09-01-25,424378,1848,09-09-25,7021,09-24-25,4,FA,4160,38,NN,Semillas,Doble Poder,Soja,$ 55000.00
09-01-25,424379,1848,09-09-25,7020,09-24-25,4,FA,4160,38,NN,Semillas,Doble Poder,Soja,$ 55000.00
09-01-25,424380,1848,09-09-25,7019,09-24-25,4,FA,4160,38,NN,Semillas,Doble Poder,Soja,$ 55000.00
09-01-25,424381,1848,09-09-25,7018,09-24-25,4,FA,4160,38,NN,Semillas,Doble Poder,Soja,$ 55000.00
09-01-25,424382,1848,09-09-25,7017,09-24-25,4,FA,4160,38,NN,Semillas,Doble Poder,Soja,$ 55000.00
09-01-25,424383,1848,09-09-25,7016,09-24-25,4,FA,4160,38,NN,Semillas,Doble Poder,Soja,$ 55000.00
09-01-25,424384,1848,09-09-25,7015,09-24-25,4,FA,4160,38,NN,Semillas,Doble Poder,Soja,$ 55000.00
09-01-25,424385,1848,09-09-25,7014,09-24-25,4,FA,4160,38,NN,Semillas,Doble Poder,Soja,$ 55000.00
09-01-25,424386,1848,09-09-25,7013,09-24-25,4,FA,4160,38,NN,Semillas,Doble Poder,Soja,$ 55000.00
09-01-25,424387,1848,09-09-25,7012,09-24-25,4,FA,4160,38,NN,Semillas,Doble Poder,Soja,$ 55000.00
09-01-25,424388,1850,10-03-25,7159,10-08-25,4,FA,4186,700,NN,Semillas,Gatton Panic,Gatton Panic,$ 52700.00
09-01-25,424389,1849,09-08-25,6993,09-09-25,4,FA,4130,2795,NN,Semillas,Soja,Soja,$ 88600.00
09-01-25,424390,1849,09-08-25,6992,09-09-25,4,FA,4130,2795,NN,Semillas,Soja,Soja,$ 88600.00
09-01-25,424391,1849,09-08-25,6991,09-09-25,4,FA,4130,2795,NN,Semillas,Soja,Soja,$ 88600.00
09-01-25,424392,1849,09-08-25,6990,09-09-25,4,FA,4130,2795,NN,Semillas,Soja,Soja,$ 88600.00
09-01-25,424393,1849,09-08-25,6989,09-09-25,4,FA,4130,2795,NN,Semillas,Soja,Soja,$ 88600.00
09-01-25,424394,1851,09-09-25,7011,09-24-25,4,FA,4161,4922,NN,Semillas,Soja,Soja,$ 82500.00
09-01-25,424395,1851,09-09-25,7010,09-24-25,4,FA,4161,4922,NN,Semillas,Soja,Soja,$ 82500.00
09-02-25,424406,1852,09-19-25,7065,10-09-25,4,FA,4210,9350,NN,Semillas,Vicia,Vicia,$ 52700.00
09-02-25,424407,1852,09-10-25,7022,09-24-25,4,FA,4157,9350,NN,Semillas,Soja,Soja,$ 55000.00
09-02-25,424408,1853,09-10-25,7024,09-24-25,4,FA,4162,981,NN,Semillas,Fuerza Total,Soja,$ 62800.00
09-02-25,424409,1853,09-10-25,7023,09-24-25,4,FA,4162,981,NN,Semillas,Fuerza Total,Soja,$ 62800.00
09-03-25,424416,1854,09-23-25,7069,10-09-25,4,FA,4212,104,NN,Semillas,Semilla Vital,Setaria,$ 90200.00
09-03-25,424419,1855,09-11-25,7028,09-24-25,4,FA,4155,5167,NN,Semillas,Fuerza Total,Soja,$ 62800.00
09-03-25,424420,1855,09-11-25,7027,09-24-25,4,FA,4155,5167,NN,Semillas,Fuerza Total,Soja,$ 62800.00
09-03-25,424421,1855,09-11-25,7026,09-24-25,4,FA,4155,5167,NN,Semillas,Fuerza Total,Soja,$ 62800.00
09-04-25,424423,1856,09-11-25,7025,09-24-25,4,FA,4154,392,NN,Semillas,Fuerza Total,Maíz,$ 62800.00
09-05-25,424523,1858,09-18-25,7047,09-18-25,4,FA,4149,62,NN,Semillas,Sorgo,Sorgo,$ 52700.00
09-05-25,424524,1858,09-18-25,7046,09-18-25,4,FA,4149,62,NN,Semillas,Sorgo,Sorgo,$ 52700.00
09-05-25,424525,1858,09-18-25,7045,09-18-25,4,FA,4149,62,NN,Semillas,Sorgo,Sorgo,$ 52700.00
09-05-25,424526,1858,09-18-25,7044,09-18-25,4,FA,4149,62,NN,Semillas,Sorgo,Sorgo,$ 52700.00
09-05-25,424527,1858,09-18-25,7043,09-18-25,4,FA,4149,62,NN,Semillas,Girasol,Girasol,$ 52700.00
09-09-25,424528,1859,09-17-25,7040,09-18-25,4,FA,4146,967,NN,Semillas,Soja,Soja,$ 52700.00
09-09-25,424529,1859,09-17-25,7039,09-18-25,4,FA,4146,967,NN,Semillas,Soja,Soja,$ 52700.00
09-09-25,424530,1859,09-17-25,7038,09-18-25,4,FA,4146,967,NN,Semillas,Soja,Soja,$ 52700.00
09-09-25,424531,1859,09-17-25,7037,09-18-25,4,FA,4146,967,NN,Semillas,Soja,Soja,$ 52700.00
09-09-25,424532,1859,09-17-25,7036,09-18-25,4,FA,4146,967,NN,Semillas,Soja,Soja,$ 52700.00
09-09-25,424533,1859,09-17-25,7035,09-18-25,4,FA,4146,967,NN,Semillas,Soja,Soja,$ 52700.00
09-09-25,424544,1860,09-18-25,7049,09-18-25,4,FA,4147,4557,NN,Semillas,Soja,Soja,$ 52700.00
09-09-25,424545,1860,09-18-25,7048,09-18-25,4,FA,4147,4557,NN,Semillas,Soja,Soja,$ 52700.00
09-09-25,424546,1861,09-18-25,7050,09-18-25,4,FA,4152,4329,NN,Semillas,Soja,Soja,$ 52700.00
09-10-25,424548,1862,09-18-25,7061,09-18-25,4,FA,4150,392,NN,Semillas,Soja,Soja,$ 86200.00
09-10-25,424549,1862,09-18-25,7060,09-18-25,4,FA,4150,392,NN,Semillas,Soja,Soja,$ 86200.00
09-10-25,424550,1863,09-18-25,7059,09-18-25,4,FA,4150,392,NN,Semillas,Doble Poder,Soja,$ 55000.00
09-10-25,424551,1863,09-18-25,7058,09-18-25,4,FA,4150,392,NN,Semillas,Doble Poder,Soja,$ 55000.00
09-10-25,424552,1863,09-18-25,7057,09-18-25,4,FA,4150,392,NN,Semillas,Doble Poder,Soja,$ 55000.00
09-10-25,424553,1863,09-18-25,7056,09-18-25,4,FA,4150,392,NN,Semillas,Doble Poder,Soja,$ 55000.00
09-10-25,424554,1863,09-18-25,7055,09-18-25,4,FA,4150,392,NN,Semillas,Doble Poder,Soja,$ 55000.00
09-10-25,424555,1863,09-18-25,7054,09-18-25,4,FA,4150,392,NN,Semillas,Doble Poder,Soja,$ 55000.00
09-10-25,424556,1863,09-18-25,7053,09-18-25,4,FA,4150,392,NN,Semillas,Doble Poder,Soja,$ 55000.00
09-10-25,424557,1863,09-18-25,7052,09-18-25,4,FA,4150,392,NN,Semillas,Doble Poder,Soja,$ 55000.00
09-10-25,424558,1863,09-18-25,7051,09-18-25,4,FA,4150,392,NN,Semillas,Doble Poder,Soja,$ 55000.00
09-11-25,424559,1866,09-18-25,7062,09-18-25,4,FA,4151,5109,NN,Semillas,Soja,Soja,$ 52700.00
09-10-25,424561,1864,09-18-25,7064,09-18-25,4,FA,4148,1371,NN,Semillas,Doble Poder,Soja,$ 55000.00
09-10-25,424562,1864,09-18-25,7063,09-18-25,4,FA,4148,1371,NN,Semillas,Doble Poder,Soja,$ 10800.00
09-11-25,424631,1865,09-25-25,7098,10-08-25,4,FA,4192,104,NN,Semillas,Fuerza Total,Pasto Lloron,$ 62800.00
09-11-25,424632,1865,09-25-25,7097,10-08-25,4,FA,4192,104,NN,Semillas,Fuerza Total,Pasto Lloron,$ 62800.00
09-11-25,424633,1867,09-25-25,7094,10-09-25,4,FA,4207,6019,NN,Semillas,Fuerza Total,Sorgo,$ 62800.00
09-12-25,424652,1868,10-13-25,7183,10-15-25,4,FA,4215,62,NN,Semillas,Panicum Coloratum,Panicum Coloratum,$ 90200.00
09-12-25,424653,1868,10-13-25,7184,10-15-25,4,FA,4215,62,NN,Semillas,Gatton Panic,Gatton Panic,$ 90200.00
09-12-25,424654,1868,09-26-25,7116,10-08-25,4,FA,4182,62,NN,Semillas,Achicoria,Achicoria,$ 52700.00
09-12-25,424655,1868,09-25-25,7096,10-08-25,4,FA,4182,62,NN,Semillas,Alfalfa,Alfalfa,$ 52700.00
09-15-25,424656,1869,09-25-25,7093,10-09-25,4,FA,4211,25,NN,Semillas,Maní,Maní,$ 55000.00
09-15-25,424657,1869,09-25-25,7092,10-09-25,4,FA,4211,25,NN,Semillas,Maní,Maní,$ 55000.00
09-15-25,424658,1869,09-25-25,7091,10-09-25,4,FA,4211,25,NN,Semillas,Maní,Maní,$ 55000.00
09-15-25,424659,1869,09-25-25,7090,10-09-25,4,FA,4211,25,NN,Semillas,Maní,Maní,$ 55000.00
09-15-25,424660,1869,09-25-25,7089,10-09-25,4,FA,4211,25,NN,Semillas,Maní,Maní,$ 55000.00
09-15-25,424661,1870,10-17-25,7225,10-23-25,4,FA,4253,4281,NN,Semillas,Gatton Panic,Gatton Panic,$ 90200.00
09-15-25,424662,1870,10-17-25,7224,10-23-25,4,FA,4253,4281,NN,Semillas,Gatton Panic,Gatton Panic,$ 90200.00
09-15-25,424663,1870,10-03-25,7160,10-08-25,4,FA,4184,4281,NN,Semillas,Grama Rhodes,Grama Rhodes,$ 52700.00
09-16-25,424664,1871,09-24-25,7078,10-09-25,4,FA,4209,392,NN,Semillas,Doble Poder,Soja,$ 55000.00
09-16-25,424665,1871,09-24-25,7077,10-09-25,4,FA,4209,392,NN,Semillas,Doble Poder,Soja,$ 55000.00
09-16-25,424666,1871,09-24-25,7076,10-09-25,4,FA,4209,392,NN,Semillas,Doble Poder,Soja,$ 55000.00
09-16-25,424667,1871,09-24-25,7075,10-09-25,4,FA,4209,392,NN,Semillas,Doble Poder,Soja,$ 55000.00
09-16-25,424668,1871,09-24-25,7074,10-09-25,4,FA,4209,392,NN,Semillas,Doble Poder,Soja,$ 55000.00
09-16-25,424669,1871,09-24-25,7073,10-09-25,4,FA,4209,392,NN,Semillas,Doble Poder,Soja,$ 55000.00
09-16-25,424670,1871,09-24-25,7072,10-09-25,4,FA,4209,392,NN,Semillas,Doble Poder,Soja,$ 55000.00
09-16-25,424671,1871,09-24-25,7071,10-09-25,4,FA,4209,392,NN,Semillas,Doble Poder,Soja,$ 55000.00
09-16-25,424687,1871,09-24-25,7070,10-09-25,4,FA,4209,392,NN,Semillas,Doble Poder,Soja,$ 55000.00
09-17-25,424688,1872,09-24-25,7088,09-25-25,4,FA,4164,2795,NN,Semillas,Soja,Soja,$ 88600.00
09-17-25,424689,1872,09-24-25,7087,09-25-25,4,FA,4164,2795,NN,Semillas,Soja,Soja,$ 88600.00
09-17-25,424690,1872,09-24-25,7086,09-25-25,4,FA,4164,2795,NN,Semillas,Soja,Soja,$ 88600.00
09-17-25,424691,1872,09-24-25,7085,09-25-25,4,FA,4164,2795,NN,Semillas,Soja,Soja,$ 88600.00
09-17-25,424692,1872,09-24-25,7084,09-25-25,4,FA,4164,2795,NN,Semillas,Soja,Soja,$ 88600.00
09-17-25,424693,1872,09-24-25,7083,09-25-25,4,FA,4164,2795,NN,Semillas,Soja,Soja,$ 88600.00
09-17-25,424694,1872,09-24-25,7082,09-25-25,4,FA,4164,2795,NN,Semillas,Soja,Soja,$ 88600.00
09-17-25,424695,1872,09-24-25,7081,09-25-25,4,FA,4164,2795,NN,Semillas,Soja,Soja,$ 88600.00
09-17-25,424696,1872,09-24-25,7080,09-25-25,4,FA,4164,2795,NN,Semillas,Soja,Soja,$ 88600.00
09-17-25,424697,1872,09-24-25,7079,09-25-25,4,FA,4164,2795,NN,Semillas,Soja,Soja,$ 88600.00
09-17-25,424786,1873,09-26-25,7107,10-08-25,4,FA,4179,967,NN,Semillas,Soja,Soja,$ 55000.00
09-17-25,424787,1873,09-26-25,7106,10-08-25,4,FA,4179,967,NN,Semillas,Soja,Soja,$ 55000.00
09-17-25,424788,1873,09-26-25,7105,10-08-25,4,FA,4179,967,NN,Semillas,Soja,Soja,$ 55000.00
09-17-25,424789,1874,10-20-25,7228,10-23-25,4,FA,4253,4281,NN,Semillas,Gatton Panic,Gatton Panic,$ 90200.00
09-17-25,424790,1874,10-20-25,7227,10-23-25,4,FA,4253,4281,NN,Semillas,Gatton Panic,Gatton Panic,$ 90200.00
09-17-25,424791,1874,10-20-25,7226,10-23-25,4,FA,4253,4281,NN,Semillas,Gatton Panic,Gatton Panic,$ 90200.00
09-17-25,424793,1875,09-26-25,7108,10-08-25,4,FA,4191,1878,NN,Semillas,Doble Poder,Soja,$ 55000.00
09-18-25,424836,1876,09-26-25,7109,10-08-25,4,FA,4181,985,NN,Semillas,Fuerza Total Curado,Soja,$ 72700.00
09-19-25,424837,1878,09-26-25,7114,10-08-25,4,FA,4180,3687,NN,Semillas,Soja,Soja,$ 52700.00
09-19-25,424838,1878,09-26-25,7113,10-08-25,4,FA,4180,3687,NN,Semillas,Soja,Soja,$ 52700.00
09-19-25,424839,1878,09-26-25,7112,10-08-25,4,FA,4180,3687,NN,Semillas,Soja,Soja,$ 52700.00
09-19-25,424840,1878,09-26-25,7111,10-08-25,4,FA,4180,3687,NN,Semillas,Soja,Soja,$ 52700.00
09-19-25,424841,1878,09-26-25,7110,10-08-25,4,FA,4180,3687,NN,Semillas,Soja,Soja,$ 52700.00
09-19-25,424842,1877,09-29-25,7124,10-08-25,4,FA,4187,25,NN,Semillas,Maní,Maní,$ 55000.00
09-19-25,424843,1877,09-29-25,7123,10-08-25,4,FA,4187,25,NN,Semillas,Maní,Maní,$ 55000.00
09-19-25,424844,1877,09-29-25,7122,10-08-25,4,FA,4187,25,NN,Semillas,Maní,Maní,$ 55000.00
09-19-25,424845,1877,09-29-25,7121,10-08-25,4,FA,4187,25,NN,Semillas,Maní,Maní,$ 55000.00
09-19-25,424846,1879,09-26-25,7115,10-08-25,4,FA,4194,4038,NN,Semillas,Soja,Soja,$ 52700.00
09-19-25,424847,1880,09-26-25,7104,10-08-25,4,FA,4175,2795,NN,Semillas,Soja,Soja,$ 88600.00
09-19-25,424848,1880,09-26-25,7103,10-08-25,4,FA,4175,2795,NN,Semillas,Soja,Soja,$ 88600.00
09-19-25,424849,1880,09-26-25,7102,10-08-25,4,FA,4175,2795,NN,Semillas,Soja,Soja,$ 88600.00
09-19-25,424850,1880,09-26-25,7101,10-08-25,4,FA,4175,2795,NN,Semillas,Soja,Soja,$ 88600.00
09-19-25,424851,1880,09-26-25,7100,10-08-25,4,FA,4175,2795,NN,Semillas,Soja,Soja,$ 88600.00
09-19-25,424852,1880,09-26-25,7099,10-08-25,4,FA,4175,2795,NN,Semillas,Soja,Soja,$ 88600.00
09-22-25,424853,1881,09-29-25,7147,10-08-25,4,FA,4188,522,NN,Semillas,Poder + Peso,Soja,$ 64000.00
09-22-25,424854,1881,09-29-25,7146,10-08-25,4,FA,4188,522,NN,Semillas,Poder + Peso,Soja,$ 64000.00
09-22-25,424855,1881,09-29-25,7145,10-08-25,4,FA,4188,522,NN,Semillas,Poder + Peso,Soja,$ 64000.00
09-22-25,424856,1881,09-29-25,7144,10-08-25,4,FA,4188,522,NN,Semillas,Poder + Peso,Soja,$ 64000.00
09-22-25,424857,1881,09-29-25,7143,10-08-25,4,FA,4188,522,NN,Semillas,Poder + Peso,Soja,$ 64000.00
09-22-25,424858,1881,09-29-25,7142,10-08-25,4,FA,4188,522,NN,Semillas,Poder + Peso,Soja,$ 64000.00
09-22-25,424859,1881,09-29-25,7141,10-08-25,4,FA,4188,522,NN,Semillas,Poder + Peso,Soja,$ 64000.00
09-22-25,424860,1881,09-29-25,7140,10-08-25,4,FA,4188,522,NN,Semillas,Poder + Peso,Soja,$ 64000.00
09-22-25,424861,1881,09-29-25,7139,10-08-25,4,FA,4188,522,NN,Semillas,Poder + Peso,Soja,$ 64000.00
09-22-25,424862,1881,09-29-25,7138,10-08-25,4,FA,4188,522,NN,Semillas,Poder + Peso,Soja,$ 64000.00
09-22-25,424863,1881,09-29-25,7137,10-08-25,4,FA,4188,522,NN,Semillas,Poder + Peso,Soja,$ 64000.00
09-22-25,424864,1881,09-29-25,7136,10-08-25,4,FA,4188,522,NN,Semillas,Poder + Peso,Soja,$ 64000.00
09-22-25,424865,1881,09-29-25,7135,10-08-25,4,FA,4188,522,NN,Semillas,Poder + Peso,Soja,$ 64000.00
09-22-25,424866,1881,09-29-25,7134,10-08-25,4,FA,4188,522,NN,Semillas,Poder + Peso,Soja,$ 64000.00
09-22-25,424867,1881,09-29-25,7133,10-08-25,4,FA,4188,522,NN,Semillas,Poder + Peso,Soja,$ 64000.00
09-22-25,424868,1881,09-29-25,7132,10-08-25,4,FA,4188,522,NN,Semillas,Poder + Peso,Soja,$ 64000.00
09-22-25,424869,1881,09-29-25,7131,10-08-25,4,FA,4188,522,NN,Semillas,Poder + Peso,Soja,$ 64000.00
09-22-25,424870,1881,09-29-25,7130,10-08-25,4,FA,4188,522,NN,Semillas,Poder + Peso,Soja,$ 64000.00
09-22-25,424871,1881,09-29-25,7129,10-08-25,4,FA,4188,522,NN,Semillas,Poder + Peso,Soja,$ 64000.00
09-22-25,424872,1881,09-29-25,7128,10-08-25,4,FA,4188,522,NN,Semillas,Poder + Peso,Soja,$ 64000.00
09-23-25,424873,1885,10-08-25,7120,10-08-25,4,FA,4206,522,NN,Semillas,Maíz,Maíz,$ 52700.00
09-22-25,424874,1882,09-29-25,7119,10-08-25,4,FA,4178,5081,NN,Semillas,Fuerza Total,Soja,$ 62800.00
09-22-25,424875,1883,09-29-25,7118,10-08-25,4,FA,4193,981,NN,Semillas,Fuerza Total,Soja,$ 62800.00
09-22-25,424876,1883,09-29-25,7117,10-08-25,4,FA,4193,981,NN,Semillas,Fuerza Total,Soja,$ 62800.00
09-22-25,424877,1884,10-06-25,7170,10-08-25,4,FA,4182,62,NN,Semillas,Sorgo,Sorgo,$ 52700.00
09-22-25,424878,1884,10-02-25,7158,10-08-25,4,FA,4182,62,NN,Semillas,Semilla Vital,Moha,$ 90200.00
09-22-25,424879,1884,10-24-25,7251,10-30-25,4,FA,4262,62,NN,Semillas,Semilla Vital Megatérmicas,Buffel Grass,$ 90200.00
09-22-25,424880,2210,07-30-26,8316,08-06-26,4,FA,4966,104,NN,Semillas,Semilla Vital,Sorgo,$ 110000.00
09-22-25,424881,1884,10-13-25,7185,10-15-25,4,FA,4215,62,NN,Semillas,Semilla Vital,Setaria,$ 90200.00
09-23-25,424883,1886,10-09-25,7173,10-15-25,4,FA,4218,4281,NN,Semillas,Grama Rhodes,Grama Rhodes,$ 52700.00
09-23-25,424884,1887,10-01-25,7150,10-08-25,4,FA,4183,921,NN,Semillas,Soja,Soja,$ 52700.00
09-23-25,424885,1887,10-01-25,7149,10-08-25,4,FA,4183,921,NN,Semillas,Soja,Soja,$ 52700.00
09-23-25,424886,1887,10-01-25,7148,10-08-25,4,FA,4183,921,NN,Semillas,Soja,Soja,$ 52700.00
09-23-25,424887,1888,10-01-25,7151,10-08-25,4,FA,4190,4329,NN,Semillas,Soja,Soja,$ 55000.00
09-24-25,424888,1889,10-01-25,7155,10-08-25,4,FA,4177,1311,NN,Semillas,Soja,Soja,$ 82500.00
09-24-25,424889,1889,10-01-25,7154,10-08-25,4,FA,4177,1311,NN,Semillas,Soja,Soja,$ 82500.00
09-24-25,424890,1889,10-01-25,7153,10-08-25,4,FA,4177,1311,NN,Semillas,Soja,Soja,$ 82500.00
09-24-25,424891,1889,10-01-25,7152,10-08-25,4,FA,4177,1311,NN,Semillas,Soja,Soja,$ 82500.00
09-24-25,424894,1890,10-02-25,7157,10-08-25,4,FA,4178,5081,NN,Semillas,Fuerza Total,Soja,$ 62800.00
09-24-25,424895,1890,10-02-25,7156,10-08-25,4,FA,4178,5081,NN,Semillas,Soja,Soja,$ 62800.00
09-25-25,425020,1891,10-17-25,7223,10-23-25,4,FA,4249,1961,NN,Semillas,Urocloa,Urocloa,$ 52700.00
09-25-25,425021,1891,10-17-25,7222,10-23-25,4,FA,4249,1961,NN,Semillas,Urocloa,Urocloa,$ 52700.00
10-03-25,425042,1903,10-03-25,7167,10-08-25,4,FA,4195,6028,NN,Semillas,Soja,Soja,$ 82500.00
09-26-25,425043,1892,10-03-25,7166,10-08-25,4,FA,4176,2795,NN,Semillas,Soja,Soja,$ 124000.00
09-26-25,425044,1892,10-03-25,7165,10-08-25,4,FA,4176,2795,NN,Semillas,Soja,Soja,$ 124000.00
09-26-25,425045,1892,10-03-25,7164,10-08-25,4,FA,4176,2795,NN,Semillas,Soja,Soja,$ 124000.00
09-26-25,425046,1892,10-03-25,7163,10-08-25,4,FA,4176,2795,NN,Semillas,Soja,Soja,$ 124000.00
09-26-25,425047,1892,10-03-25,7162,10-08-25,4,FA,4176,2795,NN,Semillas,Soja,Soja,$ 124000.00
09-26-25,425048,1892,10-03-25,7161,10-08-25,4,FA,4176,2795,NN,Semillas,Soja,Soja,$ 124000.00
09-29-25,425051,1893,10-08-25,7172,10-08-25,4,FA,4205,421,NN,Semillas,Doble Poder,Soja,$ 55000.00
09-29-25,425052,1894,10-08-25,7171,10-08-25,4,FA,4204,967,NN,Semillas,Soja,Soja,$ 55000.00
10-01-25,425054,1895,10-03-25,7169,10-08-25,4,FA,4185,5082,NN,Semillas,Gatton Panic,Gatton Panic,$ 56100.00
10-01-25,425055,1895,10-03-25,7168,10-08-25,4,FA,4185,5082,NN,Semillas,Gatton Panic,Gatton Panic,$ 56100.00
10-01-25,425056,1896,10-09-25,7174,10-15-25,4,FA,4219,5140,NN,Semillas,Fuerza Total,Moha,$ 52700.00
10-01-25,425057,1897,10-09-25,7175,10-15-25,4,FA,4223,981,NN,Semillas,Fuerza Total,Soja,$ 62800.00
10-02-25,425058,1898,10-21-25,7231,10-23-25,4,FA,4251,3616,NN,Semillas,Grama Rhodes,Grama Rhodes,$ 52700.00
10-02-25,425059,1899,10-09-25,7176,10-15-25,4,FA,4214,354,NN,Semillas,Fuerza Total Curado,Soja,$ 72700.00
10-02-25,425060,1900,10-09-25,7178,10-15-25,4,FA,4217,6030,NN,Semillas,Soja,Soja,$ 82500.00
10-02-25,425061,1900,10-09-25,7177,10-15-25,4,FA,4217,6030,NN,Semillas,Soja,Soja,$ 82500.00
10-03-25,425188,1901,10-09-25,7179,10-15-25,4,FA,4221,4943,NN,Semillas,Poder + Peso,Soja,$ 64000.00
10-03-25,425189,1902,10-14-25,7187,10-15-25,4,FA,4215,62,NN,Semillas,Alfalfa,Alfalfa,$ 52700.00
10-03-25,425190,1902,10-14-25,7186,10-15-25,4,FA,4215,62,NN,Semillas,Alfalfa,Alfalfa,$ 52700.00
10-03-25,425191,1902,10-20-25,7229,10-23-25,4,FA,4247,62,NN,Semillas,Grama Rhodes,Grama Rhodes,$ 52700.00
10-06-25,425235,1904,10-14-25,7191,10-15-25,4,FA,4216,392,NN,Semillas,Doble Poder,Soja,$ 41500.00
10-06-25,425236,1905,10-13-25,7182,10-15-25,4,FA,4222,6031,NN,Semillas,Fuerza Total,Maíz,$ 62800.00
10-06-25,425237,1905,10-13-25,7181,10-15-25,4,FA,4222,6031,NN,Semillas,Fuerza Total,Maíz,$ 62800.00
10-06-25,425238,1905,10-13-25,7180,10-15-25,4,FA,4222,6031,NN,Semillas,Fuerza Total,Maíz,$ 62800.00
10-06-25,425239,1906,10-14-25,7190,10-15-25,4,FA,4220,700,NN,Semillas,Doble Poder,Soja,$ 55000.00
10-06-25,425240,1906,10-14-25,7189,10-15-25,4,FA,4220,700,NN,Semillas,Doble Poder,Soja,$ 55000.00
10-06-25,425241,1906,10-14-25,7188,10-15-25,4,FA,4220,700,NN,Semillas,Doble Poder,Soja,$ 55000.00
10-06-25,425242,1907,10-20-25,7230,10-23-25,4,FA,4252,4244,NN,Semillas,Cold Test,Maíz,$ 81400.00
10-06-25,425243,1908,10-15-25,7193,10-17-25,4,FA,4235,4329,NN,Semillas,Doble Poder,Soja,$ 55000.00
10-06-25,425244,1908,10-15-25,7192,10-17-25,4,FA,4235,4329,NN,Semillas,Doble Poder,Soja,$ 55000.00
10-06-25,425245,1909,11-06-25,7326,11-10-25,4,FA,4289,4281,NN,Semillas,Semilla Vital,Buffel Grass,$ 90200.00
10-07-25,425246,1910,10-15-25,7198,10-17-25,4,FA,4230,4557,NN,Semillas,Soja,Soja,$ 52700.00
10-07-25,425247,1910,10-15-25,7197,10-17-25,4,FA,4230,4557,NN,Semillas,Soja,Soja,$ 52700.00
10-07-25,425248,1910,10-15-25,7196,10-17-25,4,FA,4230,4557,NN,Semillas,Soja,Soja,$ 52700.00
10-07-25,425249,1911,10-15-25,7195,10-17-25,4,FA,4233,921,NN,Semillas,Fuerza Total,Soja,$ 62800.00
10-07-25,425250,1911,10-15-25,7194,10-17-25,4,FA,4233,921,NN,Semillas,Soja,Soja,$ 72700.00
10-07-25,425268,1912,10-16-25,7202,10-17-25,4,FA,4232,5158,NN,Semillas,Poder Curado + Peso,Soja,$ 74000.00
10-07-25,425269,1912,10-16-25,7201,10-17-25,4,FA,4232,5158,NN,Semillas,Poder Curado + Peso,Soja,$ 74000.00
10-07-25,425270,1912,10-16-25,7200,10-17-25,4,FA,4232,5158,NN,Semillas,Poder Curado + Peso,Soja,$ 74000.00
10-07-25,425271,1912,10-16-25,7199,10-17-25,4,FA,4232,5158,NN,Semillas,Poder Curado + Peso,Soja,$ 74000.00
10-08-25,425272,1913,10-16-25,7206,10-17-25,4,FA,4231,392,NN,Semillas,Soja,Soja,$ 41500.00
10-08-25,425273,1913,10-16-25,7205,10-17-25,4,FA,4231,392,NN,Semillas,Soja,Soja,$ 41500.00
10-08-25,425274,1914,10-16-25,7210,10-17-25,4,FA,4231,392,NN,Semillas,Doble Poder,Soja,$ 55000.00
10-08-25,425275,1914,10-16-25,7209,10-17-25,4,FA,4231,392,NN,Semillas,Doble Poder,Soja,$ 55000.00
10-08-25,425276,1914,10-16-25,7208,10-17-25,4,FA,4231,392,NN,Semillas,Doble Poder,Soja,$ 55000.00
10-08-25,425277,1914,10-16-25,7207,10-17-25,4,FA,4231,392,NN,Semillas,Doble Poder,Soja,$ 55000.00
10-08-25,425278,1915,10-16-25,7217,10-17-25,4,FA,4234,522,NN,Semillas,Poder + Peso,Soja,$ 64000.00
10-08-25,425279,1915,10-16-25,7216,10-17-25,4,FA,4234,522,NN,Semillas,Poder + Peso,Soja,$ 64000.00
10-08-25,425280,1915,10-16-25,7215,10-17-25,4,FA,4234,522,NN,Semillas,Poder + Peso,Soja,$ 64000.00
10-08-25,425281,1915,10-16-25,7214,10-17-25,4,FA,4234,522,NN,Semillas,Poder + Peso,Soja,$ 64000.00
10-08-25,425282,1915,10-16-25,7213,10-17-25,4,FA,4234,522,NN,Semillas,Poder + Peso,Soja,$ 64000.00
10-08-25,425283,1915,10-16-25,7212,10-17-25,4,FA,4234,522,NN,Semillas,Poder + Peso,Soja,$ 64000.00
10-08-25,425284,1915,10-16-25,7211,10-17-25,4,FA,4234,522,NN,Semillas,Poder + Peso,Soja,$ 64000.00
10-08-25,425285,1915,10-16-25,7218,10-17-25,4,FA,4234,522,NN,Semillas,Soja,Soja,$ 119000.00
10-08-25,425286,1916,10-16-25,7219,10-17-25,4,FA,4236,1473,NN,Semillas,Soja,Soja,$ 82500.00
10-09-25,425299,1917,10-16-25,7204,10-17-25,4,FA,4229,2795,NN,Semillas,Soja,Soja,$ 88600.00
10-09-25,425300,1917,10-16-25,7203,10-17-25,4,FA,4229,2795,NN,Semillas,Soja,Soja,$ 88600.00
10-13-25,425429,1918,10-22-25,7232,10-23-25,4,FA,4248,1160,NN,Semillas,Soja,Soja,$ 52700.00
10-13-25,425430,1919,10-22-25,7233,10-23-25,4,FA,4254,4910,NN,Semillas,Soja,Soja,$ 52700.00
10-14-25,425444,1920,10-23-25,7236,10-23-25,4,FA,4255,5058,NN,Semillas,Soja,Soja,$ 52700.00
10-14-25,425445,1921,10-23-25,7237,10-23-25,4,FA,4257,5170,NN,Semillas,Soja,Soja,$ 52700.00
10-15-25,425452,1922,10-22-25,7235,10-23-25,4,FA,4246,52,NN,Semillas,Maíz,Maíz,$ 52700.00
10-15-25,425453,1922,10-22-25,7234,10-23-25,4,FA,4246,52,NN,Semillas,Maíz,Maíz,$ 52700.00
10-15-25,425454,1923,10-23-25,7239,10-23-25,4,FA,4250,2308,NN,Semillas,Fuerza Total,Soja,$ 62800.00
10-15-25,425455,1923,10-23-25,7238,10-23-25,4,FA,4250,2308,NN,Semillas,Fuerza Total,Soja,$ 62800.00
10-15-25,425456,1924,10-17-25,7221,10-23-25,4,FA,4256,5082,NN,Semillas,Gatton Panic,Gatton Panic,$ 56100.00
10-15-25,425457,1924,10-17-25,7220,10-23-25,4,FA,4256,5082,NN,Semillas,Gatton Panic,Gatton Panic,$ 56100.00
10-16-25,425458,1925,10-24-25,7245,10-30-25,4,FA,4269,1425,NN,Semillas,Fuerza Total,Soja,$ 62700.00
10-16-25,425459,1926,10-24-25,7247,10-30-25,4,FA,4261,2081,NN,Semillas,Poder + Peso,Soja,$ 74000.00
10-16-25,425460,1926,10-24-25,7246,10-30-25,4,FA,4261,2081,NN,Semillas,Poder + Peso,Soja,$ 74000.00
10-16-25,425461,1927,10-24-25,7249,10-30-25,4,FA,4263,3875,NN,Semillas,Poder + Peso,Soja,$ 74000.00
10-16-25,425462,1927,10-24-25,7248,10-30-25,4,FA,4263,3875,NN,Semillas,Poder + Peso,Soja,$ 74000.00
10-16-25,425463,1928,11-19-25,7416,11-19-25,4,FA,4333,6024,NN,Semillas,Semilla Vital,Buffel Grass,$ 90200.00
10-16-25,425464,1928,11-19-25,7417,11-19-25,4,FA,4333,6024,NN,Semillas,Buffel Grass,Buffel Grass,$ 90200.00
10-17-25,425543,1930,11-07-25,7358,11-10-25,4,FA,4287,62,NN,Semillas,Semilla Vital Megatérmicas,Urochloa Ruziziensis,$ 90200.00
10-17-25,425544,1930,11-17-25,7395,11-19-25,4,FA,4331,62,NN,Semillas,Semilla Vital,Buffel Grass,$ 90200.00
10-17-25,425545,1930,11-17-25,7394,11-19-25,4,FA,4331,62,NN,Semillas,Semilla Vital,Buffel Grass,$ 90200.00
10-17-25,425546,1931,10-27-25,7257,10-30-25,4,FA,4267,25,NN,Semillas,Maní,Maní,$ 55000.00
10-17-25,425547,1931,10-27-25,7256,10-30-25,4,FA,4267,25,NN,Semillas,Maní,Maní,$ 55000.00
10-17-25,425548,1931,10-27-25,7255,10-30-25,4,FA,4267,25,NN,Semillas,Maní,Maní,$ 55000.00
10-17-25,425549,1931,10-27-25,7254,10-30-25,4,FA,4267,25,NN,Semillas,Maní,Maní,$ 55000.00
10-17-25,425568,1932,10-24-25,7250,10-30-25,4,FA,4266,4322,NN,Semillas,Doble Poder,Soja,$ 55000.00
10-20-25,425575,1933,10-23-25,7242,10-23-25,4,FA,4253,4281,NN,Semillas,Gatton Panic,Gatton Panic,$ 56100.00
10-20-25,425576,1933,10-23-25,7241,10-23-25,4,FA,4253,4281,NN,Semillas,Gatton Panic,Gatton Panic,$ 56100.00
10-20-25,425577,1933,10-23-25,7240,10-23-25,4,FA,4253,4281,NN,Semillas,Gatton Panic,Gatton Panic,$ 56100.00
10-20-25,425578,1933,10-24-25,7244,10-30-25,4,FA,4264,4281,NN,Semillas,Gatton Panic,Gatton Panic,$ 56100.00
10-20-25,425579,1933,10-24-25,7243,10-30-25,4,FA,4264,4281,NN,Semillas,Panicum Coloratum,Panicum Coloratum,$ 56100.00
10-20-25,425580,1934,11-07-25,7359,11-10-25,4,FA,4289,4281,NN,Semillas,Grama Rhodes,Grama Rhodes,$ 52700.00
10-20-25,425581,1935,10-29-25,7259,10-30-25,4,FA,4270,2257,NN,Semillas,Fuerza Total,Soja,$ 62800.00
10-20-25,425582,1935,10-29-25,7258,10-30-25,4,FA,4270,2257,NN,Semillas,Fuerza Total,Soja,$ 62800.00
10-21-25,425584,1936,11-10-25,7367,11-14-25,4,FA,4310,4281,NN,Semillas,Grama Rhodes,Grama Rhodes,$ 52700.00
10-21-25,425585,1937,10-29-25,7260,10-30-25,4,FA,4260,4557,NN,Semillas,Soja,Soja,$ 52700.00
10-21-25,425586,1938,10-29-25,7261,10-30-25,4,FA,4268,4921,NN,Semillas,Fuerza Total Curado,Soja,$ 72700.00
10-22-25,425598,1939,11-03-25,7297,11-10-25,4,FA,4294,104,NN,Semillas,Semilla Vital,Avena Strigosa,$ 90200.00
10-22-25,425599,1939,11-03-25,7294,11-10-25,4,FA,4294,104,NN,Semillas,Avena Strigosa,Avena Strigosa,$ 52700.00
10-22-25,425600,1939,11-03-25,7296,11-10-25,4,FA,4294,104,NN,Semillas,Semilla Vital,Avena Strigosa,$ 90200.00
10-22-25,425601,1939,11-03-25,7293,11-10-25,4,FA,4294,104,NN,Semillas,Avena Strigosa,Avena Strigosa,$ 52700.00
10-22-25,425602,1939,11-03-25,7295,11-10-25,4,FA,4294,104,NN,Semillas,Semilla Vital,Avena Strigosa,$ 90200.00
10-22-25,425603,1939,11-03-25,7292,11-10-25,4,FA,4294,104,NN,Semillas,Avena Strigosa,Avena Strigosa,$ 52700.00
10-22-25,425604,1940,10-31-25,7269,11-10-25,4,FA,4294,104,NN,Semillas,Semilla Vital,Centeno,$ 90200.00
10-22-25,425605,1940,10-30-25,7266,10-30-25,4,FA,4271,104,NN,Semillas,Centeno,Centeno,$ 52700.00
10-22-25,425606,1940,10-31-25,7268,11-10-25,4,FA,4294,104,NN,Semillas,Semilla Vital,Centeno,$ 90200.00
10-22-25,425607,1940,10-30-25,7265,10-30-25,4,FA,4271,104,NN,Semillas,Centeno,Centeno,$ 52700.00
10-22-25,425608,1940,10-30-25,7264,10-30-25,4,FA,4271,104,NN,Semillas,Semilla Vital,Centeno,$ 90200.00
10-23-25,425609,1941,10-31-25,7270,11-10-25,4,FA,4299,489,NN,Semillas,Soja,Soja,$ 52700.00
10-23-25,425610,1942,10-31-25,7271,11-10-25,4,FA,4291,4582,NN,Semillas,Fuerza Total,Soja,$ 62800.00
10-23-25,425611,1943,10-31-25,7285,11-10-25,4,FA,4288,392,NN,Semillas,Soja,Soja,$ 75000.00
10-23-25,425612,1943,10-31-25,7284,11-10-25,4,FA,4288,392,NN,Semillas,Soja,Soja,$ 75000.00
10-23-25,425613,1943,10-31-25,7283,11-10-25,4,FA,4288,392,NN,Semillas,Soja,Soja,$ 75000.00
10-23-25,425614,1943,10-31-25,7282,11-10-25,4,FA,4288,392,NN,Semillas,Soja,Soja,$ 75000.00
10-23-25,425615,1943,10-31-25,7281,11-10-25,4,FA,4288,392,NN,Semillas,Soja,Soja,$ 75000.00
10-23-25,425616,1944,10-31-25,7272,11-10-25,4,FA,4285,4269,NN,Semillas,Doble Poder,Soja,$ 55000.00
10-24-25,425716,1945,10-31-25,7276,11-10-25,4,FA,4288,392,NN,Semillas,Fuerza Total,Maíz,$ 62800.00
10-24-25,425717,1945,10-31-25,7275,11-10-25,4,FA,4288,392,NN,Semillas,Fuerza Total,Maíz,$ 62800.00
10-24-25,425726,1946,10-31-25,7274,11-10-25,4,FA,4296,5166,NN,Semillas,Fuerza Total Curado,Soja,$ 72700.00
10-24-25,425727,1946,10-31-25,7273,11-10-25,4,FA,4296,5166,NN,Semillas,Fuerza Total Curado,Soja,$ 72700.00
10-24-25,425728,1947,10-31-25,7280,11-10-25,4,FA,4297,6032,NN,Semillas,Maíz,Maíz,$ 52700.00
10-24-25,425729,1947,10-31-25,7279,11-10-25,4,FA,4297,6032,NN,Semillas,Maíz,Maíz,$ 52700.00
10-24-25,425730,1947,10-31-25,7278,11-10-25,4,FA,4297,6032,NN,Semillas,Maíz,Maíz,$ 52700.00
10-24-25,425731,1947,10-31-25,7277,11-10-25,4,FA,4297,6032,NN,Semillas,Maíz,Maíz,$ 52700.00
10-24-25,425733,1949,11-03-25,7291,11-10-25,4,FA,4292,25,NN,Semillas,Maní,Maní,$ 55000.00
10-24-25,425734,1949,11-03-25,7290,11-10-25,4,FA,4292,25,NN,Semillas,Maní,Maní,$ 55000.00
10-24-25,425735,1949,11-03-25,7289,11-10-25,4,FA,4292,25,NN,Semillas,Maní,Maní,$ 55000.00
10-24-25,425736,1949,11-03-25,7288,11-10-25,4,FA,4292,25,NN,Semillas,Maní,Maní,$ 55000.00
10-24-25,425737,1949,11-03-25,7287,11-10-25,4,FA,4292,25,NN,Semillas,Maní,Maní,$ 55000.00
10-24-25,425738,1949,11-03-25,7286,11-10-25,4,FA,4292,25,NN,Semillas,Maní,Maní,$ 55000.00
10-27-25,425739,1950,11-04-25,7298,11-10-25,4,FA,4286,4557,NN,Semillas,Soja,Soja,$ 52700.00
10-27-25,425740,1951,10-29-25,7262,10-30-25,4,FA,4264,4281,NN,Semillas,Panicum Coloratum,Panicum Coloratum,$ 56100.00
10-27-25,425741,1951,11-06-25,7325,11-10-25,4,FA,4289,4281,NN,Semillas,Semilla Vital,Moha,$ 90200.00
10-27-25,425742,1953,11-04-25,7299,11-10-25,4,FA,4298,5114,NN,Semillas,Doble Poder,Soja,$ 55000.00
10-27-25,425743,1953,11-10-25,7372,11-14-25,4,FA,4313,5114,NN,Semillas,Sorgo,Sorgo,$ 52700.00
10-28-25,425745,1954,10-30-25,7263,10-30-25,4,FA,4265,5082,NN,Semillas,Gatton Panic,Gatton Panic,$ 56100.00
10-28-25,425746,1955,11-26-25,7432,12-01-25,4,FA,4379,4281,NN,Semillas,Gatton Panic,Gatton Panic,$ 90200.00
10-28-25,425747,1955,11-25-25,7428,12-01-25,4,FA,4379,4281,NN,Semillas,Panicum Coloratum,Panicum Coloratum,$ 90200.00
10-28-25,425748,1956,11-05-25,7324,11-10-25,4,FA,4288,392,NN,Semillas,Fuerza Total,Soja,$ 62800.00
10-28-25,425749,1956,11-05-25,7323,11-10-25,4,FA,4288,392,NN,Semillas,Fuerza Total,Soja,$ 62800.00
10-28-25,425750,1956,11-05-25,7322,11-10-25,4,FA,4288,392,NN,Semillas,Fuerza Total,Soja,$ 62800.00
10-28-25,425751,1956,11-05-25,7321,11-10-25,4,FA,4288,392,NN,Semillas,Fuerza Total,Soja,$ 62800.00
10-28-25,425752,1956,11-05-25,7320,11-10-25,4,FA,4288,392,NN,Semillas,Fuerza Total,Soja,$ 62800.00
10-28-25,425753,1956,11-05-25,7319,11-10-25,4,FA,4288,392,NN,Semillas,Fuerza Total,Soja,$ 62800.00
10-28-25,425754,1956,11-05-25,7318,11-10-25,4,FA,4288,392,NN,Semillas,Fuerza Total,Soja,$ 62800.00
10-28-25,425755,1956,11-05-25,7317,11-10-25,4,FA,4288,392,NN,Semillas,Fuerza Total,Soja,$ 62800.00
10-28-25,425756,1956,11-05-25,7316,11-10-25,4,FA,4288,392,NN,Semillas,Fuerza Total,Soja,$ 62800.00
10-28-25,425757,1956,11-05-25,7315,11-10-25,4,FA,4288,392,NN,Semillas,Fuerza Total,Soja,$ 62800.00
10-28-25,425758,1956,11-05-25,7314,11-10-25,4,FA,4288,392,NN,Semillas,Fuerza Total,Soja,$ 62800.00
10-28-25,425759,1956,11-05-25,7313,11-10-25,4,FA,4288,392,NN,Semillas,Fuerza Total,Soja,$ 62800.00
10-28-25,425760,1956,11-05-25,7312,11-10-25,4,FA,4288,392,NN,Semillas,Fuerza Total,Soja,$ 62800.00
10-28-25,425761,1956,11-05-25,7311,11-10-25,4,FA,4288,392,NN,Semillas,Fuerza Total,Soja,$ 62800.00
10-28-25,425762,1956,11-05-25,7310,11-10-25,4,FA,4288,392,NN,Semillas,Fuerza Total,Soja,$ 62800.00
10-28-25,425763,1956,11-05-25,7309,11-10-25,4,FA,4288,392,NN,Semillas,Fuerza Total,Soja,$ 62800.00
10-28-25,425764,1956,11-05-25,7308,11-10-25,4,FA,4288,392,NN,Semillas,Fuerza Total,Soja,$ 62800.00
10-28-25,425765,1956,11-05-25,7307,11-10-25,4,FA,4288,392,NN,Semillas,Fuerza Total,Soja,$ 62800.00
10-28-25,425766,1956,11-05-25,7306,11-10-25,4,FA,4288,392,NN,Semillas,Fuerza Total,Soja,$ 62800.00
10-28-25,425767,1956,11-05-25,7305,11-10-25,4,FA,4288,392,NN,Semillas,Fuerza Total,Soja,$ 62800.00
10-28-25,425770,1956,11-05-25,7304,11-10-25,4,FA,4288,392,NN,Semillas,Fuerza Total,Soja,$ 62800.00
10-28-25,425771,1956,11-05-25,7303,11-10-25,4,FA,4288,392,NN,Semillas,Fuerza Total,Soja,$ 62800.00
10-28-25,425772,1956,11-05-25,7302,11-10-25,4,FA,4288,392,NN,Semillas,Fuerza Total,Soja,$ 62800.00
10-28-25,425773,1956,11-05-25,7301,11-10-25,4,FA,4288,392,NN,Semillas,Fuerza Total,Soja,$ 62800.00
10-28-25,425774,1956,11-05-25,7300,11-10-25,4,FA,4288,392,NN,Semillas,Fuerza Total,Soja,$ 62800.00
10-28-25,425775,1956,11-06-25,7357,11-10-25,4,FA,4288,392,NN,Semillas,Fuerza Total,Soja,$ 62800.00
10-28-25,425776,1956,11-06-25,7356,11-10-25,4,FA,4288,392,NN,Semillas,Fuerza Total,Soja,$ 62800.00
10-28-25,425777,1956,11-06-25,7355,11-10-25,4,FA,4288,392,NN,Semillas,Fuerza Total,Soja,$ 62800.00
10-28-25,425778,1956,11-06-25,7354,11-10-25,4,FA,4288,392,NN,Semillas,Fuerza Total,Soja,$ 62800.00
10-28-25,425779,1956,11-06-25,7353,11-10-25,4,FA,4288,392,NN,Semillas,Fuerza Total,Soja,$ 62800.00
10-28-25,425780,1956,11-06-25,7352,11-10-25,4,FA,4288,392,NN,Semillas,Fuerza Total,Soja,$ 62800.00
10-28-25,425781,1956,11-06-25,7351,11-10-25,4,FA,4288,392,NN,Semillas,Fuerza Total,Soja,$ 62800.00
10-28-25,425782,1956,11-06-25,7350,11-10-25,4,FA,4288,392,NN,Semillas,Fuerza Total,Soja,$ 62800.00
10-28-25,425783,1956,11-06-25,7349,11-10-25,4,FA,4288,392,NN,Semillas,Fuerza Total,Soja,$ 62800.00
10-28-25,425784,1956,11-06-25,7348,11-10-25,4,FA,4288,392,NN,Semillas,Fuerza Total,Soja,$ 62800.00
10-28-25,425785,1956,11-06-25,7347,11-10-25,4,FA,4288,392,NN,Semillas,Fuerza Total,Soja,$ 62800.00
10-28-25,425786,1956,11-06-25,7346,11-10-25,4,FA,4288,392,NN,Semillas,Fuerza Total,Soja,$ 62800.00
10-28-25,425787,1956,11-06-25,7345,11-10-25,4,FA,4288,392,NN,Semillas,Fuerza Total,Soja,$ 62800.00
10-28-25,425788,1956,11-06-25,7344,11-10-25,4,FA,4288,392,NN,Semillas,Fuerza Total,Soja,$ 62800.00
10-28-25,425789,1956,11-06-25,7343,11-10-25,4,FA,4288,392,NN,Semillas,Fuerza Total,Soja,$ 62800.00
10-28-25,425790,1956,11-06-25,7342,11-10-25,4,FA,4288,392,NN,Semillas,Fuerza Total,Soja,$ 62800.00
10-28-25,425791,1956,11-06-25,7341,11-10-25,4,FA,4288,392,NN,Semillas,Fuerza Total,Soja,$ 62800.00
10-28-25,425792,1956,11-06-25,7340,11-10-25,4,FA,4288,392,NN,Semillas,Fuerza Total,Soja,$ 62800.00
10-28-25,425793,1956,11-06-25,7339,11-10-25,4,FA,4288,392,NN,Semillas,Fuerza Total,Soja,$ 62800.00
10-28-25,425794,1956,11-06-25,7338,11-10-25,4,FA,4288,392,NN,Semillas,Fuerza Total,Soja,$ 62800.00
10-28-25,425795,1956,11-06-25,7337,11-10-25,4,FA,4288,392,NN,Semillas,Fuerza Total,Soja,$ 62800.00
10-28-25,425796,1956,11-06-25,7336,11-10-25,4,FA,4288,392,NN,Semillas,Fuerza Total,Soja,$ 62800.00
10-28-25,425797,1956,11-06-25,7335,11-10-25,4,FA,4288,392,NN,Semillas,Fuerza Total,Soja,$ 62800.00
10-28-25,425798,1956,11-06-25,7334,11-10-25,4,FA,4288,392,NN,Semillas,Fuerza Total,Soja,$ 62800.00
10-28-25,425799,1956,11-06-25,7333,11-10-25,4,FA,4288,392,NN,Semillas,Fuerza Total,Soja,$ 62800.00
10-30-25,425800,1960,11-07-25,7360,11-10-25,4,FA,4289,4281,NN,Semillas,Soja,Soja,$ 52700.00
10-29-25,425801,1957,11-06-25,7332,11-10-25,4,FA,4290,2296,NN,Semillas,Soja,Soja,$ 82500.00
10-29-25,425802,1958,11-12-25,7382,11-14-25,4,FA,4318,2795,NN,Semillas,Soja,Soja,$ 88600.00
10-29-25,425803,1958,11-12-25,7381,11-14-25,4,FA,4318,2795,NN,Semillas,Soja,Soja,$ 88600.00
10-29-25,425804,1958,11-12-25,7380,11-14-25,4,FA,4318,2795,NN,Semillas,Soja,Soja,$ 88600.00
10-29-25,425805,1958,11-12-25,7379,11-14-25,4,FA,4318,2795,NN,Semillas,Soja,Soja,$ 88600.00
10-29-25,425806,1958,11-12-25,7378,11-14-25,4,FA,4318,2795,NN,Semillas,Soja,Soja,$ 88600.00
10-30-25,425888,1959,11-12-25,7383,11-14-25,4,FA,4309,392,NN,Semillas,Convenio Syngenta Soja Completo,Soja,$ 75000.00
10-30-25,425889,1959,11-06-25,7331,11-10-25,4,FA,4288,392,NN,Semillas,Convenio Syngenta Soja Completo,Soja,$ 75000.00
10-30-25,425890,1959,11-06-25,7330,11-10-25,4,FA,4288,392,NN,Semillas,Convenio Syngenta Soja Completo,Soja,$ 75000.00
10-30-25,425891,1959,11-06-25,7329,11-10-25,4,FA,4288,392,NN,Semillas,Convenio Syngenta Soja Completo,Soja,$ 75000.00
10-30-25,425892,1959,11-06-25,7328,11-10-25,4,FA,4288,392,NN,Semillas,Convenio Syngenta Soja Completo,Soja,$ 75000.00
10-30-25,425893,1959,11-06-25,7327,11-10-25,4,FA,4288,392,NN,Semillas,Convenio Syngenta Soja Completo,Soja,$ 75000.00
10-30-25,425894,1952,12-01-25,7451,12-01-25,4,FA,4372,104,NN,Semillas,Gatton Panic,Gatton Panic,$ 90200.00
10-31-25,425896,1961,11-07-25,7365,11-10-25,4,FA,4288,392,NN,Semillas,Convenio Syngenta Soja Completo,Soja,$ 75000.00
10-31-25,425897,1961,11-07-25,7364,11-10-25,4,FA,4288,392,NN,Semillas,Convenio Syngenta Soja Completo,Soja,$ 75000.00
10-31-25,425898,1961,11-07-25,7363,11-10-25,4,FA,4288,392,NN,Semillas,Convenio Syngenta Soja Completo,Soja,$ 75000.00
10-31-25,425899,1962,11-07-25,7366,11-14-25,4,FA,4318,2795,NN,Semillas,Soja,Soja,$ 88600.00
10-31-25,425900,1963,11-07-25,7361,11-10-25,4,FA,4284,4339,NN,Semillas,Poder + Peso,Soja,$ 64000.00
10-31-25,425901,1964,11-07-25,7362,11-10-25,4,FA,4293,1425,NN,Semillas,Fuerza Total,Soja,$ 62800.00
11-03-25,425902,1965,11-11-25,7373,11-14-25,4,FA,4312,4619,NN,Semillas,Fuerza Total,Soja,$ 62800.00
11-03-25,425903,1966,11-10-25,7368,11-14-25,4,FA,4311,6034,NN,Semillas,Fuerza Total,Maíz,$ 62800.00
11-03-25,425904,1967,11-10-25,7371,11-14-25,4,FA,4318,2795,NN,Semillas,Soja,Soja,$ 88600.00
11-03-25,425905,1967,11-10-25,7370,11-14-25,4,FA,4318,2795,NN,Semillas,Soja,Soja,$ 88600.00
11-03-25,425906,1967,11-10-25,7369,11-14-25,4,FA,4318,2795,NN,Semillas,Soja,Soja,$ 88600.00
11-04-25,425909,1968,11-12-25,7377,11-14-25,4,FA,4308,1161,NN,Semillas,Fuerza Total,Soja,$ 62800.00
11-04-25,425910,1969,11-12-25,7376,11-14-25,4,FA,4316,1897,NN,Semillas,Fuerza Total,Soja,$ 62800.00
11-04-25,425911,1969,11-12-25,7375,11-14-25,4,FA,4316,1897,NN,Semillas,Fuerza Total,Soja,$ 62800.00
11-04-25,425912,1969,11-12-25,7374,11-14-25,4,FA,4316,1897,NN,Semillas,Fuerza Total,Soja,$ 62800.00
11-04-25,425913,1970,11-28-25,7437,12-01-25,4,FA,4371,62,NN,Semillas,Agropiro,Agropiro,$ 52700.00
11-04-25,425914,1970,11-28-25,7436,12-01-25,4,FA,4371,62,NN,Semillas,Agropiro,Agropiro,$ 52700.00
11-04-25,425915,1970,11-28-25,7435,12-01-25,4,FA,4371,62,NN,Semillas,Pasto Ovillo,Pasto Ovillo,$ 52700.00
11-04-25,425916,1970,11-17-25,7397,11-19-25,4,FA,4331,62,NN,Semillas,Trebol Blanco,Trebol Blanco,$ 52700.00
11-04-25,425917,1970,11-17-25,7396,11-19-25,4,FA,4331,62,NN,Semillas,Trebol Blanco,Trebol Blanco,$ 52700.00
11-04-25,425918,1970,11-19-25,7419,11-25-25,4,FA,4339,62,NN,Semillas,Lotus Tenuis,Lotus Tenuis,$ 52700.00
11-04-25,425919,1970,11-19-25,7418,11-25-25,4,FA,4339,62,NN,Semillas,Lotus Corniculatus,Lotus Corniculatus,$ 52700.00
11-05-25,425947,1971,11-13-25,7390,11-14-25,4,FA,4315,981,NN,Semillas,Fuerza Total,Soja,$ 62800.00
11-05-25,425948,1971,11-13-25,7389,11-14-25,4,FA,4315,981,NN,Semillas,Fuerza Total,Soja,$ 62800.00
11-05-25,425949,1972,11-25-25,7427,12-01-25,4,FA,4382,6035,NN,Semillas,Grama Rhodes,Grama Rhodes,$ 90200.00
11-06-25,425950,1975,11-20-25,7420,11-25-25,4,FA,4348,6036,NN,Semillas,Fuerza Total,Avena Blanca / Amarilla/ Byzantina,$ 62800.00
11-05-25,425955,1973,11-12-25,7388,11-14-25,4,FA,4309,392,NN,Semillas,Soja,Soja,$ 55000.00
11-06-25,426004,1974,11-12-25,7384,11-14-25,4,FA,4318,2795,NN,Semillas,Soja,Soja,$ 88600.00
11-06-25,426005,1974,11-12-25,7387,11-14-25,4,FA,4319,2795,NN,Semillas,Soja,Soja,$ 25000.00
11-06-25,426006,1974,11-12-25,7386,11-14-25,4,FA,4319,2795,NN,Semillas,Soja,Soja,$ 25000.00
11-06-25,426007,1974,11-12-25,7385,11-14-25,4,FA,4319,2795,NN,Semillas,Soja,Soja,$ 25000.00
11-07-25,426011,1976,11-14-25,7391,11-14-25,4,FA,4307,2406,NN,Semillas,Soja,Soja,$ 52700.00
11-07-25,426041,1977,11-14-25,7393,11-14-25,4,FA,4314,908,NN,Semillas,Fuerza Total,Soja,$ 62800.00
11-07-25,426042,1977,11-14-25,7392,11-14-25,4,FA,4314,908,NN,Semillas,Fuerza Total,Soja,$ 62800.00
11-10-25,426067,1978,11-18-25,7413,11-19-25,4,FA,4332,522,NN,Semillas,Poder + Peso,Soja,$ 64000.00
11-10-25,426068,1978,11-18-25,7412,11-19-25,4,FA,4332,522,NN,Semillas,Poder + Peso,Soja,$ 64000.00
11-10-25,426069,1978,11-18-25,7411,11-19-25,4,FA,4332,522,NN,Semillas,Poder + Peso,Soja,$ 64000.00
11-10-25,426070,1978,11-18-25,7410,11-19-25,4,FA,4332,522,NN,Semillas,Poder + Peso,Soja,$ 64000.00
11-10-25,426071,1978,11-18-25,7409,11-19-25,4,FA,4332,522,NN,Semillas,Poder + Peso,Soja,$ 64000.00
11-10-25,426072,1978,11-18-25,7408,11-19-25,4,FA,4332,522,NN,Semillas,Poder + Peso,Soja,$ 64000.00
11-10-25,426073,1978,11-18-25,7407,11-19-25,4,FA,4332,522,NN,Semillas,Poder + Peso,Soja,$ 64000.00
11-10-25,426074,1978,11-18-25,7406,11-19-25,4,FA,4332,522,NN,Semillas,Poder + Peso,Soja,$ 64000.00
11-10-25,426075,1978,11-18-25,7405,11-19-25,4,FA,4332,522,NN,Semillas,Poder + Peso,Soja,$ 64000.00
11-10-25,426076,1978,11-18-25,7404,11-19-25,4,FA,4332,522,NN,Semillas,Poder + Peso,Soja,$ 64000.00
11-10-25,426077,1978,11-18-25,7403,11-19-25,4,FA,4332,522,NN,Semillas,Poder + Peso,Soja,$ 64000.00
11-10-25,426078,1978,11-18-25,7402,11-19-25,4,FA,4332,522,NN,Semillas,Poder + Peso,Soja,$ 64000.00
11-10-25,426079,1978,11-18-25,7401,11-19-25,4,FA,4332,522,NN,Semillas,Poder + Peso,Soja,$ 64000.00
11-10-25,426080,1978,11-18-25,7400,11-19-25,4,FA,4332,522,NN,Semillas,Poder + Peso,Soja,$ 64000.00
11-10-25,426081,1978,11-18-25,7399,11-19-25,4,FA,4332,522,NN,Semillas,Poder + Peso,Soja,$ 64000.00
11-11-25,426083,1979,11-19-25,7415,11-19-25,4,FA,4330,2853,NN,Semillas,Fuerza Total Curado,Soja,$ 72700.00
11-11-25,426084,1979,11-19-25,7414,11-19-25,4,FA,4330,2853,NN,Semillas,Fuerza Total Curado,Soja,$ 72700.00
11-11-25,426097,1980,11-18-25,7398,11-19-25,4,FA,4334,6034,NN,Semillas,Fuerza Total,Maíz,$ 62800.00
11-12-25,426099,1981,11-20-25,7423,11-25-25,4,FA,4338,4557,NN,Semillas,Soja,Soja,$ 52700.00
11-12-25,426100,1981,11-20-25,7422,11-25-25,4,FA,4338,4557,NN,Semillas,Soja,Soja,$ 52700.00
11-12-25,426101,1981,11-20-25,7421,11-25-25,4,FA,4338,4557,NN,Semillas,Soja,Soja,$ 52700.00
11-13-25,426157,1982,11-21-25,7425,11-25-25,4,FA,4336,436,NN,Semillas,Fuerza Total Curado,Soja,$ 72700.00
11-13-25,426158,1983,11-21-25,7424,11-25-25,4,FA,4337,985,NN,Semillas,Fuerza Total Curado,Soja,$ 72700.00
11-14-25,426166,1984,11-21-25,7426,11-25-25,4,FA,4340,392,NN,Semillas,Convenio Syngenta Soja Completo,Soja,$ 75000.00
11-17-25,426177,1985,12-01-25,7452,12-01-25,4,FA,4375,700,NN,Semillas,Cold Test,Maíz,$ 81400.00
11-17-25,426178,1986,11-27-25,7433,12-01-25,4,FA,4377,2269,NN,Semillas,Centeno,Centeno,$ 102100.00
11-17-25,426179,1986,11-25-25,7429,12-01-25,4,FA,4377,2269,NN,Semillas,Arveja,Arveja,$ 157100.00
11-18-25,426193,1987,11-26-25,7431,12-01-25,4,FA,4376,981,NN,Semillas,Fuerza Total,Soja,$ 62800.00
11-19-25,426228,1988,11-26-25,7430,12-01-25,4,FA,4378,2911,NN,Semillas,Fuerza Total,Maíz,$ 62800.00
11-20-25,426256,1990,11-28-25,7441,12-01-25,4,FA,4381,4890,NN,Semillas,Fuerza Total,Soja,$ 62800.00
11-20-25,426257,1990,11-28-25,7440,12-01-25,4,FA,4381,4890,NN,Semillas,Fuerza Total,Soja,$ 62800.00
11-20-25,426258,1989,11-28-25,7439,12-01-25,4,FA,4374,436,NN,Semillas,Fuerza Total Curado,Soja,$ 72700.00
11-21-25,426293,1992,11-28-25,7434,12-01-25,4,FA,4373,392,NN,Semillas,Fuerza Total,Maíz,$ 62800.00
11-20-25,426294,1991,11-28-25,7438,12-01-25,4,FA,4380,4557,NN,Semillas,Semilla Vital Para Soja,Soja,$ 90200.00
11-21-25,426297,1993,11-28-25,7445,12-01-25,4,FA,4380,4557,NN,Semillas,Soja,Soja,$ 52700.00
11-21-25,426298,1993,11-28-25,7444,12-01-25,4,FA,4380,4557,NN,Semillas,Soja,Soja,$ 52700.00
11-21-25,426299,1993,11-28-25,7443,12-01-25,4,FA,4380,4557,NN,Semillas,Soja,Soja,$ 52700.00
11-21-25,426300,1993,11-28-25,7442,12-01-25,4,FA,4380,4557,NN,Semillas,Soja,Soja,$ 52700.00
11-21-25,426353,1994,11-28-25,7450,12-01-25,4,FA,4386,2795,NN,Semillas,Soja,Soja,$ 25000.00
11-21-25,426354,1994,11-28-25,7449,12-01-25,4,FA,4386,2795,NN,Semillas,Soja,Soja,$ 25000.00
11-21-25,426355,1994,11-28-25,7448,12-01-25,4,FA,4386,2795,NN,Semillas,Soja,Soja,$ 25000.00
11-21-25,426356,1994,11-28-25,7447,12-01-25,4,FA,4386,2795,NN,Semillas,Soja,Soja,$ 25000.00
11-21-25,426357,1994,11-28-25,7446,12-01-25,4,FA,4386,2795,NN,Semillas,Soja,Soja,$ 25000.00
11-21-25,426490,1995,12-03-25,7456,12-15-25,4,FA,4419,4312,NN,Semillas,Trigo,Trigo,$ 52700.00
11-21-25,426491,1995,12-03-25,7455,12-15-25,4,FA,4419,4312,NN,Semillas,Trigo,Trigo,$ 52700.00
11-26-25,426638,1996,12-11-25,7476,12-15-25,4,FA,4422,104,NN,Semillas,Triticale,Triticale,$ 52700.00
11-26-25,426639,1996,12-03-25,7454,12-15-25,4,FA,4422,104,NN,Semillas,Triticale,Triticale,$ 52700.00
11-26-25,426640,1996,12-10-25,7475,12-15-25,4,FA,4422,104,NN,Semillas,Centeno,Centeno,$ 52700.00
11-26-25,426641,1996,12-03-25,7453,12-15-25,4,FA,4422,104,NN,Semillas,Centeno,Centeno,$ 52700.00
11-27-25,426642,1997,12-09-25,7460,12-15-25,4,FA,4416,6040,NN,Semillas,Doble Poder,Trigo,$ 55000.00
11-27-25,426830,1998,12-09-25,7473,12-15-25,4,FA,4417,392,NN,Semillas,Trigo,Trigo,$ 41500.00
11-27-25,426831,1998,12-09-25,7472,12-15-25,4,FA,4417,392,NN,Semillas,Trigo,Trigo,$ 41500.00
11-27-25,426832,1998,12-09-25,7471,12-15-25,4,FA,4417,392,NN,Semillas,Trigo,Trigo,$ 41500.00
11-27-25,426833,1998,12-09-25,7470,12-15-25,4,FA,4417,392,NN,Semillas,Trigo,Trigo,$ 41500.00
11-27-25,426834,1998,12-09-25,7469,12-15-25,4,FA,4417,392,NN,Semillas,Trigo,Trigo,$ 41500.00
11-27-25,426835,1998,12-09-25,7468,12-15-25,4,FA,4417,392,NN,Semillas,Trigo,Trigo,$ 41500.00
11-27-25,426836,1998,12-09-25,7467,12-15-25,4,FA,4417,392,NN,Semillas,Trigo,Trigo,$ 41500.00
11-27-25,426837,1998,12-09-25,7466,12-15-25,4,FA,4417,392,NN,Semillas,Trigo,Trigo,$ 41500.00
11-27-25,426838,1998,12-09-25,7465,12-15-25,4,FA,4417,392,NN,Semillas,Trigo,Trigo,$ 41500.00
11-27-25,426839,1998,12-09-25,7464,12-15-25,4,FA,4417,392,NN,Semillas,Trigo,Trigo,$ 41500.00
11-27-25,426840,1998,12-09-25,7463,12-15-25,4,FA,4417,392,NN,Semillas,Trigo,Trigo,$ 41500.00
11-27-25,426841,1998,12-09-25,7462,12-15-25,4,FA,4417,392,NN,Semillas,Trigo,Trigo,$ 41500.00
11-28-25,426986,1999,12-09-25,7461,12-15-25,4,FA,4418,4396,NN,Semillas,Fuerza Total,Centeno,$ 62800.00
11-28-25,426987,2000,12-05-25,7457,12-15-25,4,FA,4420,1660,NN,Semillas,Soja,Soja,$ 86200.00
12-01-25,427076,2001,12-12-25,7486,12-15-25,4,FA,4421,1286,NN,Semillas,Fuerza Total,Trigo,$ 62800.00
12-01-25,427077,2001,12-12-25,7485,12-15-25,4,FA,4421,1286,NN,Semillas,Fuerza Total,Trigo,$ 62800.00
12-01-25,427078,2001,12-12-25,7484,12-15-25,4,FA,4421,1286,NN,Semillas,Fuerza Total,Trigo,$ 62800.00
12-01-25,427079,2001,12-12-25,7483,12-15-25,4,FA,4421,1286,NN,Semillas,Fuerza Total,Trigo,$ 62800.00
12-01-25,427080,2001,12-12-25,7482,12-15-25,4,FA,4421,1286,NN,Semillas,Fuerza Total,Trigo,$ 62800.00
12-01-25,427081,2001,12-12-25,7481,12-15-25,4,FA,4421,1286,NN,Semillas,Fuerza Total,Trigo,$ 62800.00
12-01-25,427082,2001,12-12-25,7480,12-15-25,4,FA,4421,1286,NN,Semillas,Fuerza Total,Trigo,$ 62800.00
12-01-25,427083,2002,12-15-25,7487,12-19-25,4,FA,4445,104,NN,Semillas,Triticale,Triticale,$ 52700.00
12-01-25,427084,2002,12-09-25,7459,12-15-25,4,FA,4422,104,NN,Semillas,Triticale,Triticale,$ 52700.00
12-01-25,427085,2002,12-12-25,7478,12-15-25,4,FA,4422,104,NN,Semillas,Cebada,Cebada,$ 52700.00
12-01-25,427086,2002,12-09-25,7458,12-15-25,4,FA,4422,104,NN,Semillas,Cebada,Cebada,$ 52700.00
12-03-25,427480,2003,01-02-26,7503,01-12-26,4,FA,4489,62,NN,Semillas,Gatton Panic,Gatton Panic,$ 90200.00
12-03-25,427481,2004,12-12-25,7479,12-15-25,4,FA,4422,104,NN,Semillas,Avena Blanca / Amarilla/ Byzantina,Avena Blanca / Amarilla/ Byzantina,$ 52700.00
12-03-25,427482,2004,12-19-25,7491,12-26-25,4,FA,4459,104,NN,Semillas,Avena Blanca / Amarilla/ Byzantina,Avena Blanca / Amarilla/ Byzantina,$ 52700.00
12-03-25,427483,2004,12-10-25,7474,12-15-25,4,FA,4422,104,NN,Semillas,Centeno,Centeno,$ 52700.00
12-03-25,427484,2004,12-17-25,7489,12-19-25,4,FA,4445,104,NN,Semillas,Centeno,Centeno,$ 52700.00
12-05-25,427747,2005,12-12-25,7477,12-15-25,4,FA,4423,981,NN,Semillas,Fuerza Total,Maíz,$ 62800.00
12-10-25,427931,2006,12-16-25,7488,12-19-25,4,FA,4446,5179,NN,Semillas,Fuerza Total,Sesamo,$ 62800.00
12-10-25,427949,2007,12-23-25,7496,12-26-25,4,FA,4461,3941,NN,Semillas,Trigo,Trigo,$ 41500.00
12-10-25,427950,2007,12-23-25,7495,12-26-25,4,FA,4461,3941,NN,Semillas,Trigo,Trigo,$ 41500.00
12-10-25,427951,2007,12-23-25,7494,12-26-25,4,FA,4461,3941,NN,Semillas,Trigo,Trigo,$ 41500.00
12-11-25,428107,2008,12-19-25,7492,12-26-25,4,FA,4460,1409,NN,Semillas,Fuerza Total Curado,Soja,$ 72700.00
12-12-25,428177,2009,12-26-25,7499,01-12-26,4,FA,4491,104,NN,Semillas,Centeno,Centeno,$ 52700.00
12-12-25,428178,2009,12-19-25,7490,12-26-25,4,FA,4459,104,NN,Semillas,Centeno,Centeno,$ 52700.00
12-12-25,428179,2010,12-19-25,7493,12-26-25,4,FA,4462,6034,NN,Semillas,Fuerza Total,Maíz,$ 62800.00
12-15-25,428203,2011,01-21-26,7537,01-28-26,4,FA,4535,4281,NN,Semillas,Gatton Panic,Gatton Panic,$ 90200.00
12-15-25,428204,2011,01-21-26,7536,01-28-26,4,FA,4535,4281,NN,Semillas,Gatton Panic,Gatton Panic,$ 90200.00
12-15-25,428205,2011,01-14-26,7522,01-16-26,4,FA,4509,4281,NN,Semillas,Panicum Coloratum,Panicum Coloratum,$ 90200.00
12-15-25,428228,2012,12-26-25,7498,01-12-26,4,FA,4487,4329,NN,Semillas,Centeno,Centeno,$ 52700.00
12-15-25,428229,2012,12-26-25,7497,01-12-26,4,FA,4487,4329,NN,Semillas,Centeno,Centeno,$ 52700.00
12-18-25,428231,2013,12-29-25,7501,01-12-26,4,FA,4490,1286,NN,Semillas,Centeno,Centeno,$ 52700.00
12-18-25,428232,2013,12-29-25,7502,01-12-26,4,FA,4490,1286,NN,Semillas,Fuerza Total,Trigo,$ 62800.00
12-19-25,428399,2014,12-29-25,7500,01-12-26,4,FA,4486,2911,NN,Semillas,Maíz,Maíz,$ 52700.00
12-23-25,428473,2018,01-12-26,7520,01-16-26,4,FA,4506,1959,NN,Semillas,Festuca,Festuca,$ 135000.00
12-23-25,428475,2015,01-07-26,7512,01-12-26,4,FA,4489,62,NN,Semillas,Lotus Corniculatus,Lotus Corniculatus,$ 52700.00
12-23-25,428476,2015,01-07-26,7511,01-12-26,4,FA,4489,62,NN,Semillas,Lotus Corniculatus,Lotus Corniculatus,$ 52700.00
12-23-25,428477,2015,01-07-26,7510,01-12-26,4,FA,4489,62,NN,Semillas,Lotus Corniculatus,Lotus Corniculatus,$ 52700.00
12-23-25,428478,2015,01-07-26,7509,01-12-26,4,FA,4489,62,NN,Semillas,Lotus Corniculatus,Lotus Corniculatus,$ 52700.00
12-23-25,428479,2015,01-16-26,7529,01-16-26,4,FA,4508,62,NN,Semillas,Agropiro,Agropiro,$ 52700.00
12-23-25,428480,2015,01-16-26,7528,01-16-26,4,FA,4508,62,NN,Semillas,Agropiro,Agropiro,$ 52700.00
12-23-25,428481,2015,01-05-26,7508,01-12-26,4,FA,4489,62,NN,Semillas,Trebol Rojo,Trebol Rojo,$ 52700.00
12-23-25,428482,2016,01-16-26,7527,01-16-26,4,FA,4508,62,NN,Semillas,Semilla Vital,Agropiro,$ 90200.00
12-23-25,428483,2016,01-16-26,7526,01-16-26,4,FA,4508,62,NN,Semillas,Semilla Vital,Agropiro,$ 90200.00
12-23-25,428484,2016,01-16-26,7525,01-16-26,4,FA,4508,62,NN,Semillas,Semilla Vital,Agropiro,$ 90200.00
12-23-25,428485,2017,01-09-26,7516,01-12-26,4,FA,4491,104,NN,Semillas,Avena Blanca / Amarilla/ Byzantina,Avena Blanca / Amarilla/ Byzantina,$ 52700.00
12-23-25,428486,2017,01-02-26,7507,01-12-26,4,FA,4491,104,NN,Semillas,Avena Blanca / Amarilla/ Byzantina,Avena Blanca / Amarilla/ Byzantina,$ 52700.00
12-23-25,428487,2017,01-09-26,7515,01-12-26,4,FA,4491,104,NN,Semillas,Avena Blanca / Amarilla/ Byzantina,Avena Blanca / Amarilla/ Byzantina,$ 52700.00
12-23-25,428488,2017,01-02-26,7506,01-12-26,4,FA,4491,104,NN,Semillas,Avena Blanca / Amarilla/ Byzantina,Avena Blanca / Amarilla/ Byzantina,$ 52700.00
12-23-25,428489,2017,01-07-26,7514,01-12-26,4,FA,4491,104,NN,Semillas,Centeno,Centeno,$ 52700.00
12-23-25,428490,2017,01-02-26,7505,01-12-26,4,FA,4491,104,NN,Semillas,Centeno,Centeno,$ 52700.00
12-23-25,428491,2017,01-07-26,7513,01-12-26,4,FA,4491,104,NN,Semillas,Centeno,Centeno,$ 52700.00
12-23-25,428492,2017,01-02-26,7504,01-12-26,4,FA,4491,104,NN,Semillas,Centeno,Centeno,$ 52700.00
01-05-26,428593,2022,02-06-26,7617,02-24-26,4,FA,4588,4281,NN,Semillas,Gatton Panic,Gatton Panic,$ 100000.00
01-02-26,428744,2019,01-12-26,7518,01-12-26,4,FA,4493,981,NN,Semillas,Fuerza Total,Trigo,$ 62800.00
01-02-26,428745,2019,01-12-26,7517,01-12-26,4,FA,4493,981,NN,Semillas,Fuerza Total,Trigo,$ 62800.00
01-02-26,428746,2020,01-15-26,7524,01-16-26,4,FA,4508,62,NN,Semillas,Semilla Vital,Rye Grass Anual,$ 90200.00
01-02-26,428747,2020,01-15-26,7523,01-16-26,4,FA,4508,62,NN,Semillas,Semilla Vital,Rye Grass Anual,$ 90200.00
01-05-26,428801,2022,02-06-26,7616,02-24-26,4,FA,4588,4281,NN,Semillas,Gatton Panic,Gatton Panic,$ 100000.00
01-05-26,428802,2022,02-06-26,7615,02-24-26,4,FA,4588,4281,NN,Semillas,Gatton Panic,Gatton Panic,$ 100000.00
01-07-26,428878,2023,01-19-26,7531,01-20-26,4,FA,4519,104,NN,Semillas,Centeno,Centeno,$ 58000.00
01-07-26,428879,2023,01-19-26,7530,01-20-26,4,FA,4519,104,NN,Semillas,Centeno,Centeno,$ 58000.00
01-09-26,429062,2024,01-22-26,7538,01-28-26,4,FA,4529,62,NN,Semillas,Semilla Vital,Rye Grass Anual,$ 100000.00
01-09-26,429063,2024,01-22-26,7539,01-28-26,4,FA,4529,62,NN,Semillas,Sorgo,Sorgo,$ 58000.00
01-09-26,429064,2024,01-26-26,7550,01-28-26,4,FA,4529,62,NN,Semillas,Vicia,Vicia,$ 58000.00
01-12-26,429076,2025,01-20-26,7534,01-20-26,4,FA,4520,3660,NN,Semillas,Semilla Vital Para Soja,Soja,$ 100000.00
01-12-26,429077,2025,01-13-26,7521,01-16-26,4,FA,4507,3660,NN,Semillas,Soja,Soja,$ 43000.00
01-12-26,429115,2026,01-30-26,7612,01-30-26,4,FA,4544,4557,NN,Semillas,Vicia,Vicia,$ 58000.00
01-12-26,429116,2026,01-30-26,7611,01-30-26,4,FA,4544,4557,NN,Semillas,Vicia,Vicia,$ 58000.00
01-12-26,429117,2026,01-30-26,7610,01-30-26,4,FA,4544,4557,NN,Semillas,Vicia,Vicia,$ 58000.00
01-12-26,429118,2026,01-30-26,7609,01-30-26,4,FA,4544,4557,NN,Semillas,Vicia,Vicia,$ 58000.00
01-12-26,429119,2026,01-20-26,7532,01-20-26,4,FA,4521,4557,NN,Semillas,Arveja,Arveja,$ 58000.00
01-12-26,429120,2026,01-23-26,7549,01-28-26,4,FA,4536,4557,NN,Semillas,Centeno,Centeno,$ 58000.00
01-12-26,429121,2026,01-23-26,7548,01-28-26,4,FA,4536,4557,NN,Semillas,Centeno,Centeno,$ 58000.00
01-13-26,429149,2028,01-22-26,7546,01-28-26,4,FA,4531,714,NN,Semillas,Convenio Syngenta Trigo,Trigo,$ 84000.00
01-13-26,429150,2028,01-22-26,7545,01-28-26,4,FA,4531,714,NN,Semillas,Convenio Syngenta Trigo,Trigo,$ 84000.00
01-13-26,429151,2028,01-22-26,7544,01-28-26,4,FA,4531,714,NN,Semillas,Convenio Syngenta Trigo,Trigo,$ 84000.00
01-13-26,429152,2028,01-22-26,7543,01-28-26,4,FA,4531,714,NN,Semillas,Convenio Syngenta Trigo,Trigo,$ 84000.00
01-13-26,429153,2028,01-22-26,7542,01-28-26,4,FA,4531,714,NN,Semillas,Convenio Syngenta Trigo,Trigo,$ 84000.00
01-13-26,429154,2028,01-22-26,7541,01-28-26,4,FA,4531,714,NN,Semillas,Convenio Syngenta Trigo,Trigo,$ 84000.00
01-13-26,429155,2028,01-22-26,7540,01-28-26,4,FA,4531,714,NN,Semillas,Convenio Syngenta Trigo,Trigo,$ 84000.00
01-13-26,429156,2027,01-20-26,7533,01-20-26,4,FA,4520,3660,NN,Semillas,Soja,Soja,$ 46000.00
01-14-26,429191,2029,02-09-26,7620,02-24-26,4,FA,4589,4149,NN,Semillas,Semilla Vital,Vicia,$ 100000.00
01-14-26,429192,2029,02-09-26,7619,02-24-26,4,FA,4589,4149,NN,Semillas,Semilla Vital,Vicia,$ 100000.00
01-14-26,429193,2029,01-26-26,7551,01-28-26,4,FA,4534,4149,NN,Semillas,Semilla Vital,Centeno,$ 100000.00
01-19-26,429194,2039,01-27-26,7591,01-28-26,4,FA,4530,522,NN,Semillas,Fuerza Total,Trigo,$ 70000.00
01-14-26,429262,2030,01-26-26,7566,01-28-26,4,FA,4530,522,NN,Semillas,Trigo,Trigo,$ 118000.00
01-14-26,429263,2030,01-26-26,7565,01-28-26,4,FA,4530,522,NN,Semillas,Trigo,Trigo,$ 118000.00
01-14-26,429264,2030,01-26-26,7564,01-28-26,4,FA,4530,522,NN,Semillas,Trigo,Trigo,$ 118000.00
01-14-26,429265,2030,01-26-26,7563,01-28-26,4,FA,4530,522,NN,Semillas,Trigo,Trigo,$ 118000.00
01-14-26,429266,2030,01-26-26,7562,01-28-26,4,FA,4530,522,NN,Semillas,Trigo,Trigo,$ 118000.00
01-14-26,429267,2030,01-26-26,7561,01-28-26,4,FA,4530,522,NN,Semillas,Trigo,Trigo,$ 118000.00
01-14-26,429268,2030,01-26-26,7560,01-28-26,4,FA,4530,522,NN,Semillas,Trigo,Trigo,$ 118000.00
01-14-26,429269,2030,01-26-26,7559,01-28-26,4,FA,4530,522,NN,Semillas,Trigo,Trigo,$ 118000.00
01-14-26,429270,2030,01-26-26,7558,01-28-26,4,FA,4530,522,NN,Semillas,Trigo,Trigo,$ 118000.00
01-14-26,429271,2030,01-26-26,7557,01-28-26,4,FA,4530,522,NN,Semillas,Trigo,Trigo,$ 118000.00
01-14-26,429272,2030,01-26-26,7556,01-28-26,4,FA,4530,522,NN,Semillas,Trigo,Trigo,$ 118000.00
01-14-26,429273,2030,01-26-26,7555,01-28-26,4,FA,4530,522,NN,Semillas,Trigo,Trigo,$ 118000.00
01-14-26,429274,2030,01-26-26,7554,01-28-26,4,FA,4530,522,NN,Semillas,Trigo,Trigo,$ 118000.00
01-14-26,429275,2030,01-26-26,7553,01-28-26,4,FA,4530,522,NN,Semillas,Trigo,Trigo,$ 118000.00
01-15-26,429276,2031,01-29-26,7595,01-30-26,4,FA,4538,62,NN,Semillas,Rye Grass Anual,Rye Grass Anual,$ 58000.00
01-15-26,429277,2031,02-09-26,7618,02-24-26,4,FA,4583,62,NN,Semillas,Pasto Ovillo,Pasto Ovillo,$ 58000.00
01-19-26,429278,2039,01-27-26,7590,01-28-26,4,FA,4530,522,NN,Semillas,Fuerza Total,Trigo,$ 70000.00
01-19-26,429279,2039,01-27-26,7589,01-28-26,4,FA,4530,522,NN,Semillas,Fuerza Total,Trigo,$ 70000.00
01-19-26,429280,2039,01-27-26,7588,01-28-26,4,FA,4530,522,NN,Semillas,Fuerza Total,Trigo,$ 70000.00
01-19-26,429281,2039,01-27-26,7587,01-28-26,4,FA,4530,522,NN,Semillas,Fuerza Total,Trigo,$ 70000.00
01-19-26,429282,2039,01-27-26,7586,01-28-26,4,FA,4530,522,NN,Semillas,Fuerza Total,Trigo,$ 70000.00
01-19-26,429283,2039,01-27-26,7585,01-28-26,4,FA,4530,522,NN,Semillas,Fuerza Total,Trigo,$ 70000.00
01-19-26,429284,2039,01-27-26,7584,01-28-26,4,FA,4530,522,NN,Semillas,Fuerza Total,Trigo,$ 70000.00
01-19-26,429285,2039,01-27-26,7583,01-28-26,4,FA,4530,522,NN,Semillas,Fuerza Total,Trigo,$ 70000.00
01-19-26,429286,2039,01-27-26,7582,01-28-26,4,FA,4530,522,NN,Semillas,Fuerza Total,Trigo,$ 70000.00
01-19-26,429287,2039,01-27-26,7581,01-28-26,4,FA,4530,522,NN,Semillas,Fuerza Total,Trigo,$ 70000.00
01-19-26,429288,2039,01-27-26,7580,01-28-26,4,FA,4530,522,NN,Semillas,Fuerza Total,Trigo,$ 70000.00
01-19-26,429289,2039,01-27-26,7579,01-28-26,4,FA,4530,522,NN,Semillas,Fuerza Total,Trigo,$ 70000.00
01-19-26,429290,2039,01-27-26,7578,01-28-26,4,FA,4530,522,NN,Semillas,Fuerza Total,Trigo,$ 70000.00
01-19-26,429291,2039,01-27-26,7577,01-28-26,4,FA,4530,522,NN,Semillas,Fuerza Total,Trigo,$ 70000.00
01-19-26,429292,2039,01-27-26,7576,01-28-26,4,FA,4530,522,NN,Semillas,Fuerza Total,Trigo,$ 70000.00
01-19-26,429293,2039,01-27-26,7575,01-28-26,4,FA,4530,522,NN,Semillas,Fuerza Total,Trigo,$ 70000.00
01-19-26,429294,2039,01-27-26,7574,01-28-26,4,FA,4530,522,NN,Semillas,Fuerza Total,Trigo,$ 70000.00
01-19-26,429295,2039,01-27-26,7573,01-28-26,4,FA,4530,522,NN,Semillas,Fuerza Total,Trigo,$ 70000.00
01-19-26,429296,2039,01-27-26,7572,01-28-26,4,FA,4530,522,NN,Semillas,Fuerza Total,Trigo,$ 70000.00
01-19-26,429297,2039,01-27-26,7571,01-28-26,4,FA,4530,522,NN,Semillas,Fuerza Total,Trigo,$ 70000.00
01-19-26,429298,2039,01-27-26,7570,01-28-26,4,FA,4530,522,NN,Semillas,Fuerza Total,Trigo,$ 70000.00
01-19-26,429299,2039,01-27-26,7569,01-28-26,4,FA,4530,522,NN,Semillas,Fuerza Total,Trigo,$ 70000.00
01-19-26,429300,2039,01-27-26,7568,01-28-26,4,FA,4530,522,NN,Semillas,Fuerza Total,Trigo,$ 70000.00
01-19-26,429301,2039,01-27-26,7567,01-28-26,4,FA,4530,522,NN,Semillas,Fuerza Total,Trigo,$ 70000.00
01-16-26,429429,2032,02-18-26,7636,02-24-26,4,FA,4583,62,NN,Semillas,Gatton Panic,Gatton Panic,$ 100000.00
01-16-26,429430,2033,01-30-26,7608,01-30-26,4,FA,4539,104,NN,Semillas,Centeno,Centeno,$ 58000.00
01-16-26,429431,2033,01-30-26,7607,01-30-26,4,FA,4539,104,NN,Semillas,Centeno,Centeno,$ 58000.00
01-16-26,429432,2034,01-29-26,7597,01-30-26,4,FA,4540,104,NN,Semillas,Pasto Lloron,Pasto Lloron,$ 58000.00
01-16-26,429433,2034,01-29-26,7596,01-30-26,4,FA,4540,104,NN,Semillas,Pasto Lloron,Pasto Lloron,$ 58000.00
01-16-26,429434,2035,01-26-26,7552,01-28-26,4,FA,4532,2801,NN,Semillas,Poroto,Poroto,$ 58000.00
01-19-26,429440,2036,02-20-26,7655,02-24-26,4,FA,4587,2390,NN,Semillas,Semilla Vital,Buffel Grass,$ 100000.00
01-19-26,429441,2037,01-29-26,7604,01-30-26,4,FA,4545,9261,NN,Semillas,Convenio Syngenta Trigo,Trigo,$ 84000.00
01-19-26,429442,2037,01-29-26,7603,01-30-26,4,FA,4545,9261,NN,Semillas,Convenio Syngenta Trigo,Trigo,$ 84000.00
01-19-26,429443,2037,01-29-26,7602,01-30-26,4,FA,4545,9261,NN,Semillas,Convenio Syngenta Trigo,Trigo,$ 84000.00
01-19-26,429444,2037,01-29-26,7601,01-30-26,4,FA,4545,9261,NN,Semillas,Convenio Syngenta Trigo,Trigo,$ 84000.00
01-19-26,429445,2037,01-29-26,7600,01-30-26,4,FA,4545,9261,NN,Semillas,Convenio Syngenta Trigo,Trigo,$ 84000.00
01-19-26,429446,2037,01-29-26,7599,01-30-26,4,FA,4545,9261,NN,Semillas,Convenio Syngenta Trigo,Trigo,$ 84000.00
01-19-26,429447,2037,01-29-26,7598,01-30-26,4,FA,4545,9261,NN,Semillas,Convenio Syngenta Trigo,Trigo,$ 84000.00
01-19-26,429455,2038,01-28-26,7592,01-30-26,4,FA,4543,3660,NN,Semillas,Soja,Soja,$ 134000.00
01-19-26,429456,2038,01-21-26,7535,01-28-26,4,FA,4533,3660,NN,Semillas,Soja,Soja,$ 43000.00
01-20-26,429487,2038,01-30-26,7613,02-24-26,4,FA,4581,3660,NN,Semillas,Melilotus Albus,Melilotus Albus,$ 134000.00
01-20-26,429488,2038,01-22-26,7547,01-28-26,4,FA,4533,3660,NN,Semillas,Melilotus Albus,Melilotus Albus,$ 43000.00
01-20-26,429489,2040,01-30-26,7606,01-30-26,4,FA,4541,1311,NN,Semillas,Trigo,Trigo,$ 58000.00
01-20-26,429490,2040,01-30-26,7605,01-30-26,4,FA,4541,1311,NN,Semillas,Trigo,Trigo,$ 58000.00
01-26-26,429866,2041,02-13-26,7631,02-24-26,4,FA,4592,104,NN,Semillas,Festuca,Festuca,$ 58000.00
01-26-26,429867,2041,01-29-26,7593,01-30-26,4,FA,4540,104,NN,Semillas,Festuca,Festuca,$ 43000.00
01-26-26,429868,2042,02-03-26,7614,02-24-26,4,FA,4580,1363,NN,Semillas,Maíz,Maíz,$ 58000.00
01-28-26,429998,2043,03-02-26,7726,03-04-26,4,FA,4621,1856,NN,Semillas,Semilla Vital,Buffel Grass,$ 100000.00
01-28-26,429999,2043,01-29-26,7594,01-30-26,4,FA,4542,1856,NN,Semillas,Buffel Grass,Buffel Grass,$ 43000.00
01-28-26,430000,2044,03-02-26,7727,03-04-26,4,FA,4620,4281,NN,Semillas,Gatton Panic,Gatton Panic,$ 100000.00
02-03-26,430304,2045,02-11-26,7628,02-24-26,4,FA,4591,1453,NN,Semillas,Fuerza Total Curado,Garbanzo,$ 80000.00
02-03-26,430305,2045,02-11-26,7627,02-24-26,4,FA,4591,1453,NN,Semillas,Fuerza Total Curado,Garbanzo,$ 80000.00
02-03-26,430306,2045,02-11-26,7626,02-24-26,4,FA,4591,1453,NN,Semillas,Fuerza Total Curado,Garbanzo,$ 80000.00
02-03-26,430307,2045,02-11-26,7625,02-24-26,4,FA,4591,1453,NN,Semillas,Fuerza Total Curado,Garbanzo,$ 80000.00
02-03-26,430308,2045,02-11-26,7624,02-24-26,4,FA,4591,1453,NN,Semillas,Fuerza Total Curado,Garbanzo,$ 80000.00
02-03-26,430309,2045,02-11-26,7623,02-24-26,4,FA,4591,1453,NN,Semillas,Fuerza Total Curado,Garbanzo,$ 80000.00
02-03-26,430310,2045,02-11-26,7622,02-24-26,4,FA,4591,1453,NN,Semillas,Fuerza Total Curado,Garbanzo,$ 80000.00
02-03-26,430311,2045,02-11-26,7621,02-24-26,4,FA,4591,1453,NN,Semillas,Fuerza Total Curado,Garbanzo,$ 80000.00
02-03-26,430312,2046,02-13-26,7630,02-24-26,4,FA,4582,4557,NN,Semillas,Centeno,Centeno,$ 58000.00
02-03-26,430313,2047,02-18-26,7646,02-24-26,4,FA,4583,62,NN,Semillas,Alfalfa,Alfalfa,$ 101000.00
02-03-26,430314,2047,02-18-26,7645,02-24-26,4,FA,4583,62,NN,Semillas,Alfalfa,Alfalfa,$ 101000.00
02-03-26,430315,2047,02-23-26,7644,02-24-26,4,FA,4583,62,NN,Semillas,Alfalfa,Alfalfa,$ 101000.00
02-03-26,430316,2047,02-18-26,7643,02-24-26,4,FA,4583,62,NN,Semillas,Alfalfa,Alfalfa,$ 101000.00
02-03-26,430317,2047,02-18-26,7632,02-24-26,4,FA,4583,62,NN,Semillas,Lotus Corniculatus,Lotus Corniculatus,$ 58000.00
02-03-26,430318,2047,02-20-26,7654,02-24-26,4,FA,4583,62,NN,Semillas,Grama Rhodes,Grama Rhodes,$ 100000.00
02-03-26,430319,2047,02-20-26,7653,02-24-26,4,FA,4583,62,NN,Semillas,Festuca,Festuca,$ 150000.00
02-03-26,430320,2047,02-20-26,7652,02-24-26,4,FA,4583,62,NN,Semillas,Festuca,Festuca,$ 58000.00
02-03-26,430321,2047,02-24-26,7690,03-04-26,4,FA,4618,62,NN,Semillas,Semilla Vital Megatérmicas,Urochloa Ruziziensis,$ 100000.00
02-09-26,430322,2052,02-12-26,7629,02-24-26,4,FA,4594,6050,NN,Semillas,Fuerza Total,Maíz,$ 70000.00
02-04-26,430398,2048,02-24-26,7707,03-04-26,4,FA,4619,392,NN,Semillas,Doble Poder,Trigo,$ 61000.00
02-04-26,430399,2048,02-24-26,7706,03-04-26,4,FA,4619,392,NN,Semillas,Doble Poder,Trigo,$ 61000.00
02-04-26,430400,2048,02-24-26,7705,03-04-26,4,FA,4619,392,NN,Semillas,Doble Poder,Trigo,$ 61000.00
02-04-26,430401,2048,02-24-26,7704,03-04-26,4,FA,4619,392,NN,Semillas,Doble Poder,Trigo,$ 61000.00
02-04-26,430402,2048,02-24-26,7703,03-04-26,4,FA,4619,392,NN,Semillas,Doble Poder,Trigo,$ 61000.00
02-04-26,430403,2048,02-24-26,7702,03-04-26,4,FA,4619,392,NN,Semillas,Doble Poder,Trigo,$ 61000.00
02-04-26,430404,2048,02-24-26,7701,03-04-26,4,FA,4619,392,NN,Semillas,Doble Poder,Trigo,$ 61000.00
02-04-26,430405,2048,02-24-26,7700,03-04-26,4,FA,4619,392,NN,Semillas,Doble Poder,Trigo,$ 61000.00
02-04-26,430406,2048,02-24-26,7699,03-04-26,4,FA,4619,392,NN,Semillas,Doble Poder,Trigo,$ 61000.00
02-04-26,430407,2048,02-24-26,7698,03-04-26,4,FA,4619,392,NN,Semillas,Doble Poder,Trigo,$ 61000.00
02-04-26,430408,2048,02-24-26,7697,03-04-26,4,FA,4619,392,NN,Semillas,Doble Poder,Trigo,$ 61000.00
02-04-26,430409,2048,02-24-26,7696,03-04-26,4,FA,4619,392,NN,Semillas,Doble Poder,Trigo,$ 61000.00
02-04-26,430410,2048,02-24-26,7695,03-04-26,4,FA,4619,392,NN,Semillas,Doble Poder,Trigo,$ 61000.00
02-04-26,430411,2048,02-24-26,7694,03-04-26,4,FA,4619,392,NN,Semillas,Doble Poder,Trigo,$ 61000.00
02-04-26,430412,2048,02-24-26,7693,03-04-26,4,FA,4619,392,NN,Semillas,Doble Poder,Trigo,$ 61000.00
02-04-26,430413,2048,02-24-26,7692,03-04-26,4,FA,4619,392,NN,Semillas,Doble Poder,Trigo,$ 61000.00
02-04-26,430414,2048,02-24-26,7691,03-04-26,4,FA,4619,392,NN,Semillas,Doble Poder,Trigo,$ 61000.00
02-05-26,430551,2049,02-18-26,7635,02-24-26,4,FA,4582,4557,NN,Semillas,Trigo,Trigo,$ 58000.00
02-05-26,430552,2049,02-18-26,7634,02-24-26,4,FA,4582,4557,NN,Semillas,Trigo,Trigo,$ 58000.00
02-05-26,430553,2049,02-18-26,7633,02-24-26,4,FA,4582,4557,NN,Semillas,Trigo,Trigo,$ 58000.00
02-06-26,430567,2051,02-18-26,7638,02-24-26,4,FA,4586,6049,NN,Semillas,Centeno,Centeno,$ 58000.00
02-06-26,430568,2051,02-18-26,7637,02-24-26,4,FA,4586,6049,NN,Semillas,Centeno,Centeno,$ 58000.00
02-06-26,430571,2050,02-18-26,7642,02-24-26,4,FA,4590,4712,NN,Semillas,Centeno,Centeno,$ 58000.00
02-06-26,430572,2050,02-18-26,7641,02-24-26,4,FA,4590,4712,NN,Semillas,Triticale,Triticale,$ 58000.00
02-06-26,430573,2050,02-18-26,7640,02-24-26,4,FA,4590,4712,NN,Semillas,Triticale,Triticale,$ 58000.00
02-06-26,430574,2050,02-18-26,7639,02-24-26,4,FA,4590,4712,NN,Semillas,Triticale,Triticale,$ 58000.00
02-09-26,430576,2053,02-20-26,7651,02-24-26,4,FA,4584,392,NN,Semillas,Doble Poder,Trigo,$ 61000.00
02-09-26,430577,2053,02-20-26,7650,02-24-26,4,FA,4584,392,NN,Semillas,Doble Poder,Trigo,$ 61000.00
02-09-26,430578,2053,02-20-26,7649,02-24-26,4,FA,4584,392,NN,Semillas,Doble Poder,Trigo,$ 61000.00
02-09-26,430579,2053,02-20-26,7648,02-24-26,4,FA,4584,392,NN,Semillas,Doble Poder,Trigo,$ 61000.00
02-09-26,430580,2053,02-20-26,7647,02-24-26,4,FA,4584,392,NN,Semillas,Doble Poder,Trigo,$ 61000.00
02-10-26,430581,2054,02-23-26,7689,02-24-26,4,FA,4584,392,NN,Semillas,Convenio Syngenta Trigo,Trigo,$ 84000.00
02-10-26,430582,2054,02-20-26,7662,02-24-26,4,FA,4584,392,NN,Semillas,Convenio Syngenta Trigo,Trigo,$ 84000.00
02-10-26,430583,2054,02-20-26,7661,02-24-26,4,FA,4584,392,NN,Semillas,Convenio Syngenta Trigo,Trigo,$ 84000.00
02-10-26,430584,2054,02-20-26,7660,02-24-26,4,FA,4584,392,NN,Semillas,Convenio Syngenta Trigo,Trigo,$ 84000.00
02-10-26,430585,2054,02-20-26,7659,02-24-26,4,FA,4584,392,NN,Semillas,Convenio Syngenta Trigo,Trigo,$ 84000.00
02-10-26,430586,2054,02-20-26,7658,02-24-26,4,FA,4584,392,NN,Semillas,Convenio Syngenta Trigo,Trigo,$ 84000.00
02-10-26,430587,2054,02-20-26,7657,02-24-26,4,FA,4584,392,NN,Semillas,Convenio Syngenta Trigo,Trigo,$ 84000.00
02-10-26,430588,2054,02-20-26,7656,02-24-26,4,FA,4584,392,NN,Semillas,Convenio Syngenta Trigo,Trigo,$ 84000.00
02-10-26,430589,2054,02-23-26,7688,02-24-26,4,FA,4584,392,NN,Semillas,Convenio Syngenta Trigo,Trigo,$ 84000.00
02-10-26,430590,2054,02-23-26,7687,02-24-26,4,FA,4584,392,NN,Semillas,Convenio Syngenta Trigo,Trigo,$ 84000.00
02-10-26,430591,2054,02-20-26,7686,02-24-26,4,FA,4584,392,NN,Semillas,Convenio Syngenta Trigo,Trigo,$ 84000.00
02-10-26,430592,2054,02-20-26,7685,02-24-26,4,FA,4584,392,NN,Semillas,Convenio Syngenta Trigo,Trigo,$ 84000.00
02-10-26,430593,2054,02-20-26,7684,02-24-26,4,FA,4584,392,NN,Semillas,Convenio Syngenta Trigo,Trigo,$ 84000.00
02-10-26,430594,2054,02-20-26,7683,02-24-26,4,FA,4584,392,NN,Semillas,Convenio Syngenta Trigo,Trigo,$ 84000.00
02-10-26,430595,2054,02-20-26,7682,02-24-26,4,FA,4584,392,NN,Semillas,Convenio Syngenta Trigo,Trigo,$ 84000.00
02-10-26,430596,2054,02-20-26,7681,02-24-26,4,FA,4584,392,NN,Semillas,Convenio Syngenta Trigo,Trigo,$ 84000.00
02-10-26,430597,2054,02-20-26,7663,02-24-26,4,FA,4584,392,NN,Semillas,Convenio Syngenta Trigo,Trigo,$ 84000.00
02-10-26,430598,2054,02-20-26,7680,02-24-26,4,FA,4584,392,NN,Semillas,Convenio Syngenta Trigo,Trigo,$ 84000.00
02-10-26,430599,2054,02-20-26,7679,02-24-26,4,FA,4584,392,NN,Semillas,Convenio Syngenta Trigo,Trigo,$ 84000.00
02-10-26,430600,2054,02-20-26,7677,02-24-26,4,FA,4584,392,NN,Semillas,Convenio Syngenta Trigo,Trigo,$ 84000.00
02-10-26,430601,2054,02-20-26,7676,02-24-26,4,FA,4584,392,NN,Semillas,Convenio Syngenta Trigo,Trigo,$ 84000.00
02-10-26,430602,2054,02-20-26,7678,02-24-26,4,FA,4584,392,NN,Semillas,Convenio Syngenta Trigo,Trigo,$ 84000.00
02-10-26,430603,2054,02-20-26,7675,02-24-26,4,FA,4584,392,NN,Semillas,Convenio Syngenta Trigo,Trigo,$ 84000.00
02-10-26,430604,2054,02-20-26,7674,02-24-26,4,FA,4584,392,NN,Semillas,Convenio Syngenta Trigo,Trigo,$ 84000.00
02-10-26,430605,2054,02-20-26,7673,02-24-26,4,FA,4584,392,NN,Semillas,Convenio Syngenta Trigo,Trigo,$ 84000.00
02-10-26,430606,2054,02-20-26,7672,02-24-26,4,FA,4584,392,NN,Semillas,Convenio Syngenta Trigo,Trigo,$ 84000.00
02-10-26,430607,2054,02-20-26,7671,02-24-26,4,FA,4584,392,NN,Semillas,Convenio Syngenta Trigo,Trigo,$ 84000.00
02-10-26,430608,2054,02-20-26,7670,02-24-26,4,FA,4584,392,NN,Semillas,Convenio Syngenta Trigo,Trigo,$ 84000.00
02-10-26,430609,2054,02-20-26,7669,02-24-26,4,FA,4584,392,NN,Semillas,Convenio Syngenta Trigo,Trigo,$ 84000.00
02-10-26,430610,2054,02-20-26,7668,02-24-26,4,FA,4584,392,NN,Semillas,Convenio Syngenta Trigo,Trigo,$ 84000.00
02-10-26,430611,2054,02-20-26,7667,02-24-26,4,FA,4584,392,NN,Semillas,Convenio Syngenta Trigo,Trigo,$ 84000.00
02-10-26,430612,2054,02-20-26,7666,02-24-26,4,FA,4584,392,NN,Semillas,Convenio Syngenta Trigo,Trigo,$ 84000.00
02-10-26,430613,2054,02-20-26,7665,02-24-26,4,FA,4584,392,NN,Semillas,Convenio Syngenta Trigo,Trigo,$ 84000.00
02-10-26,430614,2054,02-20-26,7664,02-24-26,4,FA,4584,392,NN,Semillas,Convenio Syngenta Trigo,Trigo,$ 84000.00
02-12-26,430696,2055,02-25-26,7711,03-04-26,4,FA,4618,62,NN,Semillas,Alfalfa,Alfalfa,$ 101000.00
02-12-26,430697,2055,03-11-26,7743,03-20-26,4,FA,4655,62,NN,Semillas,Agropiro,Agropiro,$ 58000.00
02-13-26,430699,2056,03-04-26,7732,03-04-26,4,FA,4623,104,NN,Semillas,Festuca,Festuca,$ 58000.00
02-13-26,430700,2056,02-27-26,7723,03-04-26,4,FA,4623,104,NN,Semillas,Festuca,Festuca,$ 43000.00
02-13-26,430704,2057,03-17-26,7753,03-20-26,4,FA,4658,4281,NN,Semillas,Gatton Panic,Gatton Panic,$ 100000.00
02-20-26,430858,2059,03-02-26,7729,03-04-26,4,FA,4617,1328,NN,Semillas,Crotalaria,Crotalaria,$ 58000.00
02-20-26,430859,2059,03-02-26,7728,03-04-26,4,FA,4617,1328,NN,Semillas,Crotalaria,Crotalaria,$ 58000.00
02-20-26,430860,2058,03-05-26,7735,03-20-26,4,FA,4655,62,NN,Semillas,Semilla Vital,Alfalfa,$ 100000.00
02-20-26,430861,2058,03-05-26,7734,03-20-26,4,FA,4655,62,NN,Semillas,Semilla Vital,Alfalfa,$ 100000.00
02-20-26,430862,2058,03-05-26,7733,03-20-26,4,FA,4655,62,NN,Semillas,Alfalfa,Alfalfa,$ 58000.00
02-20-26,430863,2058,03-02-26,7731,03-04-26,4,FA,4618,62,NN,Semillas,Melilotus Albus,Melilotus Albus,$ 101000.00
02-20-26,430864,2058,03-02-26,7730,03-04-26,4,FA,4618,62,NN,Semillas,Melilotus Albus,Melilotus Albus,$ 101000.00
02-20-26,430875,2060,03-05-26,7737,03-20-26,4,FA,4651,4721,NN,Semillas,Fuerza Total,Avena Blanca / Amarilla/ Byzantina,$ 70000.00
02-23-26,430877,2061,03-05-26,7736,03-20-26,4,FA,4659,2296,NN,Semillas,Fuerza Total,Centeno,$ 70000.00
02-23-26,430878,2062,02-27-26,7725,03-04-26,4,FA,4622,5082,NN,Semillas,Gatton Panic,Gatton Panic,$ 62000.00
02-23-26,430879,2062,02-25-26,7710,03-04-26,4,FA,4622,5082,NN,Semillas,Gatton Panic,Gatton Panic,$ 62000.00
02-23-26,430880,2062,02-25-26,7709,03-04-26,4,FA,4622,5082,NN,Semillas,Gatton Panic,Gatton Panic,$ 62000.00
02-23-26,430881,2062,02-25-26,7708,03-04-26,4,FA,4622,5082,NN,Semillas,Gatton Panic,Gatton Panic,$ 62000.00
02-23-26,430882,2062,02-26-26,7714,03-04-26,4,FA,4622,5082,NN,Semillas,Gatton Panic,Gatton Panic,$ 62000.00
02-23-26,430883,2062,02-27-26,7724,03-04-26,4,FA,4622,5082,NN,Semillas,Gatton Panic,Gatton Panic,$ 62000.00
02-23-26,430884,2062,02-26-26,7713,03-04-26,4,FA,4622,5082,NN,Semillas,Gatton Panic,Gatton Panic,$ 62000.00
02-23-26,430885,2062,02-26-26,7712,03-04-26,4,FA,4622,5082,NN,Semillas,Gatton Panic,Gatton Panic,$ 62000.00
02-23-26,430886,2063,02-26-26,7722,03-04-26,4,FA,4622,5082,NN,Semillas,Gatton Panic,Gatton Panic,$ 43000.00
02-23-26,430887,2063,02-26-26,7721,03-04-26,4,FA,4622,5082,NN,Semillas,Gatton Panic,Gatton Panic,$ 43000.00
02-23-26,430888,2063,02-26-26,7720,03-04-26,4,FA,4622,5082,NN,Semillas,Gatton Panic,Gatton Panic,$ 43000.00
02-23-26,430889,2063,02-26-26,7719,03-04-26,4,FA,4622,5082,NN,Semillas,Gatton Panic,Gatton Panic,$ 43000.00
02-23-26,430890,2063,02-26-26,7718,03-04-26,4,FA,4622,5082,NN,Semillas,Gatton Panic,Gatton Panic,$ 43000.00
02-23-26,430891,2063,02-26-26,7717,03-04-26,4,FA,4622,5082,NN,Semillas,Gatton Panic,Gatton Panic,$ 43000.00
02-23-26,430892,2063,02-26-26,7716,03-04-26,4,FA,4622,5082,NN,Semillas,Gatton Panic,Gatton Panic,$ 43000.00
02-23-26,430893,2063,02-26-26,7715,03-04-26,4,FA,4622,5082,NN,Semillas,Gatton Panic,Gatton Panic,$ 43000.00
02-24-26,430975,2064,03-06-26,7739,03-20-26,4,FA,4656,6049,NN,Semillas,Centeno,Centeno,$ 58000.00
02-24-26,430976,2064,03-06-26,7738,03-20-26,4,FA,4656,6049,NN,Semillas,Centeno,Centeno,$ 58000.00
02-25-26,430977,2065,03-25-26,7767,03-27-26,4,FA,4672,1724,NN,Semillas,Panicum Coloratum,Panicum Coloratum,$ 58000.00
02-26-26,431085,2066,03-12-26,7744,03-30-26,4,FA,4681,6056,NN,Semillas,Fuerza Total,Avena Blanca / Amarilla/ Byzantina,$ 140000.00
03-02-26,431102,2067,03-10-26,7740,03-20-26,4,FA,4651,4721,NN,Semillas,Trigo,Trigo,$ 58000.00
03-02-26,431103,2067,03-17-26,7754,03-20-26,4,FA,4651,4721,NN,Semillas,Alfalfa,Alfalfa,$ 58000.00
03-02-26,431111,2068,03-11-26,7742,03-20-26,4,FA,4660,700,NN,Semillas,Fuerza Total,Garbanzo,$ 70000.00
03-02-26,431112,2069,03-10-26,7741,03-20-26,4,FA,4652,2911,NN,Semillas,Maíz,Maíz,$ 58000.00
03-03-26,431168,2070,03-13-26,7746,03-20-26,4,FA,4663,908,NN,Semillas,Fuerza Total,Centeno,$ 70000.00
03-03-26,431169,2070,03-13-26,7745,03-20-26,4,FA,4663,908,NN,Semillas,Fuerza Total Curado,Trigo,$ 80000.00
03-03-26,431170,2071,03-18-26,7757,03-20-26,4,FA,4655,62,NN,Semillas,Semilla Vital,Lotus Tenuis,$ 100000.00
03-03-26,431171,2071,03-27-26,7768,04-09-26,4,FA,4700,62,NN,Semillas,Semilla Vital,Agropiro,$ 100000.00
03-03-26,431172,2071,03-27-26,7769,04-09-26,4,FA,4700,62,NN,Semillas,Pasto Ovillo,Pasto Ovillo,$ 58000.00
03-04-26,431230,2072,03-16-26,7751,03-20-26,4,FA,4662,4329,NN,Semillas,Centeno,Centeno,$ 58000.00
03-04-26,431231,2073,03-16-26,7750,03-20-26,4,FA,4654,4557,NN,Semillas,Centeno,Centeno,$ 58000.00
03-04-26,431232,2073,03-16-26,7749,03-20-26,4,FA,4654,4557,NN,Semillas,Centeno,Centeno,$ 58000.00
03-04-26,431233,2074,03-13-26,7747,03-20-26,4,FA,4653,2853,NN,Semillas,Garbanzo,Garbanzo,$ 119000.00
03-05-26,431316,2075,03-16-26,7752,03-20-26,4,FA,4661,4982,NN,Semillas,Centeno,Centeno,$ 58000.00
03-06-26,431326,2076,03-13-26,7748,03-20-26,4,FA,4655,62,NN,Semillas,Maíz,Maíz,$ 58000.00
03-09-26,431330,2077,04-09-26,7783,04-16-26,4,FA,4720,2390,NN,Semillas,Semilla Vital,Buffel Grass,$ 100000.00
03-12-26,431522,2078,03-20-26,7759,03-27-26,4,FA,4675,908,NN,Semillas,Trigo,Trigo,$ 61000.00
03-12-26,431525,2079,03-18-26,7756,03-20-26,4,FA,4657,2390,NN,Semillas,Buffel Grass,Buffel Grass,$ 62000.00
03-12-26,431526,2080,04-13-26,7794,04-16-26,4,FA,4721,4721,NN,Semillas,Gatton Panic,Gatton Panic,$ 100000.00
03-12-26,431527,2080,04-13-26,7793,04-16-26,4,FA,4721,4721,NN,Semillas,Gatton Panic,Gatton Panic,$ 100000.00
03-12-26,431528,2081,03-20-26,7761,03-27-26,4,FA,4676,981,NN,Semillas,Fuerza Total,Trigo,$ 70000.00
03-12-26,431529,2081,03-20-26,7760,03-27-26,4,FA,4676,981,NN,Semillas,Fuerza Total,Trigo,$ 70000.00
03-12-26,431530,2082,03-23-26,7762,03-27-26,4,FA,4673,4329,NN,Semillas,Cebada,Cebada,$ 119000.00
03-17-26,431561,2083,03-30-26,7778,04-09-26,4,FA,4700,62,NN,Semillas,Alfalfa,Alfalfa,$ 58000.00
03-17-26,431562,2083,03-18-26,7758,03-20-26,4,FA,4655,62,NN,Semillas,Alfalfa,Alfalfa,$ 43000.00
03-17-26,431563,2083,04-10-26,7791,04-16-26,4,FA,4718,62,NN,Semillas,Agropiro,Agropiro,$ 58000.00
03-18-26,431674,2085,04-20-26,7821,04-21-26,4,FA,4738,104,NN,Semillas,Gatton Panic,Gatton Panic,$ 100000.00
03-18-26,431675,2085,04-20-26,7820,04-21-26,4,FA,4738,104,NN,Semillas,Gatton Panic,Gatton Panic,$ 100000.00
03-18-26,431676,2085,03-23-26,7764,03-27-26,4,FA,4674,104,NN,Semillas,Gatton Panic,Gatton Panic,$ 43000.00
03-18-26,431677,2085,03-23-26,7763,03-27-26,4,FA,4674,104,NN,Semillas,Gatton Panic,Gatton Panic,$ 43000.00
03-19-26,431785,2087,03-23-26,7766,03-27-26,4,FA,4674,104,NN,Semillas,Festuca,Festuca,$ 43000.00
03-19-26,431786,2087,03-23-26,7765,03-27-26,4,FA,4674,104,NN,Semillas,Festuca,Festuca,$ 43000.00
03-19-26,431787,2087,03-27-26,7771,04-09-26,4,FA,4701,104,NN,Semillas,Festuca,Festuca,$ 61000.00
03-19-26,431788,2087,03-27-26,7770,04-09-26,4,FA,4701,104,NN,Semillas,Festuca,Festuca,$ 61000.00
03-30-26,431917,2089,04-06-26,7782,04-09-26,4,FB,77,6057,NN,Semillas,Avena Blanca / Amarilla/ Byzantina,Avena Blanca / Amarilla/ Byzantina,$ 58000.00
03-30-26,431918,2089,04-06-26,7781,04-09-26,4,FB,77,6057,NN,Semillas,Avena Blanca / Amarilla/ Byzantina,Avena Blanca / Amarilla/ Byzantina,$ 58000.00
03-25-26,431928,2088,04-01-26,7780,04-09-26,4,FA,4702,1286,NN,Semillas,Fuerza Total,Trigo,$ 70000.00
03-25-26,431929,2088,04-01-26,7779,04-09-26,4,FA,4702,1286,NN,Semillas,Fuerza Total,Trigo,$ 70000.00
03-31-26,432067,2091,04-09-26,7788,04-16-26,4,FA,4723,1172,NN,Semillas,Fuerza Total Curado,Garbanzo,$ 80000.00
03-31-26,432068,2091,04-09-26,7787,04-16-26,4,FA,4723,1172,NN,Semillas,Fuerza Total Curado,Garbanzo,$ 80000.00
03-31-26,432069,2091,04-09-26,7786,04-16-26,4,FA,4723,1172,NN,Semillas,Fuerza Total Curado,Garbanzo,$ 80000.00
03-31-26,432070,2091,04-09-26,7785,04-16-26,4,FA,4723,1172,NN,Semillas,Fuerza Total Curado,Garbanzo,$ 80000.00
03-31-26,432071,2091,04-09-26,7784,04-16-26,4,FA,4723,1172,NN,Semillas,Fuerza Total Curado,Garbanzo,$ 80000.00
03-31-26,432072,2090,04-16-26,7804,04-16-26,4,FA,4718,62,NN,Semillas,Alfalfa,Alfalfa,$ 101000.00
03-31-26,432073,2090,04-16-26,7803,04-16-26,4,FA,4718,62,NN,Semillas,Alfalfa,Alfalfa,$ 101000.00
03-31-26,432074,2090,04-17-26,7818,04-21-26,4,FA,4733,62,NN,Semillas,Pasto Lloron,Pasto Lloron,$ 58000.00
03-31-26,432075,2090,04-13-26,7792,04-16-26,4,FA,4718,62,NN,Semillas,Centeno,Centeno,$ 101000.00
03-31-26,432076,2090,04-27-26,7850,05-05-26,4,FA,4765,62,NN,Semillas,Pasto Ovillo,Pasto Ovillo,$ 58000.00
03-31-26,432077,2090,04-16-26,7805,04-16-26,4,FA,4718,62,NN,Semillas,Avena Blanca / Amarilla/ Byzantina,Avena Blanca / Amarilla/ Byzantina,$ 58000.00
04-01-26,432081,2092,04-22-26,7833,04-27-26,4,FA,4753,104,NN,Semillas,Semilla Vital Megatérmicas,Urochloa Ruziziensis,$ 100000.00
04-01-26,432088,2094,04-14-26,7799,04-16-26,4,FA,4716,3660,NN,Semillas,Fuerza Total,Trigo,$ 70000.00
04-01-26,432089,2093,04-14-26,7798,04-16-26,4,FA,4724,3941,NN,Semillas,Fuerza Total,Trigo,$ 70000.00
04-01-26,432090,2093,04-14-26,7797,04-16-26,4,FA,4724,3941,NN,Semillas,Fuerza Total,Trigo,$ 70000.00
04-01-26,432091,2093,04-14-26,7796,04-16-26,4,FA,4724,3941,NN,Semillas,Fuerza Total,Trigo,$ 70000.00
04-01-26,432092,2093,04-14-26,7795,04-16-26,4,FA,4724,3941,NN,Semillas,Fuerza Total,Trigo,$ 70000.00
04-07-26,432133,2096,04-20-26,7822,04-21-26,4,FA,4733,62,NN,Semillas,Melilotus Albus,Melilotus Albus,$ 58000.00
04-07-26,432134,2096,04-24-26,7843,05-05-26,4,FA,4765,62,NN,Semillas,Lotus Corniculatus,Lotus Corniculatus,$ 58000.00
04-07-26,432135,2096,04-23-26,7839,04-27-26,4,FA,4757,62,NN,Semillas,Alfalfa,Alfalfa,$ 101000.00
04-07-26,432136,2096,04-23-26,7840,04-27-26,4,FA,4757,62,NN,Semillas,Trebol Rojo,Trebol Rojo,$ 58000.00
04-07-26,432152,2095,04-15-26,7802,04-16-26,4,FA,4722,3243,NN,Semillas,Fuerza Total Curado,Trigo,$ 80000.00
04-07-26,432153,2095,04-15-26,7801,04-16-26,4,FA,4722,3243,NN,Semillas,Trigo,Trigo,$ 58000.00
04-07-26,432154,2097,04-20-26,7819,04-21-26,4,FA,4736,109,NN,Semillas,Avena Blanca / Amarilla/ Byzantina,Avena Blanca / Amarilla/ Byzantina,$ 101000.00
04-08-26,432155,2098,04-16-26,7810,04-16-26,4,FA,4717,4557,NN,Semillas,Garbanzo,Garbanzo,$ 58000.00
04-08-26,432156,2098,04-16-26,7809,04-16-26,4,FA,4717,4557,NN,Semillas,Garbanzo,Garbanzo,$ 61000.00
04-08-26,432157,2098,04-16-26,7808,04-16-26,4,FA,4717,4557,NN,Semillas,Garbanzo,Garbanzo,$ 58000.00
04-08-26,432158,2098,04-16-26,7807,04-16-26,4,FA,4717,4557,NN,Semillas,Garbanzo,Garbanzo,$ 61000.00
04-08-26,432185,2099,04-09-26,7790,04-16-26,4,FA,4719,392,NN,Semillas,Soja,Soja,$ 62000.00
04-08-26,432186,2099,04-09-26,7789,04-16-26,4,FA,4719,392,NN,Semillas,Soja,Soja,$ 62000.00
04-09-26,432187,2100,04-16-26,7806,04-16-26,4,FA,4715,2911,NN,Semillas,Maíz,Maíz,$ 58000.00
04-09-26,432188,2101,04-17-26,7811,04-21-26,4,FA,4737,3302,NN,Semillas,Poder Curado + Peso,Trigo,$ 82000.00
04-09-26,432189,2102,04-20-26,7823,04-21-26,4,FA,4732,4557,NN,Semillas,Centeno,Centeno,$ 58000.00
04-10-26,432198,2104,04-17-26,7816,04-21-26,4,FA,4734,392,NN,Semillas,Fuerza Total,Trigo,$ 70000.00
04-10-26,432199,2104,04-17-26,7815,04-21-26,4,FA,4734,392,NN,Semillas,Fuerza Total,Trigo,$ 70000.00
04-10-26,432200,2104,04-17-26,7814,04-21-26,4,FA,4734,392,NN,Semillas,Fuerza Total,Trigo,$ 70000.00
04-10-26,432201,2104,04-21-26,7824,04-27-26,4,FA,4754,392,NN,Semillas,Fuerza Total,Trigo,$ 70000.00
04-10-26,432246,2105,04-17-26,7817,04-21-26,4,FA,4739,981,NN,Semillas,Fuerza Total,Trigo,$ 70000.00
04-13-26,432250,2108,04-21-26,7832,04-27-26,4,FA,4754,392,NN,Semillas,Trigo,Trigo,$ 91000.00
04-13-26,432251,2108,04-21-26,7831,04-27-26,4,FA,4754,392,NN,Semillas,Trigo,Trigo,$ 91000.00
04-13-26,432252,2108,04-21-26,7830,04-27-26,4,FA,4754,392,NN,Semillas,Trigo,Trigo,$ 91000.00
04-13-26,432253,2108,04-21-26,7829,04-27-26,4,FA,4754,392,NN,Semillas,Trigo,Trigo,$ 91000.00
04-13-26,432254,2108,04-21-26,7828,04-27-26,4,FA,4754,392,NN,Semillas,Trigo,Trigo,$ 91000.00
04-13-26,432255,2108,04-21-26,7827,04-27-26,4,FA,4754,392,NN,Semillas,Trigo,Trigo,$ 91000.00
04-13-26,432256,2108,04-21-26,7826,04-27-26,4,FA,4754,392,NN,Semillas,Trigo,Trigo,$ 91000.00
04-13-26,432257,2108,04-21-26,7825,04-27-26,4,FA,4754,392,NN,Semillas,Trigo,Trigo,$ 91000.00
04-13-26,432258,2106,04-27-26,7849,05-05-26,4,FA,4773,4721,NN,Semillas,Fuerza Total,Avena Blanca / Amarilla/ Byzantina,$ 70000.00
04-13-26,432259,2106,04-14-26,7800,04-16-26,4,FA,4714,4721,NN,Semillas,Avena Blanca / Amarilla/ Byzantina,Avena Blanca / Amarilla/ Byzantina,$ 62000.00
04-13-26,432260,2107,04-24-26,7845,05-05-26,4,FA,4775,5158,NN,Semillas,Fuerza Total,Trigo,$ 70000.00
04-13-26,432261,2107,04-24-26,7844,05-05-26,4,FA,4775,5158,NN,Semillas,Fuerza Total,Trigo,$ 70000.00
04-13-26,432262,2109,04-23-26,7838,04-27-26,4,FA,4755,2551,NN,Semillas,Convenio Syngenta Trigo,Trigo,$ 8400.00
04-13-26,432263,2109,04-23-26,7837,04-27-26,4,FA,4755,2551,NN,Semillas,Convenio Syngenta Trigo,Trigo,$ 84000.00
04-14-26,432271,2110,04-22-26,7836,04-27-26,4,FA,4756,2552,NN,Semillas,Soja,Soja,$ 58000.00
04-14-26,432272,2110,04-22-26,7835,04-27-26,4,FA,4756,2552,NN,Semillas,Soja,Soja,$ 58000.00
04-14-26,432273,2110,04-22-26,7834,04-27-26,4,FA,4756,2552,NN,Semillas,Soja,Soja,$ 58000.00
04-23-26,432458,2121,04-24-26,7842,05-05-26,4,FA,4776,6059,NN,Semillas,Calidad Trigo/Soja,Trigo,$ 91000.00
04-17-26,432468,2111,05-12-26,7893,05-15-26,4,FA,4801,2211,NN,Semillas,Semilla Vital,Coriandro,$ 100000.00
04-17-26,432469,2112,04-24-26,7846,05-05-26,4,FA,4774,5087,NN,Semillas,Doble Poder,Trigo,$ 61000.00
04-17-26,432470,2113,04-30-26,7879,05-05-26,4,FA,4765,62,NN,Semillas,Cold Test,Maíz,$ 90000.00
04-17-26,432471,2113,04-30-26,7878,05-05-26,4,FA,4765,62,NN,Semillas,Cold Test,Maíz,$ 90000.00
04-17-26,432472,2113,04-30-26,7877,05-05-26,4,FA,4765,62,NN,Semillas,Cold Test,Maíz,$ 90000.00
04-17-26,432473,2113,04-30-26,7876,05-05-26,4,FA,4765,62,NN,Semillas,Cold Test,Maíz,$ 90000.00
04-17-26,432474,2114,04-24-26,7848,05-05-26,4,FA,4777,6060,NN,Semillas,Semilla Vital,Trigo,$ 100000.00
04-17-26,432475,2114,04-24-26,7847,05-05-26,4,FA,4777,6060,NN,Semillas,Semilla Vital,Trigo,$ 100000.00
04-21-26,432484,2115,04-29-26,7867,05-05-26,4,FA,4767,522,NN,Semillas,Trigo,Trigo,$ 46000.00
04-21-26,432485,2115,04-29-26,7866,05-05-26,4,FA,4767,522,NN,Semillas,Trigo,Trigo,$ 46000.00
04-21-26,432486,2115,04-29-26,7865,05-05-26,4,FA,4767,522,NN,Semillas,Trigo,Trigo,$ 46000.00
04-21-26,432487,2115,04-29-26,7864,05-05-26,4,FA,4767,522,NN,Semillas,Trigo,Trigo,$ 46000.00
04-21-26,432488,2115,04-29-26,7863,05-05-26,4,FA,4767,522,NN,Semillas,Trigo,Trigo,$ 46000.00
04-21-26,432489,2115,04-29-26,7862,05-05-26,4,FA,4767,522,NN,Semillas,Trigo,Trigo,$ 46000.00
04-21-26,432490,2115,04-29-26,7861,05-05-26,4,FA,4767,522,NN,Semillas,Trigo,Trigo,$ 46000.00
04-21-26,432491,2115,04-29-26,7860,05-05-26,4,FA,4767,522,NN,Semillas,Trigo,Trigo,$ 46000.00
04-21-26,432492,2115,04-29-26,7859,05-05-26,4,FA,4767,522,NN,Semillas,Trigo,Trigo,$ 46000.00
04-21-26,432493,2115,04-29-26,7858,05-05-26,4,FA,4767,522,NN,Semillas,Trigo,Trigo,$ 46000.00
04-21-26,432494,2115,04-29-26,7857,05-05-26,4,FA,4767,522,NN,Semillas,Trigo,Trigo,$ 46000.00
04-21-26,432495,2115,04-29-26,7856,05-05-26,4,FA,4767,522,NN,Semillas,Trigo,Trigo,$ 46000.00
04-21-26,432496,2115,04-29-26,7855,05-05-26,4,FA,4767,522,NN,Semillas,Trigo,Trigo,$ 46000.00
04-21-26,432497,2115,04-29-26,7854,05-05-26,4,FA,4767,522,NN,Semillas,Trigo,Trigo,$ 46000.00
04-21-26,432498,2115,04-29-26,7853,05-05-26,4,FA,4767,522,NN,Semillas,Trigo,Trigo,$ 46000.00
04-21-26,432499,2115,04-29-26,7852,05-05-26,4,FA,4767,522,NN,Semillas,Trigo,Trigo,$ 46000.00
04-21-26,432500,2116,04-30-26,7872,05-05-26,4,FA,4767,522,NN,Semillas,Fuerza Total,Trigo,$ 70000.00
04-21-26,432501,2116,04-30-26,7871,05-05-26,4,FA,4767,522,NN,Semillas,Fuerza Total,Trigo,$ 70000.00
04-21-26,432509,2117,04-29-26,7851,05-05-26,4,FA,4770,3659,NN,Semillas,Fuerza Total,Garbanzo,$ 77000.00
04-22-26,432542,2118,04-30-26,7869,05-05-26,4,FA,4768,1328,NN,Semillas,Garbanzo,Garbanzo,$ 64000.00
04-22-26,432543,2118,04-30-26,7868,05-05-26,4,FA,4768,1328,NN,Semillas,Garbanzo,Garbanzo,$ 67000.00
04-22-26,432547,2119,04-30-26,7870,05-05-26,4,FA,4772,4557,NN,Semillas,Trigo,Trigo,$ 64000.00
04-22-26,432548,2119,05-04-26,7880,05-05-26,4,FA,4772,4557,NN,Semillas,Centeno,Centeno,$ 64000.00
04-22-26,432550,2120,04-30-26,7873,05-05-26,4,FA,4766,392,NN,Semillas,Doble Poder,Soja,$ 67000.00
04-22-26,432551,2120,04-23-26,7841,04-27-26,4,FA,4754,392,NN,Semillas,Soja,Soja,$ 68000.00
04-24-26,432679,2122,05-05-26,7882,05-05-26,4,FA,4769,1864,NN,Semillas,Calidad Trigo/Soja,Trigo,$ 100000.00
04-24-26,432680,2122,05-05-26,7881,05-05-26,4,FA,4769,1864,NN,Semillas,Calidad Trigo/Soja,Trigo,$ 100000.00
04-24-26,432681,2123,04-30-26,7875,05-05-26,4,FA,4771,4329,NN,Semillas,Soja,Soja,$ 64000.00
04-24-26,432682,2123,04-30-26,7874,05-05-26,4,FA,4771,4329,NN,Semillas,Soja,Soja,$ 64000.00
05-18-26,432701,2149,05-21-26,7931,05-28-26,4,FA,4833,4149,NN,Semillas,Alpiste,Alpiste,$ 64000.00
04-29-26,432718,2124,05-07-26,7883,05-15-26,4,FA,4800,4943,NN,Semillas,Soja,Soja,$ 50000.00
04-30-26,432817,2125,05-11-26,7891,05-15-26,4,FA,4794,62,NN,Semillas,Centeno,Centeno,$ 64000.00
04-30-26,432818,2125,05-11-26,7890,05-15-26,4,FA,4794,62,NN,Semillas,Centeno,Centeno,$ 64000.00
04-30-26,432819,2125,05-14-26,7907,05-15-26,4,FA,4794,62,NN,Semillas,Alfalfa,Alfalfa,$ 111000.00
04-30-26,432826,2126,05-08-26,7889,05-15-26,4,FA,4793,4557,NN,Semillas,Trigo,Trigo,$ 67000.00
04-30-26,432827,2126,05-08-26,7888,05-15-26,4,FA,4793,4557,NN,Semillas,Trigo,Trigo,$ 67000.00
04-30-26,432828,2126,05-08-26,7887,05-15-26,4,FA,4793,4557,NN,Semillas,Trigo,Trigo,$ 104000.00
04-30-26,432829,2126,05-08-26,7886,05-15-26,4,FA,4793,4557,NN,Semillas,Trigo,Trigo,$ 67000.00
04-30-26,432830,2126,05-08-26,7885,05-15-26,4,FA,4793,4557,NN,Semillas,Trigo,Trigo,$ 67000.00
04-30-26,432831,2126,05-08-26,7884,05-15-26,4,FA,4793,4557,NN,Semillas,Trigo,Trigo,$ 67000.00
05-04-26,432837,2127,05-12-26,7892,05-15-26,4,FA,4795,2269,NN,Semillas,Garbanzo,Garbanzo,$ 67000.00
05-05-26,432838,2128,05-13-26,7896,05-15-26,4,FA,4793,4557,NN,Semillas,Fuerza Total,Trigo,$ 77000.00
05-05-26,432839,2128,05-13-26,7895,05-15-26,4,FA,4793,4557,NN,Semillas,Fuerza Total Curado,Trigo,$ 88000.00
05-05-26,432840,2129,05-13-26,7894,05-15-26,4,FA,4799,4329,NN,Semillas,Soja,Soja,$ 50000.00
05-05-26,432841,2130,05-14-26,7906,05-15-26,4,FA,4802,981,NN,Semillas,Fuerza Total,Soja,$ 77000.00
05-05-26,432842,2130,05-14-26,7905,05-15-26,4,FA,4802,981,NN,Semillas,Fuerza Total,Soja,$ 77000.00
05-05-26,432843,2130,05-14-26,7904,05-15-26,4,FA,4802,981,NN,Semillas,Fuerza Total,Soja,$ 77000.00
05-06-26,432844,2131,05-14-26,7901,05-15-26,4,FA,4797,522,NN,Semillas,Trigo,Trigo,$ 50000.00
05-06-26,432845,2131,05-14-26,7900,05-15-26,4,FA,4797,522,NN,Semillas,Trigo,Trigo,$ 50000.00
05-06-26,432846,2131,05-14-26,7899,05-15-26,4,FA,4797,522,NN,Semillas,Trigo,Trigo,$ 50000.00
05-06-26,432847,2131,05-14-26,7898,05-15-26,4,FA,4797,522,NN,Semillas,Trigo,Trigo,$ 50000.00
05-06-26,432848,2131,05-14-26,7897,05-15-26,4,FA,4797,522,NN,Semillas,Trigo,Trigo,$ 50000.00
05-06-26,432849,2132,05-14-26,7902,05-15-26,4,FA,4796,4664,NN,Semillas,Soja,Soja,$ 100000.00
05-06-26,432850,2133,05-14-26,7903,05-15-26,4,FA,4798,3302,NN,Semillas,Trigo,Trigo,$ 67000.00
05-07-26,432942,2134,05-15-26,7909,05-20-26,4,FA,4805,25,NN,Semillas,Trigo,Trigo,$ 100000.00
05-08-26,432980,2135,05-15-26,7908,05-20-26,4,FA,4806,4715,NN,Semillas,Soja,Soja,$ 100000.00
05-11-26,432981,2136,05-19-26,7911,05-20-26,4,FA,4804,4557,NN,Semillas,Doble Poder,Trigo,$ 67000.00
05-11-26,432982,2136,05-19-26,7910,05-20-26,4,FA,4804,4557,NN,Semillas,Doble Poder,Trigo,$ 67000.00
05-11-26,432983,2137,05-21-26,7935,05-28-26,4,FA,4831,392,NN,Semillas,Trigo,Trigo,$ 84000.00
05-11-26,432984,2137,05-21-26,7934,05-28-26,4,FA,4831,392,NN,Semillas,Trigo,Trigo,$ 84000.00
05-11-26,432985,2137,05-21-26,7933,05-28-26,4,FA,4831,392,NN,Semillas,Trigo,Trigo,$ 84000.00
05-11-26,432986,2137,05-21-26,7932,05-28-26,4,FA,4831,392,NN,Semillas,Trigo,Trigo,$ 84000.00
05-11-26,433001,2138,05-22-26,7937,05-28-26,4,FA,4830,2081,NN,Semillas,Centeno,Centeno,$ 64000.00
05-11-26,433002,2138,05-20-26,7912,05-28-26,4,FA,4830,2081,NN,Semillas,Soja,Soja,$ 64000.00
05-13-26,433015,2139,05-20-26,7916,05-27-26,4,FA,4824,2795,NN,Semillas,Soja,Soja,$ 78000.00
05-13-26,433016,2140,05-20-26,7915,05-27-26,4,FA,4824,2795,NN,Semillas,Soja,Soja,$ 78000.00
05-13-26,433017,2140,05-20-26,7914,05-27-26,4,FA,4824,2795,NN,Semillas,Soja,Soja,$ 78000.00
05-13-26,433018,2140,05-20-26,7913,05-27-26,4,FA,4824,2795,NN,Semillas,Soja,Soja,$ 78000.00
05-13-26,433019,2141,05-20-26,7930,05-27-26,4,FA,4824,2795,NN,Semillas,Soja,Soja,$ 202000.00
05-13-26,433020,2141,05-20-26,7929,05-27-26,4,FA,4824,2795,NN,Semillas,Soja,Soja,$ 202000.00
05-13-26,433021,2141,05-20-26,7928,05-27-26,4,FA,4824,2795,NN,Semillas,Soja,Soja,$ 202000.00
05-13-26,433022,2141,05-20-26,7927,05-27-26,4,FA,4824,2795,NN,Semillas,Soja,Soja,$ 202000.00
05-13-26,433023,2141,05-20-26,7926,05-27-26,4,FA,4824,2795,NN,Semillas,Soja,Soja,$ 202000.00
05-13-26,433024,2141,05-20-26,7925,05-27-26,4,FA,4824,2795,NN,Semillas,Soja,Soja,$ 202000.00
05-13-26,433025,2141,05-20-26,7924,05-27-26,4,FA,4824,2795,NN,Semillas,Soja,Soja,$ 202000.00
05-13-26,433026,2141,05-20-26,7923,05-27-26,4,FA,4824,2795,NN,Semillas,Soja,Soja,$ 202000.00
05-13-26,433027,2141,05-20-26,7922,05-27-26,4,FA,4824,2795,NN,Semillas,Soja,Soja,$ 202000.00
05-15-26,433137,2181,06-26-26,8103,07-02-26,4,FA,4885,4676,NN,Semillas,Soja,Soja,$ 100000.00
05-15-26,433138,2143,05-26-26,7952,05-28-26,4,FA,4834,9261,NN,Semillas,Convenio Syngenta Trigo,Trigo,$ 84000.00
05-15-26,433139,2142,05-22-26,7936,05-28-26,4,FA,4834,9261,NN,Semillas,Trigo,Trigo,$ 147000.00
05-18-26,433140,2144,05-26-26,7939,05-28-26,4,FA,4828,967,NN,Semillas,Soja,Soja,$ 64000.00
05-18-26,433141,2144,05-26-26,7938,05-28-26,4,FA,4828,967,NN,Semillas,Soja,Soja,$ 64000.00
05-18-26,433142,2145,05-20-26,7919,05-28-26,4,FA,4827,1328,NN,Semillas,Gatton Panic,Gatton Panic,$ 68000.00
05-18-26,433143,2145,05-20-26,7918,05-28-26,4,FA,4827,1328,NN,Semillas,Gatton Panic,Gatton Panic,$ 68000.00
05-18-26,433144,2145,05-20-26,7917,05-28-26,4,FA,4827,1328,NN,Semillas,Gatton Panic,Gatton Panic,$ 68000.00
05-18-26,433145,2146,05-26-26,7954,05-28-26,4,FA,4831,392,NN,Semillas,Calidad Trigo/Soja,Trigo,$ 100000.00
05-18-26,433146,2146,05-26-26,7953,05-28-26,4,FA,4831,392,NN,Semillas,Calidad Trigo/Soja,Trigo,$ 100000.00
05-18-26,433147,2147,05-26-26,7951,05-28-26,4,FA,4831,392,NN,Semillas,Doble Poder,Soja,$ 67000.00
05-18-26,433148,2147,05-26-26,7950,05-28-26,4,FA,4831,392,NN,Semillas,Doble Poder,Soja,$ 67000.00
05-18-26,433149,2147,05-26-26,7949,05-28-26,4,FA,4831,392,NN,Semillas,Doble Poder,Soja,$ 67000.00
05-18-26,433150,2147,05-26-26,7948,05-28-26,4,FA,4831,392,NN,Semillas,Doble Poder,Soja,$ 67000.00
05-18-26,433151,2147,05-26-26,7947,05-28-26,4,FA,4831,392,NN,Semillas,Doble Poder,Soja,$ 67000.00
05-18-26,433152,2147,05-26-26,7946,05-28-26,4,FA,4831,392,NN,Semillas,Doble Poder,Soja,$ 67000.00
05-18-26,433153,2147,05-26-26,7945,05-28-26,4,FA,4831,392,NN,Semillas,Doble Poder,Soja,$ 67000.00
05-18-26,433154,2147,05-26-26,7944,05-28-26,4,FA,4831,392,NN,Semillas,Doble Poder,Soja,$ 67000.00
05-18-26,433155,2147,05-26-26,7943,05-28-26,4,FA,4831,392,NN,Semillas,Doble Poder,Soja,$ 67000.00
05-18-26,433156,2147,05-26-26,7942,05-28-26,4,FA,4831,392,NN,Semillas,Doble Poder,Soja,$ 67000.00
05-18-26,433157,2147,05-26-26,7941,05-28-26,4,FA,4831,392,NN,Semillas,Doble Poder,Soja,$ 67000.00
05-18-26,433158,2147,05-26-26,7940,05-28-26,4,FA,4831,392,NN,Semillas,Doble Poder,Soja,$ 67000.00
05-18-26,433159,2148,05-29-26,7958,06-08-26,4,FA,4844,2308,NN,Semillas,Calidad Trigo/Soja,Trigo,$ 100000.00
05-20-26,433160,2155,06-16-26,8042,06-18-26,4,FA,4866,6063,NN,Semillas,Panicum Coloratum,Panicum Coloratum,$ 77000.00
05-20-26,433161,2155,05-29-26,7959,06-08-26,4,FA,4847,6063,NN,Semillas,Fuerza Total,Digitaria,$ 77000.00
05-19-26,433165,2150,05-27-26,7955,05-28-26,4,FA,4829,1161,NN,Semillas,Calidad Trigo/Soja,Trigo,$ 100000.00
05-19-26,433173,2151,05-29-26,7957,06-08-26,4,FA,4841,392,NN,Semillas,Trigo,Trigo,$ 121000.00
05-19-26,433177,2152,05-27-26,7956,05-28-26,4,FA,4835,981,NN,Semillas,Fuerza Total,Soja,$ 77000.00
05-19-26,433178,2153,05-20-26,7921,05-28-26,4,FA,4832,5167,NN,Semillas,Trigo,Trigo,$ 68000.00
05-19-26,433179,2153,05-20-26,7920,05-28-26,4,FA,4832,5167,NN,Semillas,Trigo,Trigo,$ 68000.00
05-20-26,433180,2154,05-29-26,7964,06-08-26,4,FA,4843,1171,NN,Semillas,Calidad Trigo/Soja,Trigo,$ 100000.00
05-21-26,433203,2157,06-17-26,8064,06-18-26,4,FA,4868,104,NN,Semillas,Agropiro,Agropiro,$ 64000.00
05-21-26,433204,2157,06-12-26,8024,06-18-26,4,FA,4868,104,NN,Semillas,Semilla Vital,Agropiro,$ 110000.00
05-21-26,433205,2157,06-17-26,8063,06-18-26,4,FA,4868,104,NN,Semillas,Agropiro,Agropiro,$ 64000.00
05-21-26,433206,2157,06-12-26,8023,06-18-26,4,FA,4868,104,NN,Semillas,Semilla Vital,Agropiro,$ 110000.00
05-21-26,433207,2157,06-05-26,8014,06-08-26,4,FA,4848,104,NN,Semillas,Sorgo,Sorgo,$ 64000.00
05-21-26,433208,2157,06-01-26,7980,06-08-26,4,FA,4848,104,NN,Semillas,Sorgo,Sorgo,$ 64000.00
05-21-26,433209,2157,06-05-26,8013,06-08-26,4,FA,4848,104,NN,Semillas,Sorgo,Sorgo,$ 64000.00
05-21-26,433210,2157,06-01-26,7979,06-08-26,4,FA,4848,104,NN,Semillas,Sorgo,Sorgo,$ 64000.00
05-21-26,433211,2157,06-05-26,8012,06-08-26,4,FA,4848,104,NN,Semillas,Sorgo,Sorgo,$ 64000.00
05-21-26,433212,2157,06-01-26,7978,06-08-26,4,FA,4848,104,NN,Semillas,Sorgo,Sorgo,$ 64000.00
05-21-26,433213,2157,06-05-26,8011,06-08-26,4,FA,4848,104,NN,Semillas,Sorgo,Sorgo,$ 64000.00
05-21-26,433214,2157,06-01-26,7977,06-08-26,4,FA,4848,104,NN,Semillas,Sorgo,Sorgo,$ 64000.00
05-21-26,433215,2157,06-05-26,8010,06-08-26,4,FA,4848,104,NN,Semillas,Sorgo,Sorgo,$ 64000.00
05-21-26,433216,2157,06-01-26,7976,06-08-26,4,FA,4848,104,NN,Semillas,Sorgo,Sorgo,$ 64000.00
05-21-26,433217,2157,06-05-26,8009,06-08-26,4,FA,4848,104,NN,Semillas,Sorgo,Sorgo,$ 64000.00
05-21-26,433218,2157,06-01-26,7975,06-08-26,4,FA,4848,104,NN,Semillas,Sorgo,Sorgo,$ 64000.00
05-21-26,433219,2156,05-29-26,7963,06-08-26,4,FA,4841,392,NN,Semillas,Doble Poder,Soja,$ 67000.00
05-21-26,433220,2156,05-29-26,7962,06-08-26,4,FA,4841,392,NN,Semillas,Doble Poder,Soja,$ 67000.00
05-21-26,433221,2156,05-29-26,7961,06-08-26,4,FA,4841,392,NN,Semillas,Doble Poder,Soja,$ 67000.00
05-21-26,433222,2156,05-29-26,7960,06-08-26,4,FA,4841,392,NN,Semillas,Doble Poder,Soja,$ 67000.00
06-16-26,433223,2178,06-24-26,8099,07-02-26,4,FA,4893,2911,NN,Semillas,Maíz,Maíz,$ 64000.00
05-21-26,433224,2158,05-29-26,7974,06-08-26,4,FA,4842,522,NN,Semillas,Trigo,Trigo,$ 50000.00
05-21-26,433225,2158,05-29-26,7973,06-08-26,4,FA,4842,522,NN,Semillas,Trigo,Trigo,$ 50000.00
05-21-26,433226,2158,05-29-26,7972,06-08-26,4,FA,4842,522,NN,Semillas,Trigo,Trigo,$ 50000.00
05-21-26,433227,2158,05-29-26,7971,06-08-26,4,FA,4842,522,NN,Semillas,Trigo,Trigo,$ 50000.00
05-21-26,433228,2158,05-29-26,7970,06-08-26,4,FA,4842,522,NN,Semillas,Trigo,Trigo,$ 50000.00
05-21-26,433229,2158,05-29-26,7969,06-08-26,4,FA,4842,522,NN,Semillas,Trigo,Trigo,$ 50000.00
05-21-26,433230,2158,05-29-26,7968,06-08-26,4,FA,4842,522,NN,Semillas,Trigo,Trigo,$ 50000.00
05-21-26,433231,2158,05-29-26,7967,06-08-26,4,FA,4842,522,NN,Semillas,Trigo,Trigo,$ 50000.00
05-21-26,433232,2158,05-29-26,7966,06-08-26,4,FA,4842,522,NN,Semillas,Trigo,Trigo,$ 50000.00
05-21-26,433233,2158,05-29-26,7965,06-08-26,4,FA,4842,522,NN,Semillas,Trigo,Trigo,$ 50000.00
05-28-26,433288,2160,06-04-26,8008,06-08-26,4,FA,4841,392,NN,Semillas,Soja,Soja,$ 100000.00
05-28-26,433289,2160,06-04-26,8007,06-08-26,4,FA,4841,392,NN,Semillas,Soja,Soja,$ 100000.00
05-28-26,433290,2160,06-04-26,8006,06-08-26,4,FA,4841,392,NN,Semillas,Soja,Soja,$ 100000.00
05-28-26,433291,2160,06-04-26,8005,06-08-26,4,FA,4841,392,NN,Semillas,Soja,Soja,$ 100000.00
05-28-26,433292,2160,06-04-26,8004,06-08-26,4,FA,4841,392,NN,Semillas,Soja,Soja,$ 100000.00
05-28-26,433293,2160,06-04-26,8003,06-08-26,4,FA,4841,392,NN,Semillas,Soja,Soja,$ 100000.00
05-28-26,433294,2160,06-04-26,8002,06-08-26,4,FA,4841,392,NN,Semillas,Soja,Soja,$ 100000.00
05-28-26,433295,2160,06-04-26,8001,06-08-26,4,FA,4841,392,NN,Semillas,Soja,Soja,$ 100000.00
05-28-26,433296,2160,06-04-26,8000,06-08-26,4,FA,4841,392,NN,Semillas,Soja,Soja,$ 100000.00
05-28-26,433297,2160,06-04-26,7999,06-08-26,4,FA,4841,392,NN,Semillas,Soja,Soja,$ 100000.00
05-28-26,433298,2160,06-04-26,7998,06-08-26,4,FA,4841,392,NN,Semillas,Soja,Soja,$ 100000.00
05-28-26,433299,2160,06-04-26,7997,06-08-26,4,FA,4841,392,NN,Semillas,Soja,Soja,$ 100000.00
05-28-26,433300,2160,06-04-26,7996,06-08-26,4,FA,4841,392,NN,Semillas,Soja,Soja,$ 100000.00
05-28-26,433301,2160,06-04-26,7995,06-08-26,4,FA,4841,392,NN,Semillas,Soja,Soja,$ 100000.00
05-28-26,433302,2160,06-04-26,7994,06-08-26,4,FA,4841,392,NN,Semillas,Soja,Soja,$ 100000.00
05-28-26,433303,2160,06-04-26,7993,06-08-26,4,FA,4841,392,NN,Semillas,Soja,Soja,$ 100000.00
05-28-26,433304,2160,06-04-26,7992,06-08-26,4,FA,4841,392,NN,Semillas,Soja,Soja,$ 100000.00
05-28-26,433305,2160,06-04-26,7991,06-08-26,4,FA,4841,392,NN,Semillas,Soja,Soja,$ 100000.00
05-28-26,433306,2160,06-04-26,7990,06-08-26,4,FA,4841,392,NN,Semillas,Soja,Soja,$ 100000.00
05-28-26,433307,2160,06-04-26,7989,06-08-26,4,FA,4841,392,NN,Semillas,Soja,Soja,$ 100000.00
05-28-26,433308,2160,06-04-26,7988,06-08-26,4,FA,4841,392,NN,Semillas,Soja,Soja,$ 100000.00
05-28-26,433309,2160,06-04-26,7987,06-08-26,4,FA,4841,392,NN,Semillas,Soja,Soja,$ 100000.00
05-28-26,433310,2160,06-04-26,7986,06-08-26,4,FA,4841,392,NN,Semillas,Soja,Soja,$ 100000.00
05-28-26,433311,2160,06-04-26,7985,06-08-26,4,FA,4841,392,NN,Semillas,Soja,Soja,$ 100000.00
05-27-26,433312,2159,06-03-26,7983,06-08-26,4,FA,4841,392,NN,Semillas,Calidad Trigo/Soja,Trigo,$ 100000.00
05-27-26,433313,2159,06-03-26,7982,06-08-26,4,FA,4841,392,NN,Semillas,Calidad Trigo/Soja,Trigo,$ 100000.00
06-03-26,433315,2165,06-08-26,8015,06-18-26,4,FA,4864,392,NN,Semillas,Convenio Syngenta Trigo,Trigo,$ 84000.00
05-28-26,433316,2161,06-16-26,8045,06-18-26,4,FA,4862,1328,NN,Semillas,Grama Rhodes,Grama Rhodes,$ 64000.00
05-28-26,433317,2161,06-16-26,8044,06-18-26,4,FA,4862,1328,NN,Semillas,Grama Rhodes,Grama Rhodes,$ 64000.00
05-28-26,433318,2161,06-16-26,8043,06-18-26,4,FA,4862,1328,NN,Semillas,Grama Rhodes,Grama Rhodes,$ 64000.00
06-03-26,433365,2164,06-03-26,7981,06-08-26,4,FA,4845,1328,NN,Semillas,Gatton Panic,Gatton Panic,$ 68000.00
06-02-26,433366,2162,06-04-26,7984,06-08-26,4,FA,4846,4281,NN,Semillas,Panicum Coloratum,Panicum Coloratum,$ 68000.00
06-02-26,433369,2163,06-11-26,8021,06-18-26,4,FA,4863,4676,NN,Semillas,Soja,Soja,$ 100000.00
06-02-26,433370,2163,06-11-26,8020,06-18-26,4,FA,4863,4676,NN,Semillas,Soja,Soja,$ 100000.00
06-02-26,433371,2163,06-11-26,8019,06-18-26,4,FA,4863,4676,NN,Semillas,Soja,Soja,$ 100000.00
06-02-26,433372,2163,06-11-26,8018,06-18-26,4,FA,4863,4676,NN,Semillas,Soja,Soja,$ 100000.00
06-04-26,433439,2166,06-12-26,8031,06-18-26,4,FA,4864,392,NN,Semillas,Soja,Soja,$ 67000.00
06-04-26,433440,2166,06-12-26,8030,06-18-26,4,FA,4864,392,NN,Semillas,Soja,Soja,$ 67000.00
06-04-26,433441,2166,06-12-26,8029,06-18-26,4,FA,4864,392,NN,Semillas,Soja,Soja,$ 67000.00
06-04-26,433442,2166,06-12-26,8028,06-18-26,4,FA,4864,392,NN,Semillas,Soja,Soja,$ 67000.00
06-04-26,433443,2166,06-12-26,8027,06-18-26,4,FA,4864,392,NN,Semillas,Soja,Soja,$ 67000.00
06-04-26,433444,2166,06-12-26,8026,06-18-26,4,FA,4864,392,NN,Semillas,Soja,Soja,$ 67000.00
06-04-26,433445,2166,06-12-26,8025,06-18-26,4,FA,4864,392,NN,Semillas,Soja,Soja,$ 67000.00
06-04-26,433446,2167,06-22-26,8094,07-02-26,4,FA,4889,104,NN,Semillas,Semilla Vital,Festuca,$ 110000.00
06-04-26,433447,2169,06-16-26,8041,06-18-26,4,FA,4864,392,NN,Semillas,Soja,Soja,$ 67000.00
06-04-26,433448,2167,06-22-26,8093,07-02-26,4,FA,4889,104,NN,Semillas,Semilla Vital,Festuca,$ 110000.00
06-04-26,433449,2167,06-10-26,8017,06-18-26,4,FA,4868,104,NN,Semillas,Festuca,Festuca,$ 47000.00
06-04-26,433450,2167,06-10-26,8016,06-18-26,4,FA,4868,104,NN,Semillas,Festuca,Festuca,$ 47000.00
06-05-26,433469,2168,06-12-26,8022,06-18-26,4,FA,4869,1171,NN,Semillas,Trigo,Trigo,$ 100000.00
06-08-26,433484,2169,06-16-26,8040,06-18-26,4,FA,4864,392,NN,Semillas,Soja,Soja,$ 67000.00
06-08-26,433485,2169,06-16-26,8039,06-18-26,4,FA,4864,392,NN,Semillas,Soja,Soja,$ 67000.00
06-08-26,433486,2169,06-16-26,8038,06-18-26,4,FA,4864,392,NN,Semillas,Soja,Soja,$ 67000.00
06-08-26,433487,2169,06-16-26,8037,06-18-26,4,FA,4864,392,NN,Semillas,Soja,Soja,$ 67000.00
06-08-26,433488,2169,06-16-26,8036,06-18-26,4,FA,4864,392,NN,Semillas,Soja,Soja,$ 67000.00
06-08-26,433489,2169,06-16-26,8035,06-18-26,4,FA,4864,392,NN,Semillas,Soja,Soja,$ 67000.00
06-08-26,433490,2169,06-16-26,8034,06-18-26,4,FA,4864,392,NN,Semillas,Soja,Soja,$ 67000.00
06-08-26,433491,2169,06-16-26,8033,06-18-26,4,FA,4864,392,NN,Semillas,Soja,Soja,$ 67000.00
06-08-26,433496,2170,06-17-26,8047,06-18-26,4,FA,4861,4339,NN,Semillas,Soja,Soja,$ 64000.00
06-08-26,433497,2170,06-17-26,8046,06-18-26,4,FA,4861,4339,NN,Semillas,Soja,Soja,$ 64000.00
06-09-26,433498,2171,06-17-26,8062,06-18-26,4,FA,4867,522,NN,Semillas,Trigo,Trigo,$ 50000.00
06-09-26,433499,2171,06-17-26,8061,06-18-26,4,FA,4867,522,NN,Semillas,Trigo,Trigo,$ 50000.00
06-09-26,433500,2171,06-17-26,8060,06-18-26,4,FA,4867,522,NN,Semillas,Trigo,Trigo,$ 50000.00
06-09-26,433501,2171,06-17-26,8059,06-18-26,4,FA,4867,522,NN,Semillas,Trigo,Trigo,$ 50000.00
06-09-26,433502,2171,06-17-26,8058,06-18-26,4,FA,4867,522,NN,Semillas,Trigo,Trigo,$ 50000.00
06-09-26,433503,2171,06-17-26,8057,06-18-26,4,FA,4867,522,NN,Semillas,Trigo,Trigo,$ 50000.00
06-09-26,433504,2171,06-17-26,8056,06-18-26,4,FA,4867,522,NN,Semillas,Trigo,Trigo,$ 50000.00
06-09-26,433505,2171,06-17-26,8055,06-18-26,4,FA,4867,522,NN,Semillas,Trigo,Trigo,$ 50000.00
06-09-26,433506,2171,06-17-26,8054,06-18-26,4,FA,4867,522,NN,Semillas,Trigo,Trigo,$ 50000.00
06-09-26,433507,2171,06-17-26,8053,06-18-26,4,FA,4867,522,NN,Semillas,Trigo,Trigo,$ 50000.00
06-09-26,433508,2171,06-17-26,8052,06-18-26,4,FA,4867,522,NN,Semillas,Trigo,Trigo,$ 50000.00
06-09-26,433509,2171,06-17-26,8051,06-18-26,4,FA,4867,522,NN,Semillas,Trigo,Trigo,$ 50000.00
06-09-26,433510,2171,06-17-26,8050,06-18-26,4,FA,4867,522,NN,Semillas,Trigo,Trigo,$ 50000.00
06-09-26,433511,2171,06-17-26,8049,06-18-26,4,FA,4867,522,NN,Semillas,Trigo,Trigo,$ 50000.00
06-09-26,433512,2171,06-17-26,8048,06-18-26,4,FA,4867,522,NN,Semillas,Trigo,Trigo,$ 50000.00
06-10-26,433516,2173,06-18-26,8069,07-02-26,4,FA,4891,1371,NN,Semillas,Trigo,Trigo,$ 100000.00
06-12-26,433606,2174,06-19-26,8092,07-02-26,4,FA,4895,9261,NN,Semillas,Convenio Syngenta Soja Completo,Soja,$ 84000.00
06-12-26,433607,2174,06-19-26,8091,07-02-26,4,FA,4895,9261,NN,Semillas,Convenio Syngenta Soja Completo,Soja,$ 84000.00
06-12-26,433608,2174,06-19-26,8090,07-02-26,4,FA,4895,9261,NN,Semillas,Convenio Syngenta Soja Completo,Soja,$ 84000.00
06-12-26,433609,2174,06-19-26,8089,07-02-26,4,FA,4895,9261,NN,Semillas,Convenio Syngenta Soja Completo,Soja,$ 84000.00
06-12-26,433610,2174,06-19-26,8088,07-02-26,4,FA,4895,9261,NN,Semillas,Convenio Syngenta Soja Completo,Soja,$ 84000.00
06-12-26,433611,2174,06-19-26,8087,07-02-26,4,FA,4895,9261,NN,Semillas,Convenio Syngenta Soja Completo,Soja,$ 84000.00
06-12-26,433612,2174,06-19-26,8086,07-02-26,4,FA,4895,9261,NN,Semillas,Convenio Syngenta Soja Completo,Soja,$ 84000.00
06-12-26,433613,2174,06-19-26,8085,07-02-26,4,FA,4895,9261,NN,Semillas,Convenio Syngenta Soja Completo,Soja,$ 84000.00
06-12-26,433614,2174,06-19-26,8084,07-02-26,4,FA,4895,9261,NN,Semillas,Convenio Syngenta Soja Completo,Soja,$ 84000.00
06-12-26,433615,2174,06-19-26,8083,07-02-26,4,FA,4895,9261,NN,Semillas,Convenio Syngenta Soja Completo,Soja,$ 84000.00
06-12-26,433616,2174,07-06-26,8177,07-02-26,4,FA,4895,9261,NN,Semillas,Convenio Syngenta Soja Completo,Soja,$ 84000.00
06-12-26,433617,2174,06-19-26,8081,07-02-26,4,FA,4895,9261,NN,Semillas,Convenio Syngenta Soja Completo,Soja,$ 84000.00
06-12-26,433618,2174,07-06-26,8176,07-02-26,4,FA,4895,9261,NN,Semillas,Convenio Syngenta Soja Completo,Soja,$ 84000.00
06-12-26,433619,2174,06-19-26,8079,07-02-26,4,FA,4895,9261,NN,Semillas,Convenio Syngenta Soja Completo,Soja,$ 84000.00
06-12-26,433620,2175,06-19-26,8078,07-02-26,4,FA,4895,9261,NN,Semillas,Trigo,Trigo,$ 111000.00
06-12-26,433621,2175,06-23-26,8098,07-02-26,4,FA,4895,9261,NN,Semillas,Convenio Syngenta Trigo,Trigo,$ 84000.00
06-16-26,433646,2176,06-18-26,8066,06-18-26,4,FA,4865,4281,NN,Semillas,Panicum Coloratum,Panicum Coloratum,$ 68000.00
06-16-26,433647,2176,06-18-26,8065,06-18-26,4,FA,4865,4281,NN,Semillas,Panicum Coloratum,Panicum Coloratum,$ 68000.00
06-16-26,433648,2177,06-18-26,8068,07-02-26,4,FA,4890,1328,NN,Semillas,Gatton Panic,Gatton Panic,$ 68000.00
06-16-26,433649,2177,06-18-26,8067,07-02-26,4,FA,4890,1328,NN,Semillas,Gatton Panic,Gatton Panic,$ 68000.00
06-16-26,433650,2177,06-19-26,8074,07-02-26,4,FA,4890,1328,NN,Semillas,Gatton Panic,Gatton Panic,$ 68000.00
06-16-26,433651,2177,06-19-26,8073,07-02-26,4,FA,4890,1328,NN,Semillas,Gatton Panic,Gatton Panic,$ 68000.00
06-16-26,433652,2177,06-19-26,8072,07-02-26,4,FA,4890,1328,NN,Semillas,Gatton Panic,Gatton Panic,$ 68000.00
06-16-26,433653,2177,06-19-26,8071,07-02-26,4,FA,4890,1328,NN,Semillas,Gatton Panic,Gatton Panic,$ 68000.00
06-16-26,433654,2177,06-19-26,8070,07-02-26,4,FA,4890,1328,NN,Semillas,Gatton Panic,Gatton Panic,$ 68000.00
06-17-26,433675,2179,06-19-26,8077,07-02-26,4,FA,4892,1856,NN,Semillas,Buffel Grass,Buffel Grass,$ 68000.00
06-17-26,433676,2179,06-19-26,8076,07-02-26,4,FA,4892,1856,NN,Semillas,Buffel Grass,Buffel Grass,$ 68000.00
06-17-26,433677,2179,06-19-26,8075,07-02-26,4,FA,4892,1856,NN,Semillas,Buffel Grass,Buffel Grass,$ 68000.00
06-17-26,433678,2180,06-22-26,8097,07-02-26,4,FA,4892,1856,NN,Semillas,Buffel Grass,Buffel Grass,$ 47000.00
06-17-26,433679,2180,06-22-26,8096,07-02-26,4,FA,4892,1856,NN,Semillas,Buffel Grass,Buffel Grass,$ 47000.00
06-17-26,433680,2180,06-22-26,8095,07-02-26,4,FA,4892,1856,NN,Semillas,Buffel Grass,Buffel Grass,$ 47000.00
06-26-26,433683,2192,06-26-26,8102,07-02-26,4,FA,4888,5111,NN,Semillas,Soja,Soja,$ 100000.00
06-18-26,433684,2182,06-29-26,8116,07-02-26,4,FA,4886,4943,NN,Semillas,Moha,Moha,$ 64000.00
06-22-26,433886,2183,06-30-26,8131,07-02-26,4,FA,4881,392,NN,Semillas,Soja,Soja,$ 100000.00
06-22-26,433887,2183,06-30-26,8130,07-02-26,4,FA,4881,392,NN,Semillas,Soja,Soja,$ 100000.00
06-22-26,433888,2183,06-30-26,8129,07-02-26,4,FA,4881,392,NN,Semillas,Soja,Soja,$ 100000.00
06-24-26,433889,2184,07-01-26,8145,07-02-26,4,FA,4881,392,NN,Semillas,Convenio Syngenta Soja Completo,Soja,$ 84000.00
06-22-26,433890,2184,06-29-26,8115,07-02-26,4,FA,4881,392,NN,Semillas,Convenio Syngenta Soja Completo,Soja,$ 84000.00
06-22-26,433891,2184,06-29-26,8114,07-02-26,4,FA,4881,392,NN,Semillas,Convenio Syngenta Soja Completo,Soja,$ 84000.00
06-24-26,433892,2184,07-01-26,8144,07-02-26,4,FA,4881,392,NN,Semillas,Convenio Syngenta Soja Completo,Soja,$ 84000.00
06-24-26,433893,2184,07-01-26,8143,07-02-26,4,FA,4881,392,NN,Semillas,Convenio Syngenta Soja Completo,Soja,$ 84000.00
06-22-26,433894,2184,06-29-26,8113,07-02-26,4,FA,4881,392,NN,Semillas,Convenio Syngenta Soja Completo,Soja,$ 84000.00
06-22-26,433895,2184,06-29-26,8112,07-02-26,4,FA,4881,392,NN,Semillas,Convenio Syngenta Soja Completo,Soja,$ 84000.00
06-22-26,433896,2184,06-29-26,8111,07-02-26,4,FA,4881,392,NN,Semillas,Convenio Syngenta Soja Completo,Soja,$ 84000.00
06-22-26,433897,2184,06-29-26,8110,07-02-26,4,FA,4881,392,NN,Semillas,Convenio Syngenta Soja Completo,Soja,$ 84000.00
06-24-26,433898,2184,07-01-26,8142,07-02-26,4,FA,4881,392,NN,Semillas,Convenio Syngenta Soja Completo,Soja,$ 84000.00
06-24-26,433899,2184,07-01-26,8141,07-02-26,4,FA,4881,392,NN,Semillas,Convenio Syngenta Soja Completo,Soja,$ 84000.00
06-22-26,433900,2184,06-29-26,8109,07-02-26,4,FA,4881,392,NN,Semillas,Convenio Syngenta Soja Completo,Soja,$ 84000.00
06-24-26,433901,2184,07-01-26,8140,07-02-26,4,FA,4881,392,NN,Semillas,Convenio Syngenta Soja Completo,Soja,$ 84000.00
06-24-26,433902,2184,07-01-26,8139,07-02-26,4,FA,4881,392,NN,Semillas,Convenio Syngenta Soja Completo,Soja,$ 84000.00
06-24-26,433903,2184,07-01-26,8138,07-02-26,4,FA,4881,392,NN,Semillas,Convenio Syngenta Soja Completo,Soja,$ 84000.00
06-24-26,433904,2184,07-01-26,8137,07-02-26,4,FA,4881,392,NN,Semillas,Convenio Syngenta Soja Completo,Soja,$ 84000.00
06-22-26,433905,2184,06-29-26,8108,07-02-26,4,FA,4881,392,NN,Semillas,Convenio Syngenta Soja Completo,Soja,$ 84000.00
06-22-26,433906,2184,06-29-26,8107,07-02-26,4,FA,4881,392,NN,Semillas,Convenio Syngenta Soja Completo,Soja,$ 84000.00
06-22-26,433907,2184,06-29-26,8106,07-02-26,4,FA,4881,392,NN,Semillas,Convenio Syngenta Soja Completo,Soja,$ 84000.00
06-22-26,433908,2184,06-29-26,8105,07-02-26,4,FA,4881,392,NN,Semillas,Convenio Syngenta Soja Completo,Soja,$ 84000.00
06-22-26,433909,2184,06-29-26,8104,07-02-26,4,FA,4881,392,NN,Semillas,Convenio Syngenta Soja Completo,Soja,$ 84000.00
06-22-26,433910,2184,06-30-26,8128,07-02-26,4,FA,4881,392,NN,Semillas,Convenio Syngenta Soja Completo,Soja,$ 84000.00
06-22-26,433911,2184,06-30-26,8127,07-02-26,4,FA,4881,392,NN,Semillas,Convenio Syngenta Soja Completo,Soja,$ 84000.00
06-22-26,433912,2184,06-30-26,8126,07-02-26,4,FA,4881,392,NN,Semillas,Convenio Syngenta Soja Completo,Soja,$ 84000.00
06-24-26,433913,2184,07-01-26,8136,07-02-26,4,FA,4881,392,NN,Semillas,Convenio Syngenta Soja Completo,Soja,$ 84000.00
06-24-26,433914,2184,07-01-26,8135,07-02-26,4,FA,4881,392,NN,Semillas,Convenio Syngenta Soja Completo,Soja,$ 84000.00
06-22-26,433915,2184,06-30-26,8125,07-02-26,4,FA,4881,392,NN,Semillas,Convenio Syngenta Soja Completo,Soja,$ 84000.00
06-22-26,433916,2184,06-30-26,8124,07-02-26,4,FA,4881,392,NN,Semillas,Convenio Syngenta Soja Completo,Soja,$ 84000.00
06-22-26,433918,2184,06-30-26,8123,07-02-26,4,FA,4881,392,NN,Semillas,Convenio Syngenta Soja Completo,Soja,$ 84000.00
06-22-26,433919,2184,06-30-26,8122,07-02-26,4,FA,4881,392,NN,Semillas,Convenio Syngenta Soja Completo,Soja,$ 84000.00
06-22-26,433920,2184,06-30-26,8121,07-02-26,4,FA,4881,392,NN,Semillas,Convenio Syngenta Soja Completo,Soja,$ 84000.00
06-22-26,433921,2184,06-30-26,8120,07-02-26,4,FA,4881,392,NN,Semillas,Convenio Syngenta Soja Completo,Soja,$ 84000.00
06-22-26,433922,2184,06-30-26,8119,07-02-26,4,FA,4881,392,NN,Semillas,Convenio Syngenta Soja Completo,Soja,$ 84000.00
06-24-26,433923,2184,07-01-26,8134,07-02-26,4,FA,4881,392,NN,Semillas,Convenio Syngenta Soja Completo,Soja,$ 84000.00
06-24-26,433924,2184,07-01-26,8133,07-02-26,4,FA,4881,392,NN,Semillas,Convenio Syngenta Soja Completo,Soja,$ 84000.00
06-22-26,433925,2184,06-30-26,8118,07-02-26,4,FA,4881,392,NN,Semillas,Convenio Syngenta Soja Completo,Soja,$ 84000.00
06-24-26,433926,2184,07-01-26,8132,07-02-26,4,FA,4881,392,NN,Semillas,Convenio Syngenta Soja Completo,Soja,$ 84000.00
06-22-26,433928,2184,06-30-26,8117,07-02-26,4,FA,4881,392,NN,Semillas,Convenio Syngenta Soja Completo,Soja,$ 84000.00
06-23-26,433931,2185,06-25-26,8101,07-02-26,4,FA,4894,4281,NN,Semillas,Panicum Coloratum,Panicum Coloratum,$ 68000.00
06-23-26,433932,2185,06-25-26,8100,07-02-26,4,FA,4894,4281,NN,Semillas,Gatton Panic,Gatton Panic,$ 68000.00
06-23-26,433933,2186,07-01-26,8149,07-02-26,4,FA,4883,3660,NN,Semillas,Fuerza Total,Soja,$ 77000.00
06-23-26,433933,2186,07-01-26,8149,07-28-26,4,FA,4947,6006,NN,Semillas,Fuerza Total,Soja,$ 77000.00
06-24-26,434048,2187,07-01-26,8148,07-02-26,4,FA,4882,981,NN,Semillas,Fuerza Total,Maíz,$ 77000.00
06-24-26,434049,2187,07-01-26,8147,07-02-26,4,FA,4882,981,NN,Semillas,Fuerza Total,Maíz,$ 77000.00
06-24-26,434050,2187,07-10-26,8224,07-14-26,4,FA,4919,981,NN,Semillas,Fuerza Total,Alfalfa,$ 77000.00
06-25-26,434163,2188,07-03-26,8157,07-07-26,4,FA,4900,109,NN,Semillas,Soja,Soja,$ 100000.00
06-25-26,434164,2188,07-03-26,8156,07-07-26,4,FA,4900,109,NN,Semillas,Soja,Soja,$ 100000.00
06-25-26,434165,2188,07-03-26,8155,07-07-26,4,FA,4900,109,NN,Semillas,Soja,Soja,$ 100000.00
06-25-26,434166,2188,07-03-26,8154,07-07-26,4,FA,4900,109,NN,Semillas,Soja,Soja,$ 100000.00
06-25-26,434167,2188,07-03-26,8153,07-07-26,4,FA,4900,109,NN,Semillas,Soja,Soja,$ 100000.00
06-25-26,434168,2188,07-03-26,8152,07-07-26,4,FA,4900,109,NN,Semillas,Soja,Soja,$ 100000.00
06-25-26,434169,2189,07-03-26,8175,07-07-26,4,FA,4901,522,NN,Semillas,Soja,Soja,$ 50000.00
06-25-26,434170,2189,07-03-26,8174,07-07-26,4,FA,4901,522,NN,Semillas,Soja,Soja,$ 50000.00
06-25-26,434171,2189,07-03-26,8173,07-07-26,4,FA,4901,522,NN,Semillas,Soja,Soja,$ 50000.00
06-25-26,434172,2189,07-03-26,8172,07-07-26,4,FA,4901,522,NN,Semillas,Soja,Soja,$ 67000.00
06-25-26,434173,2189,07-03-26,8171,07-07-26,4,FA,4901,522,NN,Semillas,Soja,Soja,$ 50000.00
06-25-26,434174,2189,07-03-26,8170,07-07-26,4,FA,4901,522,NN,Semillas,Soja,Soja,$ 67000.00
06-25-26,434175,2189,07-03-26,8169,07-07-26,4,FA,4901,522,NN,Semillas,Soja,Soja,$ 50000.00
06-25-26,434176,2189,07-03-26,8168,07-07-26,4,FA,4901,522,NN,Semillas,Soja,Soja,$ 67000.00
06-25-26,434177,2189,07-03-26,8167,07-07-26,4,FA,4901,522,NN,Semillas,Soja,Soja,$ 67000.00
06-25-26,434178,2189,07-03-26,8166,07-07-26,4,FA,4901,522,NN,Semillas,Soja,Soja,$ 50000.00
06-25-26,434179,2189,07-03-26,8165,07-07-26,4,FA,4901,522,NN,Semillas,Soja,Soja,$ 50000.00
06-25-26,434180,2189,07-03-26,8164,07-07-26,4,FA,4901,522,NN,Semillas,Soja,Soja,$ 67000.00
06-25-26,434181,2189,07-03-26,8163,07-07-26,4,FA,4901,522,NN,Semillas,Soja,Soja,$ 50000.00
06-25-26,434182,2189,07-03-26,8162,07-07-26,4,FA,4901,522,NN,Semillas,Soja,Soja,$ 67000.00
06-25-26,434183,2189,07-03-26,8161,07-07-26,4,FA,4901,522,NN,Semillas,Soja,Soja,$ 67000.00
06-25-26,434184,2189,07-03-26,8160,07-07-26,4,FA,4901,522,NN,Semillas,Soja,Soja,$ 67000.00
06-25-26,434185,2189,07-03-26,8159,07-07-26,4,FA,4901,522,NN,Semillas,Soja,Soja,$ 67000.00
06-25-26,434186,2189,07-03-26,8158,07-07-26,4,FA,4901,522,NN,Semillas,Soja,Soja,$ 50000.00
06-25-26,434187,2190,07-06-26,8181,07-07-26,4,FA,4899,104,NN,Semillas,Sorgo,Sorgo,$ 67000.00
06-25-26,434188,2190,07-06-26,8180,07-07-26,4,FA,4899,104,NN,Semillas,Sorgo,Sorgo,$ 67000.00
06-25-26,434189,2190,07-06-26,8179,07-07-26,4,FA,4899,104,NN,Semillas,Sorgo,Sorgo,$ 67000.00
06-25-26,434190,2190,07-06-26,8178,07-07-26,4,FA,4899,104,NN,Semillas,Sorgo,Sorgo,$ 67000.00
06-25-26,434191,2191,07-06-26,8183,07-07-26,4,FA,4902,714,NN,Semillas,Convenio Syngenta Trigo,Trigo,$ 84000.00
06-25-26,434192,2191,07-06-26,8182,07-07-26,4,FA,4902,714,NN,Semillas,Convenio Syngenta Trigo,Trigo,$ 84000.00
06-29-26,434258,2193,07-01-26,8146,07-02-26,4,FA,4884,4281,NN,Semillas,Gatton Panic,Gatton Panic,$ 68000.00
06-29-26,434259,2194,07-10-26,8223,07-14-26,4,FA,4917,9261,NN,Semillas,Convenio Syngenta Trigo,Trigo,$ 84000.00
06-30-26,434341,2193,07-02-26,8151,07-02-26,4,FA,4884,4281,NN,Semillas,Gatton Panic,Gatton Panic,$ 67000.00
06-30-26,434342,2195,07-02-26,8150,07-02-26,4,FA,4887,5082,NN,Semillas,Gatton Panic,Gatton Panic,$ 115000.00
07-02-26,434345,2196,07-08-26,8214,07-14-26,4,FA,4918,392,NN,Semillas,Soja,Soja,$ 50000.00
07-02-26,434346,2196,07-08-26,8213,07-14-26,4,FA,4918,392,NN,Semillas,Soja,Soja,$ 50000.00
07-02-26,434347,2196,07-08-26,8212,07-14-26,4,FA,4918,392,NN,Semillas,Soja,Soja,$ 50000.00
07-02-26,434348,2196,07-08-26,8211,07-14-26,4,FA,4918,392,NN,Semillas,Soja,Soja,$ 50000.00
07-02-26,434349,2196,07-08-26,8210,07-14-26,4,FA,4918,392,NN,Semillas,Soja,Soja,$ 50000.00
07-02-26,434350,2196,07-08-26,8209,07-14-26,4,FA,4918,392,NN,Semillas,Soja,Soja,$ 50000.00
07-02-26,434351,2196,07-08-26,8208,07-14-26,4,FA,4918,392,NN,Semillas,Soja,Soja,$ 50000.00
07-02-26,434352,2196,07-08-26,8207,07-14-26,4,FA,4918,392,NN,Semillas,Soja,Soja,$ 50000.00
07-02-26,434353,2196,07-08-26,8206,07-14-26,4,FA,4918,392,NN,Semillas,Soja,Soja,$ 50000.00
07-02-26,434354,2196,07-08-26,8205,07-14-26,4,FA,4918,392,NN,Semillas,Soja,Soja,$ 50000.00
07-02-26,434355,2196,07-08-26,8204,07-14-26,4,FA,4918,392,NN,Semillas,Soja,Soja,$ 50000.00
07-02-26,434356,2196,07-08-26,8203,07-14-26,4,FA,4918,392,NN,Semillas,Soja,Soja,$ 50000.00
07-02-26,434357,2196,07-08-26,8202,07-14-26,4,FA,4918,392,NN,Semillas,Soja,Soja,$ 50000.00
07-02-26,434358,2196,07-08-26,8201,07-14-26,4,FA,4918,392,NN,Semillas,Soja,Soja,$ 50000.00
07-02-26,434359,2196,07-08-26,8200,07-14-26,4,FA,4918,392,NN,Semillas,Soja,Soja,$ 50000.00
07-02-26,434360,2196,07-08-26,8199,07-14-26,4,FA,4918,392,NN,Semillas,Soja,Soja,$ 50000.00
07-02-26,434361,2196,07-08-26,8198,07-14-26,4,FA,4918,392,NN,Semillas,Soja,Soja,$ 50000.00
07-02-26,434362,2196,07-08-26,8197,07-14-26,4,FA,4918,392,NN,Semillas,Soja,Soja,$ 50000.00
07-02-26,434363,2196,07-08-26,8196,07-14-26,4,FA,4918,392,NN,Semillas,Soja,Soja,$ 50000.00
07-02-26,434364,2196,07-08-26,8195,07-14-26,4,FA,4918,392,NN,Semillas,Soja,Soja,$ 50000.00
07-02-26,434365,2196,07-08-26,8194,07-14-26,4,FA,4918,392,NN,Semillas,Soja,Soja,$ 50000.00
07-02-26,434366,2196,07-08-26,8193,07-14-26,4,FA,4918,392,NN,Semillas,Soja,Soja,$ 50000.00
07-02-26,434367,2196,07-08-26,8192,07-14-26,4,FA,4918,392,NN,Semillas,Soja,Soja,$ 50000.00
07-02-26,434368,2196,07-08-26,8191,07-14-26,4,FA,4918,392,NN,Semillas,Soja,Soja,$ 50000.00
07-02-26,434369,2196,07-08-26,8190,07-14-26,4,FA,4918,392,NN,Semillas,Soja,Soja,$ 50000.00
07-02-26,434370,2196,07-08-26,8189,07-14-26,4,FA,4918,392,NN,Semillas,Soja,Soja,$ 50000.00
07-02-26,434371,2196,07-08-26,8188,07-14-26,4,FA,4918,392,NN,Semillas,Soja,Soja,$ 50000.00
07-02-26,434372,2196,07-08-26,8187,07-14-26,4,FA,4918,392,NN,Semillas,Soja,Soja,$ 50000.00
07-02-26,434373,2196,07-08-26,8186,07-14-26,4,FA,4918,392,NN,Semillas,Soja,Soja,$ 50000.00
07-02-26,434374,2196,07-08-26,8185,07-14-26,4,FA,4918,392,NN,Semillas,Soja,Soja,$ 50000.00
07-02-26,434375,2197,07-08-26,8222,07-14-26,4,FA,4916,4878,NN,Semillas,Convenio Syngenta Soja Completo,Soja,$ 84000.00
07-02-26,434376,2197,07-08-26,8221,07-14-26,4,FA,4916,4878,NN,Semillas,Convenio Syngenta Soja Completo,Soja,$ 84000.00
07-02-26,434377,2197,07-08-26,8220,07-14-26,4,FA,4916,4878,NN,Semillas,Convenio Syngenta Soja Completo,Soja,$ 84000.00
07-02-26,434378,2197,07-08-26,8219,07-14-26,4,FA,4916,4878,NN,Semillas,Convenio Syngenta Soja Completo,Soja,$ 84000.00
07-02-26,434379,2197,07-08-26,8218,07-14-26,4,FA,4916,4878,NN,Semillas,Convenio Syngenta Soja Completo,Soja,$ 84000.00
07-02-26,434380,2197,07-08-26,8217,07-14-26,4,FA,4916,4878,NN,Semillas,Convenio Syngenta Soja Completo,Soja,$ 84000.00
07-02-26,434381,2197,07-08-26,8216,07-14-26,4,FA,4916,4878,NN,Semillas,Convenio Syngenta Soja Completo,Soja,$ 84000.00
07-02-26,434382,2197,07-08-26,8215,07-14-26,4,FA,4916,4878,NN,Semillas,Convenio Syngenta Soja Completo,Soja,$ 84000.00
07-06-26,434406,2198,07-08-26,8184,07-14-26,4,FA,4915,4281,NN,Semillas,Gatton Panic,Gatton Panic,$ 68000.00
07-07-26,434478,2199,07-20-26,8263,07-21-26,4,FA,4930,62,NN,Semillas,Cold Test,Maíz,$ 100000.00
07-07-26,434479,2199,07-20-26,8262,07-21-26,4,FA,4930,62,NN,Semillas,Cold Test,Maíz,$ 100000.00
07-07-26,434480,2199,07-20-26,8261,07-21-26,4,FA,4930,62,NN,Semillas,Cold Test,Maíz,$ 100000.00
07-07-26,434481,2199,07-20-26,8260,07-21-26,4,FA,4930,62,NN,Semillas,Cold Test,Maíz,$ 100000.00
07-07-26,434482,2199,07-20-26,8259,07-21-26,4,FA,4930,62,NN,Semillas,Cold Test,Maíz,$ 100000.00
07-07-26,434483,2199,07-20-26,8258,07-21-26,4,FA,4930,62,NN,Semillas,Cold Test,Maíz,$ 100000.00
07-07-26,434484,2199,07-20-26,8257,07-21-26,4,FA,4930,62,NN,Semillas,Cold Test,Maíz,$ 100000.00
07-07-26,434485,2199,07-20-26,8256,07-21-26,4,FA,4930,62,NN,Semillas,Cold Test,Maíz,$ 100000.00
07-07-26,434486,2199,07-20-26,8255,07-21-26,4,FA,4930,62,NN,Semillas,Cold Test,Maíz,$ 100000.00
07-16-26,434509,2211,07-24-26,8314,08-06-26,4,FA,4972,5086,NN,Semillas,Grama Rhodes,Grama Rhodes,$ 110000.00
07-08-26,434590,2200,07-15-26,8245,07-21-26,4,FA,4932,522,NN,Semillas,Convenio Syngenta Soja Completo,Soja,$ 84000.00
07-08-26,434591,2200,07-15-26,8244,07-21-26,4,FA,4932,522,NN,Semillas,Convenio Syngenta Soja Completo,Soja,$ 84000.00
07-08-26,434592,2200,07-15-26,8243,07-21-26,4,FA,4932,522,NN,Semillas,Convenio Syngenta Soja Completo,Soja,$ 84000.00
07-08-26,434593,2200,07-15-26,8242,07-21-26,4,FA,4932,522,NN,Semillas,Convenio Syngenta Soja Completo,Soja,$ 84000.00
07-08-26,434594,2200,07-15-26,8241,07-21-26,4,FA,4932,522,NN,Semillas,Convenio Syngenta Soja Completo,Soja,$ 84000.00
07-08-26,434595,2200,07-15-26,8240,07-21-26,4,FA,4932,522,NN,Semillas,Convenio Syngenta Soja Completo,Soja,$ 84000.00
07-08-26,434596,2200,07-15-26,8239,07-21-26,4,FA,4932,522,NN,Semillas,Convenio Syngenta Soja Completo,Soja,$ 84000.00
07-08-26,434597,2200,07-15-26,8238,07-21-26,4,FA,4932,522,NN,Semillas,Convenio Syngenta Soja Completo,Soja,$ 84000.00
07-08-26,434598,2200,07-15-26,8237,07-21-26,4,FA,4932,522,NN,Semillas,Soja,Soja,$ 134000.00
07-08-26,434599,2200,07-15-26,8236,07-21-26,4,FA,4932,522,NN,Semillas,Convenio Syngenta Soja Completo,Soja,$ 84000.00
07-08-26,434600,2200,07-15-26,8235,07-21-26,4,FA,4932,522,NN,Semillas,Convenio Syngenta Soja Completo,Soja,$ 84000.00
07-08-26,434601,2200,07-15-26,8234,07-21-26,4,FA,4932,522,NN,Semillas,Convenio Syngenta Soja Completo,Soja,$ 84000.00
07-08-26,434602,2200,07-15-26,8233,07-21-26,4,FA,4932,522,NN,Semillas,Convenio Syngenta Soja Completo,Soja,$ 84000.00
07-10-26,434603,2201,07-14-26,8228,07-21-26,4,FA,4934,1328,NN,Semillas,Gatton Panic,Gatton Panic,$ 68000.00
07-10-26,434604,2201,07-14-26,8227,07-21-26,4,FA,4934,1328,NN,Semillas,Gatton Panic,Gatton Panic,$ 68000.00
07-13-26,434656,2201,07-15-26,8232,07-21-26,4,FA,4934,1328,NN,Semillas,Gatton Panic,Gatton Panic,$ 68000.00
07-13-26,434657,2201,07-15-26,8231,07-21-26,4,FA,4934,1328,NN,Semillas,Gatton Panic,Gatton Panic,$ 68000.00
07-13-26,434658,2201,07-16-26,8249,07-21-26,4,FA,4934,1328,NN,Semillas,Gatton Panic,Gatton Panic,$ 68000.00
07-13-26,434659,2201,07-16-26,8248,07-21-26,4,FA,4934,1328,NN,Semillas,Gatton Panic,Gatton Panic,$ 68000.00
07-13-26,434660,2202,07-14-26,8226,07-21-26,4,FA,4934,1328,NN,Semillas,Digitaria,Digitaria,$ 68000.00
07-13-26,434661,2202,07-14-26,8225,07-21-26,4,FA,4934,1328,NN,Semillas,Digitaria,Digitaria,$ 68000.00
07-13-26,434662,2202,07-15-26,8230,07-21-26,4,FA,4934,1328,NN,Semillas,Digitaria,Digitaria,$ 68000.00
07-13-26,434663,2202,07-15-26,8229,07-21-26,4,FA,4934,1328,NN,Semillas,Digitaria,Digitaria,$ 68000.00
07-13-26,434664,2202,07-16-26,8247,07-21-26,4,FA,4934,1328,NN,Semillas,Digitaria,Digitaria,$ 68000.00
07-13-26,434665,2202,07-16-26,8246,07-21-26,4,FA,4934,1328,NN,Semillas,Digitaria,Digitaria,$ 68000.00
07-13-26,434667,2203,07-17-26,8254,07-21-26,4,FA,4935,4281,NN,Semillas,Panicum Coloratum,Panicum Coloratum,$ 68000.00
07-13-26,434668,2203,07-17-26,8253,07-21-26,4,FA,4935,4281,NN,Semillas,Panicum Coloratum,Panicum Coloratum,$ 68000.00
07-13-26,434669,2203,07-17-26,8252,07-21-26,4,FA,4935,4281,NN,Semillas,Panicum Coloratum,Panicum Coloratum,$ 68000.00
07-13-26,434671,2204,07-20-26,8279,07-21-26,4,FA,4931,392,NN,Semillas,Convenio Syngenta Soja Completo,Soja,$ 84000.00
07-13-26,434672,2204,07-20-26,8278,07-21-26,4,FA,4931,392,NN,Semillas,Convenio Syngenta Soja Completo,Soja,$ 84000.00
07-13-26,434673,2204,07-20-26,8277,07-21-26,4,FA,4931,392,NN,Semillas,Convenio Syngenta Soja Completo,Soja,$ 84000.00
07-13-26,434674,2204,07-20-26,8276,07-21-26,4,FA,4931,392,NN,Semillas,Convenio Syngenta Soja Completo,Soja,$ 84000.00
07-13-26,434675,2204,07-20-26,8275,07-21-26,4,FA,4931,392,NN,Semillas,Convenio Syngenta Soja Completo,Soja,$ 84000.00
07-13-26,434676,2204,07-20-26,8274,07-21-26,4,FA,4931,392,NN,Semillas,Convenio Syngenta Soja Completo,Soja,$ 84000.00
07-13-26,434677,2204,07-20-26,8273,07-21-26,4,FA,4931,392,NN,Semillas,Convenio Syngenta Soja Completo,Soja,$ 84000.00
07-13-26,434678,2204,07-20-26,8272,07-21-26,4,FA,4931,392,NN,Semillas,Convenio Syngenta Soja Completo,Soja,$ 84000.00
07-13-26,434679,2204,07-20-26,8271,07-21-26,4,FA,4931,392,NN,Semillas,Convenio Syngenta Soja Completo,Soja,$ 84000.00
07-13-26,434680,2204,07-20-26,8270,07-21-26,4,FA,4931,392,NN,Semillas,Convenio Syngenta Soja Completo,Soja,$ 84000.00
07-13-26,434681,2204,07-20-26,8269,07-21-26,4,FA,4931,392,NN,Semillas,Convenio Syngenta Soja Completo,Soja,$ 84000.00
07-13-26,434682,2204,07-20-26,8268,07-21-26,4,FA,4931,392,NN,Semillas,Convenio Syngenta Soja Completo,Soja,$ 84000.00
07-13-26,434683,2204,07-20-26,8267,07-21-26,4,FA,4931,392,NN,Semillas,Convenio Syngenta Soja Completo,Soja,$ 84000.00
07-13-26,434684,2204,07-20-26,8266,07-21-26,4,FA,4931,392,NN,Semillas,Convenio Syngenta Soja Completo,Soja,$ 84000.00
07-13-26,434685,2204,07-20-26,8265,07-21-26,4,FA,4931,392,NN,Semillas,Convenio Syngenta Soja Completo,Soja,$ 84000.00
07-13-26,434686,2204,07-20-26,8264,07-21-26,4,FA,4931,392,NN,Semillas,Convenio Syngenta Soja Completo,Soja,$ 84000.00
07-14-26,434809,2205,07-22-26,8300,07-24-26,4,FA,4942,392,NN,Semillas,Soja,Soja,$ 50000.00
07-14-26,434810,2205,07-22-26,8299,07-24-26,4,FA,4942,392,NN,Semillas,Soja,Soja,$ 50000.00
07-14-26,434811,2205,07-22-26,8298,07-24-26,4,FA,4942,392,NN,Semillas,Soja,Soja,$ 50000.00
07-14-26,434812,2205,07-22-26,8297,07-24-26,4,FA,4942,392,NN,Semillas,Soja,Soja,$ 50000.00
07-14-26,434813,2205,07-22-26,8296,07-24-26,4,FA,4942,392,NN,Semillas,Soja,Soja,$ 50000.00
07-14-26,434814,2205,07-22-26,8295,07-24-26,4,FA,4942,392,NN,Semillas,Soja,Soja,$ 50000.00
07-14-26,434815,2205,07-22-26,8294,07-24-26,4,FA,4942,392,NN,Semillas,Soja,Soja,$ 50000.00
07-14-26,434827,2205,07-22-26,8293,07-24-26,4,FA,4942,392,NN,Semillas,Soja,Soja,$ 50000.00
07-14-26,434828,2205,07-22-26,8292,07-24-26,4,FA,4942,392,NN,Semillas,Soja,Soja,$ 50000.00
07-14-26,434829,2205,07-22-26,8291,07-24-26,4,FA,4942,392,NN,Semillas,Soja,Soja,$ 50000.00
07-14-26,434830,2205,07-22-26,8290,07-24-26,4,FA,4942,392,NN,Semillas,Soja,Soja,$ 50000.00
07-14-26,434831,2205,07-22-26,8289,07-24-26,4,FA,4942,392,NN,Semillas,Soja,Soja,$ 50000.00
07-14-26,434832,2205,07-22-26,8288,07-24-26,4,FA,4942,392,NN,Semillas,Soja,Soja,$ 50000.00
07-14-26,434833,2205,07-22-26,8287,07-24-26,4,FA,4942,392,NN,Semillas,Soja,Soja,$ 50000.00
07-14-26,434834,2205,07-22-26,8286,07-24-26,4,FA,4942,392,NN,Semillas,Soja,Soja,$ 50000.00
07-14-26,434835,2205,07-22-26,8285,07-24-26,4,FA,4942,392,NN,Semillas,Soja,Soja,$ 50000.00
07-14-26,434836,2206,07-17-26,8251,07-21-26,4,FA,4934,1328,NN,Semillas,Digitaria,Digitaria,$ 68000.00
07-14-26,434837,2206,07-17-26,8250,07-21-26,4,FA,4934,1328,NN,Semillas,Digitaria,Digitaria,$ 68000.00
07-14-26,434838,2206,07-21-26,8281,07-24-26,4,FA,4941,1328,NN,Semillas,Digitaria,Digitaria,$ 68000.00
07-14-26,434839,2206,07-21-26,8280,07-24-26,4,FA,4941,1328,NN,Semillas,Digitaria,Digitaria,$ 68000.00
07-15-26,434840,2207,07-23-26,8313,07-24-26,4,FA,4944,522,NN,Semillas,Soja,Soja,$ 50000.00
07-15-26,434841,2207,07-23-26,8312,07-24-26,4,FA,4944,522,NN,Semillas,Soja,Soja,$ 50000.00
07-15-26,434842,2207,07-23-26,8311,07-24-26,4,FA,4944,522,NN,Semillas,Soja,Soja,$ 104000.00
07-15-26,434843,2207,07-23-26,8310,07-24-26,4,FA,4944,522,NN,Semillas,Soja,Soja,$ 50000.00
07-15-26,434844,2207,07-23-26,8309,07-24-26,4,FA,4944,522,NN,Semillas,Soja,Soja,$ 104000.00
07-15-26,434845,2207,07-23-26,8308,07-24-26,4,FA,4944,522,NN,Semillas,Soja,Soja,$ 67000.00
07-15-26,434846,2207,07-23-26,8307,07-24-26,4,FA,4944,522,NN,Semillas,Soja,Soja,$ 50000.00
07-15-26,434847,2208,07-22-26,8284,07-24-26,4,FA,4944,522,NN,Semillas,Soja,Soja,$ 134000.00
07-15-26,434848,2208,07-22-26,8283,07-24-26,4,FA,4944,522,NN,Semillas,Soja,Soja,$ 134000.00
07-15-26,434849,2209,07-23-26,8306,07-24-26,4,FA,4945,348,NN,Semillas,Soja,Soja,$ 67000.00
07-15-26,434850,2209,07-23-26,8305,07-24-26,4,FA,4945,348,NN,Semillas,Soja,Soja,$ 67000.00
07-15-26,434851,2209,07-23-26,8304,07-24-26,4,FA,4945,348,NN,Semillas,Soja,Soja,$ 67000.00
07-15-26,434852,2209,07-23-26,8303,07-24-26,4,FA,4945,348,NN,Semillas,Soja,Soja,$ 67000.00
07-16-26,434853,2211,08-13-26,8349,08-20-26,4,FA,4996,5086,NN,Semillas,Gatton Panic,Gatton Panic,$ 110000.00
07-20-26,434906,2212,07-22-26,8282,07-24-26,4,FA,4943,4281,NN,Semillas,Gatton Panic,Gatton Panic,$ 68000.00
07-21-26,434962,2213,07-23-26,8302,07-24-26,4,FA,4943,4281,NN,Semillas,Gatton Panic,Gatton Panic,$ 68000.00
07-21-26,434963,2213,07-23-26,8301,07-24-26,4,FA,4943,4281,NN,Semillas,Gatton Panic,Gatton Panic,$ 68000.00
07-21-26,434965,2214,07-31-26,8317,08-06-26,4,FA,4966,104,NN,Semillas,Alfalfa,Alfalfa,$ 64000.00
07-21-26,434966,2238,08-20-26,8405,08-28-26,4,FA,5007,1328,NN,Semillas,Gatton Panic,Gatton Panic,$ 68000.00
07-21-26,434967,2214,08-03-26,8337,08-06-26,4,FA,4966,104,NN,Semillas,Alfalfa,Alfalfa,$ 64000.00
07-24-26,435055,2216,07-31-26,8330,08-06-26,4,FA,4968,3687,NN,Semillas,Convenio Syngenta Soja Completo,Soja,$ 84000.00
07-24-26,435056,2216,07-31-26,8329,08-06-26,4,FA,4968,3687,NN,Semillas,Convenio Syngenta Soja Completo,Soja,$ 84000.00
07-24-26,435057,2216,07-31-26,8328,08-06-26,4,FA,4968,3687,NN,Semillas,Convenio Syngenta Soja Completo,Soja,$ 84000.00
07-24-26,435058,2216,07-31-26,8327,08-06-26,4,FA,4968,3687,NN,Semillas,Convenio Syngenta Soja Completo,Soja,$ 84000.00
07-24-26,435059,2217,07-31-26,8326,08-06-26,4,FA,4967,392,NN,Semillas,Doble Poder,Soja,$ 67000.00
07-24-26,435060,2217,07-31-26,8325,08-06-26,4,FA,4967,392,NN,Semillas,Doble Poder,Soja,$ 67000.00
07-24-26,435061,2217,07-31-26,8324,08-06-26,4,FA,4967,392,NN,Semillas,Doble Poder,Soja,$ 67000.00
07-24-26,435062,2217,07-31-26,8323,08-06-26,4,FA,4967,392,NN,Semillas,Doble Poder,Soja,$ 67000.00
07-24-26,435063,2217,07-31-26,8322,08-06-26,4,FA,4967,392,NN,Semillas,Doble Poder,Soja,$ 67000.00
07-24-26,435064,2217,07-31-26,8321,08-06-26,4,FA,4967,392,NN,Semillas,Doble Poder,Soja,$ 67000.00
07-24-26,435065,2217,07-31-26,8320,08-06-26,4,FA,4967,392,NN,Semillas,Doble Poder,Soja,$ 67000.00
07-24-26,435066,2217,07-31-26,8319,08-06-26,4,FA,4967,392,NN,Semillas,Doble Poder,Soja,$ 67000.00
07-31-26,435067,2217,07-31-26,8318,08-06-26,4,FA,4967,392,NN,Semillas,Doble Poder,Soja,$ 67000.00
07-27-26,435077,2218,07-29-26,8315,08-06-26,4,FA,4969,4281,NN,Semillas,Panicum Coloratum,Panicum Coloratum,$ 68000.00
07-27-26,435151,2219,08-04-26,8338,08-06-26,4,FA,4970,4396,NN,Semillas,Fuerza Total,Soja,$ 77000.00
07-29-26,435153,2220,08-05-26,8339,08-06-26,4,FA,4971,4712,NN,Semillas,Soja,Soja,$ 64000.00
07-29-26,435154,2221,08-19-26,8384,08-28-26,4,FA,5005,104,NN,Semillas,Semilla Vital,Urocloa,$ 110000.00
07-29-26,435155,2221,08-19-26,8383,08-28-26,4,FA,5005,104,NN,Semillas,Urocloa,Urocloa,$ 64000.00
07-29-26,435156,2221,08-19-26,8382,08-28-26,4,FA,5005,104,NN,Semillas,Semilla Vital,Urocloa,$ 110000.00
07-29-26,435157,2221,08-19-26,8381,08-28-26,4,FA,5005,104,NN,Semillas,Urocloa,Urocloa,$ 64000.00
07-31-26,435198,2223,08-13-26,8348,08-20-26,4,FA,4992,62,NN,Semillas,Sorgo,Sorgo,$ 64000.00
07-31-26,435199,2223,08-13-26,8347,08-20-26,4,FA,4992,62,NN,Semillas,Sorgo,Sorgo,$ 64000.00
07-31-26,435200,2223,08-18-26,8368,08-20-26,4,FA,4992,62,NN,Semillas,Cebadilla Criolla,Cebadilla Criolla,$ 64000.00
08-04-26,435273,2226,08-18-26,8369,08-20-26,4,FA,4995,4396,NN,Semillas,Fuerza Total Curado,Maní,$ 88000.00
08-04-26,435274,2226,08-14-26,8367,08-20-26,4,FA,4995,4396,NN,Semillas,Fuerza Total,Moha,$ 77000.00
08-05-26,435275,2227,08-13-26,8354,08-20-26,4,FA,4999,6071,NN,Semillas,Soja,Soja,$ 100000.00
08-05-26,435276,2227,08-13-26,8353,08-20-26,4,FA,4999,6071,NN,Semillas,Soja,Soja,$ 100000.00
08-05-26,435277,2227,08-13-26,8352,08-20-26,4,FA,4999,6071,NN,Semillas,Fuerza Total,Soja,$ 77000.00
08-05-26,435278,2227,08-13-26,8351,08-20-26,4,FA,4999,6071,NN,Semillas,Fuerza Total,Soja,$ 77000.00
08-05-26,435279,2227,08-13-26,8350,08-20-26,4,FA,4999,6071,NN,Semillas,Fuerza Total,Soja,$ 77000.00
08-06-26,435417,2228,08-13-26,8366,08-20-26,4,FA,4993,392,NN,Semillas,Doble Poder,Soja,$ 67000.00
08-06-26,435418,2228,08-13-26,8365,08-20-26,4,FA,4993,392,NN,Semillas,Doble Poder,Soja,$ 67000.00
08-06-26,435419,2228,08-13-26,8364,08-20-26,4,FA,4993,392,NN,Semillas,Doble Poder,Soja,$ 67000.00
08-06-26,435420,2228,08-13-26,8363,08-20-26,4,FA,4993,392,NN,Semillas,Doble Poder,Soja,$ 67000.00
08-06-26,435421,2228,08-13-26,8362,08-20-26,4,FA,4993,392,NN,Semillas,Doble Poder,Soja,$ 67000.00
08-06-26,435422,2228,08-13-26,8361,08-20-26,4,FA,4993,392,NN,Semillas,Doble Poder,Soja,$ 67000.00
08-06-26,435423,2228,08-13-26,8360,08-20-26,4,FA,4993,392,NN,Semillas,Doble Poder,Soja,$ 67000.00
08-06-26,435424,2228,08-13-26,8359,08-20-26,4,FA,4993,392,NN,Semillas,Doble Poder,Soja,$ 67000.00
08-06-26,435425,2228,08-13-26,8358,08-20-26,4,FA,4993,392,NN,Semillas,Doble Poder,Soja,$ 67000.00
08-06-26,435426,2228,08-13-26,8357,08-20-26,4,FA,4993,392,NN,Semillas,Doble Poder,Soja,$ 67000.00
08-06-26,435427,2228,08-13-26,8356,08-20-26,4,FA,4993,392,NN,Semillas,Doble Poder,Soja,$ 67000.00
08-06-26,435428,2228,08-13-26,8355,08-20-26,4,FA,4993,392,NN,Semillas,Doble Poder,Soja,$ 67000.00
08-10-26,435479,2230,08-18-26,8375,08-20-26,4,FA,4997,6019,NN,Semillas,Soja,Soja,$ 100000.00
08-10-26,435480,2230,08-18-26,8374,08-20-26,4,FA,4997,6019,NN,Semillas,Soja,Soja,$ 100000.00
08-10-26,435481,2230,08-18-26,8373,08-20-26,4,FA,4997,6019,NN,Semillas,Soja,Soja,$ 100000.00
08-10-26,435482,2230,08-18-26,8372,08-20-26,4,FA,4997,6019,NN,Semillas,Soja,Soja,$ 100000.00
08-10-26,435483,2231,08-24-26,8417,08-28-26,4,FA,5010,6019,NN,Semillas,Fuerza Total,Sorgo,$ 77000.00
08-10-26,435484,2231,08-24-26,8416,08-28-26,4,FA,5010,6019,NN,Semillas,Fuerza Total,Sorgo,$ 77000.00
08-11-26,435516,2232,08-18-26,8371,08-20-26,4,FA,4998,6034,NN,Semillas,Fuerza Total,Maíz,$ 77000.00
08-11-26,435517,2232,08-18-26,8370,08-20-26,4,FA,4998,6034,NN,Semillas,Fuerza Total,Maíz,$ 77000.00
08-11-26,435518,2232,08-24-26,8415,08-28-26,4,FA,5011,6034,NN,Semillas,Fuerza Total,Girasol,$ 77000.00
08-12-26,435519,2233,08-19-26,8380,08-20-26,4,FA,5000,9261,NN,Semillas,Convenio Syngenta Soja Completo,Soja,$ 84000.00
08-12-26,435520,2233,08-19-26,8379,08-20-26,4,FA,5000,9261,NN,Semillas,Convenio Syngenta Soja Completo,Soja,$ 84000.00
08-12-26,435521,2233,08-19-26,8378,08-20-26,4,FA,5000,9261,NN,Semillas,Convenio Syngenta Soja Completo,Soja,$ 84000.00
08-12-26,435522,2233,08-19-26,8377,08-20-26,4,FA,5000,9261,NN,Semillas,Convenio Syngenta Soja Completo,Soja,$ 84000.00
08-12-26,435523,2233,08-19-26,8376,08-20-26,4,FA,5000,9261,NN,Semillas,Convenio Syngenta Soja Completo,Soja,$ 84000.00
08-12-26,435700,2234,08-20-26,8401,08-28-26,4,FA,5006,392,NN,Semillas,Doble Poder,Soja,$ 67000.00
08-12-26,435701,2234,08-20-26,8400,08-28-26,4,FA,5006,392,NN,Semillas,Doble Poder,Soja,$ 67000.00
08-12-26,435702,2234,08-20-26,8399,08-28-26,4,FA,5006,392,NN,Semillas,Doble Poder,Soja,$ 67000.00
08-12-26,435703,2234,08-20-26,8398,08-28-26,4,FA,5006,392,NN,Semillas,Doble Poder,Soja,$ 67000.00
08-12-26,435704,2234,08-20-26,8397,08-28-26,4,FA,5006,392,NN,Semillas,Doble Poder,Soja,$ 67000.00
08-12-26,435705,2234,08-20-26,8396,08-28-26,4,FA,5006,392,NN,Semillas,Doble Poder,Soja,$ 67000.00
08-12-26,435706,2234,08-20-26,8395,08-28-26,4,FA,5006,392,NN,Semillas,Doble Poder,Soja,$ 67000.00
08-12-26,435707,2234,08-20-26,8394,08-28-26,4,FA,5006,392,NN,Semillas,Doble Poder,Soja,$ 67000.00
08-12-26,435708,2234,08-20-26,8393,08-28-26,4,FA,5006,392,NN,Semillas,Doble Poder,Soja,$ 67000.00
08-12-26,435709,2234,08-20-26,8392,08-28-26,4,FA,5006,392,NN,Semillas,Doble Poder,Soja,$ 67000.00
08-12-26,435710,2234,08-20-26,8391,08-28-26,4,FA,5006,392,NN,Semillas,Doble Poder,Soja,$ 67000.00
08-12-26,435711,2234,08-20-26,8390,08-28-26,4,FA,5006,392,NN,Semillas,Doble Poder,Soja,$ 67000.00
08-12-26,435712,2234,08-20-26,8389,08-28-26,4,FA,5006,392,NN,Semillas,Doble Poder,Soja,$ 67000.00
08-12-26,435713,2234,08-20-26,8388,08-28-26,4,FA,5006,392,NN,Semillas,Soja,Soja,$ 67000.00
08-12-26,435714,2234,08-20-26,8387,08-28-26,4,FA,5006,392,NN,Semillas,Doble Poder,Soja,$ 67000.00
08-13-26,435715,2235,08-21-26,8414,08-28-26,4,FA,5008,2853,NN,Semillas,Soja,Soja,$ 100000.00
08-13-26,435716,2235,08-21-26,8413,08-28-26,4,FA,5008,2853,NN,Semillas,Soja,Soja,$ 100000.00
08-13-26,435717,2235,08-21-26,8412,08-28-26,4,FA,5008,2853,NN,Semillas,Soja,Soja,$ 100000.00
08-13-26,435718,2236,08-21-26,8411,08-28-26,4,FA,5009,3225,NN,Semillas,Soja,Soja,$ 67000.00
08-13-26,435719,2236,08-21-26,8410,08-28-26,4,FA,5009,3225,NN,Semillas,Soja,Soja,$ 67000.00
08-13-26,435720,2236,08-21-26,8409,08-28-26,4,FA,5009,3225,NN,Semillas,Soja,Soja,$ 67000.00
08-13-26,435721,2237,08-20-26,8386,08-28-26,4,FA,5006,392,NN,Semillas,Soja,Soja,$ 67000.00
08-13-26,435722,2237,08-20-26,8385,08-28-26,4,FA,5006,392,NN,Semillas,Soja,Soja,$ 67000.00
08-18-26,435759,2238,08-20-26,8404,08-28-26,4,FA,5007,1328,NN,Semillas,Gatton Panic,Gatton Panic,$ 68000.00
08-18-26,435760,2238,08-21-26,8408,08-28-26,4,FA,5007,1328,NN,Semillas,Gatton Panic,Gatton Panic,$ 68000.00
08-18-26,435761,2238,08-20-26,8403,08-28-26,4,FA,5007,1328,NN,Semillas,Gatton Panic,Gatton Panic,$ 68000.00
08-18-26,435762,2238,08-21-26,8407,08-28-26,4,FA,5007,1328,NN,Semillas,Gatton Panic,Gatton Panic,$ 68000.00
08-18-26,435763,2238,08-21-26,8406,08-28-26,4,FA,5007,1328,NN,Semillas,Gatton Panic,Gatton Panic,$ 68000.00
08-18-26,435764,2238,08-20-26,8402,08-28-26,4,FA,5007,1328,NN,Semillas,Gatton Panic,Gatton Panic,$ 68000.00
08-18-26,435765,2238,08-25-26,8418,08-28-26,4,FA,5007,1328,NN,Semillas,Mijo,Mijo,$ 64000.00
08-19-26,435767,2239,08-26-26,8422,08-31-26,4,FA,5014,62,NN,Semillas,Fuerza Total,Maíz,$ 87000.00
08-19-26,435768,2239,08-26-26,8421,08-31-26,4,FA,5014,62,NN,Semillas,Fuerza Total,Maíz,$ 87000.00
08-19-26,435769,2239,08-26-26,8420,08-31-26,4,FA,5014,62,NN,Semillas,Fuerza Total,Maíz,$ 87000.00
08-19-26,435770,2239,08-26-26,8419,08-31-26,4,FA,5014,62,NN,Semillas,Fuerza Total,Maíz,$ 87000.00
08-20-26,435772,2240,08-31-26,8435,08-31-26,4,FA,5027,1171,NN,Semillas,Poder + Peso,Moha,$ 88000.00
08-20-26,435773,2241,08-28-26,8424,08-31-26,4,FA,5017,4921,NN,Semillas,Soja,Soja,$ 112000.00
08-20-26,435774,2241,08-28-26,8423,08-31-26,4,FA,5017,4921,NN,Semillas,Soja,Soja,$ 112000.00
08-21-26,435775,2242,08-28-26,8427,08-31-26,4,FA,5015,3227,NN,Semillas,Calidad Trigo/Soja,Soja,$ 112000.00
08-21-26,435776,2242,08-28-26,8426,08-31-26,4,FA,5015,3227,NN,Semillas,Calidad Trigo/Soja,Soja,$ 112000.00
08-21-26,435777,2242,08-28-26,8425,08-31-26,4,FA,5015,3227,NN,Semillas,Calidad Trigo/Soja,Soja,$ 112000.00
08-21-26,435778,2243,08-28-26,8429,08-31-26,4,FA,5018,6074,NN,Semillas,Calidad Trigo/Soja,Soja,$ 112000.00
08-21-26,435779,2243,08-28-26,8428,08-31-26,4,FA,5018,6074,NN,Semillas,Calidad Trigo/Soja,Soja,$ 112000.00
08-21-26,435780,2244,08-28-26,8433,08-31-26,4,FA,5016,3659,NN,Semillas,Fuerza Total,Poroto Mung,$ 87000.00
08-21-26,435781,2244,08-28-26,8432,08-31-26,4,FA,5016,3659,NN,Semillas,Fuerza Total,Poroto Mung,$ 87000.00
08-21-26,435783,2244,08-28-26,8430,08-31-26,4,FA,5016,3659,NN,Semillas,Fuerza Total,Poroto,$ 87000.00
08-28-26,435974,2244,08-28-26,8434,08-31-26,4,FA,5016,3659,NN,Semillas,Poroto Adzuki,Poroto Adzuki,$ 87000.00
"Filtros aplicados: 
Area es Semillas
Fecha Factura el o después del 01/06/2020 y antes del 01/09/2026",,,,,,,,,,,,,,
